SEMANA,PRODUTO,preco_medio,preco_min,preco_max,n_postos,n_municipios
2019-12-30,DIESEL,4.141331288343559,3.62,4.99,163,23
2020-01-06,DIESEL,4.0985252918287935,3.62,4.99,257,33
2020-01-13,DIESEL,4.0882490566037735,3.579,4.99,265,33
2020-01-20,DIESEL,4.122437246963562,3.59,4.99,247,33
2020-01-27,DIESEL,4.067298113207547,3.489,4.95,265,34
2020-02-03,DIESEL,4.06970281124498,3.479,4.99,249,34
2020-02-10,DIESEL,4.0349453125,3.419,4.99,256,35
2020-02-17,DIESEL,4.017553505535056,3.419,4.95,271,34
2020-02-24,DIESEL,4.001953667953669,3.329,4.95,259,34
2020-03-02,DIESEL,3.9682234848484854,3.329,4.95,264,34
2020-03-09,DIESEL,3.9436614173228346,3.289,4.95,254,33
2020-03-16,DIESEL,3.923222222222222,3.21,4.95,270,33
2020-03-23,DIESEL,3.8336230769230766,3.119,4.95,260,33
2020-03-30,DIESEL,3.7993360655737707,3.03,4.95,244,33
2020-04-06,DIESEL,3.695648648648649,2.989,4.95,259,33
2020-04-13,DIESEL,3.704327868852459,2.989,4.95,244,33
2020-04-20,DIESEL,3.603944,2.919,4.95,250,33
2020-04-27,DIESEL,3.571268292682927,2.77,4.95,246,33
2020-05-04,DIESEL,3.452688,2.549,4.95,250,33
2020-05-11,DIESEL,3.4168975409836064,2.549,4.95,244,33
2020-05-18,DIESEL,3.3526244725738397,2.549,4.95,237,33
2020-05-25,DIESEL,3.361051063829787,2.549,4.95,235,33
2020-06-01,DIESEL,3.354759842519685,2.599,4.95,254,33
2020-06-08,DIESEL,3.3746375,2.699,4.6,240,33
2020-06-15,DIESEL,3.3659745762711863,2.599,4.95,236,33
2020-06-22,DIESEL,3.36916,2.699,4.95,250,33
2020-06-29,DIESEL,3.4501772151898735,2.799,4.95,237,33
2020-07-06,DIESEL,3.5016223175965666,2.85,4.95,233,33
2020-07-13,DIESEL,3.5192908366533864,2.699,4.95,251,33
2020-07-20,DIESEL,3.5480946502057615,2.899,4.95,243,33
2020-07-27,DIESEL,3.6307284482758617,2.939,4.95,232,33
2020-08-03,DIESEL,3.622931174089069,3.09,4.95,247,33
2020-08-10,DIESEL,3.6773083333333334,3.09,4.95,240,33
2020-08-17,DIESEL,3.6891702127659576,3.139,4.95,235,33
2020-10-19,DIESEL,3.7528367346938776,3.279,4.65,98,6
2020-10-26,DIESEL,3.8000568181818184,3.219,4.65,88,6
2020-11-02,DIESEL,3.7826338028169015,3.219,4.65,71,6
2020-11-09,DIESEL,3.7358522727272727,3.299,4.65,88,6
2020-11-16,DIESEL,3.8085199999999997,3.299,4.599,100,7
2020-11-23,DIESEL,3.815962962962963,3.29,4.56,81,7
2020-11-30,DIESEL,3.853134020618557,3.35,4.77,97,7
2020-12-07,DIESEL,3.8665833333333333,3.35,4.65,132,7
2020-12-14,DIESEL,3.8863092783505153,3.399,4.799,97,7
2020-12-21,DIESEL,3.963588888888889,3.399,4.8,90,7
2020-12-28,DIESEL,4.006075,3.399,4.8,80,6
2021-01-04,DIESEL,3.9981964285714287,3.49,4.8,112,7
2021-01-11,DIESEL,3.987453608247423,3.379,4.8,97,7
2021-01-18,DIESEL,4.0732959183673465,3.499,5.25,98,7
2021-01-25,DIESEL,4.06359793814433,3.559,4.8,97,7
2021-02-01,DIESEL,4.060918032786885,3.289,4.8,122,9
2021-02-08,DIESEL,4.205017857142857,3.69,4.95,112,10
2021-02-15,DIESEL,4.294697530864197,3.74,5.255,162,13
2021-02-22,DIESEL,4.605169230769231,3.979,5.85,130,12
2021-03-01,DIESEL,4.6563737373737375,3.95,5.85,99,11
2021-03-08,DIESEL,4.663914728682171,4.12,5.89,129,13
2021-03-15,DIESEL,4.652718181818182,3.999,5.85,110,11
2021-03-22,DIESEL,4.746055999999999,3.989,5.85,125,12
2021-03-29,DIESEL,4.719532786885246,4.031,5.78,122,11
2021-04-05,DIESEL,4.6325785123966945,3.889,5.78,121,13
2021-04-12,DIESEL,4.6480067567567565,3.799,5.78,148,13
2021-04-19,DIESEL,4.70769918699187,3.859,5.78,123,14
2021-04-26,DIESEL,4.690440789473684,3.93,5.78,152,13
2021-05-03,DIESEL,4.6869745762711865,3.99,6.1,118,12
2021-05-10,DIESEL,4.841235294117647,4.13,6.1,153,13
2021-05-17,DIESEL,4.936545454545454,4.159,6.1,121,13
2021-05-24,DIESEL,4.908724832214765,4.23,6.13,149,13
2021-05-31,DIESEL,4.899659420289855,4.169,6.1,138,14
2021-06-07,DIESEL,4.859467065868263,4.059,6.1,167,16
2021-06-14,DIESEL,4.879041916167664,4.039,6.1,167,17
2021-06-21,DIESEL,4.881986842105263,4.23,6.1,152,16
2021-06-28,DIESEL,4.892264516129033,4.099,6.1,155,16
2021-07-05,DIESEL,4.95539010989011,4.23,6.1,182,19
2021-07-12,DIESEL,4.997409638554217,4.189,6.18,166,20
2021-07-19,DIESEL,4.937009009009009,4.111,6.18,222,24
2021-07-26,DIESEL,4.976182857142857,4.37,6.18,175,19
2021-08-02,DIESEL,5.013409090909091,4.259,6.18,198,23
2021-08-09,DIESEL,4.869947643979057,4.3,6.18,191,24
2021-08-16,DIESEL,4.99032183908046,4.34,6.35,174,22
2021-08-23,DIESEL,5.039883977900553,4.37,6.18,181,21
2021-08-30,DIESEL,5.03129347826087,4.37,6.18,184,24
2021-09-06,DIESEL,5.112640845070422,4.55,6.18,142,18
2021-09-13,DIESEL,5.099664921465969,4.55,6.48,191,24
2021-09-20,DIESEL,5.082470270270271,4.474,6.18,185,21
2021-09-27,DIESEL,5.113381215469613,4.53,6.18,181,23
2021-10-04,DIESEL,5.3062808988764045,4.559,6.41,178,21
2021-10-11,DIESEL,5.347920212765957,4.65,6.41,188,22
2021-10-18,DIESEL,5.3543475935828875,4.65,6.42,187,22
2021-10-25,DIESEL,5.4917191011235955,4.759,6.41,178,22
2021-11-01,DIESEL,5.692595744680852,4.75,6.7,188,22
2021-11-08,DIESEL,5.70854189944134,5.1,6.7,179,21
2021-11-15,DIESEL,5.743440251572327,5.249,6.7,159,22
2021-11-22,DIESEL,5.720005376344086,4.559,6.7,186,24
2021-11-29,DIESEL,5.72470786516854,5.24,6.7,178,21
2021-12-06,DIESEL,5.736016759776537,5.239,6.7,179,22
2021-12-13,DIESEL,5.732798913043479,5.08,6.85,184,24
2021-12-20,DIESEL,5.718217877094972,5.05,6.7,179,21
2021-12-27,DIESEL,5.721387755102041,5.149,6.7,196,25
2022-01-03,DIESEL,5.727157894736843,5.05,6.7,190,22
2022-01-10,DIESEL,5.766927083333333,5.17,6.85,192,26
2022-01-17,DIESEL,5.9280952380952385,5.25,6.7,210,29
2022-01-24,DIESEL,5.95122641509434,5.41,6.85,212,29
2022-01-31,DIESEL,5.915882352941177,5.25,6.85,221,30
2022-02-07,DIESEL,5.919403669724771,5.25,6.85,218,29
2022-02-14,DIESEL,5.923378378378378,5.33,6.85,222,29
2022-02-21,DIESEL,5.918589743589743,5.25,6.85,234,31
2022-02-28,DIESEL,5.924114832535886,5.25,6.9,209,30
2022-03-07,DIESEL,6.0344,5.49,6.88,225,30
2022-03-14,DIESEL,6.996903553299493,5.8,7.8,197,28
2022-03-21,DIESEL,6.9507352941176475,5.8,7.89,204,30
2022-03-28,DIESEL,6.9762886597938145,6.14,7.9,194,29
2022-04-04,DIESEL,6.988552036199095,6.14,7.9,221,32
2022-04-11,DIESEL,6.93084388185654,6.1,7.9,237,33
2022-04-18,DIESEL,6.915905172413793,6.1,7.9,232,32
2022-04-25,DIESEL,6.932162162162163,6.19,7.9,222,32
2022-05-02,DIESEL,6.930499999999999,6.2,7.9,240,34
2022-05-09,DIESEL,7.151923076923077,6.2,8.3,234,34
2022-05-16,DIESEL,7.29869918699187,6.55,8.3,246,35
2022-05-23,DIESEL,7.30536170212766,6.63,8.3,235,35
2022-05-30,DIESEL,7.248547717842324,6.59,8.3,241,35
2022-06-06,DIESEL,7.249486166007905,6.49,8.3,253,35
2022-06-13,DIESEL,7.241280991735538,6.39,8.3,242,33
2022-06-20,DIESEL,7.883058823529412,6.59,8.94,255,36
2022-06-27,DIESEL,7.936949806949808,7.1,8.94,259,34
2022-07-04,DIESEL,7.895397540983607,7.16,8.95,244,34
2022-07-11,DIESEL,7.832478260869565,6.39,8.81,253,34
2022-07-18,DIESEL,7.7876374501992025,6.69,8.99,251,37
2022-07-25,DIESEL,7.752796875,7.1,8.999,256,36
2022-08-01,DIESEL,7.7305572519083965,6.9,8.99,262,36
2022-08-08,DIESEL,7.650933070866142,6.69,8.81,254,35
2022-08-15,DIESEL,7.5056468085106385,6.59,8.81,235,33
2022-08-22,DIESEL,7.382816733067729,6.39,8.81,251,33
2022-08-29,DIESEL,7.343083333333333,6.35,8.89,252,36
2022-09-05,DIESEL,7.314696498054475,6.35,8.81,257,34
2022-09-12,DIESEL,7.2822811059907835,6.4,8.81,217,31
2022-09-26,DIESEL,6.722741935483871,5.89,7.63,62,6
2022-10-03,DIESEL,6.755405405405405,5.89,7.65,74,6
2022-10-10,DIESEL,6.76,5.89,7.63,70,8
2022-10-17,DIESEL,6.870384615384615,6.19,7.89,78,9
2022-10-24,DIESEL,6.945172413793103,6.19,7.99,116,13
2022-10-31,DIESEL,6.926703296703297,6.1,7.99,91,11
2022-11-07,DIESEL,6.958761061946903,6.29,7.87,113,14
2022-11-14,DIESEL,6.97,5.67,7.89,119,13
2022-11-21,DIESEL,6.933728813559322,6.34,7.67,118,15
2022-11-28,DIESEL,6.898169014084507,5.95,7.67,142,17
2022-12-05,DIESEL,6.936438356164384,5.95,7.89,146,17
2022-12-12,DIESEL,6.8432,4.62,7.95,150,21
2022-12-19,DIESEL,6.779455782312925,5.85,7.59,147,17
2022-12-26,DIESEL,6.672142857142857,5.79,7.59,140,18
2023-01-02,DIESEL,6.8132142857142854,5.75,7.95,168,20
2023-01-09,DIESEL,6.7811888111888114,5.69,7.95,143,20
2023-01-16,DIESEL,6.746132596685083,5.39,7.99,181,22
2023-01-23,DIESEL,6.715684210526316,5.69,7.99,190,24
2023-01-30,DIESEL,6.64716577540107,5.69,7.99,187,27
2023-02-06,DIESEL,6.69116504854369,4.99,7.99,206,28
2023-02-13,DIESEL,6.488495145631068,5.37,7.69,206,28
2023-02-20,DIESEL,6.417376237623762,5.2,7.69,202,29
2023-02-27,DIESEL,6.398254716981133,5.37,7.69,212,30
2023-03-06,DIESEL,6.428762376237623,5.36,7.69,202,28
2023-03-13,DIESEL,6.399019607843138,5.37,7.69,204,29
2023-03-20,DIESEL,6.370248756218905,5.37,7.69,201,27
2023-03-27,DIESEL,6.29045,5.25,7.69,200,28
2023-04-03,DIESEL,6.282385786802031,5.23,7.54,197,29
2023-04-10,DIESEL,6.340470588235295,5.19,7.69,170,27
2023-04-17,DIESEL,6.287277777777778,5.15,7.23,180,28
2023-04-24,DIESEL,6.273072916666667,5.07,7.69,192,31
2023-05-01,DIESEL,6.178,5.09,7.69,195,32
2023-05-08,DIESEL,5.986482412060301,4.97,7.69,199,30
2023-05-15,DIESEL,5.8966666666666665,4.79,7.69,201,32
2023-05-22,DIESEL,5.600246305418719,4.69,7.39,203,32
2023-05-29,DIESEL,5.53324200913242,4.67,7.05,219,32
2023-06-05,DIESEL,5.418212290502793,4.66,6.99,179,34
2023-06-12,DIESEL,5.444158878504672,4.6,6.99,214,31
2023-06-19,DIESEL,5.414248704663213,4.59,6.99,193,34
2023-06-26,DIESEL,5.388958333333334,4.6,6.99,192,34
2023-07-03,DIESEL,5.380913242009132,4.55,6.99,219,33
2023-07-10,DIESEL,5.358963730569948,4.55,6.99,193,34
2023-07-17,DIESEL,5.378009950248757,4.55,6.95,201,31
2023-07-24,DIESEL,5.347981220657276,4.39,6.95,213,32
2023-07-31,DIESEL,5.386283185840708,4.12,6.99,226,34
2023-08-07,DIESEL,5.480384615384616,4.63,6.99,208,34
2023-08-14,DIESEL,5.733125,4.79,7.75,208,31
2023-08-21,DIESEL,6.2649302325581395,5.17,7.75,215,32
2023-08-28,DIESEL,6.300966183574879,5.17,7.75,207,30
2023-09-04,DIESEL,6.327696335078533,5.2,7.75,191,28
2023-09-11,DIESEL,6.412238805970149,5.2,7.89,201,31
2023-09-18,DIESEL,6.484038461538462,5.65,7.96,208,33
2023-09-25,DIESEL,6.512701421800948,5.65,7.96,211,31
2023-10-02,DIESEL,6.497098445595856,5.59,7.96,193,33
2023-10-09,DIESEL,6.504666666666667,5.69,7.95,195,29
2023-10-16,DIESEL,6.48497487437186,5.69,7.95,199,29
2023-10-23,DIESEL,6.531479591836735,5.69,7.95,196,29
2023-10-30,DIESEL,6.56565445026178,4.69,7.95,191,29
2023-11-06,DIESEL,6.615224719101124,4.69,7.95,178,27
2023-11-13,DIESEL,6.582303664921466,4.69,7.95,191,30
2023-11-20,DIESEL,6.555082872928177,4.69,7.95,181,30
2023-11-27,DIESEL,6.500536585365853,4.69,7.95,205,30
2023-12-04,DIESEL,6.491767676767678,4.69,7.95,198,31
2023-12-11,DIESEL,6.455046728971963,4.69,7.93,214,30
2023-12-18,DIESEL,6.4611052631578945,4.69,7.93,190,29
2023-12-25,DIESEL,6.369059405940594,4.69,7.85,202,32
2024-01-01,DIESEL,6.399907407407408,4.69,7.85,216,33
2024-01-08,DIESEL,6.4445500000000004,4.69,8.19,200,31
2024-01-15,DIESEL,6.387136363636364,4.69,7.98,220,32
2024-01-22,DIESEL,6.410990566037737,4.69,7.95,212,34
2024-01-29,DIESEL,6.419266055045872,4.69,7.95,218,34
2024-02-05,DIESEL,6.436093023255814,5.39,7.95,215,32
2024-02-12,DIESEL,6.394587155963302,4.69,7.95,218,32
2024-02-19,DIESEL,6.393090909090909,5.45,7.95,220,33
2024-02-26,DIESEL,6.425227272727272,5.45,7.95,220,34
2024-03-04,DIESEL,6.3957209302325575,5.29,7.95,215,34
2024-03-11,DIESEL,6.400818181818182,5.45,7.95,220,33
2024-03-18,DIESEL,6.405414634146341,5.45,7.95,205,32
2024-03-25,DIESEL,6.384221105527638,5.39,7.95,199,32
2024-04-01,DIESEL,6.390284360189573,5.35,7.82,211,32
2024-04-08,DIESEL,6.410129310344828,5.48,7.82,232,34
2024-04-15,DIESEL,6.360136986301369,5.39,7.82,219,33
2024-04-22,DIESEL,6.343866666666667,5.47,7.7,225,32
2024-04-29,DIESEL,6.315426008968609,5.39,7.82,223,32
2024-05-06,DIESEL,6.344254385964913,5.47,7.82,228,32
2024-05-13,DIESEL,6.347477876106194,5.43,7.82,226,33
2024-05-20,DIESEL,6.308630136986301,5.43,7.82,219,33
2024-05-27,DIESEL,6.319581395348838,5.43,7.82,215,31
2024-06-03,DIESEL,6.310545454545454,5.3,7.55,220,30
2024-06-10,DIESEL,6.300580357142857,5.43,7.82,224,32
2024-06-17,DIESEL,6.307636363636364,5.43,7.82,220,29
2024-06-24,DIESEL,6.337164948453609,5.43,7.82,194,28
2024-07-01,DIESEL,6.387905405405405,5.55,7.55,148,20
2024-07-08,DIESEL,6.409876543209877,5.55,7.5,162,21
2024-07-15,DIESEL,6.4556129032258065,5.6,7.75,155,21
2024-07-22,DIESEL,6.471392405063291,5.6,7.73,158,20
2024-07-29,DIESEL,6.48281045751634,5.6,7.75,153,20
2024-08-05,DIESEL,6.4725624999999996,5.59,7.75,160,21
2024-08-12,DIESEL,6.489695121951219,5.6,7.75,164,22
2024-08-19,DIESEL,6.497852760736197,5.6,7.73,163,22
2024-08-26,DIESEL,6.496851851851852,5.6,7.75,162,22
2024-09-02,DIESEL,6.4640645161290315,5.6,7.73,155,21
2024-09-09,DIESEL,6.500696202531645,5.6,7.75,158,22
2024-09-16,DIESEL,6.486824324324324,5.6,7.75,148,21
2024-09-23,DIESEL,6.395925925925926,5.57,7.73,162,23
2024-09-30,DIESEL,6.440065359477124,5.6,7.73,153,22
2024-10-07,DIESEL,6.485,5.49,7.75,158,21
2024-10-14,DIESEL,6.611923076923077,5.6,7.73,156,21
2024-10-21,DIESEL,6.565657894736842,5.6,7.73,152,21
2024-10-28,DIESEL,6.63716049382716,5.6,7.73,162,23
2024-11-04,DIESEL,6.532430555555555,5.6,7.75,144,20
2024-11-11,DIESEL,6.5353503184713375,5.55,7.73,157,22
2024-11-18,DIESEL,6.497058823529412,5.6,7.93,136,20
2024-11-25,DIESEL,6.634834437086093,5.59,7.93,151,22
2024-12-02,DIESEL,6.627218543046358,5.6,7.93,151,22
2024-12-09,DIESEL,6.62758389261745,5.65,7.93,149,22
2024-12-16,DIESEL,6.668881118881119,5.65,7.93,143,21
2024-12-23,DIESEL,6.73937984496124,5.65,7.93,129,17
2024-12-30,DIESEL,6.698880597014925,5.65,7.93,134,18
2025-01-06,DIESEL,6.606058394160584,5.65,7.93,137,20
2025-01-13,DIESEL,6.677534246575342,5.65,7.93,146,22
2025-01-20,DIESEL,6.6473988439306355,5.65,7.75,173,27
2025-01-27,DIESEL,6.671369047619048,5.65,7.93,168,26
2025-02-03,DIESEL,6.847869822485207,5.75,7.95,169,26
2025-02-10,DIESEL,6.913636363636364,5.95,8.19,165,25
2025-02-17,DIESEL,6.890680628272251,5.95,8.19,191,28
2025-02-24,DIESEL,6.87984126984127,5.95,8.19,189,29
2025-03-03,DIESEL,6.91746913580247,5.95,8.19,162,24
2025-03-10,DIESEL,6.869887640449438,5.89,8.33,178,28
2025-03-17,DIESEL,6.860366492146596,5.89,8.19,191,29
2025-03-24,DIESEL,6.806976744186046,5.89,8.33,172,28
2025-03-31,DIESEL,6.8454945054945044,5.89,8.33,182,29
2025-04-07,DIESEL,6.7713829787234046,5.8,8.19,188,28
2025-04-14,DIESEL,6.736702127659575,5.69,8.19,188,27
2025-04-21,DIESEL,6.6995705521472395,5.7,8.19,163,26
2025-04-28,DIESEL,6.728260869565218,5.49,8.19,161,22
2025-05-05,DIESEL,6.713353658536586,5.59,8.33,164,26
2025-05-12,DIESEL,6.599261744966443,5.69,7.79,149,24
2025-05-19,DIESEL,6.6389411764705875,5.49,8.19,170,25
2025-05-26,DIESEL,6.622738095238095,5.45,8.19,168,26
2025-06-02,DIESEL,6.606644295302013,5.39,8.19,149,26
2025-06-09,DIESEL,6.589463087248323,5.45,8.19,149,25
2025-06-16,DIESEL,6.535030674846626,5.45,8.19,163,25
2025-06-23,DIESEL,6.53111801242236,5.5,8.19,161,26
2025-06-30,DIESEL,6.542183908045977,5.5,8.19,174,25
2025-07-07,DIESEL,6.542278481012659,5.5,8.19,158,25
2025-07-14,DIESEL,6.566058394160583,5.49,8.19,137,21
2025-07-21,DIESEL,6.581194029850746,5.59,8.19,134,20
2025-07-28,DIESEL,6.522583333333333,5.32,8.19,120,18
2025-08-04,DIESEL,6.537067669172932,5.64,8.19,133,20
2025-08-11,DIESEL,6.519921875,5.57,8.19,128,18
2025-08-18,DIESEL,6.565514705882353,5.64,8.19,136,20
2025-08-25,DIESEL,6.498809523809524,5.49,8.19,126,19
2025-09-01,DIESEL,6.52093023255814,5.57,8.17,129,20
2025-09-08,DIESEL,6.530884353741496,5.5,8.33,147,25
2025-09-15,DIESEL,6.510728476821192,5.5,8.33,151,23
2025-09-22,DIESEL,6.428910256410256,5.5,8.33,156,23
2025-09-29,DIESEL,6.52289156626506,5.5,8.39,166,25
2025-10-06,DIESEL,6.49290909090909,5.5,8.17,165,23
2025-10-13,DIESEL,6.447197452229299,5.5,7.73,157,25
2025-10-20,DIESEL,6.494226190476191,5.5,8.33,168,28
2025-10-27,DIESEL,6.514331210191083,5.57,8.15,157,25
2025-11-03,DIESEL,6.492248520710059,5.58,8.15,169,26
2025-11-10,DIESEL,6.495406976744186,5.59,8.15,172,26
2025-11-17,DIESEL,6.560130718954249,5.65,8.15,153,22
2025-11-24,DIESEL,6.459423076923077,5.65,8.15,156,24
2025-12-01,DIESEL,6.474049079754601,5.65,7.84,163,24
2025-12-08,DIESEL,6.54225,5.65,8.15,160,25
2025-12-15,DIESEL,6.4499290780141845,5.65,8.33,141,24
2025-12-22,DIESEL,6.488796992481203,5.65,8.33,133,20
2025-12-29,DIESEL,6.572972972972973,5.65,8.15,111,16
2026-01-05,DIESEL,6.480212765957447,5.65,8.33,141,21
2026-01-12,DIESEL,6.5408965517241375,5.75,8.15,145,21
2026-01-19,DIESEL,6.580068027210884,5.72,8.33,147,21
2026-01-26,DIESEL,6.554797297297298,5.64,7.84,148,22
2026-02-02,DIESEL,6.523061224489796,5.61,8.15,147,23
2026-02-09,DIESEL,6.483776223776223,5.73,7.84,143,20
2026-02-16,DIESEL,6.582896551724138,5.73,8.33,145,23
2026-02-23,DIESEL,6.504100719424461,5.61,8.15,139,21
2026-03-02,DIESEL,6.562248062015503,5.74,8.15,129,21
2026-03-09,DIESEL,7.092714285714286,6.15,8.35,140,23
2026-03-16,DIESEL,7.361954887218045,6.48,8.35,133,23
2026-03-23,DIESEL,7.577414965986395,6.48,8.75,147,25
2026-03-30,DIESEL,7.677112676056339,6.79,8.77,142,22
2026-04-06,DIESEL,7.714420289855072,6.86,8.77,138,22
2026-04-13,DIESEL,7.6293006993007,6.78,8.77,143,24
2026-04-20,DIESEL,7.50109375,6.68,8.75,128,21
2026-04-27,DIESEL,7.463880597014925,6.58,8.77,134,22
2026-05-04,DIESEL,7.406299212598426,6.39,8.75,127,21
2026-05-11,DIESEL,7.432519685039369,6.58,8.75,127,21
2026-05-18,DIESEL,7.41043795620438,6.59,8.77,137,23
2026-05-25,DIESEL,7.388972602739726,6.29,8.75,146,22
2026-06-01,DIESEL,7.3166,6.29,8.75,150,23
2026-06-08,DIESEL,7.274362416107383,6.29,8.75,149,25
2026-06-15,DIESEL,7.284129032258064,6.29,8.77,155,23
2026-06-22,DIESEL,7.271470588235294,6.26,8.75,136,22
2026-06-29,DIESEL,7.237111111111111,6.29,8.75,90,14
2026-08-10,DIESEL,7.1931724137931035,5.99,8.75,145,24
2026-08-17,DIESEL,7.060064516129032,5.99,8.75,155,24
2026-08-24,DIESEL,7.097573529411765,5.85,8.75,136,23
2026-08-31,DIESEL,7.091418439716312,5.85,8.75,141,23
2019-12-30,DIESEL S10,4.167060109289618,3.5,5.07,183,25
2020-01-06,DIESEL S10,4.127316265060241,3.5,5.07,332,37
2020-01-13,DIESEL S10,4.140383177570094,3.639,5.07,321,37
2020-01-20,DIESEL S10,4.136312121212121,3.599,5.07,330,37
2020-01-27,DIESEL S10,4.12546394984326,3.549,5.07,319,37
2020-02-03,DIESEL S10,4.11530625,3.539,5.07,320,37
2020-02-10,DIESEL S10,4.069535168195719,3.469,5.07,327,37
2020-02-17,DIESEL S10,4.065174311926606,3.439,5.07,327,37
2020-02-24,DIESEL S10,4.045237082066869,3.449,5.07,329,37
2020-03-02,DIESEL S10,4.020778461538462,3.379,5.07,325,37
2020-03-09,DIESEL S10,3.991951070336391,3.339,5.07,327,37
2020-03-16,DIESEL S10,3.972696048632219,3.25,5.07,329,37
2020-03-23,DIESEL S10,3.8823089171974523,3.169,5.07,314,37
2020-03-30,DIESEL S10,3.834668730650155,3.05,5.07,323,37
2020-04-06,DIESEL S10,3.7482774193548383,2.999,5.07,310,37
2020-04-13,DIESEL S10,3.747359872611465,2.99,5.07,314,37
2020-04-20,DIESEL S10,3.650391585760518,2.969,5.07,309,37
2020-04-27,DIESEL S10,3.602683544303798,2.81,5.07,316,37
2020-05-04,DIESEL S10,3.5213753943217667,2.599,5.07,317,37
2020-05-11,DIESEL S10,3.489767515923567,2.599,5.07,314,37
2020-05-18,DIESEL S10,3.4288076923076924,2.599,5.07,312,37
2020-05-25,DIESEL S10,3.429006230529595,2.599,5.07,321,37
2020-06-01,DIESEL S10,3.42956050955414,2.599,5.07,314,37
2020-06-08,DIESEL S10,3.438348387096774,2.699,4.7,310,37
2020-06-15,DIESEL S10,3.4176205787781355,2.599,5.07,311,37
2020-06-22,DIESEL S10,3.4359583333333332,2.699,5.07,312,37
2020-06-29,DIESEL S10,3.510016393442623,2.799,5.07,305,37
2020-07-06,DIESEL S10,3.548936102236422,2.8,5.07,313,37
2020-07-13,DIESEL S10,3.5883536977491963,2.699,5.07,311,37
2020-07-20,DIESEL S10,3.608872549019608,2.959,5.07,306,37
2020-07-27,DIESEL S10,3.6578343949044583,2.959,5.07,314,37
2020-08-03,DIESEL S10,3.6856453674121403,3.099,5.07,313,37
2020-08-10,DIESEL S10,3.720441176470588,3.139,5.07,306,37
2020-08-17,DIESEL S10,3.7369526813880127,3.139,5.07,317,37
2020-10-19,DIESEL S10,3.8654365079365083,3.279,4.69,126,7
2020-10-26,DIESEL S10,3.8765,3.219,4.69,128,7
2020-11-02,DIESEL S10,3.814813559322034,3.219,4.69,118,7
2020-11-09,DIESEL S10,3.846274193548387,3.39,4.69,124,7
2020-11-16,DIESEL S10,3.894294964028777,3.39,4.7,139,8
2020-11-23,DIESEL S10,3.8744351145038167,3.329,4.63,131,8
2020-11-30,DIESEL S10,3.950303448275862,3.39,4.77,145,8
2020-12-07,DIESEL S10,3.930005747126437,3.45,4.69,174,8
2020-12-14,DIESEL S10,3.9605220588235293,3.399,4.949,136,7
2020-12-21,DIESEL S10,4.006921428571429,3.399,4.949,140,8
2020-12-28,DIESEL S10,4.027428571428572,3.399,4.85,126,7
2021-01-04,DIESEL S10,4.076368055555555,3.579,4.85,144,8
2021-01-11,DIESEL S10,4.042141843971631,3.59,4.85,141,8
2021-01-18,DIESEL S10,4.15807299270073,3.579,5.3,137,8
2021-01-25,DIESEL S10,4.115172932330827,3.579,4.85,133,9
2021-02-01,DIESEL S10,4.127388535031847,3.697,4.85,157,10
2021-02-08,DIESEL S10,4.230401315789473,3.699,5.649,152,11
2021-02-15,DIESEL S10,4.333154639175257,3.749,5.3,194,13
2021-02-22,DIESEL S10,4.622858024691358,3.979,5.89,162,12
2021-03-01,DIESEL S10,4.628758620689655,3.999,5.85,145,13
2021-03-08,DIESEL S10,4.647695906432748,4.07,5.89,171,14
2021-03-15,DIESEL S10,4.65403125,3.999,5.89,160,13
2021-03-22,DIESEL S10,4.7311845238095245,3.989,5.89,168,14
2021-03-29,DIESEL S10,4.685899999999999,3.959,5.78,170,13
2021-04-05,DIESEL S10,4.6240395480225995,3.889,5.78,177,15
2021-04-12,DIESEL S10,4.653278350515464,3.799,5.78,194,14
2021-04-19,DIESEL S10,4.659988636363637,3.859,5.78,176,13
2021-04-26,DIESEL S10,4.685945544554456,3.95,5.78,202,14
2021-05-03,DIESEL S10,4.723288461538461,3.99,6.13,156,13
2021-05-10,DIESEL S10,4.861967567567568,4.19,6.13,185,14
2021-05-17,DIESEL S10,4.913420118343195,4.13,6.13,169,14
2021-05-24,DIESEL S10,4.927666666666667,4.29,6.13,183,14
2021-05-31,DIESEL S10,4.906264248704663,4.18,6.13,193,17
2021-06-07,DIESEL S10,4.882028436018957,4.059,6.13,211,17
2021-06-14,DIESEL S10,4.880694063926941,4.039,6.13,219,17
2021-06-21,DIESEL S10,4.8948308457711445,4.26,6.13,201,17
2021-06-28,DIESEL S10,4.892919811320755,4.099,6.13,212,16
2021-07-05,DIESEL S10,4.942845493562232,4.26,6.13,233,20
2021-07-12,DIESEL S10,4.993543859649123,4.189,6.2,228,21
2021-07-19,DIESEL S10,4.952782142857143,4.111,6.2,280,25
2021-07-26,DIESEL S10,4.982685840707965,4.429,6.2,226,20
2021-08-02,DIESEL S10,5.023092307692307,4.259,6.23,260,24
2021-08-09,DIESEL S10,4.88291935483871,4.3,6.2,248,25
2021-08-16,DIESEL S10,5.019575107296137,4.399,6.2,233,24
2021-08-23,DIESEL S10,5.045608695652174,4.46,6.2,230,23
2021-08-30,DIESEL S10,5.053097457627119,4.459,6.2,236,24
2021-09-06,DIESEL S10,5.1175,4.46,6.2,176,20
2021-09-13,DIESEL S10,5.118280991735538,4.51,6.2,242,25
2021-09-20,DIESEL S10,5.109838842975206,4.43,6.2,242,23
2021-09-27,DIESEL S10,5.115506276150628,4.29,6.2,239,24
2021-10-04,DIESEL S10,5.321489451476793,4.69,6.41,237,23
2021-10-11,DIESEL S10,5.352741935483871,4.69,6.42,248,23
2021-10-18,DIESEL S10,5.370628691983122,4.75,6.42,237,24
2021-10-25,DIESEL S10,5.51180081300813,4.69,6.42,246,24
2021-11-01,DIESEL S10,5.7205208333333335,5.1,6.8,240,24
2021-11-08,DIESEL S10,5.720736401673641,4.75,6.75,239,23
2021-11-15,DIESEL S10,5.733069444444445,4.99,6.75,216,23
2021-11-22,DIESEL S10,5.7412056451612905,4.99,6.75,248,24
2021-11-29,DIESEL S10,5.756109170305677,4.99,6.75,229,22
2021-12-06,DIESEL S10,5.7585999999999995,4.99,6.75,235,23
2021-12-13,DIESEL S10,5.751883817427386,4.99,6.85,241,25
2021-12-20,DIESEL S10,5.741817391304347,4.99,6.85,230,23
2021-12-27,DIESEL S10,5.727065134099616,4.99,6.85,261,26
2022-01-03,DIESEL S10,5.755142857142857,4.99,6.85,245,23
2022-01-10,DIESEL S10,5.769328063241107,5.04,6.85,253,27
2022-01-17,DIESEL S10,5.931660899653979,4.99,6.85,289,30
2022-01-24,DIESEL S10,5.955800711743772,5.25,6.9,281,30
2022-01-31,DIESEL S10,5.930315789473685,4.99,6.9,285,31
2022-02-07,DIESEL S10,5.9563380281690135,4.99,6.9,284,31
2022-02-14,DIESEL S10,5.9512286689419795,4.99,6.9,293,31
2022-02-21,DIESEL S10,5.9508637873754155,5.19,6.9,301,32
2022-02-28,DIESEL S10,5.9431141868512105,5.25,6.9,289,31
2022-03-07,DIESEL S10,6.068472222222223,4.99,6.92,288,31
2022-03-14,DIESEL S10,7.034638783269962,5.6,7.99,263,30
2022-03-21,DIESEL S10,6.98910447761194,5.86,7.99,268,31
2022-03-28,DIESEL S10,7.015886524822695,5.86,7.98,282,31
2022-04-04,DIESEL S10,7.023588850174216,5.86,7.98,287,33
2022-04-11,DIESEL S10,6.9840909090909085,5.86,7.98,308,34
2022-04-18,DIESEL S10,6.978092105263158,5.86,7.98,304,33
2022-04-25,DIESEL S10,6.977708333333333,6.19,7.98,288,33
2022-05-02,DIESEL S10,6.989198717948718,5.86,7.98,312,36
2022-05-09,DIESEL S10,7.194495114006515,5.86,8.38,307,35
2022-05-16,DIESEL S10,7.350258899676375,6.57,8.38,309,36
2022-05-23,DIESEL S10,7.349867986798681,5.86,8.38,303,36
2022-05-30,DIESEL S10,7.313993710691824,5.86,8.38,318,36
2022-06-06,DIESEL S10,7.293726708074534,5.86,8.38,322,36
2022-06-13,DIESEL S10,7.280401234567901,5.86,8.38,324,34
2022-06-20,DIESEL S10,7.945446153846154,5.86,8.98,325,37
2022-06-27,DIESEL S10,7.981812499999999,7.1,8.98,320,36
2022-07-04,DIESEL S10,7.93685403726708,6.95,8.98,322,36
2022-07-11,DIESEL S10,7.891766153846154,7.09,8.99,325,37
2022-07-18,DIESEL S10,7.842203030303031,6.99,8.85,330,37
2022-07-25,DIESEL S10,7.806524096385543,6.99,8.85,332,38
2022-08-01,DIESEL S10,7.787177514792899,6.99,8.99,338,38
2022-08-08,DIESEL S10,7.6981590214067275,6.69,8.99,327,37
2022-08-15,DIESEL S10,7.555090322580645,6.59,8.89,310,35
2022-08-22,DIESEL S10,7.441792792792794,6.39,8.89,333,36
2022-08-29,DIESEL S10,7.3857125382263,6.39,8.85,327,37
2022-09-05,DIESEL S10,7.369430267062315,6.39,8.89,337,36
2022-09-12,DIESEL S10,7.316048780487805,6.4,8.85,287,32
2022-09-26,DIESEL S10,6.827032967032967,5.99,7.78,91,7
2022-10-03,DIESEL S10,6.83037037037037,5.99,7.79,108,7
2022-10-10,DIESEL S10,6.811089108910891,6.15,7.79,101,8
2022-10-17,DIESEL S10,6.9070909090909085,6.19,7.99,110,9
2022-10-24,DIESEL S10,6.967735849056603,6.29,7.99,159,14
2022-10-31,DIESEL S10,6.9543609022556385,6.19,7.99,133,12
2022-11-07,DIESEL S10,6.9926875,6.29,7.89,160,14
2022-11-14,DIESEL S10,6.999113924050632,6.13,7.99,158,13
2022-11-21,DIESEL S10,6.988853503184713,6.27,7.79,157,16
2022-11-28,DIESEL S10,6.949611111111111,6.1,7.79,180,19
2022-12-05,DIESEL S10,6.962159090909091,6.1,7.99,176,18
2022-12-12,DIESEL S10,6.880977011494252,5.85,7.99,174,20
2022-12-19,DIESEL S10,6.8295054945054945,5.79,7.79,182,19
2022-12-26,DIESEL S10,6.736436781609196,5.87,7.79,174,18
2023-01-02,DIESEL S10,6.880094786729858,5.79,8.38,211,22
2023-01-09,DIESEL S10,6.849536082474226,5.91,8.38,194,21
2023-01-16,DIESEL S10,6.807136150234742,5.85,8.0,213,22
2023-01-23,DIESEL S10,6.781867219917013,5.69,8.38,241,25
2023-01-30,DIESEL S10,6.756008230452675,5.65,8.85,243,27
2023-02-06,DIESEL S10,6.742313725490196,5.65,8.38,255,29
2023-02-13,DIESEL S10,6.574448818897638,5.47,8.85,254,31
2023-02-20,DIESEL S10,6.484313725490196,5.35,8.85,255,31
2023-02-27,DIESEL S10,6.475747126436782,5.45,8.85,261,32
2023-03-06,DIESEL S10,6.488533834586466,5.35,8.91,266,32
2023-03-13,DIESEL S10,6.421766917293233,5.35,8.38,266,32
2023-03-20,DIESEL S10,6.363984674329502,5.21,8.85,261,29
2023-03-27,DIESEL S10,6.324082397003745,5.25,7.69,267,31
2023-04-03,DIESEL S10,6.323540145985402,5.25,8.38,274,32
2023-04-10,DIESEL S10,6.381646090534979,5.19,8.38,243,32
2023-04-17,DIESEL S10,6.364824902723735,5.15,8.38,257,34
2023-04-24,DIESEL S10,6.3228806584362145,5.1,8.38,243,34
2023-05-01,DIESEL S10,6.251818181818182,5.18,8.38,253,35
2023-05-08,DIESEL S10,6.03929889298893,4.97,8.38,271,33
2023-05-15,DIESEL S10,5.915189393939394,4.89,8.38,264,34
2023-05-22,DIESEL S10,5.642888086642599,4.69,8.38,277,35
2023-05-29,DIESEL S10,5.541783216783217,4.55,8.38,286,35
2023-06-05,DIESEL S10,5.47202380952381,4.55,8.38,252,37
2023-06-12,DIESEL S10,5.47286231884058,4.52,8.38,276,36
2023-06-19,DIESEL S10,5.435464285714286,4.52,8.38,280,37
2023-06-26,DIESEL S10,5.420225563909774,4.43,8.38,266,36
2023-07-03,DIESEL S10,5.381172413793103,4.43,8.38,290,37
2023-07-10,DIESEL S10,5.387555555555556,4.43,6.99,270,36
2023-07-17,DIESEL S10,5.390149812734083,4.49,6.99,267,34
2023-07-24,DIESEL S10,5.383451957295374,4.49,7.39,281,36
2023-07-31,DIESEL S10,5.412302631578947,4.59,6.99,304,37
2023-08-07,DIESEL S10,5.560541516245487,4.79,6.99,277,37
2023-08-14,DIESEL S10,5.906292517006803,4.99,7.79,294,37
2023-08-21,DIESEL S10,6.384929078014184,5.26,7.79,282,37
2023-08-28,DIESEL S10,6.445035971223022,5.28,7.79,278,35
2023-09-04,DIESEL S10,6.482566037735849,5.28,7.89,265,35
2023-09-11,DIESEL S10,6.533223443223443,5.28,7.93,273,36
2023-09-18,DIESEL S10,6.624092526690392,5.59,8.0,281,37
2023-09-25,DIESEL S10,6.644876325088339,6.07,8.0,283,36
2023-10-02,DIESEL S10,6.617854545454546,5.82,8.1,275,37
2023-10-09,DIESEL S10,6.628194945848375,5.79,8.1,277,34
2023-10-16,DIESEL S10,6.585306859205777,5.89,7.97,277,35
2023-10-23,DIESEL S10,6.642546125461255,5.85,7.98,271,36
2023-10-30,DIESEL S10,6.635543071161049,5.69,7.98,267,35
2023-11-06,DIESEL S10,6.663934426229508,5.69,7.98,244,34
2023-11-13,DIESEL S10,6.629621212121212,5.74,7.98,264,35
2023-11-20,DIESEL S10,6.629837398373984,5.69,7.98,246,35
2023-11-27,DIESEL S10,6.56183520599251,5.61,7.97,267,34
2023-12-04,DIESEL S10,6.5319642857142854,5.29,7.97,280,35
2023-12-11,DIESEL S10,6.506042402826855,5.56,7.98,283,35
2023-12-18,DIESEL S10,6.4715384615384615,5.41,7.98,247,35
2023-12-25,DIESEL S10,6.381831501831502,5.35,8.89,273,37
2024-01-01,DIESEL S10,6.419864406779661,5.35,8.89,295,36
2024-01-08,DIESEL S10,6.421043165467625,5.28,8.89,278,36
2024-01-15,DIESEL S10,6.359823943661972,5.27,8.89,284,36
2024-01-22,DIESEL S10,6.34202846975089,4.99,8.89,281,35
2024-01-29,DIESEL S10,6.349252669039147,5.25,8.89,281,35
2024-02-05,DIESEL S10,6.3932404181184666,5.28,8.89,287,35
2024-02-12,DIESEL S10,6.359448275862069,5.29,7.97,290,36
2024-02-19,DIESEL S10,6.383636363636364,5.37,8.89,297,37
2024-02-26,DIESEL S10,6.3659790209790215,5.37,7.97,286,36
2024-03-04,DIESEL S10,6.355122807017544,5.29,7.97,285,35
2024-03-11,DIESEL S10,6.359484536082474,5.21,7.97,291,37
2024-03-18,DIESEL S10,6.3677011494252875,5.21,7.96,261,35
2024-03-25,DIESEL S10,6.314307692307692,5.21,7.96,260,35
2024-04-01,DIESEL S10,6.309418604651163,5.21,7.84,258,35
2024-04-08,DIESEL S10,6.33347972972973,5.36,7.89,296,36
2024-04-15,DIESEL S10,6.328888888888889,5.39,7.84,288,37
2024-04-22,DIESEL S10,6.34,5.42,7.89,291,36
2024-04-29,DIESEL S10,6.306917808219178,5.39,7.84,292,36
2024-05-06,DIESEL S10,6.3388448844884495,5.29,7.89,303,36
2024-05-13,DIESEL S10,6.3849097472924194,5.29,7.89,277,36
2024-05-20,DIESEL S10,6.2535379061371845,5.29,7.84,277,35
2024-05-27,DIESEL S10,6.30967032967033,5.29,7.89,273,36
2024-06-03,DIESEL S10,6.303890784982935,5.29,7.89,293,36
2024-06-10,DIESEL S10,6.317259259259259,5.11,7.89,270,35
2024-06-17,DIESEL S10,6.316577946768061,5.29,7.84,263,31
2024-06-24,DIESEL S10,6.310608695652174,5.34,7.89,230,28
2024-07-01,DIESEL S10,6.329132653061224,5.37,7.89,196,21
2024-07-08,DIESEL S10,6.400093457943925,5.47,7.94,214,22
2024-07-15,DIESEL S10,6.482642487046633,5.47,7.89,193,21
2024-07-22,DIESEL S10,6.456570048309179,5.52,7.89,207,22
2024-07-29,DIESEL S10,6.484117647058824,5.57,7.75,187,20
2024-08-05,DIESEL S10,6.51180412371134,5.57,7.75,194,22
2024-08-12,DIESEL S10,6.459192825112108,5.6,7.89,223,24
2024-08-19,DIESEL S10,6.451116071428571,5.53,7.89,224,24
2024-08-26,DIESEL S10,6.445388127853881,5.53,7.89,219,24
2024-09-02,DIESEL S10,6.443581395348836,5.53,7.89,215,24
2024-09-09,DIESEL S10,6.437162162162162,5.53,7.89,222,24
2024-09-16,DIESEL S10,6.426635514018692,5.53,7.89,214,23
2024-09-23,DIESEL S10,6.382570093457943,5.53,7.74,214,25
2024-09-30,DIESEL S10,6.423636363636364,5.45,7.75,209,24
2024-10-07,DIESEL S10,6.4389861751152075,5.45,7.75,217,23
2024-10-14,DIESEL S10,6.575277777777778,5.45,7.99,216,24
2024-10-21,DIESEL S10,6.498237885462554,5.45,7.99,227,23
2024-10-28,DIESEL S10,6.554588744588744,5.45,7.99,231,25
2024-11-04,DIESEL S10,6.503497536945813,5.53,7.99,203,23
2024-11-11,DIESEL S10,6.535437788018434,5.53,7.99,217,24
2024-11-18,DIESEL S10,6.53015306122449,5.53,7.99,196,22
2024-11-25,DIESEL S10,6.585285714285715,5.55,7.99,210,24
2024-12-02,DIESEL S10,6.578365384615385,5.55,7.99,208,24
2024-12-09,DIESEL S10,6.556682926829269,5.55,7.99,205,24
2024-12-16,DIESEL S10,6.59718085106383,5.51,7.99,188,23
2024-12-23,DIESEL S10,6.683372093023255,5.51,7.99,172,19
2024-12-30,DIESEL S10,6.617277777777777,5.51,7.99,180,21
2025-01-06,DIESEL S10,6.584947368421053,5.64,7.99,190,21
2025-01-13,DIESEL S10,6.621767676767676,5.61,7.99,198,24
2025-01-20,DIESEL S10,6.5774248927038625,5.61,7.99,233,29
2025-01-27,DIESEL S10,6.621342592592593,5.69,7.99,216,28
2025-02-03,DIESEL S10,6.768356164383562,5.79,7.99,219,28
2025-02-10,DIESEL S10,6.858274336283186,5.91,8.39,226,28
2025-02-17,DIESEL S10,6.858429752066116,5.91,8.39,242,30
2025-02-24,DIESEL S10,6.8470119521912345,5.85,8.39,251,31
2025-03-03,DIESEL S10,6.8682173913043485,5.83,8.39,230,27
2025-03-10,DIESEL S10,6.841502145922746,5.83,8.39,233,30
2025-03-17,DIESEL S10,6.83721568627451,5.83,8.39,255,31
2025-03-24,DIESEL S10,6.763836206896552,5.75,8.39,232,30
2025-03-31,DIESEL S10,6.797448559670782,5.75,8.39,243,31
2025-04-07,DIESEL S10,6.7648207171314745,5.75,8.39,251,31
2025-04-14,DIESEL S10,6.726652542372881,5.69,8.39,236,30
2025-04-21,DIESEL S10,6.700833333333333,5.7,8.39,216,28
2025-04-28,DIESEL S10,6.710093023255815,5.59,8.39,215,27
2025-05-05,DIESEL S10,6.651724137931034,5.57,8.39,232,28
2025-05-12,DIESEL S10,6.578878504672898,5.49,8.39,214,27
2025-05-19,DIESEL S10,6.625265486725663,5.47,8.39,226,28
2025-05-26,DIESEL S10,6.577191489361702,5.34,8.39,235,29
2025-06-02,DIESEL S10,6.537668161434978,5.23,8.39,223,29
2025-06-09,DIESEL S10,6.5142201834862385,5.23,8.39,218,28
2025-06-16,DIESEL S10,6.509141630901288,5.23,8.39,233,28
2025-06-23,DIESEL S10,6.528161434977578,5.45,8.39,223,29
2025-06-30,DIESEL S10,6.518225108225108,5.45,8.39,231,28
2025-07-07,DIESEL S10,6.497031963470319,5.45,8.39,219,27
2025-07-14,DIESEL S10,6.568486486486487,5.5,8.39,185,22
2025-07-21,DIESEL S10,6.523979591836735,5.39,8.39,196,24
2025-07-28,DIESEL S10,6.467326203208557,5.41,8.39,187,21
2025-08-04,DIESEL S10,6.469952153110048,5.51,8.39,209,24
2025-08-11,DIESEL S10,6.424245810055866,5.55,8.19,179,21
2025-08-18,DIESEL S10,6.510666666666666,5.55,8.39,210,24
2025-08-25,DIESEL S10,6.4705641025641025,5.49,8.39,195,22
2025-09-01,DIESEL S10,6.489289340101523,5.49,8.39,197,23
2025-09-08,DIESEL S10,6.486635514018692,5.49,8.39,214,27
2025-09-15,DIESEL S10,6.472511415525115,5.49,8.39,219,26
2025-09-22,DIESEL S10,6.420191387559808,5.49,8.39,209,25
2025-09-29,DIESEL S10,6.473136363636363,5.46,8.39,220,27
2025-10-06,DIESEL S10,6.462669491525424,5.46,8.39,236,27
2025-10-13,DIESEL S10,6.376575342465753,5.46,7.78,219,27
2025-10-20,DIESEL S10,6.47017316017316,5.41,8.39,231,29
2025-10-27,DIESEL S10,6.468687782805429,5.46,8.39,221,28
2025-11-03,DIESEL S10,6.492260869565217,5.46,8.39,230,29
2025-11-10,DIESEL S10,6.423440366972477,5.46,8.17,218,28
2025-11-17,DIESEL S10,6.4661904761904765,5.46,8.17,210,25
2025-11-24,DIESEL S10,6.3950000000000005,5.46,8.17,222,27
2025-12-01,DIESEL S10,6.401939655172414,5.46,8.33,232,28
2025-12-08,DIESEL S10,6.49858407079646,5.46,8.39,226,28
2025-12-15,DIESEL S10,6.439186602870813,5.46,8.39,209,26
2025-12-22,DIESEL S10,6.459047619047619,5.46,8.39,189,22
2025-12-29,DIESEL S10,6.5261764705882355,5.46,8.39,170,20
2026-01-05,DIESEL S10,6.457476635514019,5.46,8.39,214,24
2026-01-12,DIESEL S10,6.521302325581395,5.46,8.39,215,25
2026-01-19,DIESEL S10,6.539342723004696,5.39,8.89,213,24
2026-01-26,DIESEL S10,6.531312217194571,5.39,8.39,221,25
2026-02-02,DIESEL S10,6.536338028169014,5.45,8.98,213,26
2026-02-09,DIESEL S10,6.523523316062176,5.45,8.39,193,23
2026-02-16,DIESEL S10,6.544114583333333,5.42,8.39,192,26
2026-02-23,DIESEL S10,6.489067357512954,5.42,8.39,193,24
2026-03-02,DIESEL S10,6.556868686868687,5.69,8.39,198,24
2026-03-09,DIESEL S10,7.13115,6.05,8.87,200,26
2026-03-16,DIESEL S10,7.427437185929648,6.39,8.99,199,27
2026-03-23,DIESEL S10,7.672777777777777,6.75,9.29,216,28
2026-03-30,DIESEL S10,7.75009900990099,6.7,9.29,202,26
2026-04-06,DIESEL S10,7.783429951690821,6.69,9.29,207,25
2026-04-13,DIESEL S10,7.75228855721393,6.69,9.29,201,26
2026-04-20,DIESEL S10,7.599687500000001,6.68,9.29,192,26
2026-04-27,DIESEL S10,7.527929292929293,6.58,9.29,198,27
2026-05-04,DIESEL S10,7.512421052631578,6.54,9.29,190,25
2026-05-11,DIESEL S10,7.534837209302325,6.54,9.29,215,26
2026-05-18,DIESEL S10,7.480495495495496,6.19,9.29,222,27
2026-05-25,DIESEL S10,7.46847533632287,6.48,8.99,223,28
2026-06-01,DIESEL S10,7.440044642857143,6.65,9.27,224,27
2026-06-08,DIESEL S10,7.381666666666666,6.55,8.99,240,28
2026-06-15,DIESEL S10,7.382026431718062,6.58,9.27,227,27
2026-06-22,DIESEL S10,7.357345971563982,6.28,9.27,211,28
2026-06-29,DIESEL S10,7.275322580645161,6.43,9.15,124,15
2026-08-10,DIESEL S10,7.318995633187773,6.43,9.27,229,29
2026-08-17,DIESEL S10,7.2675784753363235,6.47,8.99,223,29
2026-08-24,DIESEL S10,7.290717948717949,6.35,9.27,195,26
2026-08-31,DIESEL S10,7.2612499999999995,6.29,9.25,224,28
2019-12-30,ETANOL,3.8876206896551726,3.49,4.47,87,20
2020-01-06,ETANOL,3.763627027027027,3.29,4.47,185,28
2020-01-13,ETANOL,3.80116393442623,3.19,4.56,183,28
2020-01-20,ETANOL,3.830511111111111,3.35,4.56,180,29
2020-01-27,ETANOL,3.8491467391304353,3.39,4.56,184,29
2020-02-03,ETANOL,3.843061797752809,3.37,4.56,178,28
2020-02-10,ETANOL,3.8683956043956043,3.39,4.56,182,29
2020-02-17,ETANOL,3.856754285714286,3.39,4.56,175,29
2020-02-24,ETANOL,3.8783389830508477,3.45,4.56,177,29
2020-03-02,ETANOL,3.864932584269663,3.44,4.56,178,27
2020-03-09,ETANOL,3.8848876404494384,3.37,4.56,178,29
2020-03-16,ETANOL,3.8817840909090906,3.45,4.56,176,29
2020-03-23,ETANOL,3.8753582887700535,3.45,4.56,187,29
2020-03-30,ETANOL,3.8350053475935826,3.399,4.329,187,28
2020-04-06,ETANOL,3.8009415204678363,3.37,4.56,171,28
2020-04-13,ETANOL,3.7850057471264367,3.3,4.56,174,28
2020-04-20,ETANOL,3.7303241758241756,3.18,4.56,182,29
2020-04-27,ETANOL,3.701060773480663,3.069,4.56,181,28
2020-05-04,ETANOL,3.67904,2.94,4.56,175,29
2020-05-11,ETANOL,3.6586022727272725,2.94,4.56,176,29
2020-05-18,ETANOL,3.63280473372781,2.94,4.35,169,30
2020-05-25,ETANOL,3.6044775280898875,2.899,4.35,178,30
2020-06-01,ETANOL,3.5748857142857142,2.899,4.56,175,30
2020-06-08,ETANOL,3.5967134831460674,2.899,4.56,178,30
2020-06-15,ETANOL,3.570284090909091,2.799,4.419,176,29
2020-06-22,ETANOL,3.580401129943503,2.799,4.419,177,29
2020-06-29,ETANOL,3.5952701149425286,2.799,4.56,174,28
2020-07-06,ETANOL,3.617409090909091,2.94,4.56,176,28
2020-07-13,ETANOL,3.6028202247191015,2.799,4.41,178,28
2020-07-20,ETANOL,3.5720523255813954,2.94,4.41,172,28
2020-07-27,ETANOL,3.5856271186440676,3.05,4.41,177,28
2020-08-03,ETANOL,3.557431818181818,3.04,4.41,176,28
2020-08-10,ETANOL,3.614606936416185,3.05,4.859,173,27
2020-08-17,ETANOL,3.609406976744186,2.98,4.859,172,26
2020-10-19,ETANOL,3.572302083333333,3.199,4.169,96,6
2020-10-26,ETANOL,3.5942692307692305,2.99,4.169,104,6
2020-11-02,ETANOL,3.5604479166666665,2.979,4.249,96,6
2020-11-09,ETANOL,3.535577319587629,2.99,4.169,97,5
2020-11-16,ETANOL,3.6052718446601943,2.99,4.2,103,7
2020-11-23,ETANOL,3.6655638297872337,3.16,4.299,94,7
2020-11-30,ETANOL,3.6990761904761906,3.27,4.2,105,7
2020-12-07,ETANOL,3.620874074074074,3.259,4.2,135,7
2020-12-14,ETANOL,3.6822727272727276,3.27,4.15,88,6
2020-12-21,ETANOL,3.727882352941177,3.29,4.299,102,7
2020-12-28,ETANOL,3.754903614457831,3.259,4.199,83,7
2021-01-04,ETANOL,3.7074653465346534,3.3,4.2,101,7
2021-01-11,ETANOL,3.717032608695652,3.29,4.2,92,7
2021-01-18,ETANOL,3.7548453608247425,3.29,4.299,97,6
2021-01-25,ETANOL,3.7746315789473686,3.29,4.3,95,8
2021-02-01,ETANOL,3.8372232142857143,3.39,4.69,112,9
2021-02-08,ETANOL,3.9712555555555555,3.45,4.499,90,10
2021-02-15,ETANOL,3.9117586206896555,3.499,4.559,145,10
2021-02-22,ETANOL,4.122405660377359,3.69,4.599,106,10
2021-03-01,ETANOL,4.405060240963856,3.89,5.19,83,11
2021-03-08,ETANOL,4.4723070175438595,3.89,5.94,114,14
2021-03-15,ETANOL,4.63068932038835,3.99,5.98,103,12
2021-03-22,ETANOL,4.687125,4.09,5.98,112,13
2021-03-29,ETANOL,4.644948979591836,3.99,5.88,98,12
2021-04-05,ETANOL,4.631345132743363,4.059,5.88,113,13
2021-04-12,ETANOL,4.599872,3.999,5.88,125,13
2021-04-19,ETANOL,4.599172413793104,4.05,5.88,116,12
2021-04-26,ETANOL,4.62930081300813,3.989,6.18,123,13
2021-05-03,ETANOL,4.598621359223301,3.99,6.18,103,12
2021-05-10,ETANOL,4.706812030075188,3.99,6.18,133,13
2021-05-17,ETANOL,4.919238938053097,3.979,6.18,113,13
2021-05-24,ETANOL,4.852697247706422,4.09,6.18,109,13
2021-05-31,ETANOL,4.93545,4.059,6.18,120,17
2021-06-07,ETANOL,4.890128,4.09,6.18,125,15
2021-06-14,ETANOL,4.969453237410072,4.15,6.18,139,17
2021-06-21,ETANOL,4.933129032258064,4.15,6.18,124,16
2021-06-28,ETANOL,4.9938239436619725,4.26,6.18,142,14
2021-07-05,ETANOL,5.062580152671756,4.39,6.54,131,19
2021-07-12,ETANOL,5.153341463414634,4.45,6.28,123,18
2021-07-19,ETANOL,5.142446540880504,4.399,6.28,159,23
2021-07-26,ETANOL,5.176766917293233,4.45,6.28,133,18
2021-08-02,ETANOL,5.167372413793103,4.489,6.28,145,20
2021-08-09,ETANOL,5.158652173913043,4.459,6.28,138,19
2021-08-16,ETANOL,5.264511811023621,4.49,6.43,127,19
2021-08-23,ETANOL,5.291728,4.09,6.43,125,19
2021-08-30,ETANOL,5.364609375,4.69,6.43,128,19
2021-09-06,ETANOL,5.3344571428571435,4.69,6.43,105,17
2021-09-13,ETANOL,5.374015384615384,4.659,6.43,130,18
2021-09-20,ETANOL,5.415346153846154,4.75,6.43,130,18
2021-09-27,ETANOL,5.401617647058823,4.69,6.43,136,18
2021-10-04,ETANOL,5.423930232558139,4.72,6.43,129,17
2021-10-11,ETANOL,5.398466666666667,4.659,6.59,135,17
2021-10-18,ETANOL,5.502470588235294,4.739,6.59,136,19
2021-10-25,ETANOL,5.5159640287769784,4.75,7.08,139,20
2021-11-01,ETANOL,5.720181818181818,5.099,7.599,132,18
2021-11-08,ETANOL,5.806615384615385,5.159,7.08,130,17
2021-11-15,ETANOL,5.87583064516129,5.19,7.12,124,16
2021-11-22,ETANOL,5.928428571428571,5.24,7.12,140,20
2021-11-29,ETANOL,5.907038167938931,5.199,7.2,131,18
2021-12-06,ETANOL,5.939496124031008,5.199,7.2,129,19
2021-12-13,ETANOL,5.956047619047619,5.24,7.12,126,19
2021-12-20,ETANOL,5.9326991869918695,5.22,7.12,123,18
2021-12-27,ETANOL,5.938894039735099,5.159,7.12,151,21
2022-01-03,ETANOL,5.898985507246377,5.19,7.12,138,18
2022-01-10,ETANOL,5.915,5.16,7.12,130,21
2022-01-17,ETANOL,5.931986754966887,5.25,7.12,151,25
2022-01-24,ETANOL,5.939155844155844,5.19,7.12,154,26
2022-01-31,ETANOL,5.948333333333333,5.25,7.12,162,26
2022-02-07,ETANOL,5.8844755244755245,5.25,7.2,143,25
2022-02-14,ETANOL,5.893271604938271,5.18,7.2,162,25
2022-02-21,ETANOL,5.835222929936306,4.9,7.2,157,24
2022-02-28,ETANOL,5.83604938271605,5.09,7.29,162,26
2022-03-07,ETANOL,5.7777483443708615,4.88,7.2,151,24
2022-03-14,ETANOL,5.9094444444444445,5.19,7.15,144,20
2022-03-21,ETANOL,5.966225165562914,5.29,7.15,151,23
2022-03-28,ETANOL,5.985140845070423,5.27,7.3,142,23
2022-04-04,ETANOL,6.009060402684564,5.29,7.15,149,25
2022-04-11,ETANOL,6.013414634146342,5.29,7.15,164,26
2022-04-18,ETANOL,6.051542857142857,5.29,7.2,175,26
2022-04-25,ETANOL,6.104478527607362,5.29,7.9,163,25
2022-05-02,ETANOL,6.1737724550898205,5.39,7.26,167,29
2022-05-09,ETANOL,6.172215189873418,5.39,7.29,158,26
2022-05-16,ETANOL,6.192774566473988,5.39,7.5,173,29
2022-05-23,ETANOL,6.151111111111112,5.35,7.5,162,27
2022-05-30,ETANOL,6.093735632183908,5.31,7.29,174,28
2022-06-06,ETANOL,6.080167597765363,5.31,7.29,179,28
2022-06-13,ETANOL,6.0631460674157305,5.35,7.5,178,26
2022-06-20,ETANOL,6.082119565217391,5.29,7.5,184,30
2022-06-27,ETANOL,6.028555555555556,5.35,7.5,180,29
2022-07-04,ETANOL,5.941638418079097,5.25,7.5,177,28
2022-07-11,ETANOL,5.733308988764045,4.79,7.15,178,29
2022-07-18,ETANOL,5.547010869565217,4.27,6.79,184,30
2022-07-25,ETANOL,5.3315730337078655,4.59,6.78,178,30
2022-08-01,ETANOL,5.263494623655914,4.49,6.78,186,29
2022-08-08,ETANOL,5.1328000000000005,4.33,6.78,175,28
2022-08-15,ETANOL,5.097559523809524,4.29,6.78,168,25
2022-08-22,ETANOL,5.041933701657459,4.33,6.78,181,27
2022-08-29,ETANOL,4.960105263157894,4.29,6.59,190,30
2022-09-05,ETANOL,4.846197969543147,4.19,6.59,197,29
2022-09-12,ETANOL,4.758323353293413,3.87,6.78,167,26
2022-09-26,ETANOL,4.1862121212121215,3.5,5.49,66,6
2022-10-03,ETANOL,4.205217391304347,3.69,5.59,92,7
2022-10-10,ETANOL,4.129473684210526,3.69,4.99,95,7
2022-10-17,ETANOL,4.086341463414634,3.75,4.99,82,8
2022-10-24,ETANOL,4.211363636363636,3.75,5.49,110,13
2022-10-31,ETANOL,4.211057692307692,3.72,5.19,104,12
2022-11-07,ETANOL,4.1994,3.59,5.24,100,13
2022-11-14,ETANOL,4.2184403669724775,3.57,5.17,109,12
2022-11-21,ETANOL,4.221891891891892,3.57,5.16,111,14
2022-11-28,ETANOL,4.284173913043478,3.59,5.59,115,18
2022-12-05,ETANOL,4.348108108108108,3.59,5.17,111,16
2022-12-12,ETANOL,4.315491803278689,3.59,5.79,122,18
2022-12-19,ETANOL,4.2812931034482755,3.59,5.79,116,16
2022-12-26,ETANOL,4.30140350877193,3.59,5.79,114,16
2023-01-02,ETANOL,4.450746268656716,3.8,5.8,134,20
2023-01-09,ETANOL,4.380683760683761,3.79,5.79,117,19
2023-01-16,ETANOL,4.4041984732824435,3.77,5.5,131,20
2023-01-23,ETANOL,4.400878378378379,3.75,5.79,148,22
2023-01-30,ETANOL,4.354206896551724,3.75,5.79,145,23
2023-02-06,ETANOL,4.368503401360544,3.75,5.49,147,27
2023-02-13,ETANOL,4.367412587412587,3.75,5.79,143,26
2023-02-20,ETANOL,4.396578947368421,3.75,5.79,152,27
2023-02-27,ETANOL,4.441351351351352,3.75,6.96,148,28
2023-03-06,ETANOL,4.628082191780822,3.9,6.29,146,26
2023-03-13,ETANOL,4.655570469798658,3.99,5.79,149,25
2023-03-20,ETANOL,4.62483660130719,4.18,5.79,153,25
2023-03-27,ETANOL,4.633611111111112,4.18,5.49,144,26
2023-04-03,ETANOL,4.618859060402685,4.15,5.49,149,26
2023-04-10,ETANOL,4.725234375,4.14,6.29,128,23
2023-04-17,ETANOL,4.75592,4.14,5.79,125,24
2023-04-24,ETANOL,4.783014705882353,4.18,5.5,136,22
2023-05-01,ETANOL,4.840608108108108,4.18,6.17,148,26
2023-05-08,ETANOL,4.749929078014184,4.24,5.59,141,23
2023-05-15,ETANOL,4.775510204081633,4.09,5.67,147,27
2023-05-22,ETANOL,4.750890410958904,4.19,5.87,146,23
2023-05-29,ETANOL,4.728506493506494,3.99,5.87,154,26
2023-06-05,ETANOL,4.620681818181819,3.87,5.39,132,22
2023-06-12,ETANOL,4.674093959731544,3.93,5.87,149,26
2023-06-19,ETANOL,4.654929577464789,3.89,5.59,142,26
2023-06-26,ETANOL,4.654551724137931,3.89,5.49,145,26
2023-07-03,ETANOL,4.826133333333333,4.09,6.17,150,28
2023-07-10,ETANOL,4.789580419580419,3.99,6.17,143,27
2023-07-17,ETANOL,4.827999999999999,3.99,6.39,145,25
2023-07-24,ETANOL,4.7634228187919465,3.99,6.17,149,26
2023-07-31,ETANOL,4.790886075949367,3.89,6.17,158,29
2023-08-07,ETANOL,4.769655172413794,3.89,6.17,145,29
2023-08-14,ETANOL,4.765786163522012,3.89,6.39,159,31
2023-08-21,ETANOL,4.761059602649007,4.09,6.37,151,30
2023-08-28,ETANOL,4.837565789473684,3.99,6.37,152,28
2023-09-04,ETANOL,4.77968992248062,3.99,6.47,129,26
2023-09-11,ETANOL,4.798378378378378,3.99,6.47,148,28
2023-09-18,ETANOL,4.814313725490196,3.95,6.6,153,29
2023-09-25,ETANOL,4.780333333333333,3.95,6.6,150,28
2023-10-02,ETANOL,4.7269736842105265,3.95,6.6,152,29
2023-10-09,ETANOL,4.773835616438356,3.96,6.6,146,27
2023-10-16,ETANOL,4.730723684210527,3.93,6.6,152,26
2023-10-23,ETANOL,4.708355263157895,3.89,6.6,152,29
2023-10-30,ETANOL,4.6814374999999995,3.85,6.6,160,27
2023-11-06,ETANOL,4.654383561643836,3.85,6.6,146,27
2023-11-13,ETANOL,4.6347651006711414,3.85,6.6,149,27
2023-11-20,ETANOL,4.608142857142857,3.85,6.6,140,28
2023-11-27,ETANOL,4.633231707317074,3.85,6.6,164,30
2023-12-04,ETANOL,4.598766233766234,3.81,6.6,154,28
2023-12-11,ETANOL,4.568333333333333,3.85,6.6,168,29
2023-12-18,ETANOL,4.530833333333334,3.79,6.6,156,29
2023-12-25,ETANOL,4.45225,3.78,6.6,160,29
2024-01-01,ETANOL,4.455433526011561,3.73,6.6,173,32
2024-01-08,ETANOL,4.45433734939759,3.67,6.6,166,32
2024-01-15,ETANOL,4.3812574850299395,3.45,6.6,167,31
2024-01-22,ETANOL,4.357515527950311,3.39,6.6,161,31
2024-01-29,ETANOL,4.311272727272727,3.39,6.6,165,30
2024-02-05,ETANOL,4.418023255813953,3.45,6.6,172,29
2024-02-12,ETANOL,4.332916666666667,3.65,5.9,168,30
2024-02-19,ETANOL,4.34,3.7,5.9,173,30
2024-02-26,ETANOL,4.373011363636364,3.69,5.9,176,31
2024-03-04,ETANOL,4.366590909090909,3.45,5.9,176,32
2024-03-11,ETANOL,4.366685393258427,3.65,5.9,178,32
2024-03-18,ETANOL,4.376381578947369,3.65,5.9,152,31
2024-03-25,ETANOL,4.371390728476822,3.65,5.9,151,31
2024-04-01,ETANOL,4.387712418300654,3.7,5.9,153,32
2024-04-08,ETANOL,4.412445652173913,3.7,5.9,184,34
2024-04-15,ETANOL,4.427371428571428,3.8,5.9,175,32
2024-04-22,ETANOL,4.485813953488372,3.7,5.9,172,32
2024-04-29,ETANOL,4.476994219653179,3.7,5.9,173,32
2024-05-06,ETANOL,4.487472527472527,3.7,5.9,182,32
2024-05-13,ETANOL,4.524213483146068,3.7,5.9,178,33
2024-05-20,ETANOL,4.435783132530121,3.7,5.6,166,28
2024-05-27,ETANOL,4.505523255813954,3.7,5.9,172,32
2024-06-03,ETANOL,4.496440677966102,3.7,5.9,177,31
2024-06-10,ETANOL,4.454385964912281,3.79,5.9,171,32
2024-06-17,ETANOL,4.511233766233766,3.79,5.59,154,28
2024-06-24,ETANOL,4.491666666666666,3.89,5.9,150,27
2024-07-01,ETANOL,4.479712230215828,3.89,5.54,139,20
2024-07-08,ETANOL,4.513862068965517,3.89,5.54,145,21
2024-07-15,ETANOL,4.705725190839695,3.9,5.48,131,19
2024-07-22,ETANOL,4.75951048951049,3.9,5.54,143,21
2024-07-29,ETANOL,4.804661654135338,3.9,5.54,133,19
2024-08-05,ETANOL,4.834729729729729,3.99,5.79,148,21
2024-08-12,ETANOL,4.77741935483871,3.99,5.54,155,22
2024-08-19,ETANOL,4.767718120805369,3.98,5.54,149,22
2024-08-26,ETANOL,4.793443708609272,3.99,5.89,151,23
2024-09-02,ETANOL,4.770068493150685,3.99,5.54,146,22
2024-09-09,ETANOL,4.751468531468531,3.98,5.48,143,21
2024-09-16,ETANOL,4.770763888888889,3.99,5.54,144,22
2024-09-23,ETANOL,4.765140845070422,3.99,5.52,142,23
2024-09-30,ETANOL,4.7846,3.99,5.54,150,22
2024-10-07,ETANOL,4.786862745098039,3.99,5.65,153,22
2024-10-14,ETANOL,4.843703703703704,3.99,5.54,135,23
2024-10-21,ETANOL,4.832681159420289,3.99,5.59,138,22
2024-10-28,ETANOL,4.843571428571428,3.99,5.59,154,24
2024-11-04,ETANOL,4.856742424242425,3.99,5.54,132,21
2024-11-11,ETANOL,4.859583333333333,3.98,7.35,144,22
2024-11-18,ETANOL,4.8500781250000005,3.99,5.65,128,20
2024-11-25,ETANOL,4.875,3.98,5.74,138,22
2024-12-02,ETANOL,4.884895104895104,3.99,5.74,143,21
2024-12-09,ETANOL,4.890625,3.99,5.74,144,21
2024-12-16,ETANOL,4.912833333333333,3.99,5.74,120,21
2024-12-23,ETANOL,4.984144144144144,4.27,5.74,111,17
2024-12-30,ETANOL,4.9229032258064525,3.99,5.74,124,18
2025-01-06,ETANOL,4.910153846153847,4.27,5.74,130,20
2025-01-13,ETANOL,4.911716417910448,3.99,5.74,134,21
2025-01-20,ETANOL,4.924331210191083,3.99,5.65,157,25
2025-01-27,ETANOL,4.953655172413793,4.04,5.65,145,24
2025-02-03,ETANOL,5.020789473684211,4.1,5.99,152,24
2025-02-10,ETANOL,5.124802631578947,4.27,6.08,152,23
2025-02-17,ETANOL,5.102168674698795,4.27,6.08,166,27
2025-02-24,ETANOL,5.113803680981595,4.27,6.08,163,27
2025-03-03,ETANOL,5.1492715231788075,4.27,6.08,151,25
2025-03-10,ETANOL,5.111390728476821,4.27,6.08,151,26
2025-03-17,ETANOL,5.1213953488372095,4.27,6.08,172,28
2025-03-24,ETANOL,5.123,4.27,5.99,160,28
2025-03-31,ETANOL,5.127650602409639,4.27,6.08,166,27
2025-04-07,ETANOL,5.117988165680473,4.27,6.08,169,27
2025-04-14,ETANOL,5.1186875,4.27,5.99,160,27
2025-04-21,ETANOL,5.1009032258064515,4.27,6.08,155,25
2025-04-28,ETANOL,5.073741935483872,4.27,6.08,155,26
2025-05-05,ETANOL,5.072208588957055,4.27,6.08,163,26
2025-05-12,ETANOL,5.09006711409396,4.27,5.99,149,25
2025-05-19,ETANOL,5.0807831325301205,4.27,6.08,166,26
2025-05-26,ETANOL,5.066463414634146,4.27,6.08,164,26
2025-06-02,ETANOL,5.084465408805032,4.22,6.08,159,27
2025-06-09,ETANOL,5.0813125,4.22,6.08,160,26
2025-06-16,ETANOL,5.06994011976048,4.22,6.08,167,25
2025-06-23,ETANOL,5.078809523809523,4.27,6.08,168,26
2025-06-30,ETANOL,5.07712643678161,4.27,6.08,174,26
2025-07-07,ETANOL,5.057705882352941,4.27,6.08,170,26
2025-07-14,ETANOL,5.095140845070422,4.28,6.08,142,22
2025-07-21,ETANOL,5.077816901408451,4.28,6.08,142,22
2025-07-28,ETANOL,5.051811594202898,4.29,6.08,138,20
2025-08-04,ETANOL,5.032207792207792,4.19,5.99,154,22
2025-08-11,ETANOL,5.047762237762238,4.19,6.08,143,20
2025-08-18,ETANOL,5.042484076433121,4.29,6.08,157,23
2025-08-25,ETANOL,5.033767123287672,4.29,6.08,146,20
2025-09-01,ETANOL,5.048322147651007,4.37,6.08,149,22
2025-09-08,ETANOL,5.104868421052632,4.27,6.08,152,22
2025-09-15,ETANOL,5.094036144578314,4.29,6.08,166,23
2025-09-22,ETANOL,5.087345679012346,4.27,5.99,162,24
2025-09-29,ETANOL,5.123101265822785,4.27,6.08,158,24
2025-10-06,ETANOL,5.111676646706587,4.27,7.44,167,25
2025-10-13,ETANOL,5.112380952380953,4.27,5.99,168,26
2025-10-20,ETANOL,5.097604790419162,4.27,6.08,167,26
2025-10-27,ETANOL,5.088757763975155,4.27,6.08,161,24
2025-11-03,ETANOL,5.097916666666667,4.27,6.08,168,26
2025-11-10,ETANOL,5.115460122699387,4.27,6.08,163,27
2025-11-17,ETANOL,5.1592666666666664,4.3,6.08,150,24
2025-11-24,ETANOL,5.122515337423313,4.27,5.95,163,26
2025-12-01,ETANOL,5.1115,4.3,6.23,160,25
2025-12-08,ETANOL,5.160833333333334,4.38,6.08,156,25
2025-12-15,ETANOL,5.125620437956204,4.27,5.89,137,22
2025-12-22,ETANOL,5.196230769230769,4.27,6.08,130,21
2025-12-29,ETANOL,5.2284999999999995,4.27,6.08,120,19
2026-01-05,ETANOL,5.197748344370861,4.37,5.9,151,23
2026-01-12,ETANOL,5.22993288590604,4.37,6.08,149,23
2026-01-19,ETANOL,5.242307692307692,4.37,6.08,156,23
2026-01-26,ETANOL,5.243006535947713,4.37,5.99,153,22
2026-02-02,ETANOL,5.260769230769231,3.99,6.08,156,25
2026-02-09,ETANOL,5.271342281879195,4.49,5.99,149,21
2026-02-16,ETANOL,5.308194444444444,4.49,6.08,144,21
2026-02-23,ETANOL,5.289787234042553,4.49,6.08,141,21
2026-03-02,ETANOL,5.31887323943662,4.49,6.08,142,21
2026-03-09,ETANOL,5.413028169014084,4.62,6.3,142,21
2026-03-16,ETANOL,5.469932432432432,4.67,6.3,148,23
2026-03-23,ETANOL,5.491172839506173,4.61,6.3,162,24
2026-03-30,ETANOL,5.506979865771812,4.61,6.6,149,22
2026-04-06,ETANOL,5.514055944055944,4.61,6.6,143,24
2026-04-13,ETANOL,5.478543046357616,4.61,6.09,151,24
2026-04-20,ETANOL,5.441503759398496,4.61,6.6,133,23
2026-04-27,ETANOL,5.395878378378379,4.64,6.6,148,22
2026-05-04,ETANOL,5.398642857142857,4.49,6.09,140,22
2026-05-11,ETANOL,5.389869281045751,4.49,6.09,153,23
2026-05-18,ETANOL,5.344150943396227,4.39,6.39,159,25
2026-05-25,ETANOL,5.306855345911949,4.39,6.21,159,25
2026-06-01,ETANOL,5.303999999999999,4.55,6.6,170,24
2026-06-08,ETANOL,5.258735632183908,4.19,6.21,174,26
2026-06-15,ETANOL,5.248982035928144,3.93,6.6,167,25
2026-06-22,ETANOL,5.245214723926381,4.19,6.6,163,25
2026-06-29,ETANOL,5.204579439252337,4.22,5.99,107,15
2026-08-10,ETANOL,5.085443786982249,3.99,6.6,169,25
2026-08-17,ETANOL,5.043658536585365,3.95,5.99,164,24
2026-08-24,ETANOL,5.109722222222222,4.4,6.6,144,23
2026-08-31,ETANOL,5.036545454545454,3.95,6.39,165,25
2019-12-30,GASOLINA,4.722392523364486,3.9,5.69,214,25
2020-01-06,GASOLINA,4.608130208333333,3.859,5.69,384,38
2020-01-13,GASOLINA,4.6170937499999996,3.85,5.69,384,38
2020-01-20,GASOLINA,4.690309895833333,3.86,5.69,384,38
2020-01-27,GASOLINA,4.672301298701298,3.85,5.69,385,38
2020-02-03,GASOLINA,4.6842279792746115,3.79,5.69,386,38
2020-02-10,GASOLINA,4.678059740259741,3.69,5.69,385,38
2020-02-17,GASOLINA,4.670571428571429,3.67,5.69,385,38
2020-02-24,GASOLINA,4.667783854166667,3.73,5.69,384,38
2020-03-02,GASOLINA,4.6644322916666665,3.73,5.69,384,38
2020-03-09,GASOLINA,4.650419270833333,3.72,5.69,384,38
2020-03-16,GASOLINA,4.6198125,3.62,5.69,384,38
2020-03-23,GASOLINA,4.544784574468085,3.52,5.69,376,38
2020-03-30,GASOLINA,4.469522546419098,3.23,5.69,377,38
2020-04-06,GASOLINA,4.35401072386059,3.2,5.69,373,38
2020-04-13,GASOLINA,4.315056451612903,3.15,5.69,372,38
2020-04-20,GASOLINA,4.196335092348285,2.95,5.69,379,38
2020-04-27,GASOLINA,4.153197889182057,2.92,5.69,379,38
2020-05-04,GASOLINA,4.074501340482573,2.87,5.69,373,38
2020-05-11,GASOLINA,4.075151595744681,2.89,5.69,376,38
2020-05-18,GASOLINA,4.066157754010695,2.94,5.69,374,38
2020-05-25,GASOLINA,4.069328877005348,2.99,5.69,374,38
2020-06-01,GASOLINA,4.115462566844919,2.99,5.69,374,38
2020-06-08,GASOLINA,4.1242399999999995,2.99,5.33,375,38
2020-06-15,GASOLINA,4.15548128342246,3.09,5.69,374,38
2020-06-22,GASOLINA,4.195433155080214,3.099,5.69,374,38
2020-06-29,GASOLINA,4.185477088948787,3.24,5.69,371,38
2020-07-06,GASOLINA,4.284172506738545,3.26,5.69,371,38
2020-07-13,GASOLINA,4.266504043126685,3.269,5.69,371,38
2020-07-20,GASOLINA,4.268494623655914,3.41,5.69,372,38
2020-07-27,GASOLINA,4.2944638069705094,3.39,5.69,373,38
2020-08-03,GASOLINA,4.294247311827957,3.37,5.69,372,38
2020-08-10,GASOLINA,4.319008042895442,3.39,5.69,373,38
2020-08-17,GASOLINA,4.40255376344086,3.41,5.69,372,38
2020-10-19,GASOLINA,4.359883435582821,3.64,5.09,163,7
2020-10-26,GASOLINA,4.322720238095238,3.64,5.099,168,7
2020-11-02,GASOLINA,4.221225806451613,3.62,5.19,155,7
2020-11-09,GASOLINA,4.243221518987341,3.59,5.19,158,7
2020-11-16,GASOLINA,4.293603448275862,3.599,5.19,174,8
2020-11-23,GASOLINA,4.423684210526316,3.62,5.099,171,8
2020-11-30,GASOLINA,4.420701570680628,3.65,5.31,191,8
2020-12-07,GASOLINA,4.412292576419214,3.69,5.15,229,8
2020-12-14,GASOLINA,4.42796449704142,3.67,5.24,169,7
2020-12-21,GASOLINA,4.478858757062147,3.72,5.19,177,8
2020-12-28,GASOLINA,4.531566433566434,3.73,5.24,143,7
2021-01-04,GASOLINA,4.576869318181818,3.82,5.2,176,8
2021-01-11,GASOLINA,4.527576086956522,3.82,5.24,184,8
2021-01-18,GASOLINA,4.691046511627907,3.82,5.95,172,8
2021-01-25,GASOLINA,4.708194285714286,3.89,5.36,175,9
2021-02-01,GASOLINA,4.835666666666667,4.05,5.37,195,10
2021-02-08,GASOLINA,4.92948947368421,4.09,5.61,190,11
2021-02-15,GASOLINA,5.083717131474104,4.19,6.01,251,13
2021-02-22,GASOLINA,5.302090909090909,4.42,6.35,209,12
2021-03-01,GASOLINA,5.362843575418994,4.48,6.19,179,13
2021-03-08,GASOLINA,5.541589861751152,4.63,6.7,217,14
2021-03-15,GASOLINA,5.614487922705314,4.85,6.7,207,13
2021-03-22,GASOLINA,5.6513333333333335,4.79,6.7,210,14
2021-03-29,GASOLINA,5.5142999999999995,4.69,6.6,220,13
2021-04-05,GASOLINA,5.594767441860465,4.72,6.6,215,15
2021-04-12,GASOLINA,5.582705882352941,4.68,6.6,255,14
2021-04-19,GASOLINA,5.678655502392345,4.75,6.6,209,14
2021-04-26,GASOLINA,5.679276422764228,4.83,6.89,246,14
2021-05-03,GASOLINA,5.582074626865672,4.78,6.89,201,13
2021-05-10,GASOLINA,5.619350210970464,4.83,6.89,237,14
2021-05-17,GASOLINA,5.70685576923077,4.85,6.89,208,14
2021-05-24,GASOLINA,5.668286956521738,4.85,6.89,230,14
2021-05-31,GASOLINA,5.652405982905983,4.829,6.89,234,17
2021-06-07,GASOLINA,5.668603921568627,4.85,6.89,255,17
2021-06-14,GASOLINA,5.663017543859649,4.88,6.89,285,17
2021-06-21,GASOLINA,5.745378260869565,4.9,6.89,230,17
2021-06-28,GASOLINA,5.756156378600823,4.9,6.89,243,16
2021-07-05,GASOLINA,5.848891304347826,4.87,6.89,276,20
2021-07-12,GASOLINA,5.9371212121212125,5.02,6.99,264,21
2021-07-19,GASOLINA,5.88278125,4.97,6.99,352,25
2021-07-26,GASOLINA,6.032546875,5.381,6.99,256,20
2021-08-02,GASOLINA,5.970932692307692,5.01,6.99,312,24
2021-08-09,GASOLINA,5.950759581881533,5.06,6.99,287,25
2021-08-16,GASOLINA,6.058445229681979,5.11,7.13,283,24
2021-08-23,GASOLINA,6.080530465949821,5.11,7.13,279,23
2021-08-30,GASOLINA,6.112941379310344,5.11,7.13,290,25
2021-09-06,GASOLINA,6.149478672985782,5.17,7.13,211,20
2021-09-13,GASOLINA,6.2119283154121865,5.19,7.13,279,25
2021-09-20,GASOLINA,6.135982993197279,5.15,7.13,294,24
2021-09-27,GASOLINA,6.151788590604027,5.15,7.13,298,24
2021-10-04,GASOLINA,6.170364912280702,5.2,7.13,285,23
2021-10-11,GASOLINA,6.386508417508417,5.46,7.3,297,23
2021-10-18,GASOLINA,6.405788395904437,5.46,7.3,293,24
2021-10-25,GASOLINA,6.515643097643098,5.54,7.3,297,24
2021-11-01,GASOLINA,6.722223367697595,5.69,7.6,291,24
2021-11-08,GASOLINA,6.771774305555556,5.89,7.6,288,23
2021-11-15,GASOLINA,6.7877798507462686,5.89,7.6,268,23
2021-11-22,GASOLINA,6.792039473684211,5.87,7.6,304,24
2021-11-29,GASOLINA,6.782143859649123,5.85,7.6,285,23
2021-12-06,GASOLINA,6.78261052631579,5.83,7.6,285,24
2021-12-13,GASOLINA,6.790439024390244,5.583,7.6,287,25
2021-12-20,GASOLINA,6.744935943060498,5.83,7.6,281,23
2021-12-27,GASOLINA,6.755159609120521,5.83,7.6,307,26
2022-01-03,GASOLINA,6.74125,5.83,7.6,296,23
2022-01-10,GASOLINA,6.739866666666667,5.79,7.6,300,27
2022-01-17,GASOLINA,6.834780058651026,5.77,7.6,341,30
2022-01-24,GASOLINA,6.827210682492582,5.77,7.6,337,30
2022-01-31,GASOLINA,6.820898550724638,5.77,7.6,345,31
2022-02-07,GASOLINA,6.812776119402986,5.77,7.6,335,31
2022-02-14,GASOLINA,6.800289855072464,5.8,7.6,345,31
2022-02-21,GASOLINA,6.7780446927374305,5.75,7.51,358,32
2022-02-28,GASOLINA,6.7682595870206494,5.75,7.58,339,31
2022-03-07,GASOLINA,6.790524781341108,5.19,7.55,343,31
2022-03-14,GASOLINA,7.444447949526814,6.16,8.1,317,30
2022-03-21,GASOLINA,7.403661538461539,6.25,8.15,325,31
2022-03-28,GASOLINA,7.377798165137615,6.23,8.0,327,31
2022-04-04,GASOLINA,7.390872093023256,6.25,8.19,344,33
2022-04-11,GASOLINA,7.375780821917808,6.23,8.05,365,34
2022-04-18,GASOLINA,7.391412429378531,6.19,8.18,354,33
2022-04-25,GASOLINA,7.388425655976676,6.29,7.99,343,34
2022-05-02,GASOLINA,7.385420054200542,6.29,8.15,369,36
2022-05-09,GASOLINA,7.381675824175824,6.39,8.15,364,35
2022-05-16,GASOLINA,7.400822281167109,6.39,8.25,377,36
2022-05-23,GASOLINA,7.386703601108033,6.39,8.15,361,36
2022-05-30,GASOLINA,7.385173333333333,6.39,8.15,375,36
2022-06-06,GASOLINA,7.337086614173228,6.39,8.1,381,36
2022-06-13,GASOLINA,7.344106666666667,6.39,8.15,375,35
2022-06-20,GASOLINA,7.538626943005181,6.4,8.47,386,37
2022-06-27,GASOLINA,7.397473958333333,5.76,8.28,384,36
2022-07-04,GASOLINA,6.895273209549072,5.22,8.15,377,36
2022-07-11,GASOLINA,6.344389920424403,5.15,8.1,377,37
2022-07-18,GASOLINA,6.119235751295337,5.12,7.75,386,37
2022-07-25,GASOLINA,5.949079487179487,5.06,7.4,390,38
2022-08-01,GASOLINA,5.860035443037974,4.93,7.39,395,38
2022-08-08,GASOLINA,5.7746520618556705,4.93,7.69,388,37
2022-08-15,GASOLINA,5.692373961218837,4.78,8.75,361,35
2022-08-22,GASOLINA,5.577511749347258,4.75,7.0,383,36
2022-08-29,GASOLINA,5.518413157894736,4.69,7.0,380,37
2022-09-05,GASOLINA,5.382981958762887,4.59,7.0,388,36
2022-09-12,GASOLINA,5.336843260188088,4.44,6.59,319,32
2022-09-26,GASOLINA,4.95259842519685,4.42,5.49,127,7
2022-10-03,GASOLINA,4.937032258064516,4.38,5.49,155,7
2022-10-10,GASOLINA,4.858692810457517,4.37,5.69,153,8
2022-10-17,GASOLINA,4.979876543209876,4.38,5.49,162,9
2022-10-24,GASOLINA,5.041866028708134,4.33,5.79,209,14
2022-10-31,GASOLINA,5.095485714285714,4.35,5.89,175,12
2022-11-07,GASOLINA,5.04636815920398,4.59,5.9,201,14
2022-11-14,GASOLINA,5.081594202898551,4.59,5.69,207,13
2022-11-21,GASOLINA,5.082822966507177,4.59,6.19,209,16
2022-11-28,GASOLINA,4.991386554621849,4.4,5.89,238,19
2022-12-05,GASOLINA,5.10058091286307,4.49,5.88,241,18
2022-12-12,GASOLINA,4.98855421686747,4.39,5.99,249,20
2022-12-19,GASOLINA,4.965206611570248,4.43,5.99,242,19
2022-12-26,GASOLINA,4.933939393939394,4.37,5.76,231,18
2023-01-02,GASOLINA,5.1623809523809525,4.44,5.99,273,22
2023-01-09,GASOLINA,5.109142857142857,4.49,5.99,245,21
2023-01-16,GASOLINA,5.077084870848709,4.47,5.99,271,22
2023-01-23,GASOLINA,5.136212624584718,4.47,6.37,301,25
2023-01-30,GASOLINA,5.2837,4.49,6.01,300,27
2023-02-06,GASOLINA,5.28974921630094,4.37,6.76,319,29
2023-02-13,GASOLINA,5.276882716049383,4.48,6.43,324,31
2023-02-20,GASOLINA,5.27,4.45,6.43,328,31
2023-02-27,GASOLINA,5.409355828220859,4.52,6.58,326,32
2023-03-06,GASOLINA,5.88240625,4.82,6.99,320,32
2023-03-13,GASOLINA,5.873074534161491,4.84,6.97,322,32
2023-03-20,GASOLINA,5.850546623794212,4.82,6.59,311,29
2023-03-27,GASOLINA,5.799150943396227,4.88,6.97,318,31
2023-04-03,GASOLINA,5.853655589123867,4.91,6.97,331,32
2023-04-10,GASOLINA,5.91419795221843,5.06,6.99,293,32
2023-04-17,GASOLINA,5.900387096774193,4.99,7.35,310,34
2023-04-24,GASOLINA,5.932899022801303,4.99,7.33,307,35
2023-05-01,GASOLINA,5.925512048192771,4.99,7.35,332,36
2023-05-08,GASOLINA,5.902179104477612,4.99,7.3,335,34
2023-05-15,GASOLINA,5.93559633027523,4.99,7.3,327,36
2023-05-22,GASOLINA,5.718950437317784,4.71,7.0,343,36
2023-05-29,GASOLINA,5.6323380281690145,4.59,7.0,355,35
2023-06-05,GASOLINA,5.74032362459547,4.9,7.0,309,37
2023-06-12,GASOLINA,5.7145882352941175,4.86,7.0,340,37
2023-06-19,GASOLINA,5.729317507418398,4.85,7.0,337,37
2023-06-26,GASOLINA,5.72644376899696,4.86,7.0,329,37
2023-07-03,GASOLINA,6.000867052023122,4.99,7.3,346,37
2023-07-10,GASOLINA,5.972592592592593,5.07,7.29,324,37
2023-07-17,GASOLINA,5.988203592814371,5.19,7.3,334,35
2023-07-24,GASOLINA,5.972915451895044,5.05,7.3,343,36
2023-07-31,GASOLINA,5.9807046070460705,5.16,7.3,369,37
2023-08-07,GASOLINA,6.0000840336134456,5.19,7.3,357,37
2023-08-14,GASOLINA,6.113261455525606,5.22,7.62,371,37
2023-08-21,GASOLINA,6.33198275862069,5.09,7.62,348,37
2023-08-28,GASOLINA,6.34915014164306,5.45,7.62,353,35
2023-09-04,GASOLINA,6.333151515151515,5.19,7.62,330,35
2023-09-11,GASOLINA,6.3425290697674415,5.35,7.62,344,37
2023-09-18,GASOLINA,6.349180790960452,5.42,7.62,354,37
2023-09-25,GASOLINA,6.319538904899136,5.34,7.62,347,37
2023-10-02,GASOLINA,6.2978171091445425,5.29,7.62,339,37
2023-10-09,GASOLINA,6.321994134897361,5.41,7.59,341,35
2023-10-16,GASOLINA,6.24065340909091,5.41,7.48,352,36
2023-10-23,GASOLINA,6.2406705539358605,5.08,7.48,343,37
2023-10-30,GASOLINA,6.234196428571429,5.29,7.48,336,35
2023-11-06,GASOLINA,6.237196261682243,5.29,7.7,321,35
2023-11-13,GASOLINA,6.221047904191616,5.29,7.7,334,35
2023-11-20,GASOLINA,6.200975609756098,5.22,7.7,328,36
2023-11-27,GASOLINA,6.213137829912023,5.22,7.7,341,36
2023-12-04,GASOLINA,6.171713483146068,5.14,7.7,356,36
2023-12-11,GASOLINA,6.16775956284153,5.19,7.7,366,35
2023-12-18,GASOLINA,6.131597633136095,5.15,7.69,338,35
2023-12-25,GASOLINA,6.022742857142857,5.13,7.65,350,37
2024-01-01,GASOLINA,6.024438356164384,5.13,7.69,365,37
2024-01-08,GASOLINA,6.049506849315069,5.03,7.69,365,37
2024-01-15,GASOLINA,5.985528455284553,4.85,7.7,369,37
2024-01-22,GASOLINA,5.967744565217392,4.79,7.7,368,36
2024-01-29,GASOLINA,5.964732620320856,4.79,7.7,374,36
2024-02-05,GASOLINA,6.157520000000001,5.12,7.7,375,36
2024-02-12,GASOLINA,6.0954419889502764,5.23,7.69,362,37
2024-02-19,GASOLINA,6.0939736842105265,5.17,7.7,380,37
2024-02-26,GASOLINA,6.13016,5.17,7.8,375,37
2024-03-04,GASOLINA,6.111983914209115,5.22,7.7,373,37
2024-03-11,GASOLINA,6.152293333333334,5.22,7.7,375,37
2024-03-18,GASOLINA,6.156586826347306,5.32,7.7,334,37
2024-03-25,GASOLINA,6.128206686930091,5.32,7.7,329,36
2024-04-01,GASOLINA,6.1685628742514975,5.32,7.7,334,37
2024-04-08,GASOLINA,6.192176165803108,5.32,7.7,386,37
2024-04-15,GASOLINA,6.1954032258064515,5.37,7.69,372,37
2024-04-22,GASOLINA,6.207513227513227,5.42,7.69,378,37
2024-04-29,GASOLINA,6.198184210526316,5.42,7.79,380,37
2024-05-06,GASOLINA,6.209537275064268,5.37,7.7,389,37
2024-05-13,GASOLINA,6.236094182825485,4.74,7.79,361,37
2024-05-20,GASOLINA,6.208323699421965,5.37,7.59,346,37
2024-05-27,GASOLINA,6.229256198347107,5.37,7.7,363,37
2024-06-03,GASOLINA,6.234702702702703,5.35,7.79,370,36
2024-06-10,GASOLINA,6.241270718232045,5.37,7.79,362,36
2024-06-17,GASOLINA,6.251981981981982,5.37,7.7,333,31
2024-06-24,GASOLINA,6.25111801242236,5.39,7.38,322,29
2024-07-01,GASOLINA,6.241127819548873,5.42,7.4,266,21
2024-07-08,GASOLINA,6.330909090909091,5.49,7.4,286,22
2024-07-15,GASOLINA,6.570348837209303,5.62,7.68,258,21
2024-07-22,GASOLINA,6.568043478260869,5.61,7.68,276,22
2024-07-29,GASOLINA,6.645720164609054,5.62,7.68,243,20
2024-08-05,GASOLINA,6.6132,5.62,7.68,275,22
2024-08-12,GASOLINA,6.575117845117845,5.63,7.68,297,24
2024-08-19,GASOLINA,6.567676767676767,5.57,7.68,297,24
2024-08-26,GASOLINA,6.5625,5.54,7.69,296,24
2024-09-02,GASOLINA,6.562380952380952,5.57,7.68,294,24
2024-09-09,GASOLINA,6.553413793103449,5.56,7.68,290,24
2024-09-16,GASOLINA,6.541888111888112,5.56,7.68,286,23
2024-09-23,GASOLINA,6.516736111111111,5.56,7.68,288,25
2024-09-30,GASOLINA,6.5329411764705885,5.45,7.68,289,24
2024-10-07,GASOLINA,6.542693602693603,5.45,7.68,297,23
2024-10-14,GASOLINA,6.631236749116608,5.45,7.99,283,24
2024-10-21,GASOLINA,6.626433566433566,5.45,7.99,286,23
2024-10-28,GASOLINA,6.673127147766324,5.45,7.99,291,25
2024-11-04,GASOLINA,6.676377358490566,5.65,7.99,265,23
2024-11-11,GASOLINA,6.667535714285715,5.65,7.99,280,24
2024-11-18,GASOLINA,6.654563492063493,5.65,7.99,252,22
2024-11-25,GASOLINA,6.692120141342756,5.58,7.99,283,24
2024-12-02,GASOLINA,6.721484098939929,5.75,7.99,283,24
2024-12-09,GASOLINA,6.7167509025270755,5.75,7.99,277,24
2024-12-16,GASOLINA,6.72062015503876,5.65,7.99,258,23
2024-12-23,GASOLINA,6.750557939914164,5.65,7.99,233,19
2024-12-30,GASOLINA,6.708811475409837,5.65,7.99,244,21
2025-01-06,GASOLINA,6.678384615384616,5.68,7.99,260,22
2025-01-13,GASOLINA,6.691052631578947,5.67,7.99,266,24
2025-01-20,GASOLINA,6.692397476340694,5.67,7.99,317,29
2025-01-27,GASOLINA,6.726195286195287,5.79,7.99,297,28
2025-02-03,GASOLINA,6.827272727272728,5.87,7.99,308,28
2025-02-10,GASOLINA,6.885737704918033,5.87,8.39,305,28
2025-02-17,GASOLINA,6.868053892215569,5.87,8.39,334,30
2025-02-24,GASOLINA,6.848387096774194,5.76,8.39,341,31
2025-03-03,GASOLINA,6.874462540716612,5.73,8.39,307,27
2025-03-10,GASOLINA,6.842373417721519,5.73,8.39,316,30
2025-03-17,GASOLINA,6.824098837209302,5.73,8.39,344,31
2025-03-24,GASOLINA,6.794099378881987,5.69,8.39,322,30
2025-03-31,GASOLINA,6.809640718562875,5.69,8.39,334,31
2025-04-07,GASOLINA,6.785147928994083,5.69,8.39,338,31
2025-04-14,GASOLINA,6.785840978593272,5.69,8.39,327,30
2025-04-21,GASOLINA,6.735185185185185,5.65,8.71,297,28
2025-04-28,GASOLINA,6.7655666666666665,5.68,8.39,300,28
2025-05-05,GASOLINA,6.72993690851735,5.68,8.39,317,28
2025-05-12,GASOLINA,6.709075342465753,5.68,8.39,292,27
2025-05-19,GASOLINA,6.7234482758620695,5.51,8.39,319,28
2025-05-26,GASOLINA,6.72862385321101,5.41,8.39,327,29
2025-06-02,GASOLINA,6.722019543973941,5.37,8.39,307,29
2025-06-09,GASOLINA,6.714488448844884,5.59,8.39,303,28
2025-06-16,GASOLINA,6.6925155279503095,5.49,8.39,322,28
2025-06-23,GASOLINA,6.697838709677419,5.59,8.39,310,29
2025-06-30,GASOLINA,6.721207430340557,5.59,8.39,323,28
2025-07-07,GASOLINA,6.70375796178344,5.59,8.39,314,27
2025-07-14,GASOLINA,6.76109375,5.74,8.39,256,22
2025-07-21,GASOLINA,6.669964412811388,5.59,8.39,281,24
2025-07-28,GASOLINA,6.6469433962264155,5.58,8.39,265,21
2025-08-04,GASOLINA,6.638181818181818,5.59,8.39,286,24
2025-08-11,GASOLINA,6.616795366795367,5.59,8.09,259,21
2025-08-18,GASOLINA,6.664305555555555,5.59,8.39,288,24
2025-08-25,GASOLINA,6.627,5.59,8.29,270,23
2025-09-01,GASOLINA,6.641575091575092,5.55,8.29,273,23
2025-09-08,GASOLINA,6.686496598639455,5.55,8.29,294,27
2025-09-15,GASOLINA,6.698172757475083,5.55,8.29,301,26
2025-09-22,GASOLINA,6.656917808219178,5.55,8.29,292,25
2025-09-29,GASOLINA,6.6793,5.55,8.29,300,27
2025-10-06,GASOLINA,6.666158730158731,5.55,8.29,315,27
2025-10-13,GASOLINA,6.608609271523179,5.55,7.54,302,27
2025-10-20,GASOLINA,6.677986798679868,5.48,8.29,303,29
2025-10-27,GASOLINA,6.668959731543624,5.45,8.97,298,28
2025-11-03,GASOLINA,6.663774193548387,5.45,8.29,310,29
2025-11-10,GASOLINA,6.616048109965636,5.45,7.99,291,28
2025-11-17,GASOLINA,6.654206642066421,5.45,7.99,271,25
2025-11-24,GASOLINA,6.596271777003484,5.45,7.97,287,27
2025-12-01,GASOLINA,6.6391447368421055,5.45,8.29,304,28
2025-12-08,GASOLINA,6.662181208053691,5.45,8.29,298,28
2025-12-15,GASOLINA,6.644095940959409,5.45,8.29,271,26
2025-12-22,GASOLINA,6.676751054852321,5.45,8.29,237,22
2025-12-29,GASOLINA,6.743720930232558,5.45,8.29,215,20
2026-01-05,GASOLINA,6.7230152671755725,5.45,8.29,262,24
2026-01-12,GASOLINA,6.730262172284644,5.54,8.29,267,25
2026-01-19,GASOLINA,6.764980842911878,5.59,8.29,261,24
2026-01-26,GASOLINA,6.753496240601504,5.59,8.29,266,25
2026-02-02,GASOLINA,6.719446494464945,5.33,8.29,271,26
2026-02-09,GASOLINA,6.718858267716535,5.6,8.29,254,23
2026-02-16,GASOLINA,6.74734126984127,5.33,8.29,252,26
2026-02-23,GASOLINA,6.677509727626458,5.33,8.29,257,24
2026-03-02,GASOLINA,6.7303125,5.52,8.29,256,24
2026-03-09,GASOLINA,7.027558139534883,5.94,8.79,258,26
2026-03-16,GASOLINA,7.157734375,6.08,8.99,256,27
2026-03-23,GASOLINA,7.3038181818181815,6.38,9.29,275,28
2026-03-30,GASOLINA,7.319725490196078,6.19,9.29,255,26
2026-04-06,GASOLINA,7.33310861423221,6.39,9.29,267,26
2026-04-13,GASOLINA,7.2940613026819925,6.39,9.29,261,28
2026-04-20,GASOLINA,7.203265306122449,6.29,9.29,245,26
2026-04-27,GASOLINA,7.152403100775193,6.18,9.29,258,27
2026-05-04,GASOLINA,7.1940485829959515,5.98,9.29,247,25
2026-05-11,GASOLINA,7.115678571428572,6.06,9.29,280,26
2026-05-18,GASOLINA,7.105460750853243,6.02,9.29,293,28
2026-05-25,GASOLINA,7.055544217687075,6.02,8.99,294,28
2026-06-01,GASOLINA,7.07969387755102,6.31,8.99,294,27
2026-06-08,GASOLINA,7.052131147540984,6.12,8.99,305,29
2026-06-15,GASOLINA,7.1033221476510064,6.15,8.99,298,27
2026-06-22,GASOLINA,7.067727272727273,5.99,8.99,286,28
2026-06-29,GASOLINA,7.06867816091954,5.99,7.7,174,16
2026-08-10,GASOLINA,7.109933333333333,6.09,8.99,300,29
2026-08-17,GASOLINA,7.101433447098976,6.08,8.99,293,29
2026-08-24,GASOLINA,7.1584765625,6.15,8.99,256,26
2026-08-31,GASOLINA,7.065844594594595,6.09,8.99,296,28
2020-10-19,GASOLINA ADITIVADA,4.593715517241379,3.99,5.229,116,7
2020-10-26,GASOLINA ADITIVADA,4.559459677419356,3.89,5.299,124,7
2020-11-02,GASOLINA ADITIVADA,4.458675925925926,3.69,5.299,108,6
2020-11-09,GASOLINA ADITIVADA,4.46770796460177,3.69,5.229,113,7
2020-11-16,GASOLINA ADITIVADA,4.488108333333333,3.69,5.229,120,8
2020-11-23,GASOLINA ADITIVADA,4.669083333333333,4.18,5.299,120,8
2020-11-30,GASOLINA ADITIVADA,4.656311111111111,4.23,5.31,135,8
2020-12-07,GASOLINA ADITIVADA,4.592260606060606,4.23,5.299,165,8
2020-12-14,GASOLINA ADITIVADA,4.64485,4.229,5.249,120,7
2020-12-21,GASOLINA ADITIVADA,4.702426086956522,4.0,5.299,115,8
2020-12-28,GASOLINA ADITIVADA,4.7586216216216215,3.95,5.319,111,7
2021-01-04,GASOLINA ADITIVADA,4.753833333333333,4.05,5.25,126,8
2021-01-11,GASOLINA ADITIVADA,4.713454545454545,4.05,5.319,121,8
2021-01-18,GASOLINA ADITIVADA,4.85416,4.05,5.95,125,8
2021-01-25,GASOLINA ADITIVADA,4.914413793103448,4.15,5.46,116,9
2021-02-01,GASOLINA ADITIVADA,5.02186231884058,4.15,5.649,138,10
2021-02-08,GASOLINA ADITIVADA,5.144744186046512,4.2,5.879,129,11
2021-02-15,GASOLINA ADITIVADA,5.217546012269939,4.4,6.06,163,13
2021-02-22,GASOLINA ADITIVADA,5.44918656716418,4.75,6.35,134,12
2021-03-01,GASOLINA ADITIVADA,5.595917431192661,4.8,6.24,109,12
2021-03-08,GASOLINA ADITIVADA,5.69703007518797,4.85,6.7,133,14
2021-03-15,GASOLINA ADITIVADA,5.758328125,5.15,6.7,128,13
2021-03-22,GASOLINA ADITIVADA,5.797037037037037,5.09,6.7,135,13
2021-03-29,GASOLINA ADITIVADA,5.714614814814815,4.99,6.6,135,13
2021-04-05,GASOLINA ADITIVADA,5.728007194244604,4.899,6.58,139,14
2021-04-12,GASOLINA ADITIVADA,5.804657894736842,5.0,6.6,152,14
2021-04-19,GASOLINA ADITIVADA,5.8052013888888885,5.189,6.6,144,13
2021-04-26,GASOLINA ADITIVADA,5.8476603773584905,5.0,6.89,159,14
2021-05-03,GASOLINA ADITIVADA,5.724156716417911,5.0,6.89,134,13
2021-05-10,GASOLINA ADITIVADA,5.759827814569537,4.99,6.89,151,14
2021-05-17,GASOLINA ADITIVADA,5.905401515151516,4.85,6.9,132,14
2021-05-24,GASOLINA ADITIVADA,5.830797202797203,4.89,6.89,143,14
2021-05-31,GASOLINA ADITIVADA,5.8054487179487175,4.89,6.89,156,16
2021-06-07,GASOLINA ADITIVADA,5.807569767441861,4.89,6.89,172,17
2021-06-14,GASOLINA ADITIVADA,5.871798913043478,5.08,6.89,184,17
2021-06-21,GASOLINA ADITIVADA,5.810676136363636,5.25,6.88,176,17
2021-06-28,GASOLINA ADITIVADA,5.859033898305085,5.29,6.88,177,15
2021-07-05,GASOLINA ADITIVADA,5.966502590673575,5.39,6.88,193,20
2021-07-12,GASOLINA ADITIVADA,6.092119565217391,5.34,6.98,184,21
2021-07-19,GASOLINA ADITIVADA,6.052,4.95,6.98,231,25
2021-07-26,GASOLINA ADITIVADA,6.093358695652174,4.69,6.98,184,20
2021-08-02,GASOLINA ADITIVADA,6.111636363636364,4.95,6.98,209,24
2021-08-09,GASOLINA ADITIVADA,6.058005347593583,4.95,6.98,187,24
2021-08-16,GASOLINA ADITIVADA,6.211608938547486,5.59,7.13,179,23
2021-08-23,GASOLINA ADITIVADA,6.212081081081081,5.29,7.13,185,22
2021-08-30,GASOLINA ADITIVADA,6.259934065934066,5.29,7.13,182,21
2021-09-06,GASOLINA ADITIVADA,6.287272058823529,5.27,7.13,136,19
2021-09-13,GASOLINA ADITIVADA,6.279685,5.49,7.13,200,24
2021-09-20,GASOLINA ADITIVADA,6.270119170984456,5.37,7.13,193,22
2021-09-27,GASOLINA ADITIVADA,6.290124352331606,5.45,7.13,193,23
2021-10-04,GASOLINA ADITIVADA,6.279989304812834,5.52,7.13,187,21
2021-10-11,GASOLINA ADITIVADA,6.494980099502487,5.68,7.35,201,22
2021-10-18,GASOLINA ADITIVADA,6.519279792746114,5.68,7.35,193,23
2021-10-25,GASOLINA ADITIVADA,6.6442250000000005,5.68,7.479,200,23
2021-11-01,GASOLINA ADITIVADA,6.849434554973822,6.32,7.59,191,22
2021-11-08,GASOLINA ADITIVADA,6.904577540106952,6.43,7.59,187,21
2021-11-15,GASOLINA ADITIVADA,6.911331428571429,6.19,7.86,175,22
2021-11-22,GASOLINA ADITIVADA,6.9128905472636815,6.12,7.59,201,23
2021-11-29,GASOLINA ADITIVADA,6.903897297297298,6.12,7.699,185,21
2021-12-06,GASOLINA ADITIVADA,6.905145833333333,6.12,7.59,192,23
2021-12-13,GASOLINA ADITIVADA,6.925592592592592,6.34,7.59,189,24
2021-12-20,GASOLINA ADITIVADA,6.8727888888888895,6.12,7.59,180,22
2021-12-27,GASOLINA ADITIVADA,6.893358851674641,6.12,7.59,209,25
2022-01-03,GASOLINA ADITIVADA,6.878917525773196,6.25,7.59,194,22
2022-01-10,GASOLINA ADITIVADA,6.870950000000001,6.09,7.67,200,25
2022-01-17,GASOLINA ADITIVADA,6.987678571428572,6.29,7.77,224,29
2022-01-24,GASOLINA ADITIVADA,6.971806167400881,6.09,7.63,227,29
2022-01-31,GASOLINA ADITIVADA,6.965,6.09,7.67,218,30
2022-02-07,GASOLINA ADITIVADA,6.940678733031675,6.09,7.59,221,30
2022-02-14,GASOLINA ADITIVADA,6.9372,6.09,7.59,225,30
2022-02-21,GASOLINA ADITIVADA,6.914453781512606,6.09,7.55,238,31
2022-02-28,GASOLINA ADITIVADA,6.916409090909091,6.09,7.55,220,30
2022-03-07,GASOLINA ADITIVADA,6.935807860262009,6.19,7.65,229,30
2022-03-14,GASOLINA ADITIVADA,7.548109452736319,6.65,8.1,201,29
2022-03-21,GASOLINA ADITIVADA,7.541365853658537,6.57,8.25,205,30
2022-03-28,GASOLINA ADITIVADA,7.526760563380282,6.57,8.02,213,29
2022-04-04,GASOLINA ADITIVADA,7.527752293577981,6.59,8.26,218,32
2022-04-11,GASOLINA ADITIVADA,7.524745762711864,6.59,8.07,236,33
2022-04-18,GASOLINA ADITIVADA,7.541196581196582,6.59,8.35,234,31
2022-04-25,GASOLINA ADITIVADA,7.530956521739131,6.68,8.27,230,31
2022-05-02,GASOLINA ADITIVADA,7.544458333333334,6.56,8.26,240,35
2022-05-09,GASOLINA ADITIVADA,7.532869198312236,6.56,8.25,237,34
2022-05-16,GASOLINA ADITIVADA,7.551589147286822,6.56,8.36,258,34
2022-05-23,GASOLINA ADITIVADA,7.5441666666666665,6.69,8.36,240,34
2022-05-30,GASOLINA ADITIVADA,7.541522633744855,6.56,8.36,243,35
2022-06-06,GASOLINA ADITIVADA,7.479757085020243,6.56,8.11,247,35
2022-06-13,GASOLINA ADITIVADA,7.5008536585365855,6.56,8.25,246,33
2022-06-20,GASOLINA ADITIVADA,7.676792452830188,6.69,8.57,265,36
2022-06-27,GASOLINA ADITIVADA,7.564094488188976,6.3,8.57,254,35
2022-07-04,GASOLINA ADITIVADA,7.033189723320158,5.91,8.2,253,34
2022-07-11,GASOLINA ADITIVADA,6.4739516129032255,5.49,7.99,248,34
2022-07-18,GASOLINA ADITIVADA,6.251125,5.45,7.99,256,36
2022-07-25,GASOLINA ADITIVADA,6.081466926070038,5.29,7.05,257,36
2022-08-01,GASOLINA ADITIVADA,5.9836136363636365,5.28,7.05,264,36
2022-08-08,GASOLINA ADITIVADA,5.915322957198444,5.25,6.99,257,35
2022-08-15,GASOLINA ADITIVADA,5.795152892561983,5.09,6.99,242,34
2022-08-22,GASOLINA ADITIVADA,5.713043650793652,4.99,6.9,252,34
2022-08-29,GASOLINA ADITIVADA,5.650641129032258,4.97,6.79,248,36
2022-09-05,GASOLINA ADITIVADA,5.49581007751938,4.79,6.9,258,35
2022-09-12,GASOLINA ADITIVADA,5.41504,4.49,6.69,225,31
2022-09-26,GASOLINA ADITIVADA,5.207951807228915,4.69,5.79,83,7
2022-10-03,GASOLINA ADITIVADA,5.179122807017544,4.59,5.99,114,7
2022-10-10,GASOLINA ADITIVADA,5.172857142857143,4.57,8.15,98,8
2022-10-17,GASOLINA ADITIVADA,5.214455445544554,4.67,5.99,101,9
2022-10-24,GASOLINA ADITIVADA,5.253529411764706,4.59,6.09,136,14
2022-10-31,GASOLINA ADITIVADA,5.29075,4.59,6.19,120,12
2022-11-07,GASOLINA ADITIVADA,5.206541353383459,4.75,5.98,133,14
2022-11-14,GASOLINA ADITIVADA,5.237101449275363,4.69,5.82,138,13
2022-11-21,GASOLINA ADITIVADA,5.227291666666667,4.56,5.99,144,16
2022-11-28,GASOLINA ADITIVADA,5.144906832298137,4.59,6.19,161,19
2022-12-05,GASOLINA ADITIVADA,5.272787878787879,4.59,5.99,165,18
2022-12-12,GASOLINA ADITIVADA,5.158373493975904,4.59,6.0,166,21
2022-12-19,GASOLINA ADITIVADA,5.134662576687117,4.47,6.09,163,18
2022-12-26,GASOLINA ADITIVADA,5.086339869281046,4.45,7.89,153,18
2023-01-02,GASOLINA ADITIVADA,5.296947368421052,4.63,6.39,190,22
2023-01-09,GASOLINA ADITIVADA,5.3057058823529415,4.79,6.24,170,21
2023-01-16,GASOLINA ADITIVADA,5.2682010582010586,4.64,6.0,189,22
2023-01-23,GASOLINA ADITIVADA,5.305118483412323,4.54,6.37,211,24
2023-01-30,GASOLINA ADITIVADA,5.450333333333333,4.83,6.07,210,27
2023-02-06,GASOLINA ADITIVADA,5.474088888888889,4.56,6.56,225,29
2023-02-13,GASOLINA ADITIVADA,5.464469026548673,4.74,6.43,226,30
2023-02-20,GASOLINA ADITIVADA,5.462311111111111,4.69,6.43,225,30
2023-02-27,GASOLINA ADITIVADA,5.573628318584071,4.85,6.67,226,31
2023-03-06,GASOLINA ADITIVADA,6.0652654867256635,5.19,7.09,226,31
2023-03-13,GASOLINA ADITIVADA,6.063125,5.19,8.97,224,30
2023-03-20,GASOLINA ADITIVADA,6.013552631578947,5.19,6.79,228,28
2023-03-27,GASOLINA ADITIVADA,5.9788695652173915,5.29,6.97,230,31
2023-04-03,GASOLINA ADITIVADA,6.047937219730942,5.29,6.99,223,32
2023-04-10,GASOLINA ADITIVADA,6.096536585365853,5.23,6.99,205,29
2023-04-17,GASOLINA ADITIVADA,6.098598130841121,5.29,7.29,214,31
2023-04-24,GASOLINA ADITIVADA,6.081990950226245,5.27,7.33,221,30
2023-05-01,GASOLINA ADITIVADA,6.096550218340611,5.25,7.33,229,35
2023-05-08,GASOLINA ADITIVADA,6.093108108108108,5.2,6.99,222,32
2023-05-15,GASOLINA ADITIVADA,6.091826086956521,5.25,7.02,230,34
2023-05-22,GASOLINA ADITIVADA,5.885769230769231,4.99,6.99,234,35
2023-05-29,GASOLINA ADITIVADA,5.8124050632911395,4.89,6.99,237,34
2023-06-05,GASOLINA ADITIVADA,5.898232323232323,5.13,6.99,198,36
2023-06-12,GASOLINA ADITIVADA,5.872913043478261,4.99,6.99,230,36
2023-06-19,GASOLINA ADITIVADA,5.886160714285714,5.09,6.99,224,36
2023-06-26,GASOLINA ADITIVADA,5.8762557077625575,4.99,6.99,219,36
2023-07-03,GASOLINA ADITIVADA,6.132,4.99,7.29,235,36
2023-07-10,GASOLINA ADITIVADA,6.1474090909090915,5.37,7.29,220,37
2023-07-17,GASOLINA ADITIVADA,6.125474137931034,5.39,7.29,232,33
2023-07-24,GASOLINA ADITIVADA,6.092033898305085,5.34,7.29,236,34
2023-07-31,GASOLINA ADITIVADA,6.11684,5.34,7.29,250,36
2023-08-07,GASOLINA ADITIVADA,6.154830508474576,5.39,7.29,236,36
2023-08-14,GASOLINA ADITIVADA,6.26096,4.79,7.59,250,36
2023-08-21,GASOLINA ADITIVADA,6.456875,5.69,7.59,240,35
2023-08-28,GASOLINA ADITIVADA,6.497868852459017,5.69,7.59,244,35
2023-09-04,GASOLINA ADITIVADA,6.460131578947369,5.39,7.57,228,34
2023-09-11,GASOLINA ADITIVADA,6.4895041322314055,5.67,7.57,242,35
2023-09-18,GASOLINA ADITIVADA,6.489311740890688,5.68,7.57,247,36
2023-09-25,GASOLINA ADITIVADA,6.4736401673640165,5.62,7.57,239,35
2023-10-02,GASOLINA ADITIVADA,6.4578354978354975,5.59,7.57,231,36
2023-10-09,GASOLINA ADITIVADA,6.449914893617021,5.59,7.57,235,34
2023-10-16,GASOLINA ADITIVADA,6.372448132780083,5.59,7.57,241,34
2023-10-23,GASOLINA ADITIVADA,6.398103448275862,5.53,7.57,232,34
2023-10-30,GASOLINA ADITIVADA,6.407112068965517,5.53,7.48,232,34
2023-11-06,GASOLINA ADITIVADA,6.403059360730594,5.49,7.57,219,34
2023-11-13,GASOLINA ADITIVADA,6.374366812227074,5.49,7.57,229,32
2023-11-20,GASOLINA ADITIVADA,6.349461883408072,5.49,7.57,223,35
2023-11-27,GASOLINA ADITIVADA,6.326582278481013,5.39,7.57,237,33
2023-12-04,GASOLINA ADITIVADA,6.321166666666667,5.49,7.57,240,34
2023-12-11,GASOLINA ADITIVADA,6.317670682730923,5.39,7.57,249,33
2023-12-18,GASOLINA ADITIVADA,6.302368421052631,5.39,9.69,228,32
2023-12-25,GASOLINA ADITIVADA,6.172643171806167,5.29,7.57,227,33
2024-01-01,GASOLINA ADITIVADA,6.1692,5.29,7.57,250,36
2024-01-08,GASOLINA ADITIVADA,6.22915611814346,5.29,7.57,237,36
2024-01-15,GASOLINA ADITIVADA,6.12008064516129,4.85,7.69,248,36
2024-01-22,GASOLINA ADITIVADA,6.105289256198347,4.79,7.69,242,36
2024-01-29,GASOLINA ADITIVADA,6.083846153846154,4.79,7.69,247,35
2024-02-05,GASOLINA ADITIVADA,6.313670886075949,5.16,7.69,237,35
2024-02-12,GASOLINA ADITIVADA,6.253333333333333,5.39,7.72,243,36
2024-02-19,GASOLINA ADITIVADA,6.253279352226721,5.39,7.72,247,36
2024-02-26,GASOLINA ADITIVADA,6.282780082987553,5.17,7.72,241,35
2024-03-04,GASOLINA ADITIVADA,6.26698275862069,5.39,7.72,232,34
2024-03-11,GASOLINA ADITIVADA,6.317299578059072,5.39,7.69,237,36
2024-03-18,GASOLINA ADITIVADA,6.343657407407408,5.39,7.79,216,35
2024-03-25,GASOLINA ADITIVADA,6.295887850467289,5.39,7.69,214,35
2024-04-01,GASOLINA ADITIVADA,6.307713004484304,5.49,7.69,223,35
2024-04-08,GASOLINA ADITIVADA,6.34915057915058,5.49,7.69,259,36
2024-04-15,GASOLINA ADITIVADA,6.362081632653061,5.49,7.49,245,35
2024-04-22,GASOLINA ADITIVADA,6.383070866141732,5.49,7.49,254,35
2024-04-29,GASOLINA ADITIVADA,6.349645669291339,5.59,7.49,254,36
2024-05-06,GASOLINA ADITIVADA,6.375625,5.59,7.49,256,36
2024-05-13,GASOLINA ADITIVADA,6.3738306451612905,5.59,7.49,248,35
2024-05-20,GASOLINA ADITIVADA,6.3609387755102045,5.56,7.39,245,33
2024-05-27,GASOLINA ADITIVADA,6.371223628691983,5.56,7.5,237,34
2024-06-03,GASOLINA ADITIVADA,6.3701171875,5.52,7.5,256,32
2024-06-10,GASOLINA ADITIVADA,6.362231075697212,5.52,7.39,251,34
2024-06-17,GASOLINA ADITIVADA,6.371321585903083,5.75,7.39,227,30
2024-06-24,GASOLINA ADITIVADA,6.404380530973452,5.75,7.5,226,29
2024-07-01,GASOLINA ADITIVADA,6.417263157894737,5.56,7.39,190,21
2024-07-08,GASOLINA ADITIVADA,6.514747474747475,5.75,7.49,198,22
2024-07-15,GASOLINA ADITIVADA,6.727087912087912,5.99,7.78,182,21
2024-07-22,GASOLINA ADITIVADA,6.736594594594594,5.84,7.78,185,22
2024-07-29,GASOLINA ADITIVADA,6.785898876404495,5.89,7.78,178,20
2024-08-05,GASOLINA ADITIVADA,6.75578431372549,5.99,7.78,204,22
2024-08-12,GASOLINA ADITIVADA,6.7829850746268665,5.73,7.78,201,23
2024-08-19,GASOLINA ADITIVADA,6.79406862745098,5.99,7.78,204,24
2024-08-26,GASOLINA ADITIVADA,6.79822966507177,5.99,7.78,209,24
2024-09-02,GASOLINA ADITIVADA,6.790343137254902,5.78,7.78,204,24
2024-09-09,GASOLINA ADITIVADA,6.776512820512821,5.78,7.78,195,24
2024-09-16,GASOLINA ADITIVADA,6.749375000000001,5.78,7.78,192,23
2024-09-23,GASOLINA ADITIVADA,6.720315789473684,5.78,7.78,190,23
2024-09-30,GASOLINA ADITIVADA,6.736313131313131,5.78,7.78,198,24
2024-10-07,GASOLINA ADITIVADA,6.753529411764706,5.78,7.78,204,23
2024-10-14,GASOLINA ADITIVADA,6.841917098445596,5.78,8.09,193,24
2024-10-21,GASOLINA ADITIVADA,6.835544554455446,5.78,8.09,202,23
2024-10-28,GASOLINA ADITIVADA,6.89819512195122,5.78,8.09,205,25
2024-11-04,GASOLINA ADITIVADA,6.856102564102565,5.78,8.09,195,23
2024-11-11,GASOLINA ADITIVADA,6.855242718446602,5.78,8.09,206,24
2024-11-18,GASOLINA ADITIVADA,6.866648648648648,5.89,8.09,185,22
2024-11-25,GASOLINA ADITIVADA,6.876682692307692,5.78,8.09,208,24
2024-12-02,GASOLINA ADITIVADA,6.900193236714975,5.89,8.09,207,24
2024-12-09,GASOLINA ADITIVADA,6.902512315270936,5.89,8.09,203,24
2024-12-16,GASOLINA ADITIVADA,6.911481481481482,5.89,8.09,189,24
2024-12-23,GASOLINA ADITIVADA,6.973976608187134,5.98,8.09,171,19
2024-12-30,GASOLINA ADITIVADA,6.896779661016949,5.89,8.04,177,21
2025-01-06,GASOLINA ADITIVADA,6.873560209424083,5.89,8.04,191,22
2025-01-13,GASOLINA ADITIVADA,6.899005235602094,5.89,8.09,191,24
2025-01-20,GASOLINA ADITIVADA,6.852956521739131,5.89,8.09,230,29
2025-01-27,GASOLINA ADITIVADA,6.908009049773756,5.89,8.09,221,28
2025-02-03,GASOLINA ADITIVADA,7.011288888888889,5.99,8.09,225,28
2025-02-10,GASOLINA ADITIVADA,7.060177777777778,5.99,8.49,225,27
2025-02-17,GASOLINA ADITIVADA,7.039211618257261,5.99,8.39,241,30
2025-02-24,GASOLINA ADITIVADA,7.02926530612245,5.99,8.49,245,31
2025-03-03,GASOLINA ADITIVADA,7.0582666666666665,5.99,8.49,225,27
2025-03-10,GASOLINA ADITIVADA,7.035646551724138,5.99,8.39,232,29
2025-03-17,GASOLINA ADITIVADA,7.0154901960784315,5.94,8.49,255,31
2025-03-24,GASOLINA ADITIVADA,6.970974576271187,5.89,8.49,236,30
2025-03-31,GASOLINA ADITIVADA,6.97760162601626,5.79,8.72,246,31
2025-04-07,GASOLINA ADITIVADA,6.975121951219513,5.79,8.49,246,31
2025-04-14,GASOLINA ADITIVADA,6.966625514403293,5.89,8.49,243,30
2025-04-21,GASOLINA ADITIVADA,6.919324324324324,5.79,8.72,222,27
2025-04-28,GASOLINA ADITIVADA,6.919035087719298,5.79,8.49,228,28
2025-05-05,GASOLINA ADITIVADA,6.905350877192983,5.89,8.49,228,28
2025-05-12,GASOLINA ADITIVADA,6.870651162790698,5.79,8.49,215,27
2025-05-19,GASOLINA ADITIVADA,6.9206521739130435,5.79,8.49,230,28
2025-05-26,GASOLINA ADITIVADA,6.9071951219512195,5.79,8.39,246,29
2025-06-02,GASOLINA ADITIVADA,6.877236842105263,5.79,8.49,228,29
2025-06-09,GASOLINA ADITIVADA,6.888977777777778,5.73,8.49,225,28
2025-06-16,GASOLINA ADITIVADA,6.866404958677686,5.88,8.49,242,28
2025-06-23,GASOLINA ADITIVADA,6.871829787234042,5.87,8.49,235,29
2025-06-30,GASOLINA ADITIVADA,6.88331983805668,5.87,8.49,247,28
2025-07-07,GASOLINA ADITIVADA,6.8694893617021275,5.79,8.49,235,27
2025-07-14,GASOLINA ADITIVADA,6.943556701030928,5.83,8.49,194,23
2025-07-21,GASOLINA ADITIVADA,6.882018779342722,5.79,8.39,213,24
2025-07-28,GASOLINA ADITIVADA,6.87078947368421,5.79,8.49,190,21
2025-08-04,GASOLINA ADITIVADA,6.840691244239632,5.79,8.49,217,24
2025-08-11,GASOLINA ADITIVADA,6.829020618556701,5.79,8.29,194,21
2025-08-18,GASOLINA ADITIVADA,6.88841628959276,5.79,8.49,221,24
2025-08-25,GASOLINA ADITIVADA,6.841542288557214,5.69,8.39,201,22
2025-09-01,GASOLINA ADITIVADA,6.852748815165877,5.79,8.39,211,23
2025-09-08,GASOLINA ADITIVADA,6.884189189189189,5.69,8.39,222,27
2025-09-15,GASOLINA ADITIVADA,6.889825327510917,5.65,8.39,229,26
2025-09-22,GASOLINA ADITIVADA,6.849333333333333,5.79,8.39,225,25
2025-09-29,GASOLINA ADITIVADA,6.863612334801762,5.69,8.39,227,27
2025-10-06,GASOLINA ADITIVADA,6.860864197530865,5.79,8.39,243,27
2025-10-13,GASOLINA ADITIVADA,6.794444444444445,5.59,8.94,234,27
2025-10-20,GASOLINA ADITIVADA,6.860548523206751,5.65,8.39,237,29
2025-10-27,GASOLINA ADITIVADA,6.846016949152543,5.69,8.39,236,28
2025-11-03,GASOLINA ADITIVADA,6.847479338842975,5.65,8.39,242,29
2025-11-10,GASOLINA ADITIVADA,6.798963963963963,5.65,8.17,222,28
2025-11-17,GASOLINA ADITIVADA,6.827155963302752,5.65,8.17,218,25
2025-11-24,GASOLINA ADITIVADA,6.789227272727273,5.65,8.11,220,27
2025-12-01,GASOLINA ADITIVADA,6.827715517241379,5.65,8.39,232,28
2025-12-08,GASOLINA ADITIVADA,6.861555555555555,5.69,8.39,225,28
2025-12-15,GASOLINA ADITIVADA,6.824048780487805,5.59,8.39,205,26
2025-12-22,GASOLINA ADITIVADA,6.8541884816753935,5.65,8.39,191,22
2025-12-29,GASOLINA ADITIVADA,6.883370786516854,5.65,8.39,178,20
2026-01-05,GASOLINA ADITIVADA,6.906057692307693,5.69,8.89,208,24
2026-01-12,GASOLINA ADITIVADA,6.91514423076923,5.79,8.39,208,25
2026-01-19,GASOLINA ADITIVADA,6.942311320754717,5.79,8.39,212,24
2026-01-26,GASOLINA ADITIVADA,6.921809523809523,5.89,8.59,210,25
2026-02-02,GASOLINA ADITIVADA,6.921279620853081,5.89,8.39,211,26
2026-02-09,GASOLINA ADITIVADA,6.912783505154639,5.78,8.39,194,22
2026-02-16,GASOLINA ADITIVADA,6.940298507462686,5.78,8.39,201,26
2026-02-23,GASOLINA ADITIVADA,6.89734693877551,5.69,8.39,196,24
2026-03-02,GASOLINA ADITIVADA,6.92265625,5.69,8.29,192,24
2026-03-09,GASOLINA ADITIVADA,7.18975,5.99,8.89,200,25
2026-03-16,GASOLINA ADITIVADA,7.31678756476684,6.29,8.99,193,26
2026-03-23,GASOLINA ADITIVADA,7.447616822429906,6.29,9.29,214,27
2026-03-30,GASOLINA ADITIVADA,7.48615,6.49,9.29,200,26
2026-04-06,GASOLINA ADITIVADA,7.498613861386139,6.49,9.29,202,26
2026-04-13,GASOLINA ADITIVADA,7.436926829268292,6.29,9.29,205,27
2026-04-20,GASOLINA ADITIVADA,7.386467391304348,6.24,9.29,184,25
2026-04-27,GASOLINA ADITIVADA,7.346548223350254,6.24,9.29,197,26
2026-05-04,GASOLINA ADITIVADA,7.395235602094241,6.29,9.29,191,24
2026-05-11,GASOLINA ADITIVADA,7.3187192118226605,6.29,9.29,203,26
2026-05-18,GASOLINA ADITIVADA,7.309483568075118,6.19,9.29,213,28
2026-05-25,GASOLINA ADITIVADA,7.263935185185185,6.29,8.99,216,27
2026-06-01,GASOLINA ADITIVADA,7.269023255813953,6.55,8.99,215,26
2026-06-08,GASOLINA ADITIVADA,7.248558558558559,6.17,8.99,222,29
2026-06-15,GASOLINA ADITIVADA,7.28743119266055,6.17,8.99,218,27
2026-06-22,GASOLINA ADITIVADA,7.25347619047619,6.17,8.99,210,27
2026-06-29,GASOLINA ADITIVADA,7.227089552238806,6.17,7.99,134,16
2026-08-10,GASOLINA ADITIVADA,7.315255813953488,6.14,8.99,215,29
2026-08-17,GASOLINA ADITIVADA,7.304854368932038,6.49,8.99,206,29
2026-08-24,GASOLINA ADITIVADA,7.3719662921348315,6.55,8.99,178,25
2026-08-31,GASOLINA ADITIVADA,7.270511627906977,6.14,8.99,215,28
2019-12-30,GLP,77.9198,66.0,95.0,400,36
2020-01-06,GLP,78.93108490566037,68.0,95.0,424,37
2020-01-13,GLP,79.7032,68.0,100.0,425,37
2020-01-20,GLP,79.6107294117647,65.0,100.0,425,37
2020-01-27,GLP,79.85903301886793,68.0,100.0,424,37
2020-02-03,GLP,79.78385342789598,68.0,100.0,423,37
2020-02-10,GLP,79.65824228028504,68.0,100.0,421,37
2020-02-17,GLP,79.83187648456057,68.0,100.0,421,37
2020-02-24,GLP,79.73463182897862,66.0,97.0,421,37
2020-03-02,GLP,79.69425178147269,66.0,97.0,421,37
2020-03-09,GLP,79.84217703349282,66.0,100.0,418,37
2020-03-16,GLP,80.14406698564594,66.0,100.0,418,37
2020-03-23,GLP,80.04916067146283,66.0,97.0,417,37
2020-03-30,GLP,79.40167865707434,66.0,97.0,417,37
2020-04-06,GLP,79.29334134615384,66.0,96.0,416,37
2020-04-13,GLP,79.40608173076923,66.0,96.0,416,37
2020-04-20,GLP,78.88163855421686,66.0,95.0,415,37
2020-04-27,GLP,78.93242788461538,65.0,97.0,416,37
2020-05-04,GLP,79.19898550724638,65.0,96.0,414,37
2020-05-11,GLP,78.97797101449275,65.0,95.0,414,37
2020-05-18,GLP,78.78660098522168,65.0,108.0,406,37
2020-05-25,GLP,78.95929268292683,65.0,108.0,410,37
2020-06-01,GLP,78.79792682926829,65.0,110.0,410,37
2020-06-08,GLP,78.89648058252426,67.0,110.0,412,37
2020-06-15,GLP,79.1779512195122,67.0,110.0,410,37
2020-06-22,GLP,79.19748780487805,67.0,110.0,410,37
2020-06-29,GLP,79.39067961165048,67.0,110.0,412,37
2020-07-06,GLP,79.73728155339806,67.0,110.0,412,37
2020-07-13,GLP,80.04464547677262,67.0,110.0,409,37
2020-07-20,GLP,79.87765281173594,67.0,110.0,409,37
2020-07-27,GLP,79.93710144927536,67.0,110.0,414,37
2020-08-03,GLP,79.81391304347827,65.0,110.0,414,37
2020-08-10,GLP,80.2931067961165,60.0,110.0,412,37
2020-08-17,GLP,80.37867149758453,60.0,110.0,414,37
2020-10-19,GLP,82.85496178343949,71.4,93.0,157,7
2020-10-26,GLP,82.43330386740331,69.0,95.0,181,7
2020-11-02,GLP,82.87264021164022,70.0,95.0,189,7
2020-11-09,GLP,83.30025654450262,70.0,99.0,191,7
2020-11-16,GLP,83.7182864321608,70.0,96.0,199,8
2020-11-23,GLP,84.60635384615385,73.0,96.0,195,8
2020-11-30,GLP,83.78447368421052,73.0,98.0,228,8
2020-12-07,GLP,85.3045871559633,70.0,98.0,218,8
2020-12-14,GLP,86.39106382978724,75.0,99.0,188,7
2020-12-21,GLP,87.1477990430622,75.0,102.0,209,8
2020-12-28,GLP,86.39123655913978,75.0,98.0,186,7
2021-01-04,GLP,87.53696808510638,75.0,100.0,188,8
2021-01-11,GLP,87.4975,75.0,102.0,208,8
2021-01-18,GLP,89.33113989637306,78.0,105.0,193,8
2021-01-25,GLP,89.74843902439025,79.99,102.0,205,8
2021-02-01,GLP,90.17362745098039,78.0,105.0,204,10
2021-02-08,GLP,90.90429245283019,79.99,105.0,212,11
2021-02-15,GLP,91.88967479674797,80.0,106.0,246,13
2021-02-22,GLP,92.312578125,80.0,106.0,256,12
2021-03-01,GLP,93.07508620689654,80.0,105.0,232,13
2021-03-08,GLP,94.64967999999999,80.0,113.0,250,14
2021-03-15,GLP,94.71297071129707,80.0,110.0,239,13
2021-03-22,GLP,95.26339130434783,80.0,110.0,230,14
2021-03-29,GLP,94.8005439330544,80.0,110.0,239,14
2021-04-05,GLP,95.62966244725739,80.0,113.0,237,15
2021-04-12,GLP,96.10970260223047,80.0,115.0,269,14
2021-04-19,GLP,96.01384615384615,80.0,110.0,247,14
2021-04-26,GLP,96.47562724014337,80.0,113.0,279,14
2021-05-03,GLP,96.66936651583711,85.0,115.0,221,14
2021-05-10,GLP,97.12395104895106,85.0,120.0,286,14
2021-05-17,GLP,96.32484962406015,80.0,115.0,266,14
2021-05-24,GLP,96.30003300330033,81.99,110.0,303,13
2021-05-31,GLP,96.06221428571428,80.0,116.0,280,16
2021-06-07,GLP,96.30538205980066,85.0,116.0,301,16
2021-06-14,GLP,97.87355623100305,80.0,120.0,329,17
2021-06-21,GLP,99.04050583657587,85.0,120.0,257,17
2021-06-28,GLP,99.67659793814433,80.0,120.0,291,17
2021-07-05,GLP,101.45902077151337,84.99,123.0,337,19
2021-07-12,GLP,102.64248120300752,75.0,121.0,266,21
2021-07-19,GLP,102.72627717391303,85.0,125.0,368,25
2021-07-26,GLP,104.17999999999999,88.0,125.0,316,21
2021-08-02,GLP,104.24996688741723,88.0,130.0,302,22
2021-08-09,GLP,103.89228494623656,85.0,121.0,372,23
2021-08-16,GLP,104.4042071197411,85.0,121.0,309,23
2021-08-23,GLP,104.42552188552189,85.0,122.0,297,22
2021-08-30,GLP,104.69054545454544,88.0,125.0,330,23
2021-09-06,GLP,106.07453271028038,90.0,121.0,214,22
2021-09-13,GLP,106.81439759036144,90.0,130.0,332,24
2021-09-20,GLP,106.80431486880465,88.0,130.0,343,24
2021-09-27,GLP,106.42445427728613,80.0,130.0,339,23
2021-10-04,GLP,107.42650746268656,90.0,135.0,335,23
2021-10-11,GLP,107.33792284866468,88.0,135.0,337,23
2021-10-18,GLP,109.82536023054756,90.0,135.0,347,24
2021-10-25,GLP,110.40820058997049,95.0,135.0,339,24
2021-11-01,GLP,110.48180473372781,95.0,135.0,338,24
2021-11-08,GLP,110.17814159292035,90.0,130.0,339,23
2021-11-15,GLP,110.4829393939394,97.0,135.0,330,23
2021-11-22,GLP,111.30140804597701,95.0,132.0,348,24
2021-11-29,GLP,111.24594029850746,85.0,135.0,335,23
2021-12-06,GLP,110.90380530973451,95.0,135.0,339,24
2021-12-13,GLP,111.19963525835867,87.0,130.0,329,24
2021-12-20,GLP,111.63172106824926,94.99,132.0,337,23
2021-12-27,GLP,111.6948511904762,94.99,130.0,336,26
2022-01-03,GLP,111.97505882352941,94.99,135.0,340,24
2022-01-10,GLP,111.5527536231884,90.0,135.0,345,26
2022-01-17,GLP,112.34266846361186,94.99,130.0,371,30
2022-01-24,GLP,112.271320754717,95.0,130.0,371,30
2022-01-31,GLP,112.32856382978724,94.99,135.0,376,30
2022-02-07,GLP,112.13507936507936,90.0,135.0,378,31
2022-02-14,GLP,112.5659947643979,95.0,135.0,382,31
2022-02-21,GLP,112.30992327365729,94.99,135.0,391,32
2022-02-28,GLP,112.37015915119365,95.0,135.0,377,31
2022-03-07,GLP,112.20989528795812,89.0,135.0,382,31
2022-03-14,GLP,122.82187499999999,98.0,150.0,368,30
2022-03-21,GLP,123.67137837837839,95.0,160.0,370,31
2022-03-28,GLP,123.92726027397259,90.0,150.0,365,32
2022-04-04,GLP,124.61126344086021,98.0,150.0,372,33
2022-04-11,GLP,124.1067341772152,98.0,150.0,395,33
2022-04-18,GLP,123.78275324675324,105.0,150.0,385,33
2022-04-25,GLP,123.68459317585302,105.0,150.0,381,33
2022-05-02,GLP,123.55767676767675,105.0,150.0,396,36
2022-05-09,GLP,123.87962121212122,105.0,150.0,396,34
2022-05-16,GLP,124.204575,100.0,150.0,400,36
2022-05-23,GLP,123.52017994858612,105.0,150.0,389,34
2022-05-30,GLP,123.7386146095718,99.9,150.0,397,36
2022-06-06,GLP,123.6764864864865,105.0,150.0,407,36
2022-06-13,GLP,123.2300243902439,72.0,150.0,410,35
2022-06-20,GLP,123.92846733668341,100.0,150.0,398,37
2022-06-27,GLP,123.9452985074627,100.0,150.0,402,36
2022-07-04,GLP,123.78186397984886,100.0,150.0,397,36
2022-07-11,GLP,124.04123425692696,100.0,154.0,397,36
2022-07-18,GLP,123.24247549019609,99.0,150.0,408,36
2022-07-25,GLP,123.62616707616708,100.0,150.0,407,36
2022-08-01,GLP,122.68062350119904,99.99,150.0,417,37
2022-08-08,GLP,122.6084405940594,100.0,150.0,404,36
2022-08-15,GLP,122.46778645833332,100.0,150.0,384,32
2022-08-22,GLP,122.64393643031785,99.99,150.0,409,37
2022-08-29,GLP,122.45105793450881,99.0,150.0,397,36
2022-09-05,GLP,122.83992610837439,100.0,150.0,406,36
2022-09-12,GLP,122.88307479224378,105.0,150.0,361,33
2022-09-26,GLP,118.2261870503597,103.0,144.0,139,7
2022-10-03,GLP,116.71645714285715,70.0,144.0,175,7
2022-10-10,GLP,116.70093750000001,104.0,144.0,160,6
2022-10-17,GLP,116.81316666666666,104.0,135.0,180,9
2022-10-24,GLP,116.74481927710843,104.0,135.0,166,11
2022-10-31,GLP,117.17442953020135,104.0,135.0,149,8
2022-11-07,GLP,117.94017021276595,104.0,144.0,235,12
2022-11-14,GLP,117.76901554404144,104.0,144.0,193,11
2022-11-21,GLP,118.61605263157894,103.0,145.0,228,13
2022-11-28,GLP,118.08720720720721,90.0,150.0,222,16
2022-12-05,GLP,120.5365350877193,90.0,144.0,228,15
2022-12-12,GLP,121.37570909090908,90.0,145.0,275,19
2022-12-19,GLP,120.21941717791411,87.99,150.0,326,16
2022-12-26,GLP,119.55865384615386,87.99,144.0,312,17
2023-01-02,GLP,119.84792349726774,87.99,150.0,366,23
2023-01-09,GLP,119.40046448087432,87.99,143.0,366,21
2023-01-16,GLP,120.22306666666667,87.99,143.0,375,23
2023-01-23,GLP,120.63938095238096,87.99,143.0,420,25
2023-01-30,GLP,120.58866348448687,87.99,141.99,419,27
2023-02-06,GLP,120.6972072072072,87.99,145.0,444,29
2023-02-13,GLP,120.77209354120266,87.99,145.0,449,30
2023-02-20,GLP,120.94990654205607,87.99,145.0,428,29
2023-02-27,GLP,120.93908893709327,87.99,145.0,461,32
2023-03-06,GLP,120.86591792656587,87.99,145.0,463,31
2023-03-13,GLP,120.69876744186047,87.99,143.0,430,31
2023-03-20,GLP,120.09794258373206,87.99,143.0,418,30
2023-03-27,GLP,120.2996018735363,87.99,144.0,427,29
2023-04-03,GLP,120.43487414187643,87.99,143.0,437,33
2023-04-10,GLP,120.48336515513127,89.99,143.0,419,32
2023-04-17,GLP,120.30721428571428,89.99,146.0,420,34
2023-04-24,GLP,121.01990675990676,89.99,146.0,429,34
2023-05-01,GLP,120.92816901408452,89.99,146.0,426,35
2023-05-08,GLP,121.31243186582809,89.99,146.0,477,35
2023-05-15,GLP,121.96623678646934,89.99,146.0,473,35
2023-05-22,GLP,119.57914110429448,89.99,146.0,489,36
2023-05-29,GLP,117.7056619144603,84.99,150.0,491,36
2023-06-05,GLP,117.92353684210526,90.99,150.0,475,36
2023-06-12,GLP,116.62813387423935,84.99,146.0,493,37
2023-06-19,GLP,116.78364008179959,84.99,150.0,489,36
2023-06-26,GLP,117.21822410147992,90.99,150.0,473,37
2023-07-03,GLP,116.7395652173913,85.0,150.0,483,37
2023-07-10,GLP,116.12058455114823,90.0,150.0,479,37
2023-07-17,GLP,115.58682302771855,84.99,150.0,469,36
2023-07-24,GLP,115.33933884297521,77.99,150.0,484,36
2023-07-31,GLP,115.02644710578842,77.99,150.0,501,37
2023-08-07,GLP,115.44157142857144,90.0,150.0,490,37
2023-08-14,GLP,114.66583673469388,84.99,150.0,490,37
2023-08-21,GLP,114.0898987854251,77.99,143.0,494,37
2023-08-28,GLP,113.67198347107437,77.99,150.0,484,36
2023-09-04,GLP,114.01628691983123,77.99,146.0,474,36
2023-09-11,GLP,113.55124735729386,77.99,150.0,473,36
2023-09-18,GLP,114.80233739837398,77.99,150.0,492,37
2023-09-25,GLP,115.09623217922606,79.99,150.0,491,37
2023-10-02,GLP,115.44989754098361,79.99,150.0,488,37
2023-10-09,GLP,115.80658385093169,79.99,150.0,483,37
2023-10-16,GLP,114.91481404958677,79.99,150.0,484,36
2023-10-23,GLP,116.1968016194332,79.99,145.0,494,37
2023-10-30,GLP,116.4434215885947,78.0,150.0,491,36
2023-11-06,GLP,117.9675,79.0,155.0,424,36
2023-11-13,GLP,117.17430379746835,79.0,154.0,474,36
2023-11-20,GLP,117.01952277657267,79.0,154.0,461,36
2023-11-27,GLP,116.67480083857441,79.0,154.0,477,36
2023-12-04,GLP,116.85902335456475,79.99,154.0,471,35
2023-12-11,GLP,116.62846449136276,79.0,154.0,521,36
2023-12-18,GLP,116.4335655737705,79.0,150.0,488,36
2023-12-25,GLP,116.44662601626015,79.0,154.0,492,37
2024-01-01,GLP,116.24630738522954,79.0,154.0,501,37
2024-01-08,GLP,116.3036416184971,79.99,150.0,519,36
2024-01-15,GLP,116.29876796714579,79.0,154.0,487,36
2024-01-22,GLP,115.88613360323886,77.99,154.0,494,36
2024-01-29,GLP,116.01307240704502,77.99,154.0,511,36
2024-02-05,GLP,116.58642,77.99,154.0,500,36
2024-02-12,GLP,116.38276288659793,77.99,154.0,485,37
2024-02-19,GLP,117.01273076923077,77.99,154.0,520,37
2024-02-26,GLP,116.75364522417155,77.99,154.0,513,37
2024-03-04,GLP,117.07471287128713,77.99,154.0,505,37
2024-03-11,GLP,116.59416988416989,74.08,154.0,518,37
2024-03-18,GLP,116.69388888888889,79.99,154.0,504,37
2024-03-25,GLP,116.40142,79.99,150.0,500,37
2024-04-01,GLP,116.5559109311741,79.0,150.0,494,37
2024-04-08,GLP,116.95431640625,79.99,150.0,512,37
2024-04-15,GLP,116.70478350515464,79.99,150.0,485,37
2024-04-22,GLP,116.87258252427183,79.99,150.0,515,37
2024-04-29,GLP,116.7892132505176,79.99,150.0,483,37
2024-05-06,GLP,116.67459882583171,79.99,150.0,511,37
2024-05-13,GLP,117.72654185022026,79.99,154.0,454,37
2024-05-20,GLP,116.54131355932203,79.99,150.0,472,37
2024-05-27,GLP,116.6571974522293,77.99,154.0,471,37
2024-06-03,GLP,117.58664502164503,79.99,154.0,462,36
2024-06-10,GLP,117.59620535714285,79.99,154.0,448,35
2024-06-17,GLP,117.49908883826879,79.99,154.0,439,32
2024-06-24,GLP,117.21141592920354,82.0,145.0,452,30
2024-07-01,GLP,117.87204081632652,99.99,140.0,196,7
2024-07-08,GLP,117.78768472906404,98.0,140.0,203,7
2024-07-15,GLP,120.75928961748635,98.0,140.0,183,6
2024-07-22,GLP,121.3320879120879,98.0,148.0,182,6
2024-07-29,GLP,122.28751515151514,98.0,148.0,165,5
2024-08-05,GLP,121.65994565217392,103.0,148.0,184,7
2024-08-12,GLP,119.91320197044335,99.99,148.0,203,7
2024-08-19,GLP,119.89103448275863,99.0,148.0,203,7
2024-08-26,GLP,119.79471428571428,99.0,148.0,210,7
2024-09-02,GLP,119.83445,99.0,148.0,200,7
2024-09-09,GLP,120.75572139303483,99.99,148.0,201,7
2024-09-16,GLP,121.27195,99.99,148.0,200,7
2024-09-23,GLP,121.62781420765027,99.99,148.0,183,7
2024-09-30,GLP,121.32528089887641,99.99,148.0,178,6
2024-10-07,GLP,121.90558375634518,99.99,142.0,197,7
2024-10-14,GLP,121.39595959595961,99.99,142.0,198,7
2024-10-21,GLP,122.6021052631579,99.99,142.0,190,7
2024-10-28,GLP,123.21798969072165,99.99,147.0,194,7
2024-11-04,GLP,123.31684782608696,99.99,147.0,184,7
2024-11-11,GLP,123.44840425531915,99.99,147.0,188,7
2024-11-18,GLP,123.51764705882353,99.99,160.0,187,7
2024-11-25,GLP,123.68291457286433,99.99,160.0,199,7
2024-12-02,GLP,123.70798994974874,99.99,160.0,199,7
2024-12-09,GLP,123.7048309178744,99.99,160.0,207,7
2024-12-16,GLP,123.61927083333335,99.99,160.0,192,6
2024-12-23,GLP,123.75726804123711,99.99,160.0,194,6
2024-12-30,GLP,123.68706185567011,99.99,160.0,194,6
2025-01-06,GLP,120.56020000000001,84.99,160.0,200,11
2025-01-13,GLP,119.8725,84.99,160.0,220,10
2025-01-20,GLP,119.8980172413793,84.99,155.0,232,11
2025-01-27,GLP,119.30582159624413,84.99,155.0,213,9
2025-02-03,GLP,119.13724264705883,84.99,155.0,272,18
2025-02-10,GLP,119.6062724014337,85.0,155.0,279,19
2025-02-17,GLP,119.70605633802816,84.99,155.0,284,20
2025-02-24,GLP,121.05888888888887,85.0,155.0,306,25
2025-03-03,GLP,120.5874267100977,84.99,155.0,307,23
2025-03-10,GLP,121.58766272189348,84.99,155.0,338,29
2025-03-17,GLP,121.57876790830944,85.0,155.0,349,31
2025-03-24,GLP,121.38671469740635,85.0,155.0,347,30
2025-03-31,GLP,122.53832352941176,85.0,155.0,340,31
2025-04-07,GLP,121.53576923076922,80.0,155.0,364,31
2025-04-14,GLP,121.68336111111111,84.99,155.0,360,30
2025-04-21,GLP,121.60864238410595,84.99,155.0,302,26
2025-04-28,GLP,121.75311572700298,84.99,155.0,337,28
2025-05-05,GLP,122.45183381088826,84.99,155.0,349,28
2025-05-12,GLP,123.26270186335402,85.0,155.0,322,27
2025-05-19,GLP,122.4991884057971,84.99,155.0,345,28
2025-05-26,GLP,122.10428977272727,84.99,155.0,352,29
2025-06-02,GLP,122.91947826086957,85.0,156.0,345,29
2025-06-09,GLP,122.66941348973606,85.0,156.0,341,28
2025-06-16,GLP,120.00514285714286,84.99,156.0,245,12
2025-06-23,GLP,120.4887029288703,85.0,156.0,239,12
2025-06-30,GLP,120.44020325203252,85.0,156.0,246,13
2025-07-07,GLP,123.19274193548387,104.99,156.0,186,7
2025-07-14,GLP,124.8284756097561,107.0,156.0,164,6
2025-07-21,GLP,122.98686813186814,104.99,156.0,182,7
2025-07-28,GLP,123.5866463414634,104.99,156.0,164,6
2025-08-04,GLP,123.23942408376963,104.99,156.0,191,7
2025-08-11,GLP,123.2656043956044,104.99,156.0,182,7
2025-08-18,GLP,123.02552631578946,104.99,156.0,190,7
2025-08-25,GLP,123.22164634146341,104.0,156.0,164,6
2025-09-01,GLP,120.5871129707113,84.99,156.0,239,12
2025-09-08,GLP,120.8039453125,84.99,156.0,256,16
2025-09-15,GLP,121.57318181818182,84.99,156.0,264,16
2025-09-22,GLP,121.72698181818181,85.0,156.0,275,18
2025-09-29,GLP,122.13480701754385,85.0,156.0,285,19
2025-10-06,GLP,122.1995593220339,85.0,156.0,295,20
2025-10-13,GLP,122.62861486486486,85.0,156.0,296,21
2025-10-20,GLP,122.90281588447654,85.0,156.0,277,21
2025-10-27,GLP,122.42941818181816,85.0,156.0,275,20
2025-11-03,GLP,122.23416949152544,85.0,156.0,295,22
2025-11-10,GLP,121.95584229390681,85.0,156.0,279,22
2025-11-17,GLP,122.09205776173285,85.0,156.0,277,20
2025-11-24,GLP,122.00908163265305,85.0,156.0,294,22
2025-12-01,GLP,121.6851475409836,85.0,156.0,305,24
2025-12-08,GLP,122.31509433962263,79.99,156.0,318,27
2025-12-15,GLP,121.99785714285714,79.99,156.0,280,24
2025-12-22,GLP,122.28750972762646,79.99,170.0,257,20
2025-12-29,GLP,122.46486486486486,79.99,170.0,259,19
2026-01-05,GLP,122.77172413793105,79.99,156.0,290,22
2026-01-12,GLP,123.44703947368421,79.99,170.0,304,25
2026-01-19,GLP,123.0707394366197,79.99,170.0,284,22
2026-01-26,GLP,122.86113402061855,79.99,170.0,291,23
2026-02-02,GLP,122.38196078431372,79.99,150.0,306,26
2026-02-09,GLP,123.40459731543623,79.99,170.0,298,23
2026-02-16,GLP,124.0434827586207,79.99,156.0,290,25
2026-02-23,GLP,123.02333333333334,79.99,156.0,282,24
2026-03-02,GLP,123.21511111111111,79.99,156.0,270,25
2026-03-09,GLP,122.97532142857142,85.0,156.0,280,26
2026-03-16,GLP,123.74940520446096,85.0,156.0,269,26
2026-03-23,GLP,123.96581314878894,79.99,156.0,289,29
2026-03-30,GLP,124.82606870229007,89.5,156.0,262,26
2026-04-06,GLP,125.02341818181819,85.0,156.0,275,26
2026-04-13,GLP,125.84784090909092,85.0,156.0,264,25
2026-04-20,GLP,125.29134057971015,85.0,156.0,276,24
2026-04-27,GLP,125.36444444444444,85.0,156.0,297,26
2026-05-04,GLP,125.67625,85.0,156.0,280,25
2026-05-11,GLP,126.22893835616438,85.0,156.0,292,26
2026-05-18,GLP,126.2705723905724,89.5,156.0,297,27
2026-05-25,GLP,125.5865396825397,85.0,156.0,315,28
2026-06-01,GLP,127.92235915492957,85.0,156.0,284,26
2026-06-08,GLP,126.49801261829654,85.0,156.0,317,29
2026-06-15,GLP,125.90019480519481,85.0,156.0,308,27
2026-06-22,GLP,125.91147435897435,85.0,156.0,312,27
2026-06-29,GLP,128.8364039408867,98.99,156.0,203,17
2026-08-10,GLP,125.53366242038217,85.0,156.0,314,30
2026-08-17,GLP,127.1595486111111,89.5,156.0,288,26
2026-08-24,GLP,127.43911538461538,85.0,156.0,260,24
2026-08-31,GLP,127.15869127516778,98.99,156.0,298,27
2020-01-06,GNV,3.29,3.29,3.29,1,1
2020-01-13,GNV,3.1266666666666665,3.0,3.29,3,2
2020-01-20,GNV,3.145,3.0,3.29,2,2
2020-01-27,GNV,4.599,4.599,4.599,1,1
2020-02-10,GNV,3.29,3.29,3.29,1,1
2020-02-17,GNV,3.29,3.29,3.29,1,1
2020-03-09,GNV,3.29,3.29,3.29,1,1
2020-03-16,GNV,3.29,3.29,3.29,2,1
2020-03-23,GNV,4.429,4.429,4.429,1,1
2020-03-30,GNV,3.29,3.29,3.29,1,1
2020-04-13,GNV,3.29,3.29,3.29,1,1
2020-04-20,GNV,3.29,3.29,3.29,2,1
2020-04-27,GNV,3.29,3.29,3.29,1,1
2020-05-04,GNV,3.6445,3.29,3.999,2,2
2020-05-18,GNV,3.29,3.29,3.29,1,1
2020-05-25,GNV,3.29,3.29,3.29,1,1
2020-06-01,GNV,3.29,3.29,3.29,2,1
2020-06-08,GNV,3.29,3.29,3.29,1,1
2020-06-15,GNV,3.29,3.29,3.29,1,1
2020-06-29,GNV,3.29,3.29,3.29,1,1
2020-07-06,GNV,3.29,3.29,3.29,1,1
2020-07-13,GNV,3.29,3.29,3.29,2,1
2020-07-20,GNV,3.29,3.29,3.29,1,1
2020-07-27,GNV,3.29,3.29,3.29,1,1
2020-08-17,GNV,3.39,3.39,3.39,1,1
2020-10-26,GNV,3.39,3.39,3.39,2,1
2020-11-02,GNV,3.39,3.39,3.39,1,1
2020-11-09,GNV,3.39,3.39,3.39,1,1
2020-11-16,GNV,3.39,3.39,3.39,1,1
2020-11-30,GNV,3.39,3.39,3.39,1,1
2020-12-07,GNV,3.39,3.39,3.39,1,1
2020-12-28,GNV,3.49,3.49,3.49,1,1
2021-01-04,GNV,3.49,3.49,3.49,1,1
2021-01-11,GNV,3.49,3.49,3.49,1,1
2021-01-18,GNV,3.49,3.49,3.49,2,1
2021-01-25,GNV,3.49,3.49,3.49,1,1
2021-02-01,GNV,3.49,3.49,3.49,2,1
2021-02-15,GNV,3.66,3.66,3.66,1,1
2021-02-22,GNV,3.59,3.59,3.59,2,1
2021-03-08,GNV,3.625,3.59,3.66,2,1
2021-03-15,GNV,3.66,3.66,3.66,1,1
2021-03-22,GNV,3.66,3.66,3.66,1,1
2021-03-29,GNV,4.39,4.39,4.39,1,1
2021-04-05,GNV,4.125,3.66,4.59,2,2
2021-04-12,GNV,3.66,3.66,3.66,1,1
2021-04-19,GNV,3.66,3.66,3.66,1,1
2021-05-03,GNV,3.59,3.59,3.59,1,1
2021-05-10,GNV,3.66,3.66,3.66,1,1
2021-05-17,GNV,3.79,3.79,3.79,1,1
2021-05-24,GNV,3.79,3.79,3.79,1,1
2021-05-31,GNV,3.79,3.79,3.79,1,1
2021-06-07,GNV,3.79,3.79,3.79,1,1
2021-06-14,GNV,3.79,3.79,3.79,1,1
2021-06-21,GNV,3.79,3.79,3.79,1,1
2021-06-28,GNV,3.79,3.79,3.79,1,1
2021-07-05,GNV,3.79,3.79,3.79,1,1
2021-07-12,GNV,3.79,3.79,3.79,1,1
2021-07-19,GNV,3.79,3.79,3.79,1,1
2021-08-02,GNV,3.99,3.99,3.99,1,1
2021-08-09,GNV,3.99,3.99,3.99,1,1
2021-08-16,GNV,3.99,3.99,3.99,1,1
2021-08-23,GNV,3.99,3.99,3.99,1,1
2021-08-30,GNV,3.99,3.99,3.99,1,1
2021-09-06,GNV,3.99,3.99,3.99,1,1
2021-09-13,GNV,3.99,3.99,3.99,1,1
2021-09-20,GNV,3.99,3.99,3.99,1,1
2021-10-04,GNV,3.99,3.99,3.99,1,1
2021-10-11,GNV,3.99,3.99,3.99,1,1
2021-10-18,GNV,3.99,3.99,3.99,1,1
2021-11-01,GNV,3.99,3.99,3.99,1,1
2021-11-15,GNV,4.19,4.19,4.19,1,1
2021-11-22,GNV,4.19,4.19,4.19,1,1
2021-11-29,GNV,4.19,4.19,4.19,1,1
2021-12-06,GNV,4.19,4.19,4.19,1,1
2021-12-20,GNV,4.19,4.19,4.19,1,1
2021-12-27,GNV,4.19,4.19,4.19,2,1
2022-01-03,GNV,4.19,4.19,4.19,1,1
2022-01-10,GNV,4.19,4.19,4.19,1,1
2022-01-17,GNV,4.38,4.38,4.38,1,1
2022-01-24,GNV,4.38,4.38,4.38,1,1
2022-01-31,GNV,4.38,4.38,4.38,1,1
2022-02-07,GNV,4.38,4.38,4.38,1,1
2022-02-14,GNV,4.38,4.38,4.38,1,1
2022-02-21,GNV,4.38,4.38,4.38,1,1
2022-02-28,GNV,4.38,4.38,4.38,1,1
2022-03-07,GNV,4.38,4.38,4.38,1,1
2022-03-21,GNV,4.38,4.38,4.38,2,1
2022-03-28,GNV,4.38,4.38,4.38,1,1
2022-04-04,GNV,4.38,4.38,4.38,1,1
2022-04-11,GNV,4.38,4.38,4.38,1,1
2022-04-18,GNV,4.38,4.38,4.38,1,1
2022-05-02,GNV,4.38,4.38,4.38,1,1
2022-05-09,GNV,4.38,4.38,4.38,1,1
2022-05-16,GNV,4.38,4.38,4.38,2,1
2022-05-23,GNV,4.38,4.38,4.38,1,1
2022-05-30,GNV,4.38,4.38,4.38,2,1
2022-06-06,GNV,4.38,4.38,4.38,2,1
2022-06-13,GNV,4.38,4.38,4.38,2,1
2022-06-20,GNV,4.38,4.38,4.38,2,1
2022-06-27,GNV,4.38,4.38,4.38,2,1
2022-07-04,GNV,4.39,4.39,4.39,2,1
2022-07-11,GNV,4.39,4.39,4.39,4,1
2022-07-18,GNV,3.99,3.99,3.99,2,1
2022-07-25,GNV,3.99,3.99,3.99,2,1
2022-08-01,GNV,3.99,3.99,3.99,2,1
2022-08-08,GNV,3.99,3.99,3.99,3,1
2022-08-15,GNV,3.99,3.99,3.99,2,1
2022-08-22,GNV,3.99,3.99,3.99,3,1
2022-08-29,GNV,3.99,3.99,3.99,3,1
2022-09-05,GNV,3.99,3.99,3.99,1,1
2022-09-12,GNV,3.99,3.99,3.99,3,1
2022-10-03,GNV,3.99,3.99,3.99,1,1
2022-10-10,GNV,3.99,3.99,3.99,1,1
2022-10-17,GNV,3.99,3.99,3.99,1,1
2022-10-24,GNV,3.99,3.99,3.99,1,1
2022-11-07,GNV,3.99,3.99,3.99,1,1
2022-11-14,GNV,4.19,4.19,4.19,1,1
2022-11-21,GNV,4.19,4.19,4.19,1,1
2022-11-28,GNV,4.19,4.19,4.19,1,1
2022-12-12,GNV,4.19,4.19,4.19,1,1
2022-12-19,GNV,4.19,4.19,4.19,1,1
2022-12-26,GNV,4.19,4.19,4.19,1,1
2023-01-02,GNV,4.19,4.19,4.19,1,1
2023-01-09,GNV,4.19,4.19,4.19,1,1
2023-01-16,GNV,4.19,4.19,4.19,1,1
2023-01-23,GNV,4.19,4.19,4.19,1,1
2023-01-30,GNV,4.19,4.19,4.19,1,1
2023-02-06,GNV,4.19,4.19,4.19,1,1
2023-02-20,GNV,4.19,4.19,4.19,1,1
2023-02-27,GNV,4.19,4.19,4.19,1,1
2023-03-06,GNV,4.19,4.19,4.19,1,1
2023-03-13,GNV,4.19,4.19,4.19,1,1
2023-03-20,GNV,4.19,4.19,4.19,1,1
2023-03-27,GNV,4.845000000000001,4.19,5.5,2,2
2023-04-03,GNV,4.99,4.99,4.99,1,1
2023-04-10,GNV,4.19,4.19,4.19,1,1
2023-04-17,GNV,4.19,4.19,4.19,1,1
2023-04-24,GNV,4.19,4.19,4.19,1,1
2023-05-01,GNV,4.19,4.19,4.19,1,1
2023-05-08,GNV,4.19,4.19,4.19,1,1
2023-05-15,GNV,4.19,4.19,4.19,1,1
2023-05-22,GNV,4.59,4.59,4.59,1,1
2023-05-29,GNV,3.59,3.59,3.59,1,1
2023-06-05,GNV,4.59,4.59,4.59,1,1
2023-06-12,GNV,3.59,3.59,3.59,1,1
2023-06-19,GNV,3.59,3.59,3.59,1,1
2023-06-26,GNV,3.99,3.99,3.99,1,1
2023-07-03,GNV,4.49,4.49,4.49,1,1
2023-07-10,GNV,4.49,4.49,4.49,1,1
2023-07-17,GNV,4.49,4.49,4.49,1,1
2023-07-24,GNV,4.49,4.49,4.49,1,1
2023-07-31,GNV,4.49,4.49,4.49,1,1
2023-08-07,GNV,4.49,4.49,4.49,1,1
2023-08-14,GNV,4.49,4.49,4.49,1,1
2023-08-21,GNV,4.49,4.49,4.49,1,1
2023-08-28,GNV,4.49,4.49,4.49,1,1
2023-09-04,GNV,4.49,4.49,4.49,1,1
2023-09-11,GNV,4.49,4.49,4.49,1,1
2023-09-18,GNV,4.49,4.49,4.49,1,1
2023-09-25,GNV,4.49,4.49,4.49,1,1
2023-10-02,GNV,4.49,4.49,4.49,1,1
2023-10-09,GNV,4.49,4.49,4.49,1,1
2023-10-16,GNV,4.49,4.49,4.49,1,1
2023-10-23,GNV,4.49,4.49,4.49,1,1
2023-10-30,GNV,4.49,4.49,4.49,1,1
2023-11-06,GNV,4.49,4.49,4.49,1,1
2023-11-13,GNV,4.49,4.49,4.49,1,1
2023-11-27,GNV,4.49,4.49,4.49,1,1
2023-12-04,GNV,4.49,4.49,4.49,1,1
2023-12-11,GNV,4.49,4.49,4.49,1,1
2023-12-18,GNV,4.49,4.49,4.49,2,1
2023-12-25,GNV,4.49,4.49,4.49,1,1
2024-01-01,GNV,4.49,4.49,4.49,1,1
2024-01-08,GNV,4.49,4.49,4.49,1,1
2024-01-15,GNV,4.49,4.49,4.49,1,1
2024-01-22,GNV,4.49,4.49,4.49,1,1
2024-01-29,GNV,4.99,4.99,4.99,1,1
2024-02-05,GNV,4.49,4.49,4.49,1,1
2024-02-12,GNV,4.24,3.99,4.49,2,1
2024-02-19,GNV,3.99,3.99,3.99,2,1
2024-02-26,GNV,3.99,3.99,3.99,2,1
2024-03-04,GNV,3.99,3.99,3.99,2,1
2024-03-11,GNV,3.99,3.99,3.99,3,1
2024-04-08,GNV,4.59,4.59,4.59,1,1
2024-04-15,GNV,4.59,4.59,4.59,3,1
2024-04-22,GNV,4.59,4.59,4.59,3,1
2024-04-29,GNV,4.59,4.59,4.59,3,1
2024-05-06,GNV,4.59,4.59,4.59,3,1
2024-05-13,GNV,4.59,4.59,4.59,2,1
2024-05-20,GNV,4.59,4.59,4.59,3,1
2024-05-27,GNV,4.59,4.59,4.59,3,1
2024-06-03,GNV,4.59,4.59,4.59,2,1
2024-06-10,GNV,4.59,4.59,4.59,2,1
2024-06-17,GNV,4.59,4.59,4.59,4,1
2024-06-24,GNV,4.59,4.59,4.59,3,1
2024-07-01,GNV,4.59,4.59,4.59,3,1
2024-07-08,GNV,4.59,4.59,4.59,2,1
2024-07-15,GNV,4.59,4.59,4.59,1,1
2024-07-22,GNV,4.99,4.99,4.99,3,1
2024-07-29,GNV,4.99,4.99,4.99,3,1
2024-08-05,GNV,4.99,4.99,4.99,3,1
2024-08-12,GNV,4.99,4.99,4.99,2,1
2024-08-19,GNV,4.99,4.99,4.99,2,1
2024-08-26,GNV,4.99,4.99,4.99,2,1
2024-09-02,GNV,4.99,4.99,4.99,2,1
2024-09-09,GNV,4.99,4.99,4.99,2,1
2024-09-16,GNV,4.99,4.99,4.99,2,1
2024-09-23,GNV,4.99,4.99,4.99,1,1
2024-09-30,GNV,4.99,4.99,4.99,2,1
2024-10-07,GNV,4.99,4.99,4.99,2,1
2024-10-14,GNV,4.99,4.99,4.99,1,1
2024-10-21,GNV,4.99,4.99,4.99,2,1
2024-10-28,GNV,4.99,4.99,4.99,2,1
2024-11-04,GNV,4.99,4.99,4.99,1,1
2024-11-11,GNV,4.99,4.99,4.99,2,1
2024-11-18,GNV,4.99,4.99,4.99,2,1
2024-11-25,GNV,4.99,4.99,4.99,2,1
2024-12-02,GNV,4.99,4.99,4.99,2,1
2024-12-09,GNV,4.99,4.99,4.99,2,1
2024-12-16,GNV,4.99,4.99,4.99,2,1
2024-12-23,GNV,4.99,4.99,4.99,2,1
2024-12-30,GNV,4.99,4.99,4.99,1,1
2025-01-06,GNV,4.99,4.99,4.99,2,1
2025-01-13,GNV,4.99,4.99,4.99,2,1
2025-01-20,GNV,4.99,4.99,4.99,1,1
2025-01-27,GNV,4.99,4.99,4.99,1,1
2025-02-03,GNV,4.99,4.99,4.99,2,1
2025-02-10,GNV,4.99,4.99,4.99,2,1
2025-02-17,GNV,5.49,5.49,5.49,2,1
2025-02-24,GNV,5.49,5.49,5.49,1,1
2025-03-03,GNV,5.49,5.49,5.49,1,1
2025-03-10,GNV,5.49,5.49,5.49,2,1
2025-03-17,GNV,5.49,5.49,5.49,2,1
2025-03-24,GNV,5.49,5.49,5.49,2,1
2025-03-31,GNV,5.49,5.49,5.49,2,1
2025-04-07,GNV,5.49,5.49,5.49,1,1
2025-04-14,GNV,5.49,5.49,5.49,2,1
2025-04-21,GNV,5.49,5.49,5.49,2,1
2025-04-28,GNV,5.49,5.49,5.49,2,1
2025-05-05,GNV,5.49,5.49,5.49,1,1
2025-05-12,GNV,5.49,5.49,5.49,2,1
2025-05-19,GNV,5.49,5.49,5.49,2,1
2025-05-26,GNV,5.49,5.49,5.49,2,1
2025-06-02,GNV,5.49,5.49,5.49,2,1
2025-06-09,GNV,5.49,5.49,5.49,2,1
2025-06-16,GNV,5.49,5.49,5.49,2,1
2025-06-23,GNV,5.49,5.49,5.49,1,1
2025-06-30,GNV,5.49,5.49,5.49,2,1
2025-07-07,GNV,5.49,5.49,5.49,2,1
2025-07-14,GNV,5.49,5.49,5.49,1,1
2025-07-21,GNV,5.49,5.49,5.49,2,1
2025-07-28,GNV,5.489999999999999,5.49,5.49,3,1
2025-08-04,GNV,4.99,4.99,4.99,2,1
2025-08-11,GNV,4.99,4.99,4.99,1,1
2025-08-18,GNV,4.99,4.99,4.99,1,1
2025-08-25,GNV,4.59,4.59,4.59,1,1
2025-09-08,GNV,4.59,4.59,4.59,1,1
2025-09-15,GNV,4.59,4.59,4.59,1,1
2025-09-22,GNV,4.59,4.59,4.59,1,1
2025-09-29,GNV,4.59,4.59,4.59,1,1
2025-10-06,GNV,3.99,3.99,3.99,1,1
2025-10-13,GNV,3.99,3.99,3.99,2,1
2025-10-20,GNV,3.99,3.99,3.99,1,1
2025-10-27,GNV,3.99,3.99,3.99,2,1
2025-11-03,GNV,3.99,3.99,3.99,2,1
2025-11-10,GNV,3.99,3.99,3.99,2,1
2025-11-24,GNV,3.99,3.99,3.99,2,1
2025-12-01,GNV,3.99,3.99,3.99,1,1
2025-12-08,GNV,3.99,3.99,3.99,1,1
2025-12-15,GNV,3.99,3.99,3.99,2,1
2025-12-22,GNV,3.99,3.99,3.99,2,1
2025-12-29,GNV,3.99,3.99,3.99,1,1
2026-01-05,GNV,3.99,3.99,3.99,2,1
2026-01-12,GNV,3.99,3.99,3.99,1,1
2026-01-19,GNV,3.99,3.99,3.99,1,1
2026-01-26,GNV,3.99,3.99,3.99,2,1
2026-02-09,GNV,3.99,3.99,3.99,1,1
2026-02-16,GNV,3.99,3.99,3.99,2,1
2026-02-23,GNV,3.99,3.99,3.99,1,1
2026-03-02,GNV,3.99,3.99,3.99,1,1
2026-03-09,GNV,3.99,3.99,3.99,1,1
2026-03-16,GNV,3.99,3.99,3.99,2,1
2026-03-23,GNV,3.99,3.99,3.99,2,1
2026-04-06,GNV,4.99,4.99,4.99,2,1
2026-04-13,GNV,4.99,4.99,4.99,2,1
2026-04-20,GNV,4.99,4.99,4.99,1,1
2026-04-27,GNV,4.99,4.99,4.99,1,1
2026-05-04,GNV,4.99,4.99,4.99,1,1
2026-05-11,GNV,4.99,4.99,4.99,1,1
2026-05-18,GNV,4.99,4.99,4.99,1,1
2026-05-25,GNV,4.99,4.99,4.99,1,1
2026-06-01,GNV,4.99,4.99,4.99,2,1
2026-06-08,GNV,4.99,4.99,4.99,2,1
2026-06-15,GNV,4.99,4.99,4.99,2,1
2026-06-22,GNV,4.99,4.99,4.99,1,1
2026-06-29,GNV,4.99,4.99,4.99,2,1
2026-08-10,GNV,4.99,4.99,4.99,1,1
2026-08-17,GNV,4.99,4.99,4.99,1,1
2026-08-24,GNV,4.99,4.99,4.99,1,1
2026-08-31,GNV,4.99,4.99,4.99,1,1
