produto,classificao_produto,id_produto,nom_municipio,cod_ibge,uf,regiao,ano,mes,dsc_nivel_comercializacao,valor_produto_kg
04-20-20,NÃO INFORMADO,4482,LAGOA DA CONFUSÃO-TO,1711902,TO,NORTE,2025,11,PREÇO PAGO PELO PRODUTOR,2.56
04-20-20,NÃO INFORMADO,4482,LAGOA DA CONFUSÃO-TO,1711902,TO,NORTE,2026,2,PREÇO PAGO PELO PRODUTOR,2.56
04-20-20,NÃO INFORMADO,4482,LAGOA DA CONFUSÃO-TO,1711902,TO,NORTE,2026,3,PREÇO PAGO PELO PRODUTOR,2.56
06-40-08,NÃO INFORMADO,14019,PEDRO AFONSO-TO,1716505,TO,NORTE,2025,11,PREÇO PAGO PELO PRODUTOR,4.84
06-40-08,NÃO INFORMADO,14019,PEDRO AFONSO-TO,1716505,TO,NORTE,2026,3,PREÇO PAGO PELO PRODUTOR,4.75
10-28-20,NÃO INFORMADO,4516,IGARAPÉ-MIRI-PA,1503309,PA,NORTE,2025,9,PREÇO PAGO PELO PRODUTOR,5.0
10-28-20,NÃO INFORMADO,4516,MEDICILÂNDIA-PA,1504455,PA,NORTE,2026,3,PREÇO PAGO PELO PRODUTOR,5.0
10-30-10,NÃO INFORMADO,12306,TUCUMÃ-PA,1508084,PA,NORTE,2025,9,PREÇO PAGO PELO PRODUTOR,4.6
15-00-30,NÃO INFORMADO,12701,FLORESTA DO ARAGUAIA-PA,1503044,PA,NORTE,2026,3,PREÇO PAGO PELO PRODUTOR,3.95
18-18-18,NÃO INFORMADO,13182,IGARAPÉ-MIRI-PA,1503309,PA,NORTE,2025,9,PREÇO PAGO PELO PRODUTOR,5.0
20-00-15,YARA BELA PLUS YARA,14038,PEDRO AFONSO-TO,1716505,TO,NORTE,2025,11,PREÇO PAGO PELO PRODUTOR,3.22
20-00-15,YARA BELA PLUS YARA,14038,PEDRO AFONSO-TO,1716505,TO,NORTE,2026,3,PREÇO PAGO PELO PRODUTOR,3.12
20-00-20,NÃO INFORMADO,4521,TUCUMÃ-PA,1508084,PA,NORTE,2025,9,PREÇO PAGO PELO PRODUTOR,3.54
20-00-20,NÃO INFORMADO,4521,NOVA BRASILÂNDIA D'OESTE-RO,1100148,RO,NORTE,2025,10,PREÇO PAGO PELO PRODUTOR,4.77
20-05-20,NÃO INFORMADO,4523,MACHADINHO D'OESTE-RO,1100130,RO,NORTE,2025,10,PREÇO PAGO PELO PRODUTOR,4.7
20-05-20,NÃO INFORMADO,4523,NOVA BRASILÂNDIA D'OESTE-RO,1100148,RO,NORTE,2025,10,PREÇO PAGO PELO PRODUTOR,4.7
20-05-20,NÃO INFORMADO,4523,FLORESTA DO ARAGUAIA-PA,1503044,PA,NORTE,2026,3,PREÇO PAGO PELO PRODUTOR,4.2
ABACAXI,PÉROLA,6320,PORTO ACRE-AC,1200807,AC,NORTE,2025,9,PREÇO RECEBIDO P/ PRODUTOR,2.95
ABACAXI,PÉROLA,6320,RIO BRANCO-AC,1200401,AC,NORTE,2025,9,PREÇO RECEBIDO P/ PRODUTOR,2.75
ABACAXI,PÉROLA,6320,ITACOATIARA-AM,1301902,AM,NORTE,2025,9,PREÇO RECEBIDO P/ PRODUTOR,8.16
ABACAXI,PÉROLA,6320,PORTO GRANDE-AP,1600535,AP,NORTE,2025,9,PREÇO RECEBIDO P/ PRODUTOR,3.75
ABACAXI,PÉROLA,6320,CONCEIÇÃO DO ARAGUAIA-PA,1502707,PA,NORTE,2025,9,PREÇO RECEBIDO P/ PRODUTOR,0.67
ABACAXI,PÉROLA,6320,CACOAL-RO,1100049,RO,NORTE,2025,9,PREÇO RECEBIDO P/ PRODUTOR,4.29
ABACAXI,PÉROLA,6320,CUJUBIM-RO,1100940,RO,NORTE,2025,9,PREÇO RECEBIDO P/ PRODUTOR,3.43
ABACAXI,PÉROLA,6320,VILHENA-RO,1100304,RO,NORTE,2025,9,PREÇO RECEBIDO P/ PRODUTOR,5.26
ABACAXI,IMPERIAL,14887,CANTÁ-RR,1400175,RR,NORTE,2025,9,PREÇO RECEBIDO P/ PRODUTOR,6.39
ABACAXI,PÉROLA,6320,MIRANORTE-TO,1713304,TO,NORTE,2025,9,PREÇO RECEBIDO P/ PRODUTOR,3.25
ABACAXI,PÉROLA,6320,PORTO ACRE-AC,1200807,AC,NORTE,2025,10,PREÇO RECEBIDO P/ PRODUTOR,2.95
ABACAXI,PÉROLA,6320,RIO BRANCO-AC,1200401,AC,NORTE,2025,10,PREÇO RECEBIDO P/ PRODUTOR,2.77
ABACAXI,PÉROLA,6320,ITACOATIARA-AM,1301902,AM,NORTE,2025,10,PREÇO RECEBIDO P/ PRODUTOR,8.94
ABACAXI,PÉROLA,6320,PORTO GRANDE-AP,1600535,AP,NORTE,2025,10,PREÇO RECEBIDO P/ PRODUTOR,3.28
ABACAXI,PÉROLA,6320,CONCEIÇÃO DO ARAGUAIA-PA,1502707,PA,NORTE,2025,10,PREÇO RECEBIDO P/ PRODUTOR,0.67
ABACAXI,PÉROLA,6320,CACOAL-RO,1100049,RO,NORTE,2025,10,PREÇO RECEBIDO P/ PRODUTOR,4.66
ABACAXI,PÉROLA,6320,CUJUBIM-RO,1100940,RO,NORTE,2025,10,PREÇO RECEBIDO P/ PRODUTOR,3.43
ABACAXI,PÉROLA,6320,VILHENA-RO,1100304,RO,NORTE,2025,10,PREÇO RECEBIDO P/ PRODUTOR,5.55
ABACAXI,IMPERIAL,14887,CANTÁ-RR,1400175,RR,NORTE,2025,10,PREÇO RECEBIDO P/ PRODUTOR,6.59
ABACAXI,PÉROLA,6320,MIRANORTE-TO,1713304,TO,NORTE,2025,10,PREÇO RECEBIDO P/ PRODUTOR,4.0
ABACAXI,PÉROLA,6320,PORTO ACRE-AC,1200807,AC,NORTE,2025,11,PREÇO RECEBIDO P/ PRODUTOR,2.93
ABACAXI,PÉROLA,6320,RIO BRANCO-AC,1200401,AC,NORTE,2025,11,PREÇO RECEBIDO P/ PRODUTOR,2.93
ABACAXI,PÉROLA,6320,ITACOATIARA-AM,1301902,AM,NORTE,2025,11,PREÇO RECEBIDO P/ PRODUTOR,8.9
ABACAXI,PÉROLA,6320,PORTO GRANDE-AP,1600535,AP,NORTE,2025,11,PREÇO RECEBIDO P/ PRODUTOR,3.5
ABACAXI,PÉROLA,6320,CONCEIÇÃO DO ARAGUAIA-PA,1502707,PA,NORTE,2025,11,PREÇO RECEBIDO P/ PRODUTOR,0.67
ABACAXI,PÉROLA,6320,CACOAL-RO,1100049,RO,NORTE,2025,11,PREÇO RECEBIDO P/ PRODUTOR,4.31
ABACAXI,PÉROLA,6320,CUJUBIM-RO,1100940,RO,NORTE,2025,11,PREÇO RECEBIDO P/ PRODUTOR,3.43
ABACAXI,PÉROLA,6320,VILHENA-RO,1100304,RO,NORTE,2025,11,PREÇO RECEBIDO P/ PRODUTOR,5.73
ABACAXI,IMPERIAL,14887,CANTÁ-RR,1400175,RR,NORTE,2025,11,PREÇO RECEBIDO P/ PRODUTOR,6.5
ABACAXI,PÉROLA,6320,MIRANORTE-TO,1713304,TO,NORTE,2025,11,PREÇO RECEBIDO P/ PRODUTOR,4.1
ABACAXI,PÉROLA,6320,PORTO ACRE-AC,1200807,AC,NORTE,2025,12,PREÇO RECEBIDO P/ PRODUTOR,2.95
ABACAXI,PÉROLA,6320,RIO BRANCO-AC,1200401,AC,NORTE,2025,12,PREÇO RECEBIDO P/ PRODUTOR,3.09
ABACAXI,PÉROLA,6320,ITACOATIARA-AM,1301902,AM,NORTE,2025,12,PREÇO RECEBIDO P/ PRODUTOR,10.05
ABACAXI,PÉROLA,6320,PORTO GRANDE-AP,1600535,AP,NORTE,2025,12,PREÇO RECEBIDO P/ PRODUTOR,3.5
ABACAXI,PÉROLA,6320,CONCEIÇÃO DO ARAGUAIA-PA,1502707,PA,NORTE,2025,12,PREÇO RECEBIDO P/ PRODUTOR,1.52
ABACAXI,PÉROLA,6320,CACOAL-RO,1100049,RO,NORTE,2025,12,PREÇO RECEBIDO P/ PRODUTOR,3.86
ABACAXI,PÉROLA,6320,CUJUBIM-RO,1100940,RO,NORTE,2025,12,PREÇO RECEBIDO P/ PRODUTOR,3.43
ABACAXI,PÉROLA,6320,VILHENA-RO,1100304,RO,NORTE,2025,12,PREÇO RECEBIDO P/ PRODUTOR,5.77
ABACAXI,IMPERIAL,14887,CANTÁ-RR,1400175,RR,NORTE,2025,12,PREÇO RECEBIDO P/ PRODUTOR,4.93
ABACAXI,PÉROLA,6320,MIRANORTE-TO,1713304,TO,NORTE,2025,12,PREÇO RECEBIDO P/ PRODUTOR,4.56
ABAMECTIN NORTOXA,18 G/L ABAMECTINA AV,8925,MACHADINHO D'OESTE-RO,1100130,RO,NORTE,2025,10,PREÇO PAGO PELO PRODUTOR,150.0
ABAMECTIN NORTOXA,18 G/L ABAMECTINA AV,8925,NOVA BRASILÂNDIA D'OESTE-RO,1100148,RO,NORTE,2025,10,PREÇO PAGO PELO PRODUTOR,73.0
ACAI,FRUTO,8623,BRASILÉIA-AC,1200104,AC,NORTE,2025,9,PREÇO RECEBIDO P/ PRODUTOR,1.97
ACAI,FRUTO,8623,FEIJÓ-AC,1200302,AC,NORTE,2025,9,PREÇO RECEBIDO P/ PRODUTOR,1.97
ACAI,FRUTO,8623,RIO BRANCO-AC,1200401,AC,NORTE,2025,9,PREÇO RECEBIDO P/ PRODUTOR,1.98
ACAI,FRUTO,8623,CARAUARI-AM,1301001,AM,NORTE,2025,9,PREÇO RECEBIDO P/ PRODUTOR,2.47
ACAI,FRUTO,8623,MACAPÁ-AP,1600303,AP,NORTE,2025,9,PREÇO RECEBIDO P/ PRODUTOR,6.16
ACAI,FRUTO,8623,MAZAGÃO-AP,1600402,AP,NORTE,2025,9,PREÇO RECEBIDO P/ PRODUTOR,6.16
ACAI,FRUTO,8623,AFUÁ-PA,1500305,PA,NORTE,2025,9,PREÇO RECEBIDO P/ PRODUTOR,4.82
ACAI,FRUTO,8623,BELÉM-PA,1501402,PA,NORTE,2025,9,PREÇO RECEBIDO P/ PRODUTOR,6.87
ACAI,FRUTO,8623,CURRALINHO-PA,1502806,PA,NORTE,2025,9,PREÇO RECEBIDO P/ PRODUTOR,4.43
ACAI,FRUTO,8623,IGARAPÉ-MIRI-PA,1503309,PA,NORTE,2025,9,PREÇO RECEBIDO P/ PRODUTOR,5.23
ACAI,FRUTO,8623,LIMOEIRO DO AJURU-PA,1504000,PA,NORTE,2025,9,PREÇO RECEBIDO P/ PRODUTOR,4.94
ACAI,FRUTO,8623,MUANÁ-PA,1504901,PA,NORTE,2025,9,PREÇO RECEBIDO P/ PRODUTOR,4.46
ACAI,FRUTO,8623,PONTA DE PEDRAS-PA,1505700,PA,NORTE,2025,9,PREÇO RECEBIDO P/ PRODUTOR,4.84
ACAI,FRUTO,8623,TOMÉ-AÇU-PA,1508001,PA,NORTE,2025,9,PREÇO RECEBIDO P/ PRODUTOR,5.4
ACAI,FRUTO,8623,ITAPUÃ DO OESTE-RO,1101104,RO,NORTE,2025,9,PREÇO RECEBIDO P/ PRODUTOR,6.19
ACAI,FRUTO,8623,PORTO VELHO-RO,1100205,RO,NORTE,2025,9,PREÇO RECEBIDO P/ PRODUTOR,4.0
ACAI,FRUTO,8623,VALE DO ANARI-RO,1101757,RO,NORTE,2025,9,PREÇO RECEBIDO P/ PRODUTOR,5.7
ACAI,FRUTO,8623,BRASILÉIA-AC,1200104,AC,NORTE,2025,10,PREÇO RECEBIDO P/ PRODUTOR,2.0
ACAI,FRUTO,8623,FEIJÓ-AC,1200302,AC,NORTE,2025,10,PREÇO RECEBIDO P/ PRODUTOR,1.99
ACAI,FRUTO,8623,RIO BRANCO-AC,1200401,AC,NORTE,2025,10,PREÇO RECEBIDO P/ PRODUTOR,1.99
ACAI,FRUTO,8623,MACAPÁ-AP,1600303,AP,NORTE,2025,10,PREÇO RECEBIDO P/ PRODUTOR,3.82
ACAI,FRUTO,8623,MAZAGÃO-AP,1600402,AP,NORTE,2025,10,PREÇO RECEBIDO P/ PRODUTOR,3.82
ACAI,FRUTO,8623,AFUÁ-PA,1500305,PA,NORTE,2025,10,PREÇO RECEBIDO P/ PRODUTOR,3.87
ACAI,FRUTO,8623,BELÉM-PA,1501402,PA,NORTE,2025,10,PREÇO RECEBIDO P/ PRODUTOR,5.91
ACAI,FRUTO,8623,CURRALINHO-PA,1502806,PA,NORTE,2025,10,PREÇO RECEBIDO P/ PRODUTOR,3.53
ACAI,FRUTO,8623,IGARAPÉ-MIRI-PA,1503309,PA,NORTE,2025,10,PREÇO RECEBIDO P/ PRODUTOR,4.44
ACAI,FRUTO,8623,LIMOEIRO DO AJURU-PA,1504000,PA,NORTE,2025,10,PREÇO RECEBIDO P/ PRODUTOR,5.77
ACAI,FRUTO,8623,MUANÁ-PA,1504901,PA,NORTE,2025,10,PREÇO RECEBIDO P/ PRODUTOR,4.0
ACAI,FRUTO,8623,PONTA DE PEDRAS-PA,1505700,PA,NORTE,2025,10,PREÇO RECEBIDO P/ PRODUTOR,4.18
ACAI,FRUTO,8623,TOMÉ-AÇU-PA,1508001,PA,NORTE,2025,10,PREÇO RECEBIDO P/ PRODUTOR,5.0
ACAI,FRUTO,8623,ITAPUÃ DO OESTE-RO,1101104,RO,NORTE,2025,10,PREÇO RECEBIDO P/ PRODUTOR,6.25
ACAI,FRUTO,8623,PORTO VELHO-RO,1100205,RO,NORTE,2025,10,PREÇO RECEBIDO P/ PRODUTOR,4.11
ACAI,FRUTO,8623,VALE DO ANARI-RO,1101757,RO,NORTE,2025,10,PREÇO RECEBIDO P/ PRODUTOR,5.83
ACAI,FRUTO,8623,BRASILÉIA-AC,1200104,AC,NORTE,2025,11,PREÇO RECEBIDO P/ PRODUTOR,2.0
ACAI,FRUTO,8623,FEIJÓ-AC,1200302,AC,NORTE,2025,11,PREÇO RECEBIDO P/ PRODUTOR,2.0
ACAI,FRUTO,8623,RIO BRANCO-AC,1200401,AC,NORTE,2025,11,PREÇO RECEBIDO P/ PRODUTOR,2.0
ACAI,FRUTO,8623,MACAPÁ-AP,1600303,AP,NORTE,2025,11,PREÇO RECEBIDO P/ PRODUTOR,2.44
ACAI,FRUTO,8623,MAZAGÃO-AP,1600402,AP,NORTE,2025,11,PREÇO RECEBIDO P/ PRODUTOR,2.38
ACAI,FRUTO,8623,AFUÁ-PA,1500305,PA,NORTE,2025,11,PREÇO RECEBIDO P/ PRODUTOR,2.27
ACAI,FRUTO,8623,BELÉM-PA,1501402,PA,NORTE,2025,11,PREÇO RECEBIDO P/ PRODUTOR,5.09
ACAI,FRUTO,8623,CURRALINHO-PA,1502806,PA,NORTE,2025,11,PREÇO RECEBIDO P/ PRODUTOR,3.07
ACAI,FRUTO,8623,IGARAPÉ-MIRI-PA,1503309,PA,NORTE,2025,11,PREÇO RECEBIDO P/ PRODUTOR,3.3
ACAI,FRUTO,8623,LIMOEIRO DO AJURU-PA,1504000,PA,NORTE,2025,11,PREÇO RECEBIDO P/ PRODUTOR,3.8
ACAI,FRUTO,8623,MUANÁ-PA,1504901,PA,NORTE,2025,11,PREÇO RECEBIDO P/ PRODUTOR,3.51
ACAI,FRUTO,8623,PONTA DE PEDRAS-PA,1505700,PA,NORTE,2025,11,PREÇO RECEBIDO P/ PRODUTOR,2.86
ACAI,FRUTO,8623,TOMÉ-AÇU-PA,1508001,PA,NORTE,2025,11,PREÇO RECEBIDO P/ PRODUTOR,4.1
ACAI,FRUTO,8623,ITAPUÃ DO OESTE-RO,1101104,RO,NORTE,2025,11,PREÇO RECEBIDO P/ PRODUTOR,6.17
ACAI,FRUTO,8623,PORTO VELHO-RO,1100205,RO,NORTE,2025,11,PREÇO RECEBIDO P/ PRODUTOR,4.33
ACAI,FRUTO,8623,VALE DO ANARI-RO,1101757,RO,NORTE,2025,11,PREÇO RECEBIDO P/ PRODUTOR,5.45
ACAI,FRUTO,8623,BRASILÉIA-AC,1200104,AC,NORTE,2025,12,PREÇO RECEBIDO P/ PRODUTOR,2.0
ACAI,FRUTO,8623,FEIJÓ-AC,1200302,AC,NORTE,2025,12,PREÇO RECEBIDO P/ PRODUTOR,2.0
ACAI,FRUTO,8623,RIO BRANCO-AC,1200401,AC,NORTE,2025,12,PREÇO RECEBIDO P/ PRODUTOR,2.0
ACAI,FRUTO,8623,MACAPÁ-AP,1600303,AP,NORTE,2025,12,PREÇO RECEBIDO P/ PRODUTOR,2.08
ACAI,FRUTO,8623,MAZAGÃO-AP,1600402,AP,NORTE,2025,12,PREÇO RECEBIDO P/ PRODUTOR,2.14
ACAI,FRUTO,8623,AFUÁ-PA,1500305,PA,NORTE,2025,12,PREÇO RECEBIDO P/ PRODUTOR,2.45
ACAI,FRUTO,8623,BELÉM-PA,1501402,PA,NORTE,2025,12,PREÇO RECEBIDO P/ PRODUTOR,6.21
ACAI,FRUTO,8623,CURRALINHO-PA,1502806,PA,NORTE,2025,12,PREÇO RECEBIDO P/ PRODUTOR,3.63
ACAI,FRUTO,8623,IGARAPÉ-MIRI-PA,1503309,PA,NORTE,2025,12,PREÇO RECEBIDO P/ PRODUTOR,3.45
ACAI,FRUTO,8623,LIMOEIRO DO AJURU-PA,1504000,PA,NORTE,2025,12,PREÇO RECEBIDO P/ PRODUTOR,4.21
ACAI,FRUTO,8623,MUANÁ-PA,1504901,PA,NORTE,2025,12,PREÇO RECEBIDO P/ PRODUTOR,3.37
ACAI,FRUTO,8623,PONTA DE PEDRAS-PA,1505700,PA,NORTE,2025,12,PREÇO RECEBIDO P/ PRODUTOR,3.41
ACAI,FRUTO,8623,TOMÉ-AÇU-PA,1508001,PA,NORTE,2025,12,PREÇO RECEBIDO P/ PRODUTOR,3.07
ACAI,FRUTO,8623,ITAPUÃ DO OESTE-RO,1101104,RO,NORTE,2025,12,PREÇO RECEBIDO P/ PRODUTOR,5.83
ACAI,FRUTO,8623,PORTO VELHO-RO,1100205,RO,NORTE,2025,12,PREÇO RECEBIDO P/ PRODUTOR,4.22
ACAI,FRUTO,8623,VALE DO ANARI-RO,1101757,RO,NORTE,2025,12,PREÇO RECEBIDO P/ PRODUTOR,7.47
ACETAMIPRID NORTOX 200 SP,200 G/KG ACETAMIPRID,14028,PEDRO AFONSO-TO,1716505,TO,NORTE,2025,11,PREÇO PAGO PELO PRODUTOR,73.6
ACETAMIPRID NORTOX 200 SP,200 G/KG ACETAMIPRID,14028,PEDRO AFONSO-TO,1716505,TO,NORTE,2026,3,PREÇO PAGO PELO PRODUTOR,76.1
ACIDO ACETICO,NÃO INFORMADO,8673,XAPURI-AC,1200708,AC,NORTE,2026,7,PREÇO PAGO PELO PRODUTOR,15.0
ACIDO BORICO,12%,12587,NOVA BRASILÂNDIA D'OESTE-RO,1100148,RO,NORTE,2025,10,PREÇO PAGO PELO PRODUTOR,12.02
ACTARA,250 WG 250 G/KG TIAM,4086,NOVA BRASILÂNDIA D'OESTE-RO,1100148,RO,NORTE,2025,10,PREÇO PAGO PELO PRODUTOR,277.33
ACTIVE,NÃO INFORMADO,13975,LAGOA DA CONFUSÃO-TO,1711902,TO,NORTE,2025,11,PREÇO PAGO PELO PRODUTOR,33.0
ACTIVE,NÃO INFORMADO,13975,LAGOA DA CONFUSÃO-TO,1711902,TO,NORTE,2026,2,PREÇO PAGO PELO PRODUTOR,33.0
ACTIVE,NÃO INFORMADO,13975,LAGOA DA CONFUSÃO-TO,1711902,TO,NORTE,2026,3,PREÇO PAGO PELO PRODUTOR,33.0
ACUCAR,CRISTAL,4218,RIO BRANCO-AC,1200401,AC,NORTE,2025,9,ATACADO,3.56
ACUCAR,CRISTAL,4218,RIO BRANCO-AC,1200401,AC,NORTE,2025,9,VAREJO,4.15
ACUCAR,CRISTAL,4218,MANAUS-AM,1302603,AM,NORTE,2025,9,ATACADO,3.71
ACUCAR,CRISTAL,4218,MANAUS-AM,1302603,AM,NORTE,2025,9,VAREJO,3.68
ACUCAR,REFINADO,4222,MACAPÁ-AP,1600303,AP,NORTE,2025,9,ATACADO,5.29
ACUCAR,CRISTAL,4218,MACAPÁ-AP,1600303,AP,NORTE,2025,9,VAREJO,4.4
ACUCAR,CRISTAL,4218,BELÉM-PA,1501402,PA,NORTE,2025,9,ATACADO,3.61
ACUCAR,CRISTAL,4218,BELÉM-PA,1501402,PA,NORTE,2025,9,VAREJO,4.49
ACUCAR,CRISTAL,4218,PORTO VELHO-RO,1100205,RO,NORTE,2025,9,ATACADO,3.16
ACUCAR,CRISTAL,4218,PORTO VELHO-RO,1100205,RO,NORTE,2025,9,VAREJO,3.48
ACUCAR,CRISTAL,4218,BOA VISTA-RR,1400100,RR,NORTE,2025,9,VAREJO,4.01
ACUCAR,CRISTAL,4218,BOA VISTA-RR,1400100,RR,NORTE,2025,9,ATACADO,3.72
ACUCAR,CRISTAL,4218,PALMAS-TO,1721000,TO,NORTE,2025,9,VAREJO,5.04
ACUCAR,CRISTAL,4218,PALMAS-TO,1721000,TO,NORTE,2025,9,ATACADO,4.2
ACUCAR,CRISTAL,4218,RIO BRANCO-AC,1200401,AC,NORTE,2025,10,VAREJO,4.11
ACUCAR,CRISTAL,4218,RIO BRANCO-AC,1200401,AC,NORTE,2025,10,ATACADO,3.44
ACUCAR,CRISTAL,4218,MANAUS-AM,1302603,AM,NORTE,2025,10,VAREJO,3.69
ACUCAR,CRISTAL,4218,MANAUS-AM,1302603,AM,NORTE,2025,10,ATACADO,3.74
ACUCAR,REFINADO,4222,MACAPÁ-AP,1600303,AP,NORTE,2025,10,ATACADO,5.56
ACUCAR,CRISTAL,4218,MACAPÁ-AP,1600303,AP,NORTE,2025,10,VAREJO,4.42
ACUCAR,CRISTAL,4218,BELÉM-PA,1501402,PA,NORTE,2025,10,ATACADO,3.51
ACUCAR,CRISTAL,4218,BELÉM-PA,1501402,PA,NORTE,2025,10,VAREJO,4.09
ACUCAR,CRISTAL,4218,PORTO VELHO-RO,1100205,RO,NORTE,2025,10,ATACADO,3.19
ACUCAR,CRISTAL,4218,PORTO VELHO-RO,1100205,RO,NORTE,2025,10,VAREJO,3.5
ACUCAR,CRISTAL,4218,BOA VISTA-RR,1400100,RR,NORTE,2025,10,VAREJO,4.02
ACUCAR,CRISTAL,4218,BOA VISTA-RR,1400100,RR,NORTE,2025,10,ATACADO,3.59
ACUCAR,CRISTAL,4218,PALMAS-TO,1721000,TO,NORTE,2025,10,VAREJO,4.98
ACUCAR,CRISTAL,4218,PALMAS-TO,1721000,TO,NORTE,2025,10,ATACADO,3.9
ACUCAR,CRISTAL,4218,RIO BRANCO-AC,1200401,AC,NORTE,2025,11,VAREJO,4.0
ACUCAR,CRISTAL,4218,RIO BRANCO-AC,1200401,AC,NORTE,2025,11,ATACADO,3.44
ACUCAR,CRISTAL,4218,MANAUS-AM,1302603,AM,NORTE,2025,11,VAREJO,3.68
ACUCAR,CRISTAL,4218,MANAUS-AM,1302603,AM,NORTE,2025,11,ATACADO,3.56
ACUCAR,CRISTAL,4218,MACAPÁ-AP,1600303,AP,NORTE,2025,11,VAREJO,4.63
ACUCAR,REFINADO,4222,MACAPÁ-AP,1600303,AP,NORTE,2025,11,ATACADO,5.56
ACUCAR,CRISTAL,4218,BELÉM-PA,1501402,PA,NORTE,2025,11,ATACADO,3.19
ACUCAR,CRISTAL,4218,BELÉM-PA,1501402,PA,NORTE,2025,11,VAREJO,3.91
ACUCAR,CRISTAL,4218,PORTO VELHO-RO,1100205,RO,NORTE,2025,11,ATACADO,2.75
ACUCAR,CRISTAL,4218,PORTO VELHO-RO,1100205,RO,NORTE,2025,11,VAREJO,3.43
ACUCAR,CRISTAL,4218,BOA VISTA-RR,1400100,RR,NORTE,2025,11,VAREJO,3.77
ACUCAR,CRISTAL,4218,BOA VISTA-RR,1400100,RR,NORTE,2025,11,ATACADO,3.6
ACUCAR,CRISTAL,4218,PALMAS-TO,1721000,TO,NORTE,2025,11,VAREJO,4.98
ACUCAR,CRISTAL,4218,PALMAS-TO,1721000,TO,NORTE,2025,11,ATACADO,3.89
ACUCAR,CRISTAL,4218,RIO BRANCO-AC,1200401,AC,NORTE,2025,12,VAREJO,3.93
ACUCAR,CRISTAL,4218,RIO BRANCO-AC,1200401,AC,NORTE,2025,12,ATACADO,3.41
ACUCAR,CRISTAL,4218,MANAUS-AM,1302603,AM,NORTE,2025,12,VAREJO,3.69
ACUCAR,CRISTAL,4218,MANAUS-AM,1302603,AM,NORTE,2025,12,ATACADO,3.47
ACUCAR,REFINADO,4222,MACAPÁ-AP,1600303,AP,NORTE,2025,12,ATACADO,5.36
ACUCAR,CRISTAL,4218,MACAPÁ-AP,1600303,AP,NORTE,2025,12,VAREJO,4.7
ACUCAR,CRISTAL,4218,BELÉM-PA,1501402,PA,NORTE,2025,12,ATACADO,3.48
ACUCAR,CRISTAL,4218,BELÉM-PA,1501402,PA,NORTE,2025,12,VAREJO,3.88
ACUCAR,CRISTAL,4218,PORTO VELHO-RO,1100205,RO,NORTE,2025,12,ATACADO,3.12
ACUCAR,CRISTAL,4218,PORTO VELHO-RO,1100205,RO,NORTE,2025,12,VAREJO,3.37
ACUCAR,CRISTAL,4218,BOA VISTA-RR,1400100,RR,NORTE,2025,12,VAREJO,3.66
ACUCAR,CRISTAL,4218,BOA VISTA-RR,1400100,RR,NORTE,2025,12,ATACADO,3.67
ACUCAR,CRISTAL,4218,PALMAS-TO,1721000,TO,NORTE,2025,12,VAREJO,4.8
ACUCAR,CRISTAL,4218,PALMAS-TO,1721000,TO,NORTE,2025,12,ATACADO,3.93
ACUCAR,CRISTAL,4218,RIO BRANCO-AC,1200401,AC,NORTE,2026,1,VAREJO,3.9
ACUCAR,CRISTAL,4218,MANAUS-AM,1302603,AM,NORTE,2026,1,VAREJO,3.64
ACUCAR,CRISTAL,4218,MACAPÁ-AP,1600303,AP,NORTE,2026,1,VAREJO,4.7
ACUCAR,CRISTAL,4218,BELÉM-PA,1501402,PA,NORTE,2026,1,VAREJO,3.78
ACUCAR,CRISTAL,4218,PORTO VELHO-RO,1100205,RO,NORTE,2026,1,VAREJO,3.25
ACUCAR,CRISTAL,4218,BOA VISTA-RR,1400100,RR,NORTE,2026,1,VAREJO,3.66
ACUCAR,CRISTAL,4218,PALMAS-TO,1721000,TO,NORTE,2026,1,VAREJO,4.8
ACUCAR,CRISTAL,4218,RIO BRANCO-AC,1200401,AC,NORTE,2026,2,VAREJO,3.81
ACUCAR,CRISTAL,4218,MANAUS-AM,1302603,AM,NORTE,2026,2,VAREJO,3.52
ACUCAR,CRISTAL,4218,MACAPÁ-AP,1600303,AP,NORTE,2026,2,VAREJO,4.62
ACUCAR,CRISTAL,4218,BELÉM-PA,1501402,PA,NORTE,2026,2,VAREJO,3.8
ACUCAR,CRISTAL,4218,PORTO VELHO-RO,1100205,RO,NORTE,2026,2,VAREJO,3.25
ACUCAR,CRISTAL,4218,BOA VISTA-RR,1400100,RR,NORTE,2026,2,VAREJO,3.66
ACUCAR,CRISTAL,4218,PALMAS-TO,1721000,TO,NORTE,2026,2,VAREJO,4.6
ACUCAR,CRISTAL,4218,RIO BRANCO-AC,1200401,AC,NORTE,2026,3,VAREJO,3.72
ACUCAR,CRISTAL,4218,MANAUS-AM,1302603,AM,NORTE,2026,3,VAREJO,3.4
ACUCAR,CRISTAL,4218,MACAPÁ-AP,1600303,AP,NORTE,2026,3,VAREJO,4.52
ACUCAR,CRISTAL,4218,BELÉM-PA,1501402,PA,NORTE,2026,3,VAREJO,3.7
ACUCAR,CRISTAL,4218,PORTO VELHO-RO,1100205,RO,NORTE,2026,3,VAREJO,3.25
ACUCAR,CRISTAL,4218,BOA VISTA-RR,1400100,RR,NORTE,2026,3,VAREJO,3.81
ACUCAR,CRISTAL,4218,PALMAS-TO,1721000,TO,NORTE,2026,3,VAREJO,4.6
ACUCAR,CRISTAL,4218,RIO BRANCO-AC,1200401,AC,NORTE,2026,4,VAREJO,3.65
ACUCAR,CRISTAL,4218,MANAUS-AM,1302603,AM,NORTE,2026,4,VAREJO,3.31
ACUCAR,CRISTAL,4218,MACAPÁ-AP,1600303,AP,NORTE,2026,4,VAREJO,4.41
ACUCAR,CRISTAL,4218,BELÉM-PA,1501402,PA,NORTE,2026,4,VAREJO,3.7
ACUCAR,CRISTAL,4218,PORTO VELHO-RO,1100205,RO,NORTE,2026,4,VAREJO,3.05
ACUCAR,CRISTAL,4218,BOA VISTA-RR,1400100,RR,NORTE,2026,4,VAREJO,3.82
ACUCAR,CRISTAL,4218,PALMAS-TO,1721000,TO,NORTE,2026,4,VAREJO,4.27
ACUCAR,CRISTAL,4218,RIO BRANCO-AC,1200401,AC,NORTE,2026,5,VAREJO,3.57
ACUCAR,CRISTAL,4218,MANAUS-AM,1302603,AM,NORTE,2026,5,VAREJO,3.24
ACUCAR,CRISTAL,4218,MACAPÁ-AP,1600303,AP,NORTE,2026,5,VAREJO,3.51
ACUCAR,CRISTAL,4218,BELÉM-PA,1501402,PA,NORTE,2026,5,VAREJO,3.71
ACUCAR,CRISTAL,4218,PORTO VELHO-RO,1100205,RO,NORTE,2026,5,VAREJO,2.96
ACUCAR,CRISTAL,4218,BOA VISTA-RR,1400100,RR,NORTE,2026,5,VAREJO,3.71
ACUCAR,CRISTAL,4218,PALMAS-TO,1721000,TO,NORTE,2026,5,VAREJO,4.56
ADMINISTRADOR,NÃO INFORMADO,5441,CODAJÁS-AM,1301308,AM,NORTE,2026,7,PREÇO PAGO PELO PRODUTOR,
ADMINISTRADOR RURAL,SEM ENCARGOS,9241,IGARAPÉ-MIRI-PA,1503309,PA,NORTE,2025,9,PREÇO PAGO PELO PRODUTOR,
ADMINISTRADOR RURAL,SEM ENCARGOS,9241,ÓBIDOS-PA,1505106,PA,NORTE,2025,9,PREÇO PAGO PELO PRODUTOR,
ADMINISTRADOR RURAL,NÃO INFORMADO,9240,TUCUMÃ-PA,1508084,PA,NORTE,2025,9,PREÇO PAGO PELO PRODUTOR,
ADMINISTRADOR RURAL,NÃO INFORMADO,9240,MACHADINHO D'OESTE-RO,1100130,RO,NORTE,2025,10,PREÇO PAGO PELO PRODUTOR,
ADMINISTRADOR RURAL,SEM ENCARGOS,9241,NOVA BRASILÂNDIA D'OESTE-RO,1100148,RO,NORTE,2025,10,PREÇO PAGO PELO PRODUTOR,
ADMINISTRADOR RURAL,NÃO INFORMADO,9240,LAGOA DA CONFUSÃO-TO,1711902,TO,NORTE,2025,11,PREÇO PAGO PELO PRODUTOR,
ADMINISTRADOR RURAL,NÃO INFORMADO,9240,PEDRO AFONSO-TO,1716505,TO,NORTE,2025,11,PREÇO PAGO PELO PRODUTOR,
ADMINISTRADOR RURAL,NÃO INFORMADO,9240,LAGOA DA CONFUSÃO-TO,1711902,TO,NORTE,2026,2,PREÇO PAGO PELO PRODUTOR,
ADMINISTRADOR RURAL,SEM ENCARGOS,9241,MANACAPURU-AM,1302504,AM,NORTE,2026,3,PREÇO PAGO PELO PRODUTOR,
ADMINISTRADOR RURAL,SEM ENCARGOS,9241,FLORESTA DO ARAGUAIA-PA,1503044,PA,NORTE,2026,3,PREÇO PAGO PELO PRODUTOR,
ADMINISTRADOR RURAL,NÃO INFORMADO,9240,MEDICILÂNDIA-PA,1504455,PA,NORTE,2026,3,PREÇO PAGO PELO PRODUTOR,
ADMINISTRADOR RURAL,SEM ENCARGOS,9241,ÓBIDOS-PA,1505106,PA,NORTE,2026,3,PREÇO PAGO PELO PRODUTOR,
ADMINISTRADOR RURAL,NÃO INFORMADO,9240,LAGOA DA CONFUSÃO-TO,1711902,TO,NORTE,2026,3,PREÇO PAGO PELO PRODUTOR,
ADMINISTRADOR RURAL,NÃO INFORMADO,9240,PEDRO AFONSO-TO,1716505,TO,NORTE,2026,3,PREÇO PAGO PELO PRODUTOR,
ADMINISTRADOR RURAL,NÃO INFORMADO,9240,IGARAPÉ-MIRI-PA,1503309,PA,NORTE,2026,5,PREÇO PAGO PELO PRODUTOR,
ADMINISTRADOR RURAL,SEM ENCARGOS,9241,SENA MADUREIRA-AC,1200500,AC,NORTE,2026,7,PREÇO PAGO PELO PRODUTOR,
ADMINISTRADOR RURAL,AGRICULTURA FAMILIAR,11493,XAPURI-AC,1200708,AC,NORTE,2026,7,PREÇO PAGO PELO PRODUTOR,
ADMINISTRADOR RURAL,SEM ENCARGOS,9241,BARCELOS-AM,1300409,AM,NORTE,2026,7,PREÇO PAGO PELO PRODUTOR,
ADMINISTRADOR RURAL,SEM ENCARGOS,9241,BOCA DO ACRE-AM,1300706,AM,NORTE,2026,7,PREÇO PAGO PELO PRODUTOR,
ADMINISTRADOR RURAL,NÃO INFORMADO,9240,BOCA DO ACRE-AM,1300706,AM,NORTE,2026,7,PREÇO PAGO PELO PRODUTOR,
ADMINISTRADOR RURAL,SEM ENCARGOS,9241,CARAUARI-AM,1301001,AM,NORTE,2026,7,PREÇO PAGO PELO PRODUTOR,
ADMINISTRADOR RURAL,SEM ENCARGOS,9241,COARI-AM,1301209,AM,NORTE,2026,7,PREÇO PAGO PELO PRODUTOR,
ADMINISTRADOR RURAL,SEM ENCARGOS,9241,LÁBREA-AM,1302405,AM,NORTE,2026,7,PREÇO PAGO PELO PRODUTOR,
ADMINISTRADOR RURAL,SEM ENCARGOS,9241,MANICORÉ-AM,1302702,AM,NORTE,2026,7,PREÇO PAGO PELO PRODUTOR,
ADMINISTRADOR RURAL,SEM ENCARGOS,9241,ALTAMIRA-PA,1500602,PA,NORTE,2026,7,PREÇO PAGO PELO PRODUTOR,
ADMINISTRADOR RURAL,SEM ENCARGOS,9241,BELTERRA-PA,1501451,PA,NORTE,2026,7,PREÇO PAGO PELO PRODUTOR,
ADMINISTRADOR RURAL,SEM ENCARGOS,9241,COLARES-PA,1502608,PA,NORTE,2026,7,PREÇO PAGO PELO PRODUTOR,
ADMINISTRADOR RURAL,SEM ENCARGOS,9241,CURRALINHO-PA,1502806,PA,NORTE,2026,7,PREÇO PAGO PELO PRODUTOR,
ADMINISTRADOR RURAL,NÃO INFORMADO,9240,IGARAPÉ-MIRI-PA,1503309,PA,NORTE,2026,7,PREÇO PAGO PELO PRODUTOR,
ADMINISTRADOR RURAL,SEM ENCARGOS,9241,LIMOEIRO DO AJURU-PA,1504000,PA,NORTE,2026,7,PREÇO PAGO PELO PRODUTOR,
ADMINISTRADOR RURAL,SEM ENCARGOS,9241,ORIXIMINÁ-PA,1505304,PA,NORTE,2026,7,PREÇO PAGO PELO PRODUTOR,
ADUBO ORGANICO,PALHA DE CAFÉ,15388,MACHADINHO D'OESTE-RO,1100130,RO,NORTE,2025,10,PREÇO PAGO PELO PRODUTOR,0.35
AGUADOR (ARROZ IRRIGADO),BONIFICAÇÃO,14045,LAGOA DA CONFUSÃO-TO,1711902,TO,NORTE,2025,11,PREÇO PAGO PELO PRODUTOR,
AGUADOR (ARROZ IRRIGADO),NÃO INFORMADO,5903,LAGOA DA CONFUSÃO-TO,1711902,TO,NORTE,2025,11,PREÇO PAGO PELO PRODUTOR,
ALADE,60 G/L + 90 G/L + 15,14024,PEDRO AFONSO-TO,1716505,TO,NORTE,2025,11,PREÇO PAGO PELO PRODUTOR,264.3
ALADE,60 G/L + 90 G/L + 15,14024,PEDRO AFONSO-TO,1716505,TO,NORTE,2026,3,PREÇO PAGO PELO PRODUTOR,239.2
ALGODAO EM PLUMA,TIPO BÁSICO - SLM 41,11182,DIANÓPOLIS-TO,1707009,TO,NORTE,2025,9,PREÇO RECEBIDO P/ PRODUTOR,8.0
ALGODAO EM PLUMA,TIPO BÁSICO - SLM 41,11182,DIANÓPOLIS-TO,1707009,TO,NORTE,2025,10,PREÇO RECEBIDO P/ PRODUTOR,8.0
ALGODAO EM PLUMA,TIPO BÁSICO - SLM 41,11182,DIANÓPOLIS-TO,1707009,TO,NORTE,2025,11,PREÇO RECEBIDO P/ PRODUTOR,8.0
ALGODAO EM PLUMA,TIPO BÁSICO - SLM 41,11182,DIANÓPOLIS-TO,1707009,TO,NORTE,2025,12,PREÇO RECEBIDO P/ PRODUTOR,8.0
ALIETTE,800 G/KG FOSETIL-AL,15438,NOVA BRASILÂNDIA D'OESTE-RO,1100148,RO,NORTE,2025,10,PREÇO PAGO PELO PRODUTOR,194.0
ALIMENTACAO,NÃO INFORMADO,13010,CARAUARI-AM,1301001,AM,NORTE,2026,7,PREÇO PAGO PELO PRODUTOR,35.0
ALUGUEL DE MAQUINA E IMPL,TRATOR 80 CV + IMPLE,11757,MACHADINHO D'OESTE-RO,1100130,RO,NORTE,2025,10,PREÇO PAGO PELO PRODUTOR,
ALUGUEL DE MAQUINA E IMPL,TRATOR 75 CV + IMPLE,10877,NOVA BRASILÂNDIA D'OESTE-RO,1100148,RO,NORTE,2025,10,PREÇO PAGO PELO PRODUTOR,
ALUGUEL DE MAQUINA E IMPL,TRATOR 100 CV + GRAD,13289,FLORESTA DO ARAGUAIA-PA,1503044,PA,NORTE,2026,3,PREÇO PAGO PELO PRODUTOR,
ALUGUEL DE PA CARREGADEIR,NÃO INFORMADO,5407,MACHADINHO D'OESTE-RO,1100130,RO,NORTE,2025,10,PREÇO PAGO PELO PRODUTOR,
ALUGUEL DE PA CARREGADEIR,NÃO INFORMADO,5407,NOVA BRASILÂNDIA D'OESTE-RO,1100148,RO,NORTE,2025,10,PREÇO PAGO PELO PRODUTOR,
ALUGUEL DE RETROESCAVADEI,NÃO INFORMADO,7496,MEDICILÂNDIA-PA,1504455,PA,NORTE,2026,3,PREÇO PAGO PELO PRODUTOR,
ALUGUEL DE TRATOR,140 COM IMPLEMENTO,13179,IGARAPÉ-MIRI-PA,1503309,PA,NORTE,2025,9,PREÇO PAGO PELO PRODUTOR,
ALUGUEL DE TRATOR,272 NEW HOLLAND TC59,14523,TUCUMÃ-PA,1508084,PA,NORTE,2025,9,PREÇO PAGO PELO PRODUTOR,
AMENDOA DE ANDIROBA,NÃO INFORMADO,10211,CANUTAMA-AM,1300904,AM,NORTE,2025,9,PREÇO RECEBIDO P/ PRODUTOR,0.85
AMENDOA DE ANDIROBA,NÃO INFORMADO,10211,CARAUARI-AM,1301001,AM,NORTE,2025,9,PREÇO RECEBIDO P/ PRODUTOR,1.5
AMENDOA DE ANDIROBA,NÃO INFORMADO,10211,JURUÁ-AM,1302207,AM,NORTE,2025,9,PREÇO RECEBIDO P/ PRODUTOR,1.5
AMENDOA DE ANDIROBA,NÃO INFORMADO,10211,LÁBREA-AM,1302405,AM,NORTE,2025,9,PREÇO RECEBIDO P/ PRODUTOR,1.5
AMENDOA DE ANDIROBA,NÃO INFORMADO,10211,COLARES-PA,1502608,PA,NORTE,2025,9,PREÇO RECEBIDO P/ PRODUTOR,1.2
AMENDOA DE ANDIROBA,NÃO INFORMADO,10211,SANTO ANTÔNIO DO TAUÁ-PA,1507003,PA,NORTE,2025,9,PREÇO RECEBIDO P/ PRODUTOR,1.15
AMENDOA DE ANDIROBA,NÃO INFORMADO,10211,CANUTAMA-AM,1300904,AM,NORTE,2025,10,PREÇO RECEBIDO P/ PRODUTOR,1.0
AMENDOA DE ANDIROBA,NÃO INFORMADO,10211,CARAUARI-AM,1301001,AM,NORTE,2025,10,PREÇO RECEBIDO P/ PRODUTOR,1.6
AMENDOA DE ANDIROBA,NÃO INFORMADO,10211,JURUÁ-AM,1302207,AM,NORTE,2025,10,PREÇO RECEBIDO P/ PRODUTOR,1.5
AMENDOA DE ANDIROBA,NÃO INFORMADO,10211,LÁBREA-AM,1302405,AM,NORTE,2025,10,PREÇO RECEBIDO P/ PRODUTOR,1.5
AMENDOA DE ANDIROBA,NÃO INFORMADO,10211,COLARES-PA,1502608,PA,NORTE,2025,10,PREÇO RECEBIDO P/ PRODUTOR,1.2
AMENDOA DE ANDIROBA,NÃO INFORMADO,10211,SANTO ANTÔNIO DO TAUÁ-PA,1507003,PA,NORTE,2025,10,PREÇO RECEBIDO P/ PRODUTOR,1.15
AMENDOA DE ANDIROBA,NÃO INFORMADO,10211,CANUTAMA-AM,1300904,AM,NORTE,2025,11,PREÇO RECEBIDO P/ PRODUTOR,0.85
AMENDOA DE ANDIROBA,NÃO INFORMADO,10211,CARAUARI-AM,1301001,AM,NORTE,2025,11,PREÇO RECEBIDO P/ PRODUTOR,1.5
AMENDOA DE ANDIROBA,NÃO INFORMADO,10211,JURUÁ-AM,1302207,AM,NORTE,2025,11,PREÇO RECEBIDO P/ PRODUTOR,1.5
AMENDOA DE ANDIROBA,NÃO INFORMADO,10211,LÁBREA-AM,1302405,AM,NORTE,2025,11,PREÇO RECEBIDO P/ PRODUTOR,1.5
AMENDOA DE ANDIROBA,NÃO INFORMADO,10211,COLARES-PA,1502608,PA,NORTE,2025,11,PREÇO RECEBIDO P/ PRODUTOR,1.2
AMENDOA DE ANDIROBA,NÃO INFORMADO,10211,SANTO ANTÔNIO DO TAUÁ-PA,1507003,PA,NORTE,2025,11,PREÇO RECEBIDO P/ PRODUTOR,1.15
AMENDOA DE ANDIROBA,NÃO INFORMADO,10211,CANUTAMA-AM,1300904,AM,NORTE,2025,12,PREÇO RECEBIDO P/ PRODUTOR,1.0
AMENDOA DE ANDIROBA,NÃO INFORMADO,10211,CARAUARI-AM,1301001,AM,NORTE,2025,12,PREÇO RECEBIDO P/ PRODUTOR,1.5
AMENDOA DE ANDIROBA,NÃO INFORMADO,10211,JURUÁ-AM,1302207,AM,NORTE,2025,12,PREÇO RECEBIDO P/ PRODUTOR,1.5
AMENDOA DE ANDIROBA,NÃO INFORMADO,10211,LÁBREA-AM,1302405,AM,NORTE,2025,12,PREÇO RECEBIDO P/ PRODUTOR,1.5
AMENDOA DE ANDIROBA,NÃO INFORMADO,10211,COLARES-PA,1502608,PA,NORTE,2025,12,PREÇO RECEBIDO P/ PRODUTOR,1.26
AMENDOA DE ANDIROBA,NÃO INFORMADO,10211,SANTO ANTÔNIO DO TAUÁ-PA,1507003,PA,NORTE,2025,12,PREÇO RECEBIDO P/ PRODUTOR,1.15
AMONIACO,"ANTICOAGULANTE, PARA",13907,BELTERRA-PA,1501451,PA,NORTE,2026,7,PREÇO PAGO PELO PRODUTOR,27.9
ANALISE DE LABORATORIO,SOLO COMPLETA MACRON,8402,NOVA BRASILÂNDIA D'OESTE-RO,1100148,RO,NORTE,2025,10,PREÇO PAGO PELO PRODUTOR,200.0
ANALISE DE LABORATORIO,SOLO COMPLETA MACRON,8402,MEDICILÂNDIA-PA,1504455,PA,NORTE,2026,3,PREÇO PAGO PELO PRODUTOR,38.0
APLICACAO DE AGROTOXICOS,VAZÃO: 30L,5430,LAGOA DA CONFUSÃO-TO,1711902,TO,NORTE,2025,11,PREÇO PAGO PELO PRODUTOR,
APLICACAO DE AGROTOXICOS,VAZÃO: 20L,5429,LAGOA DA CONFUSÃO-TO,1711902,TO,NORTE,2026,2,PREÇO PAGO PELO PRODUTOR,
APLICACAO DE AGROTOXICOS,VAZÃO: 20L,5429,LAGOA DA CONFUSÃO-TO,1711902,TO,NORTE,2026,3,PREÇO PAGO PELO PRODUTOR,
APROACH PRIMA,NÃO INFORMADO,9781,LAGOA DA CONFUSÃO-TO,1711902,TO,NORTE,2025,11,PREÇO PAGO PELO PRODUTOR,107.2
ARROZ,LONGO FINO TIPO 1 BE,4693,RIO BRANCO-AC,1200401,AC,NORTE,2025,9,ATACADO,4.23
ARROZ,LONGO FINO TIPO 1 BE,4693,RIO BRANCO-AC,1200401,AC,NORTE,2025,9,VAREJO,5.1
ARROZ,LONGO FINO TIPO 1 BE,4693,MANAUS-AM,1302603,AM,NORTE,2025,9,VAREJO,5.27
ARROZ,LONGO FINO TIPO 1 BE,4693,MANAUS-AM,1302603,AM,NORTE,2025,9,ATACADO,5.63
ARROZ,LONGO FINO TIPO 1 BE,4693,MACAPÁ-AP,1600303,AP,NORTE,2025,9,ATACADO,4.69
ARROZ,LONGO FINO TIPO 1 BE,4693,MACAPÁ-AP,1600303,AP,NORTE,2025,9,VAREJO,5.66
ARROZ,LONGO FINO TIPO 1 BE,4693,BELÉM-PA,1501402,PA,NORTE,2025,9,ATACADO,3.98
ARROZ,LONGO FINO TIPO 1 BE,4693,BELÉM-PA,1501402,PA,NORTE,2025,9,VAREJO,5.31
ARROZ,LONGO FINO EM CASCA,4685,MONTE ALEGRE-PA,1504802,PA,NORTE,2025,9,PREÇO RECEBIDO P/ PRODUTOR,1.43
ARROZ,LONGO FINO EM CASCA,4685,PARAGOMINAS-PA,1505502,PA,NORTE,2025,9,PREÇO RECEBIDO P/ PRODUTOR,1.31
ARROZ,LONGO FINO EM CASCA,4685,SANTANA DO ARAGUAIA-PA,1506708,PA,NORTE,2025,9,PREÇO RECEBIDO P/ PRODUTOR,1.13
ARROZ,LONGO FINO EM CASCA,4685,SANTARÉM-PA,1506807,PA,NORTE,2025,9,PREÇO RECEBIDO P/ PRODUTOR,2.69
ARROZ,LONGO FINO TIPO 1 BE,4693,PORTO VELHO-RO,1100205,RO,NORTE,2025,9,VAREJO,3.73
ARROZ,LONGO FINO TIPO 1 BE,4693,PORTO VELHO-RO,1100205,RO,NORTE,2025,9,ATACADO,3.48
ARROZ,LONGO FINO TIPO 1 BE,4693,BOA VISTA-RR,1400100,RR,NORTE,2025,9,VAREJO,5.27
ARROZ,LONGO FINO TIPO 1 BE,4693,BOA VISTA-RR,1400100,RR,NORTE,2025,9,ATACADO,3.77
ARROZ,LONGO FINO EM CASCA,4685,FORMOSO DO ARAGUAIA-TO,1708205,TO,NORTE,2025,9,PREÇO RECEBIDO P/ PRODUTOR,1.26
ARROZ,LONGO FINO EM CASCA,4685,LAGOA DA CONFUSÃO-TO,1711902,TO,NORTE,2025,9,PREÇO RECEBIDO P/ PRODUTOR,1.26
ARROZ,LONGO FINO TIPO 1 BE,4693,PALMAS-TO,1721000,TO,NORTE,2025,9,ATACADO,4.01
ARROZ,LONGO FINO TIPO 1 BE,4693,PALMAS-TO,1721000,TO,NORTE,2025,9,VAREJO,6.45
ARROZ,LONGO FINO TIPO 1 BE,4693,RIO BRANCO-AC,1200401,AC,NORTE,2025,10,VAREJO,5.08
ARROZ,LONGO FINO TIPO 1 BE,4693,RIO BRANCO-AC,1200401,AC,NORTE,2025,10,ATACADO,4.03
ARROZ,LONGO FINO TIPO 1 BE,4693,MANAUS-AM,1302603,AM,NORTE,2025,10,VAREJO,5.04
ARROZ,LONGO FINO TIPO 1 BE,4693,MANAUS-AM,1302603,AM,NORTE,2025,10,ATACADO,5.36
ARROZ,LONGO FINO TIPO 1 BE,4693,MACAPÁ-AP,1600303,AP,NORTE,2025,10,ATACADO,4.86
ARROZ,LONGO FINO TIPO 1 BE,4693,MACAPÁ-AP,1600303,AP,NORTE,2025,10,VAREJO,5.87
ARROZ,LONGO FINO TIPO 1 BE,4693,BELÉM-PA,1501402,PA,NORTE,2025,10,ATACADO,3.83
ARROZ,LONGO FINO TIPO 1 BE,4693,BELÉM-PA,1501402,PA,NORTE,2025,10,VAREJO,4.81
ARROZ,LONGO FINO EM CASCA,4685,MONTE ALEGRE-PA,1504802,PA,NORTE,2025,10,PREÇO RECEBIDO P/ PRODUTOR,1.33
ARROZ,LONGO FINO EM CASCA,4685,PARAGOMINAS-PA,1505502,PA,NORTE,2025,10,PREÇO RECEBIDO P/ PRODUTOR,1.31
ARROZ,LONGO FINO EM CASCA,4685,SANTANA DO ARAGUAIA-PA,1506708,PA,NORTE,2025,10,PREÇO RECEBIDO P/ PRODUTOR,1.08
ARROZ,LONGO FINO EM CASCA,4685,SANTARÉM-PA,1506807,PA,NORTE,2025,10,PREÇO RECEBIDO P/ PRODUTOR,2.41
ARROZ,LONGO FINO TIPO 1 BE,4693,PORTO VELHO-RO,1100205,RO,NORTE,2025,10,VAREJO,3.69
ARROZ,LONGO FINO TIPO 1 BE,4693,PORTO VELHO-RO,1100205,RO,NORTE,2025,10,ATACADO,3.42
ARROZ,LONGO FINO TIPO 1 BE,4693,BOA VISTA-RR,1400100,RR,NORTE,2025,10,VAREJO,5.08
ARROZ,LONGO FINO TIPO 1 BE,4693,BOA VISTA-RR,1400100,RR,NORTE,2025,10,ATACADO,3.72
ARROZ,LONGO FINO EM CASCA,4685,FORMOSO DO ARAGUAIA-TO,1708205,TO,NORTE,2025,10,PREÇO RECEBIDO P/ PRODUTOR,1.14
ARROZ,LONGO FINO EM CASCA,4685,LAGOA DA CONFUSÃO-TO,1711902,TO,NORTE,2025,10,PREÇO RECEBIDO P/ PRODUTOR,1.14
ARROZ,LONGO FINO TIPO 1 BE,4693,PALMAS-TO,1721000,TO,NORTE,2025,10,ATACADO,4.02
ARROZ,LONGO FINO TIPO 1 BE,4693,PALMAS-TO,1721000,TO,NORTE,2025,10,VAREJO,5.94
ARROZ,LONGO FINO TIPO 1 BE,4693,RIO BRANCO-AC,1200401,AC,NORTE,2025,11,VAREJO,4.96
ARROZ,LONGO FINO TIPO 1 BE,4693,RIO BRANCO-AC,1200401,AC,NORTE,2025,11,ATACADO,4.03
ARROZ,LONGO FINO TIPO 1 BE,4693,MANAUS-AM,1302603,AM,NORTE,2025,11,VAREJO,4.81
ARROZ,LONGO FINO TIPO 1 BE,4693,MANAUS-AM,1302603,AM,NORTE,2025,11,ATACADO,4.83
ARROZ,LONGO FINO TIPO 1 BE,4693,MACAPÁ-AP,1600303,AP,NORTE,2025,11,ATACADO,4.33
ARROZ,LONGO FINO TIPO 1 BE,4693,MACAPÁ-AP,1600303,AP,NORTE,2025,11,VAREJO,5.52
ARROZ,LONGO FINO TIPO 1 BE,4693,BELÉM-PA,1501402,PA,NORTE,2025,11,ATACADO,3.8
ARROZ,LONGO FINO TIPO 1 BE,4693,BELÉM-PA,1501402,PA,NORTE,2025,11,VAREJO,4.7
ARROZ,LONGO FINO EM CASCA,4685,MONTE ALEGRE-PA,1504802,PA,NORTE,2025,11,PREÇO RECEBIDO P/ PRODUTOR,1.35
ARROZ,LONGO FINO EM CASCA,4685,PARAGOMINAS-PA,1505502,PA,NORTE,2025,11,PREÇO RECEBIDO P/ PRODUTOR,1.2
ARROZ,LONGO FINO EM CASCA,4685,SANTANA DO ARAGUAIA-PA,1506708,PA,NORTE,2025,11,PREÇO RECEBIDO P/ PRODUTOR,1.02
ARROZ,LONGO FINO EM CASCA,4685,SANTARÉM-PA,1506807,PA,NORTE,2025,11,PREÇO RECEBIDO P/ PRODUTOR,2.46
ARROZ,LONGO FINO TIPO 1 BE,4693,PORTO VELHO-RO,1100205,RO,NORTE,2025,11,VAREJO,3.58
ARROZ,LONGO FINO TIPO 1 BE,4693,PORTO VELHO-RO,1100205,RO,NORTE,2025,11,ATACADO,2.83
ARROZ,LONGO FINO TIPO 1 BE,4693,BOA VISTA-RR,1400100,RR,NORTE,2025,11,VAREJO,4.75
ARROZ,LONGO FINO TIPO 1 BE,4693,BOA VISTA-RR,1400100,RR,NORTE,2025,11,ATACADO,3.66
ARROZ,LONGO FINO EM CASCA,4685,FORMOSO DO ARAGUAIA-TO,1708205,TO,NORTE,2025,11,PREÇO RECEBIDO P/ PRODUTOR,1.09
ARROZ,LONGO FINO EM CASCA,4685,LAGOA DA CONFUSÃO-TO,1711902,TO,NORTE,2025,11,PREÇO RECEBIDO P/ PRODUTOR,1.09
ARROZ,LONGO FINO TIPO 1 BE,4693,PALMAS-TO,1721000,TO,NORTE,2025,11,ATACADO,3.98
ARROZ,LONGO FINO TIPO 1 BE,4693,PALMAS-TO,1721000,TO,NORTE,2025,11,VAREJO,5.92
ARROZ,LONGO FINO TIPO 1 BE,4693,RIO BRANCO-AC,1200401,AC,NORTE,2025,12,VAREJO,4.78
ARROZ,LONGO FINO TIPO 1 BE,4693,RIO BRANCO-AC,1200401,AC,NORTE,2025,12,ATACADO,4.04
ARROZ,LONGO FINO TIPO 1 BE,4693,MANAUS-AM,1302603,AM,NORTE,2025,12,VAREJO,4.86
ARROZ,LONGO FINO TIPO 1 BE,4693,MANAUS-AM,1302603,AM,NORTE,2025,12,ATACADO,4.74
ARROZ,LONGO FINO TIPO 1 BE,4693,MACAPÁ-AP,1600303,AP,NORTE,2025,12,VAREJO,5.45
ARROZ,LONGO FINO TIPO 1 BE,4693,MACAPÁ-AP,1600303,AP,NORTE,2025,12,ATACADO,4.52
ARROZ,LONGO FINO TIPO 1 BE,4693,BELÉM-PA,1501402,PA,NORTE,2025,12,VAREJO,4.59
ARROZ,LONGO FINO TIPO 1 BE,4693,BELÉM-PA,1501402,PA,NORTE,2025,12,ATACADO,3.67
ARROZ,LONGO FINO EM CASCA,4685,MONTE ALEGRE-PA,1504802,PA,NORTE,2025,12,PREÇO RECEBIDO P/ PRODUTOR,1.5
ARROZ,LONGO FINO EM CASCA,4685,PARAGOMINAS-PA,1505502,PA,NORTE,2025,12,PREÇO RECEBIDO P/ PRODUTOR,1.07
ARROZ,LONGO FINO EM CASCA,4685,SANTANA DO ARAGUAIA-PA,1506708,PA,NORTE,2025,12,PREÇO RECEBIDO P/ PRODUTOR,1.0
ARROZ,LONGO FINO EM CASCA,4685,SANTARÉM-PA,1506807,PA,NORTE,2025,12,PREÇO RECEBIDO P/ PRODUTOR,2.48
ARROZ,LONGO FINO TIPO 1 BE,4693,PORTO VELHO-RO,1100205,RO,NORTE,2025,12,VAREJO,3.58
ARROZ,LONGO FINO TIPO 1 BE,4693,PORTO VELHO-RO,1100205,RO,NORTE,2025,12,ATACADO,4.17
ARROZ,LONGO FINO TIPO 1 BE,4693,BOA VISTA-RR,1400100,RR,NORTE,2025,12,ATACADO,3.65
ARROZ,LONGO FINO TIPO 1 BE,4693,BOA VISTA-RR,1400100,RR,NORTE,2025,12,VAREJO,4.64
ARROZ,LONGO FINO EM CASCA,4685,FORMOSO DO ARAGUAIA-TO,1708205,TO,NORTE,2025,12,PREÇO RECEBIDO P/ PRODUTOR,1.14
ARROZ,LONGO FINO EM CASCA,4685,LAGOA DA CONFUSÃO-TO,1711902,TO,NORTE,2025,12,PREÇO RECEBIDO P/ PRODUTOR,1.14
ARROZ,LONGO FINO TIPO 1 BE,4693,PALMAS-TO,1721000,TO,NORTE,2025,12,ATACADO,4.07
ARROZ,LONGO FINO TIPO 1 BE,4693,PALMAS-TO,1721000,TO,NORTE,2025,12,VAREJO,5.71
ARROZ,LONGO FINO TIPO 1 BE,4693,RIO BRANCO-AC,1200401,AC,NORTE,2026,1,VAREJO,4.6
ARROZ,LONGO FINO TIPO 1 BE,4693,MANAUS-AM,1302603,AM,NORTE,2026,1,VAREJO,4.68
ARROZ,LONGO FINO TIPO 1 BE,4693,MACAPÁ-AP,1600303,AP,NORTE,2026,1,VAREJO,4.84
ARROZ,LONGO FINO TIPO 1 BE,4693,BELÉM-PA,1501402,PA,NORTE,2026,1,VAREJO,4.35
ARROZ,LONGO FINO TIPO 1 BE,4693,PORTO VELHO-RO,1100205,RO,NORTE,2026,1,VAREJO,3.58
ARROZ,LONGO FINO TIPO 1 BE,4693,BOA VISTA-RR,1400100,RR,NORTE,2026,1,VAREJO,4.61
ARROZ,LONGO FINO TIPO 1 BE,4693,PALMAS-TO,1721000,TO,NORTE,2026,1,VAREJO,5.71
ARROZ,LONGO FINO TIPO 1 BE,4693,RIO BRANCO-AC,1200401,AC,NORTE,2026,2,VAREJO,4.6
ARROZ,LONGO FINO TIPO 1 BE,4693,MANAUS-AM,1302603,AM,NORTE,2026,2,VAREJO,4.64
ARROZ,LONGO FINO TIPO 1 BE,4693,MACAPÁ-AP,1600303,AP,NORTE,2026,2,VAREJO,5.0
ARROZ,LONGO FINO TIPO 1 BE,4693,BELÉM-PA,1501402,PA,NORTE,2026,2,VAREJO,4.33
ARROZ,LONGO FINO TIPO 1 BE,4693,PORTO VELHO-RO,1100205,RO,NORTE,2026,2,VAREJO,3.61
ARROZ,LONGO FINO TIPO 1 BE,4693,BOA VISTA-RR,1400100,RR,NORTE,2026,2,VAREJO,4.49
ARROZ,LONGO FINO TIPO 1 BE,4693,PALMAS-TO,1721000,TO,NORTE,2026,2,VAREJO,5.45
ARROZ,LONGO FINO TIPO 1 BE,4693,RIO BRANCO-AC,1200401,AC,NORTE,2026,3,VAREJO,4.45
ARROZ,LONGO FINO TIPO 1 BE,4693,MANAUS-AM,1302603,AM,NORTE,2026,3,VAREJO,4.51
ARROZ,LONGO FINO TIPO 1 BE,4693,MACAPÁ-AP,1600303,AP,NORTE,2026,3,VAREJO,5.19
ARROZ,LONGO FINO TIPO 1 BE,4693,BELÉM-PA,1501402,PA,NORTE,2026,3,VAREJO,4.27
ARROZ,LONGO FINO TIPO 1 BE,4693,PORTO VELHO-RO,1100205,RO,NORTE,2026,3,VAREJO,3.86
ARROZ,LONGO FINO TIPO 1 BE,4693,BOA VISTA-RR,1400100,RR,NORTE,2026,3,VAREJO,4.47
ARROZ,LONGO FINO TIPO 1 BE,4693,PALMAS-TO,1721000,TO,NORTE,2026,3,VAREJO,5.14
ARROZ,LONGO FINO TIPO 1 BE,4693,RIO BRANCO-AC,1200401,AC,NORTE,2026,4,VAREJO,4.62
ARROZ,LONGO FINO TIPO 1 BE,4693,MANAUS-AM,1302603,AM,NORTE,2026,4,VAREJO,4.69
ARROZ,LONGO FINO TIPO 1 BE,4693,MACAPÁ-AP,1600303,AP,NORTE,2026,4,VAREJO,5.39
ARROZ,LONGO FINO TIPO 1 BE,4693,BELÉM-PA,1501402,PA,NORTE,2026,4,VAREJO,4.54
ARROZ,LONGO FINO TIPO 1 BE,4693,PORTO VELHO-RO,1100205,RO,NORTE,2026,4,VAREJO,4.17
ARROZ,LONGO FINO TIPO 1 BE,4693,BOA VISTA-RR,1400100,RR,NORTE,2026,4,VAREJO,4.4
ARROZ,LONGO FINO TIPO 1 BE,4693,PALMAS-TO,1721000,TO,NORTE,2026,4,VAREJO,5.41
ARROZ,LONGO FINO TIPO 1 BE,4693,RIO BRANCO-AC,1200401,AC,NORTE,2026,5,VAREJO,4.79
ARROZ,LONGO FINO TIPO 1 BE,4693,MANAUS-AM,1302603,AM,NORTE,2026,5,VAREJO,4.73
ARROZ,LONGO FINO TIPO 1 BE,4693,MACAPÁ-AP,1600303,AP,NORTE,2026,5,VAREJO,5.12
ARROZ,LONGO FINO TIPO 1 BE,4693,BELÉM-PA,1501402,PA,NORTE,2026,5,VAREJO,4.73
ARROZ,LONGO FINO TIPO 1 BE,4693,PORTO VELHO-RO,1100205,RO,NORTE,2026,5,VAREJO,4.37
ARROZ,LONGO FINO TIPO 1 BE,4693,BOA VISTA-RR,1400100,RR,NORTE,2026,5,VAREJO,4.39
ARROZ,LONGO FINO TIPO 1 BE,4693,PALMAS-TO,1721000,TO,NORTE,2026,5,VAREJO,6.18
ARROZ,LONGO FINO TIPO 1 BE,4693,RIO BRANCO-AC,1200401,AC,NORTE,2026,6,VAREJO,5.03
ARROZ,LONGO FINO TIPO 1 BE,4693,MANAUS-AM,1302603,AM,NORTE,2026,6,VAREJO,4.74
ARROZ,LONGO FINO TIPO 1 BE,4693,MACAPÁ-AP,1600303,AP,NORTE,2026,6,VAREJO,5.38
ARROZ,LONGO FINO TIPO 1 BE,4693,BELÉM-PA,1501402,PA,NORTE,2026,6,VAREJO,4.87
ARROZ,LONGO FINO TIPO 1 BE,4693,PORTO VELHO-RO,1100205,RO,NORTE,2026,6,VAREJO,4.5
ARROZ,LONGO FINO TIPO 1 BE,4693,BOA VISTA-RR,1400100,RR,NORTE,2026,6,VAREJO,4.36
ARROZ,LONGO FINO TIPO 1 BE,4693,PALMAS-TO,1721000,TO,NORTE,2026,6,VAREJO,5.97
ARROZ,LONGO FINO TIPO 1 BE,4693,RIO BRANCO-AC,1200401,AC,NORTE,2026,7,VAREJO,4.93
ARROZ,LONGO FINO TIPO 1 BE,4693,MANAUS-AM,1302603,AM,NORTE,2026,7,VAREJO,4.72
ARROZ,LONGO FINO TIPO 1 BE,4693,MACAPÁ-AP,1600303,AP,NORTE,2026,7,VAREJO,5.57
ARROZ,LONGO FINO TIPO 1 BE,4693,BELÉM-PA,1501402,PA,NORTE,2026,7,VAREJO,4.9
ARROZ,LONGO FINO TIPO 1 BE,4693,PORTO VELHO-RO,1100205,RO,NORTE,2026,7,VAREJO,4.6
ARROZ,LONGO FINO TIPO 1 BE,4693,BOA VISTA-RR,1400100,RR,NORTE,2026,7,VAREJO,4.45
ARROZ,LONGO FINO TIPO 1 BE,4693,PALMAS-TO,1721000,TO,NORTE,2026,7,VAREJO,5.97
ARROZ,LONGO FINO TIPO 1 BE,4693,RIO BRANCO-AC,1200401,AC,NORTE,2026,8,VAREJO,5.1
ARROZ,LONGO FINO TIPO 1 BE,4693,MANAUS-AM,1302603,AM,NORTE,2026,8,VAREJO,4.75
ARROZ,LONGO FINO TIPO 1 BE,4693,MACAPÁ-AP,1600303,AP,NORTE,2026,8,VAREJO,5.65
ARROZ,LONGO FINO TIPO 1 BE,4693,BELÉM-PA,1501402,PA,NORTE,2026,8,VAREJO,4.95
ARROZ,LONGO FINO TIPO 1 BE,4693,PORTO VELHO-RO,1100205,RO,NORTE,2026,8,VAREJO,4.6
ARROZ,LONGO FINO TIPO 1 BE,4693,BOA VISTA-RR,1400100,RR,NORTE,2026,8,VAREJO,4.32
ARROZ,LONGO FINO TIPO 1 BE,4693,PALMAS-TO,1721000,TO,NORTE,2026,8,VAREJO,6.02
ATRAZINA,500 G/L,13997,PEDRO AFONSO-TO,1716505,TO,NORTE,2025,11,PREÇO PAGO PELO PRODUTOR,19.68
ATRAZINA,500 G/L,13997,PEDRO AFONSO-TO,1716505,TO,NORTE,2026,3,PREÇO PAGO PELO PRODUTOR,23.7
AURORA,400 EC 400 G/L CARFE,7263,PEDRO AFONSO-TO,1716505,TO,NORTE,2025,11,PREÇO PAGO PELO PRODUTOR,367.8
AURORA,400 EC 400 G/L CARFE,7263,PEDRO AFONSO-TO,1716505,TO,NORTE,2026,3,PREÇO PAGO PELO PRODUTOR,358.9
AZIMUT,120 + 200 G/L AZOXIS,14345,NOVA BRASILÂNDIA D'OESTE-RO,1100148,RO,NORTE,2025,10,PREÇO PAGO PELO PRODUTOR,103.33
BALAIO,DE ARAME E MADEIRA A,12904,MEDICILÂNDIA-PA,1504455,PA,NORTE,2026,3,PREÇO PAGO PELO PRODUTOR,180.0
BALANCA,"40 KG, TIPO PEIXEIRO",13895,BELTERRA-PA,1501451,PA,NORTE,2026,7,PREÇO PAGO PELO PRODUTOR,75.0
BALDE,DE ZINCO PARA SERING,14146,SENA MADUREIRA-AC,1200500,AC,NORTE,2026,7,PREÇO PAGO PELO PRODUTOR,120.0
BALDE,20 LITROS PLÁSTICO,12300,MANICORÉ-AM,1302702,AM,NORTE,2026,7,PREÇO PAGO PELO PRODUTOR,55.0
BALDE,5 LITROS PLÁSTICO,13905,BELTERRA-PA,1501451,PA,NORTE,2026,7,PREÇO PAGO PELO PRODUTOR,12.0
BALDE,20 LITROS PLÁSTICO,12300,COLARES-PA,1502608,PA,NORTE,2026,7,PREÇO PAGO PELO PRODUTOR,22.5
BANANA,PRATA,4629,ACRELÂNDIA-AC,1200013,AC,NORTE,2025,9,PREÇO RECEBIDO P/ PRODUTOR,1.84
BANANA,PRATA,4629,RIO BRANCO-AC,1200401,AC,NORTE,2025,9,PREÇO RECEBIDO P/ PRODUTOR,1.94
BANANA,PRATA,4629,RIO BRANCO-AC,1200401,AC,NORTE,2025,9,VAREJO,8.02
BANANA,NANICA,4627,RIO BRANCO-AC,1200401,AC,NORTE,2025,9,VAREJO,9.04
BANANA,NANICA,4627,RIO BRANCO-AC,1200401,AC,NORTE,2025,9,VAREJO,1.36
BANANA,PRATA,4629,RIO BRANCO-AC,1200401,AC,NORTE,2025,9,VAREJO,0.8
BANANA,NANICA,4627,MANAUS-AM,1302603,AM,NORTE,2025,9,VAREJO,1.59
BANANA,PRATA,4629,MANAUS-AM,1302603,AM,NORTE,2025,9,VAREJO,0.92
BANANA,NANICA,4627,MANAUS-AM,1302603,AM,NORTE,2025,9,VAREJO,10.57
BANANA,PRATA,4629,MANAUS-AM,1302603,AM,NORTE,2025,9,VAREJO,9.18
BANANA,PRATA,4629,PRESIDENTE FIGUEIREDO-AM,1303536,AM,NORTE,2025,9,PREÇO RECEBIDO P/ PRODUTOR,5.58
BANANA,NANICA,4627,MACAPÁ-AP,1600303,AP,NORTE,2025,9,VAREJO,6.14
BANANA,NANICA,4627,MACAPÁ-AP,1600303,AP,NORTE,2025,9,VAREJO,0.92
BANANA,PRATA,4629,MACAPÁ-AP,1600303,AP,NORTE,2025,9,VAREJO,0.71
BANANA,PRATA,4629,MACAPÁ-AP,1600303,AP,NORTE,2025,9,VAREJO,7.07
BANANA,PRATA,4629,PORTO GRANDE-AP,1600535,AP,NORTE,2025,9,PREÇO RECEBIDO P/ PRODUTOR,4.2
BANANA,NANICA,4627,BELÉM-PA,1501402,PA,NORTE,2025,9,VAREJO,5.81
BANANA,PRATA,4629,BELÉM-PA,1501402,PA,NORTE,2025,9,VAREJO,8.16
BANANA,PRATA,4629,BELÉM-PA,1501402,PA,NORTE,2025,9,VAREJO,0.82
BANANA,NANICA,4627,BELÉM-PA,1501402,PA,NORTE,2025,9,VAREJO,0.87
BANANA,PRATA,4629,CACOAL-RO,1100049,RO,NORTE,2025,9,PREÇO RECEBIDO P/ PRODUTOR,5.0
BANANA,PRATA,4629,JARU-RO,1100114,RO,NORTE,2025,9,PREÇO RECEBIDO P/ PRODUTOR,5.0
BANANA,PRATA,4629,PORTO VELHO-RO,1100205,RO,NORTE,2025,9,PREÇO RECEBIDO P/ PRODUTOR,6.13
BANANA,NANICA,4627,PORTO VELHO-RO,1100205,RO,NORTE,2025,9,VAREJO,1.25
BANANA,NANICA,4627,PORTO VELHO-RO,1100205,RO,NORTE,2025,9,VAREJO,8.33
BANANA,PRATA,4629,PORTO VELHO-RO,1100205,RO,NORTE,2025,9,VAREJO,0.95
BANANA,PRATA,4629,PORTO VELHO-RO,1100205,RO,NORTE,2025,9,VAREJO,9.47
BANANA,PRATA,4629,BOA VISTA-RR,1400100,RR,NORTE,2025,9,VAREJO,8.52
BANANA,PRATA,4629,BOA VISTA-RR,1400100,RR,NORTE,2025,9,VAREJO,0.85
BANANA,NANICA,4627,BOA VISTA-RR,1400100,RR,NORTE,2025,9,VAREJO,1.37
BANANA,NANICA,4627,BOA VISTA-RR,1400100,RR,NORTE,2025,9,VAREJO,9.12
BANANA,PRATA,4629,CAROEBE-RR,1400233,RR,NORTE,2025,9,PREÇO RECEBIDO P/ PRODUTOR,3.16
BANANA,PRATA,4629,PALMAS-TO,1721000,TO,NORTE,2025,9,VAREJO,0.74
BANANA,PRATA,4629,PALMAS-TO,1721000,TO,NORTE,2025,9,VAREJO,7.43
BANANA,NANICA,4627,PALMAS-TO,1721000,TO,NORTE,2025,9,VAREJO,0.98
BANANA,NANICA,4627,PALMAS-TO,1721000,TO,NORTE,2025,9,VAREJO,6.51
BANANA,PRATA,4629,PORTO ALEGRE DO TOCANTINS-TO,1718006,TO,NORTE,2025,9,PREÇO RECEBIDO P/ PRODUTOR,2.0
BANANA,PRATA,4629,ACRELÂNDIA-AC,1200013,AC,NORTE,2025,10,PREÇO RECEBIDO P/ PRODUTOR,1.89
BANANA,PRATA,4629,RIO BRANCO-AC,1200401,AC,NORTE,2025,10,PREÇO RECEBIDO P/ PRODUTOR,1.99
BANANA,PRATA,4629,RIO BRANCO-AC,1200401,AC,NORTE,2025,10,VAREJO,8.9
BANANA,PRATA,4629,RIO BRANCO-AC,1200401,AC,NORTE,2025,10,VAREJO,0.89
BANANA,NANICA,4627,RIO BRANCO-AC,1200401,AC,NORTE,2025,10,VAREJO,1.34
BANANA,NANICA,4627,RIO BRANCO-AC,1200401,AC,NORTE,2025,10,VAREJO,8.94
BANANA,PRATA,4629,MANAUS-AM,1302603,AM,NORTE,2025,10,VAREJO,9.17
BANANA,NANICA,4627,MANAUS-AM,1302603,AM,NORTE,2025,10,VAREJO,1.57
BANANA,PRATA,4629,MANAUS-AM,1302603,AM,NORTE,2025,10,VAREJO,0.92
BANANA,NANICA,4627,MANAUS-AM,1302603,AM,NORTE,2025,10,VAREJO,10.46
BANANA,PRATA,4629,PRESIDENTE FIGUEIREDO-AM,1303536,AM,NORTE,2025,10,PREÇO RECEBIDO P/ PRODUTOR,5.87
BANANA,NANICA,4627,MACAPÁ-AP,1600303,AP,NORTE,2025,10,VAREJO,0.94
BANANA,PRATA,4629,MACAPÁ-AP,1600303,AP,NORTE,2025,10,VAREJO,7.2
BANANA,PRATA,4629,MACAPÁ-AP,1600303,AP,NORTE,2025,10,VAREJO,0.72
BANANA,NANICA,4627,MACAPÁ-AP,1600303,AP,NORTE,2025,10,VAREJO,6.26
BANANA,PRATA,4629,PORTO GRANDE-AP,1600535,AP,NORTE,2025,10,PREÇO RECEBIDO P/ PRODUTOR,4.41
BANANA,PRATA,4629,BELÉM-PA,1501402,PA,NORTE,2025,10,VAREJO,8.04
BANANA,NANICA,4627,BELÉM-PA,1501402,PA,NORTE,2025,10,VAREJO,5.94
BANANA,PRATA,4629,BELÉM-PA,1501402,PA,NORTE,2025,10,VAREJO,0.8
BANANA,NANICA,4627,BELÉM-PA,1501402,PA,NORTE,2025,10,VAREJO,0.89
BANANA,PRATA,4629,CACOAL-RO,1100049,RO,NORTE,2025,10,PREÇO RECEBIDO P/ PRODUTOR,4.0
BANANA,PRATA,4629,JARU-RO,1100114,RO,NORTE,2025,10,PREÇO RECEBIDO P/ PRODUTOR,5.0
BANANA,PRATA,4629,PORTO VELHO-RO,1100205,RO,NORTE,2025,10,PREÇO RECEBIDO P/ PRODUTOR,6.11
BANANA,NANICA,4627,PORTO VELHO-RO,1100205,RO,NORTE,2025,10,VAREJO,1.27
BANANA,NANICA,4627,PORTO VELHO-RO,1100205,RO,NORTE,2025,10,VAREJO,8.47
BANANA,PRATA,4629,PORTO VELHO-RO,1100205,RO,NORTE,2025,10,VAREJO,9.32
BANANA,PRATA,4629,PORTO VELHO-RO,1100205,RO,NORTE,2025,10,VAREJO,0.93
BANANA,NANICA,4627,BOA VISTA-RR,1400100,RR,NORTE,2025,10,VAREJO,1.39
BANANA,PRATA,4629,BOA VISTA-RR,1400100,RR,NORTE,2025,10,VAREJO,0.82
BANANA,PRATA,4629,BOA VISTA-RR,1400100,RR,NORTE,2025,10,VAREJO,8.15
BANANA,NANICA,4627,BOA VISTA-RR,1400100,RR,NORTE,2025,10,VAREJO,9.28
BANANA,PRATA,4629,CAROEBE-RR,1400233,RR,NORTE,2025,10,PREÇO RECEBIDO P/ PRODUTOR,2.97
BANANA,PRATA,4629,PALMAS-TO,1721000,TO,NORTE,2025,10,VAREJO,7.23
BANANA,NANICA,4627,PALMAS-TO,1721000,TO,NORTE,2025,10,VAREJO,1.04
BANANA,NANICA,4627,PALMAS-TO,1721000,TO,NORTE,2025,10,VAREJO,6.9
BANANA,PRATA,4629,PALMAS-TO,1721000,TO,NORTE,2025,10,VAREJO,0.72
BANANA,PRATA,4629,PORTO ALEGRE DO TOCANTINS-TO,1718006,TO,NORTE,2025,10,PREÇO RECEBIDO P/ PRODUTOR,2.0
BANANA,PRATA,4629,ACRELÂNDIA-AC,1200013,AC,NORTE,2025,11,PREÇO RECEBIDO P/ PRODUTOR,1.98
BANANA,PRATA,4629,RIO BRANCO-AC,1200401,AC,NORTE,2025,11,PREÇO RECEBIDO P/ PRODUTOR,2.01
BANANA,PRATA,4629,RIO BRANCO-AC,1200401,AC,NORTE,2025,11,VAREJO,0.88
BANANA,NANICA,4627,RIO BRANCO-AC,1200401,AC,NORTE,2025,11,VAREJO,9.74
BANANA,NANICA,4627,RIO BRANCO-AC,1200401,AC,NORTE,2025,11,VAREJO,1.46
BANANA,PRATA,4629,RIO BRANCO-AC,1200401,AC,NORTE,2025,11,VAREJO,8.83
BANANA,NANICA,4627,MANAUS-AM,1302603,AM,NORTE,2025,11,VAREJO,1.73
BANANA,NANICA,4627,MANAUS-AM,1302603,AM,NORTE,2025,11,VAREJO,11.55
BANANA,PRATA,4629,MANAUS-AM,1302603,AM,NORTE,2025,11,VAREJO,0.88
BANANA,PRATA,4629,MANAUS-AM,1302603,AM,NORTE,2025,11,VAREJO,8.77
BANANA,PRATA,4629,PRESIDENTE FIGUEIREDO-AM,1303536,AM,NORTE,2025,11,PREÇO RECEBIDO P/ PRODUTOR,6.1
BANANA,NANICA,4627,MACAPÁ-AP,1600303,AP,NORTE,2025,11,VAREJO,0.98
BANANA,PRATA,4629,MACAPÁ-AP,1600303,AP,NORTE,2025,11,VAREJO,0.7
BANANA,PRATA,4629,MACAPÁ-AP,1600303,AP,NORTE,2025,11,VAREJO,6.99
BANANA,NANICA,4627,MACAPÁ-AP,1600303,AP,NORTE,2025,11,VAREJO,6.56
BANANA,PRATA,4629,PORTO GRANDE-AP,1600535,AP,NORTE,2025,11,PREÇO RECEBIDO P/ PRODUTOR,4.2
BANANA,NANICA,4627,BELÉM-PA,1501402,PA,NORTE,2025,11,VAREJO,0.91
BANANA,PRATA,4629,BELÉM-PA,1501402,PA,NORTE,2025,11,VAREJO,0.81
BANANA,PRATA,4629,BELÉM-PA,1501402,PA,NORTE,2025,11,VAREJO,8.06
BANANA,NANICA,4627,BELÉM-PA,1501402,PA,NORTE,2025,11,VAREJO,6.04
BANANA,PRATA,4629,CACOAL-RO,1100049,RO,NORTE,2025,11,PREÇO RECEBIDO P/ PRODUTOR,5.0
BANANA,PRATA,4629,JARU-RO,1100114,RO,NORTE,2025,11,PREÇO RECEBIDO P/ PRODUTOR,5.17
BANANA,PRATA,4629,PORTO VELHO-RO,1100205,RO,NORTE,2025,11,PREÇO RECEBIDO P/ PRODUTOR,5.47
BANANA,NANICA,4627,PORTO VELHO-RO,1100205,RO,NORTE,2025,11,VAREJO,8.98
BANANA,PRATA,4629,PORTO VELHO-RO,1100205,RO,NORTE,2025,11,VAREJO,9.32
BANANA,PRATA,4629,PORTO VELHO-RO,1100205,RO,NORTE,2025,11,VAREJO,0.93
BANANA,NANICA,4627,PORTO VELHO-RO,1100205,RO,NORTE,2025,11,VAREJO,1.35
BANANA,PRATA,4629,BOA VISTA-RR,1400100,RR,NORTE,2025,11,VAREJO,0.72
BANANA,NANICA,4627,BOA VISTA-RR,1400100,RR,NORTE,2025,11,VAREJO,1.33
BANANA,NANICA,4627,BOA VISTA-RR,1400100,RR,NORTE,2025,11,VAREJO,8.88
BANANA,PRATA,4629,BOA VISTA-RR,1400100,RR,NORTE,2025,11,VAREJO,7.24
BANANA,PRATA,4629,CAROEBE-RR,1400233,RR,NORTE,2025,11,PREÇO RECEBIDO P/ PRODUTOR,3.5
BANANA,NANICA,4627,PALMAS-TO,1721000,TO,NORTE,2025,11,VAREJO,0.99
BANANA,PRATA,4629,PALMAS-TO,1721000,TO,NORTE,2025,11,VAREJO,6.71
BANANA,NANICA,4627,PALMAS-TO,1721000,TO,NORTE,2025,11,VAREJO,6.58
BANANA,PRATA,4629,PALMAS-TO,1721000,TO,NORTE,2025,11,VAREJO,0.67
BANANA,PRATA,4629,PORTO ALEGRE DO TOCANTINS-TO,1718006,TO,NORTE,2025,11,PREÇO RECEBIDO P/ PRODUTOR,1.95
BANANA,PRATA,4629,ACRELÂNDIA-AC,1200013,AC,NORTE,2025,12,PREÇO RECEBIDO P/ PRODUTOR,1.94
BANANA,PRATA,4629,RIO BRANCO-AC,1200401,AC,NORTE,2025,12,PREÇO RECEBIDO P/ PRODUTOR,2.01
BANANA,NANICA,4627,RIO BRANCO-AC,1200401,AC,NORTE,2025,12,VAREJO,1.53
BANANA,NANICA,4627,RIO BRANCO-AC,1200401,AC,NORTE,2025,12,VAREJO,10.17
BANANA,PRATA,4629,RIO BRANCO-AC,1200401,AC,NORTE,2025,12,VAREJO,8.72
BANANA,PRATA,4629,RIO BRANCO-AC,1200401,AC,NORTE,2025,12,VAREJO,0.87
BANANA,PRATA,4629,MANAUS-AM,1302603,AM,NORTE,2025,12,VAREJO,0.84
BANANA,NANICA,4627,MANAUS-AM,1302603,AM,NORTE,2025,12,VAREJO,11.82
BANANA,NANICA,4627,MANAUS-AM,1302603,AM,NORTE,2025,12,VAREJO,1.77
BANANA,PRATA,4629,MANAUS-AM,1302603,AM,NORTE,2025,12,VAREJO,8.44
BANANA,PRATA,4629,PRESIDENTE FIGUEIREDO-AM,1303536,AM,NORTE,2025,12,PREÇO RECEBIDO P/ PRODUTOR,6.0
BANANA,NANICA,4627,MACAPÁ-AP,1600303,AP,NORTE,2025,12,VAREJO,6.71
BANANA,PRATA,4629,MACAPÁ-AP,1600303,AP,NORTE,2025,12,VAREJO,7.03
BANANA,PRATA,4629,MACAPÁ-AP,1600303,AP,NORTE,2025,12,VAREJO,0.7
BANANA,NANICA,4627,MACAPÁ-AP,1600303,AP,NORTE,2025,12,VAREJO,1.01
BANANA,PRATA,4629,PORTO GRANDE-AP,1600535,AP,NORTE,2025,12,PREÇO RECEBIDO P/ PRODUTOR,4.0
BANANA,NANICA,4627,BELÉM-PA,1501402,PA,NORTE,2025,12,VAREJO,0.98
BANANA,PRATA,4629,BELÉM-PA,1501402,PA,NORTE,2025,12,VAREJO,8.13
BANANA,NANICA,4627,BELÉM-PA,1501402,PA,NORTE,2025,12,VAREJO,6.5
BANANA,PRATA,4629,BELÉM-PA,1501402,PA,NORTE,2025,12,VAREJO,0.81
BANANA,PRATA,4629,CACOAL-RO,1100049,RO,NORTE,2025,12,PREÇO RECEBIDO P/ PRODUTOR,5.0
BANANA,PRATA,4629,JARU-RO,1100114,RO,NORTE,2025,12,PREÇO RECEBIDO P/ PRODUTOR,5.23
BANANA,PRATA,4629,PORTO VELHO-RO,1100205,RO,NORTE,2025,12,PREÇO RECEBIDO P/ PRODUTOR,6.2
BANANA,NANICA,4627,PORTO VELHO-RO,1100205,RO,NORTE,2025,12,VAREJO,1.27
BANANA,NANICA,4627,PORTO VELHO-RO,1100205,RO,NORTE,2025,12,VAREJO,8.46
BANANA,PRATA,4629,PORTO VELHO-RO,1100205,RO,NORTE,2025,12,VAREJO,10.01
BANANA,PRATA,4629,PORTO VELHO-RO,1100205,RO,NORTE,2025,12,VAREJO,1.0
BANANA,NANICA,4627,BOA VISTA-RR,1400100,RR,NORTE,2025,12,VAREJO,9.0
BANANA,PRATA,4629,BOA VISTA-RR,1400100,RR,NORTE,2025,12,VAREJO,0.68
BANANA,PRATA,4629,BOA VISTA-RR,1400100,RR,NORTE,2025,12,VAREJO,6.79
BANANA,NANICA,4627,BOA VISTA-RR,1400100,RR,NORTE,2025,12,VAREJO,1.35
BANANA,PRATA,4629,CAROEBE-RR,1400233,RR,NORTE,2025,12,PREÇO RECEBIDO P/ PRODUTOR,2.76
BANANA,NANICA,4627,PALMAS-TO,1721000,TO,NORTE,2025,12,VAREJO,6.74
BANANA,PRATA,4629,PALMAS-TO,1721000,TO,NORTE,2025,12,VAREJO,0.74
BANANA,PRATA,4629,PALMAS-TO,1721000,TO,NORTE,2025,12,VAREJO,7.42
BANANA,NANICA,4627,PALMAS-TO,1721000,TO,NORTE,2025,12,VAREJO,1.01
BANANA,PRATA,4629,PORTO ALEGRE DO TOCANTINS-TO,1718006,TO,NORTE,2025,12,PREÇO RECEBIDO P/ PRODUTOR,1.8
BANANA,PRATA,4629,RIO BRANCO-AC,1200401,AC,NORTE,2026,1,VAREJO,9.24
BANANA,PRATA,4629,RIO BRANCO-AC,1200401,AC,NORTE,2026,1,VAREJO,0.92
BANANA,NANICA,4627,RIO BRANCO-AC,1200401,AC,NORTE,2026,1,VAREJO,9.39
BANANA,NANICA,4627,RIO BRANCO-AC,1200401,AC,NORTE,2026,1,VAREJO,1.41
BANANA,PRATA,4629,MANAUS-AM,1302603,AM,NORTE,2026,1,VAREJO,8.86
BANANA,NANICA,4627,MANAUS-AM,1302603,AM,NORTE,2026,1,VAREJO,11.11
BANANA,NANICA,4627,MANAUS-AM,1302603,AM,NORTE,2026,1,VAREJO,1.67
BANANA,PRATA,4629,MANAUS-AM,1302603,AM,NORTE,2026,1,VAREJO,0.89
BANANA,NANICA,4627,MACAPÁ-AP,1600303,AP,NORTE,2026,1,VAREJO,7.24
BANANA,NANICA,4627,MACAPÁ-AP,1600303,AP,NORTE,2026,1,VAREJO,1.09
BANANA,PRATA,4629,MACAPÁ-AP,1600303,AP,NORTE,2026,1,VAREJO,0.71
BANANA,PRATA,4629,MACAPÁ-AP,1600303,AP,NORTE,2026,1,VAREJO,7.14
BANANA,NANICA,4627,BELÉM-PA,1501402,PA,NORTE,2026,1,VAREJO,1.02
BANANA,PRATA,4629,BELÉM-PA,1501402,PA,NORTE,2026,1,VAREJO,8.15
BANANA,PRATA,4629,BELÉM-PA,1501402,PA,NORTE,2026,1,VAREJO,0.82
BANANA,NANICA,4627,BELÉM-PA,1501402,PA,NORTE,2026,1,VAREJO,6.8
BANANA,PRATA,4629,PORTO VELHO-RO,1100205,RO,NORTE,2026,1,VAREJO,1.01
BANANA,NANICA,4627,PORTO VELHO-RO,1100205,RO,NORTE,2026,1,VAREJO,1.16
BANANA,NANICA,4627,PORTO VELHO-RO,1100205,RO,NORTE,2026,1,VAREJO,7.76
BANANA,PRATA,4629,PORTO VELHO-RO,1100205,RO,NORTE,2026,1,VAREJO,10.09
BANANA,NANICA,4627,BOA VISTA-RR,1400100,RR,NORTE,2026,1,VAREJO,8.0
BANANA,PRATA,4629,BOA VISTA-RR,1400100,RR,NORTE,2026,1,VAREJO,6.82
BANANA,NANICA,4627,BOA VISTA-RR,1400100,RR,NORTE,2026,1,VAREJO,1.2
BANANA,PRATA,4629,BOA VISTA-RR,1400100,RR,NORTE,2026,1,VAREJO,0.68
BANANA,NANICA,4627,PALMAS-TO,1721000,TO,NORTE,2026,1,VAREJO,6.45
BANANA,PRATA,4629,PALMAS-TO,1721000,TO,NORTE,2026,1,VAREJO,7.54
BANANA,PRATA,4629,PALMAS-TO,1721000,TO,NORTE,2026,1,VAREJO,0.75
BANANA,NANICA,4627,PALMAS-TO,1721000,TO,NORTE,2026,1,VAREJO,0.97
BANANA,PRATA,4629,RIO BRANCO-AC,1200401,AC,NORTE,2026,2,VAREJO,0.92
BANANA,NANICA,4627,RIO BRANCO-AC,1200401,AC,NORTE,2026,2,VAREJO,9.6
BANANA,PRATA,4629,RIO BRANCO-AC,1200401,AC,NORTE,2026,2,VAREJO,9.15
BANANA,NANICA,4627,RIO BRANCO-AC,1200401,AC,NORTE,2026,2,VAREJO,1.44
BANANA,NANICA,4627,MANAUS-AM,1302603,AM,NORTE,2026,2,VAREJO,1.72
BANANA,PRATA,4629,MANAUS-AM,1302603,AM,NORTE,2026,2,VAREJO,8.2
BANANA,PRATA,4629,MANAUS-AM,1302603,AM,NORTE,2026,2,VAREJO,0.82
BANANA,NANICA,4627,MANAUS-AM,1302603,AM,NORTE,2026,2,VAREJO,11.49
BANANA,PRATA,4629,MACAPÁ-AP,1600303,AP,NORTE,2026,2,VAREJO,0.72
BANANA,NANICA,4627,MACAPÁ-AP,1600303,AP,NORTE,2026,2,VAREJO,7.07
BANANA,PRATA,4629,MACAPÁ-AP,1600303,AP,NORTE,2026,2,VAREJO,7.19
BANANA,NANICA,4627,MACAPÁ-AP,1600303,AP,NORTE,2026,2,VAREJO,1.06
BANANA,PRATA,4629,BELÉM-PA,1501402,PA,NORTE,2026,2,VAREJO,0.81
BANANA,NANICA,4627,BELÉM-PA,1501402,PA,NORTE,2026,2,VAREJO,6.96
BANANA,NANICA,4627,BELÉM-PA,1501402,PA,NORTE,2026,2,VAREJO,1.04
BANANA,PRATA,4629,BELÉM-PA,1501402,PA,NORTE,2026,2,VAREJO,8.05
BANANA,NANICA,4627,PORTO VELHO-RO,1100205,RO,NORTE,2026,2,VAREJO,1.13
BANANA,NANICA,4627,PORTO VELHO-RO,1100205,RO,NORTE,2026,2,VAREJO,7.51
BANANA,PRATA,4629,PORTO VELHO-RO,1100205,RO,NORTE,2026,2,VAREJO,0.96
BANANA,PRATA,4629,PORTO VELHO-RO,1100205,RO,NORTE,2026,2,VAREJO,9.58
BANANA,NANICA,4627,BOA VISTA-RR,1400100,RR,NORTE,2026,2,VAREJO,8.63
BANANA,NANICA,4627,BOA VISTA-RR,1400100,RR,NORTE,2026,2,VAREJO,1.29
BANANA,PRATA,4629,BOA VISTA-RR,1400100,RR,NORTE,2026,2,VAREJO,0.74
BANANA,PRATA,4629,BOA VISTA-RR,1400100,RR,NORTE,2026,2,VAREJO,7.45
BANANA,PRATA,4629,PALMAS-TO,1721000,TO,NORTE,2026,2,VAREJO,6.98
BANANA,NANICA,4627,PALMAS-TO,1721000,TO,NORTE,2026,2,VAREJO,0.85
BANANA,NANICA,4627,PALMAS-TO,1721000,TO,NORTE,2026,2,VAREJO,5.69
BANANA,PRATA,4629,PALMAS-TO,1721000,TO,NORTE,2026,2,VAREJO,0.7
BANANA,NANICA,4627,RIO BRANCO-AC,1200401,AC,NORTE,2026,3,VAREJO,9.15
BANANA,NANICA,4627,RIO BRANCO-AC,1200401,AC,NORTE,2026,3,VAREJO,1.37
BANANA,PRATA,4629,RIO BRANCO-AC,1200401,AC,NORTE,2026,3,VAREJO,8.67
BANANA,PRATA,4629,RIO BRANCO-AC,1200401,AC,NORTE,2026,3,VAREJO,0.87
BANANA,PRATA,4629,MANAUS-AM,1302603,AM,NORTE,2026,3,VAREJO,0.83
BANANA,NANICA,4627,MANAUS-AM,1302603,AM,NORTE,2026,3,VAREJO,1.18
BANANA,PRATA,4629,MANAUS-AM,1302603,AM,NORTE,2026,3,VAREJO,8.33
BANANA,NANICA,4627,MANAUS-AM,1302603,AM,NORTE,2026,3,VAREJO,7.9
BANANA,PRATA,4629,MACAPÁ-AP,1600303,AP,NORTE,2026,3,VAREJO,7.37
BANANA,NANICA,4627,MACAPÁ-AP,1600303,AP,NORTE,2026,3,VAREJO,7.02
BANANA,PRATA,4629,MACAPÁ-AP,1600303,AP,NORTE,2026,3,VAREJO,0.74
BANANA,NANICA,4627,MACAPÁ-AP,1600303,AP,NORTE,2026,3,VAREJO,1.05
BANANA,PRATA,4629,BELÉM-PA,1501402,PA,NORTE,2026,3,VAREJO,8.39
BANANA,NANICA,4627,BELÉM-PA,1501402,PA,NORTE,2026,3,VAREJO,7.1
BANANA,NANICA,4627,BELÉM-PA,1501402,PA,NORTE,2026,3,VAREJO,1.07
BANANA,PRATA,4629,BELÉM-PA,1501402,PA,NORTE,2026,3,VAREJO,0.84
BANANA,PRATA,4629,PORTO VELHO-RO,1100205,RO,NORTE,2026,3,VAREJO,9.47
BANANA,PRATA,4629,PORTO VELHO-RO,1100205,RO,NORTE,2026,3,VAREJO,0.95
BANANA,NANICA,4627,PORTO VELHO-RO,1100205,RO,NORTE,2026,3,VAREJO,7.73
BANANA,NANICA,4627,PORTO VELHO-RO,1100205,RO,NORTE,2026,3,VAREJO,1.16
BANANA,NANICA,4627,BOA VISTA-RR,1400100,RR,NORTE,2026,3,VAREJO,8.97
BANANA,PRATA,4629,BOA VISTA-RR,1400100,RR,NORTE,2026,3,VAREJO,0.77
BANANA,PRATA,4629,BOA VISTA-RR,1400100,RR,NORTE,2026,3,VAREJO,7.71
BANANA,NANICA,4627,BOA VISTA-RR,1400100,RR,NORTE,2026,3,VAREJO,1.27
BANANA,PRATA,4629,PALMAS-TO,1721000,TO,NORTE,2026,3,VAREJO,7.12
BANANA,NANICA,4627,PALMAS-TO,1721000,TO,NORTE,2026,3,VAREJO,5.69
BANANA,PRATA,4629,PALMAS-TO,1721000,TO,NORTE,2026,3,VAREJO,0.71
BANANA,NANICA,4627,PALMAS-TO,1721000,TO,NORTE,2026,3,VAREJO,0.85
BANANA,PRATA,4629,RIO BRANCO-AC,1200401,AC,NORTE,2026,4,VAREJO,0.88
BANANA,NANICA,4627,RIO BRANCO-AC,1200401,AC,NORTE,2026,4,VAREJO,9.3
BANANA,PRATA,4629,RIO BRANCO-AC,1200401,AC,NORTE,2026,4,VAREJO,8.78
BANANA,NANICA,4627,RIO BRANCO-AC,1200401,AC,NORTE,2026,4,VAREJO,1.39
BANANA,NANICA,4627,MANAUS-AM,1302603,AM,NORTE,2026,4,VAREJO,1.45
BANANA,NANICA,4627,MANAUS-AM,1302603,AM,NORTE,2026,4,VAREJO,9.63
BANANA,PRATA,4629,MANAUS-AM,1302603,AM,NORTE,2026,4,VAREJO,8.08
BANANA,PRATA,4629,MANAUS-AM,1302603,AM,NORTE,2026,4,VAREJO,0.81
BANANA,NANICA,4627,MACAPÁ-AP,1600303,AP,NORTE,2026,4,VAREJO,7.02
BANANA,NANICA,4627,MACAPÁ-AP,1600303,AP,NORTE,2026,4,VAREJO,1.05
BANANA,PRATA,4629,MACAPÁ-AP,1600303,AP,NORTE,2026,4,VAREJO,0.74
BANANA,PRATA,4629,MACAPÁ-AP,1600303,AP,NORTE,2026,4,VAREJO,7.44
BANANA,NANICA,4627,BELÉM-PA,1501402,PA,NORTE,2026,4,VAREJO,1.1
BANANA,PRATA,4629,BELÉM-PA,1501402,PA,NORTE,2026,4,VAREJO,0.86
BANANA,PRATA,4629,BELÉM-PA,1501402,PA,NORTE,2026,4,VAREJO,8.58
BANANA,NANICA,4627,BELÉM-PA,1501402,PA,NORTE,2026,4,VAREJO,7.32
BANANA,NANICA,4627,PORTO VELHO-RO,1100205,RO,NORTE,2026,4,VAREJO,7.91
BANANA,PRATA,4629,PORTO VELHO-RO,1100205,RO,NORTE,2026,4,VAREJO,1.01
BANANA,PRATA,4629,PORTO VELHO-RO,1100205,RO,NORTE,2026,4,VAREJO,10.12
BANANA,NANICA,4627,PORTO VELHO-RO,1100205,RO,NORTE,2026,4,VAREJO,1.19
BANANA,PRATA,4629,BOA VISTA-RR,1400100,RR,NORTE,2026,4,VAREJO,0.8
BANANA,PRATA,4629,BOA VISTA-RR,1400100,RR,NORTE,2026,4,VAREJO,7.95
BANANA,NANICA,4627,BOA VISTA-RR,1400100,RR,NORTE,2026,4,VAREJO,1.25
BANANA,NANICA,4627,BOA VISTA-RR,1400100,RR,NORTE,2026,4,VAREJO,8.35
BANANA,NANICA,4627,PALMAS-TO,1721000,TO,NORTE,2026,4,VAREJO,5.78
BANANA,PRATA,4629,PALMAS-TO,1721000,TO,NORTE,2026,4,VAREJO,0.72
BANANA,NANICA,4627,PALMAS-TO,1721000,TO,NORTE,2026,4,VAREJO,0.87
BANANA,PRATA,4629,PALMAS-TO,1721000,TO,NORTE,2026,4,VAREJO,7.23
BANANA,NANICA,4627,RIO BRANCO-AC,1200401,AC,NORTE,2026,5,VAREJO,8.09
BANANA,PRATA,4629,RIO BRANCO-AC,1200401,AC,NORTE,2026,5,VAREJO,8.57
BANANA,NANICA,4627,RIO BRANCO-AC,1200401,AC,NORTE,2026,5,VAREJO,0.67
BANANA,PRATA,4629,RIO BRANCO-AC,1200401,AC,NORTE,2026,5,VAREJO,0.71
BANANA,NANICA,4627,MANAUS-AM,1302603,AM,NORTE,2026,5,VAREJO,0.83
BANANA,PRATA,4629,MANAUS-AM,1302603,AM,NORTE,2026,5,VAREJO,8.7
BANANA,PRATA,4629,MANAUS-AM,1302603,AM,NORTE,2026,5,VAREJO,0.73
BANANA,NANICA,4627,MANAUS-AM,1302603,AM,NORTE,2026,5,VAREJO,9.9
BANANA,PRATA,4629,MACAPÁ-AP,1600303,AP,NORTE,2026,5,VAREJO,0.61
BANANA,PRATA,4629,MACAPÁ-AP,1600303,AP,NORTE,2026,5,VAREJO,7.34
BANANA,NANICA,4627,MACAPÁ-AP,1600303,AP,NORTE,2026,5,VAREJO,0.57
BANANA,NANICA,4627,MACAPÁ-AP,1600303,AP,NORTE,2026,5,VAREJO,6.89
BANANA,PRATA,4629,BELÉM-PA,1501402,PA,NORTE,2026,5,VAREJO,0.71
BANANA,PRATA,4629,BELÉM-PA,1501402,PA,NORTE,2026,5,VAREJO,8.48
BANANA,NANICA,4627,BELÉM-PA,1501402,PA,NORTE,2026,5,VAREJO,7.42
BANANA,NANICA,4627,BELÉM-PA,1501402,PA,NORTE,2026,5,VAREJO,0.62
BANANA,PRATA,4629,PORTO VELHO-RO,1100205,RO,NORTE,2026,5,VAREJO,9.4
BANANA,PRATA,4629,PORTO VELHO-RO,1100205,RO,NORTE,2026,5,VAREJO,0.78
BANANA,NANICA,4627,PORTO VELHO-RO,1100205,RO,NORTE,2026,5,VAREJO,7.23
BANANA,NANICA,4627,PORTO VELHO-RO,1100205,RO,NORTE,2026,5,VAREJO,0.6
BANANA,PRATA,4629,BOA VISTA-RR,1400100,RR,NORTE,2026,5,VAREJO,0.67
BANANA,NANICA,4627,BOA VISTA-RR,1400100,RR,NORTE,2026,5,VAREJO,8.31
BANANA,NANICA,4627,BOA VISTA-RR,1400100,RR,NORTE,2026,5,VAREJO,0.69
BANANA,PRATA,4629,BOA VISTA-RR,1400100,RR,NORTE,2026,5,VAREJO,8.04
BANANA,PRATA,4629,PALMAS-TO,1721000,TO,NORTE,2026,5,VAREJO,7.34
BANANA,NANICA,4627,PALMAS-TO,1721000,TO,NORTE,2026,5,VAREJO,0.45
BANANA,PRATA,4629,PALMAS-TO,1721000,TO,NORTE,2026,5,VAREJO,0.61
BANANA,NANICA,4627,PALMAS-TO,1721000,TO,NORTE,2026,5,VAREJO,5.43
BANANA,NANICA,4627,RIO BRANCO-AC,1200401,AC,NORTE,2026,6,VAREJO,8.22
BANANA,PRATA,4629,RIO BRANCO-AC,1200401,AC,NORTE,2026,6,VAREJO,0.72
BANANA,PRATA,4629,RIO BRANCO-AC,1200401,AC,NORTE,2026,6,VAREJO,8.64
BANANA,NANICA,4627,RIO BRANCO-AC,1200401,AC,NORTE,2026,6,VAREJO,0.69
BANANA,NANICA,4627,MANAUS-AM,1302603,AM,NORTE,2026,6,VAREJO,0.78
BANANA,PRATA,4629,MANAUS-AM,1302603,AM,NORTE,2026,6,VAREJO,0.66
BANANA,PRATA,4629,MANAUS-AM,1302603,AM,NORTE,2026,6,VAREJO,7.91
BANANA,NANICA,4627,MANAUS-AM,1302603,AM,NORTE,2026,6,VAREJO,9.34
BANANA,NANICA,4627,MACAPÁ-AP,1600303,AP,NORTE,2026,6,VAREJO,0.58
BANANA,NANICA,4627,MACAPÁ-AP,1600303,AP,NORTE,2026,6,VAREJO,6.96
BANANA,PRATA,4629,MACAPÁ-AP,1600303,AP,NORTE,2026,6,VAREJO,0.61
BANANA,PRATA,4629,MACAPÁ-AP,1600303,AP,NORTE,2026,6,VAREJO,7.31
BANANA,PRATA,4629,BELÉM-PA,1501402,PA,NORTE,2026,6,VAREJO,0.7
BANANA,NANICA,4627,BELÉM-PA,1501402,PA,NORTE,2026,6,VAREJO,0.6
BANANA,NANICA,4627,BELÉM-PA,1501402,PA,NORTE,2026,6,VAREJO,7.25
BANANA,PRATA,4629,BELÉM-PA,1501402,PA,NORTE,2026,6,VAREJO,8.39
BANANA,PRATA,4629,PORTO VELHO-RO,1100205,RO,NORTE,2026,6,VAREJO,9.59
BANANA,NANICA,4627,PORTO VELHO-RO,1100205,RO,NORTE,2026,6,VAREJO,0.63
BANANA,NANICA,4627,PORTO VELHO-RO,1100205,RO,NORTE,2026,6,VAREJO,7.55
BANANA,PRATA,4629,PORTO VELHO-RO,1100205,RO,NORTE,2026,6,VAREJO,0.8
BANANA,PRATA,4629,BOA VISTA-RR,1400100,RR,NORTE,2026,6,VAREJO,7.97
BANANA,NANICA,4627,BOA VISTA-RR,1400100,RR,NORTE,2026,6,VAREJO,0.65
BANANA,NANICA,4627,BOA VISTA-RR,1400100,RR,NORTE,2026,6,VAREJO,7.82
BANANA,PRATA,4629,BOA VISTA-RR,1400100,RR,NORTE,2026,6,VAREJO,0.66
BANANA,PRATA,4629,PALMAS-TO,1721000,TO,NORTE,2026,6,VAREJO,0.57
BANANA,NANICA,4627,PALMAS-TO,1721000,TO,NORTE,2026,6,VAREJO,5.54
BANANA,NANICA,4627,PALMAS-TO,1721000,TO,NORTE,2026,6,VAREJO,0.46
BANANA,PRATA,4629,PALMAS-TO,1721000,TO,NORTE,2026,6,VAREJO,6.89
BANANA,PRATA,4629,RIO BRANCO-AC,1200401,AC,NORTE,2026,7,VAREJO,8.8
BANANA,NANICA,4627,RIO BRANCO-AC,1200401,AC,NORTE,2026,7,VAREJO,8.41
BANANA,PRATA,4629,MANAUS-AM,1302603,AM,NORTE,2026,7,VAREJO,8.36
BANANA,NANICA,4627,MANAUS-AM,1302603,AM,NORTE,2026,7,VAREJO,10.12
BANANA,NANICA,4627,MACAPÁ-AP,1600303,AP,NORTE,2026,7,VAREJO,6.98
BANANA,PRATA,4629,MACAPÁ-AP,1600303,AP,NORTE,2026,7,VAREJO,7.26
BANANA,NANICA,4627,BELÉM-PA,1501402,PA,NORTE,2026,7,VAREJO,7.24
BANANA,PRATA,4629,BELÉM-PA,1501402,PA,NORTE,2026,7,VAREJO,8.31
BANANA,PRATA,4629,PORTO VELHO-RO,1100205,RO,NORTE,2026,7,VAREJO,9.59
BANANA,NANICA,4627,PORTO VELHO-RO,1100205,RO,NORTE,2026,7,VAREJO,8.24
BANANA,NANICA,4627,BOA VISTA-RR,1400100,RR,NORTE,2026,7,VAREJO,8.09
BANANA,PRATA,4629,BOA VISTA-RR,1400100,RR,NORTE,2026,7,VAREJO,8.1
BANANA,NANICA,4627,PALMAS-TO,1721000,TO,NORTE,2026,7,VAREJO,5.34
BANANA,PRATA,4629,PALMAS-TO,1721000,TO,NORTE,2026,7,VAREJO,6.57
BANANA,PRATA,4629,RIO BRANCO-AC,1200401,AC,NORTE,2026,8,VAREJO,8.69
BANANA,NANICA,4627,RIO BRANCO-AC,1200401,AC,NORTE,2026,8,VAREJO,8.35
BANANA,NANICA,4627,MANAUS-AM,1302603,AM,NORTE,2026,8,VAREJO,9.13
BANANA,PRATA,4629,MANAUS-AM,1302603,AM,NORTE,2026,8,VAREJO,8.01
BANANA,PRATA,4629,MACAPÁ-AP,1600303,AP,NORTE,2026,8,VAREJO,7.28
BANANA,NANICA,4627,MACAPÁ-AP,1600303,AP,NORTE,2026,8,VAREJO,6.89
BANANA,NANICA,4627,BELÉM-PA,1501402,PA,NORTE,2026,8,VAREJO,7.23
BANANA,PRATA,4629,BELÉM-PA,1501402,PA,NORTE,2026,8,VAREJO,8.22
BANANA,PRATA,4629,PORTO VELHO-RO,1100205,RO,NORTE,2026,8,VAREJO,9.7
BANANA,NANICA,4627,PORTO VELHO-RO,1100205,RO,NORTE,2026,8,VAREJO,8.28
BANANA,PRATA,4629,BOA VISTA-RR,1400100,RR,NORTE,2026,8,VAREJO,8.23
BANANA,NANICA,4627,BOA VISTA-RR,1400100,RR,NORTE,2026,8,VAREJO,8.66
BANANA,PRATA,4629,PALMAS-TO,1721000,TO,NORTE,2026,8,VAREJO,6.64
BANANA,NANICA,4627,PALMAS-TO,1721000,TO,NORTE,2026,8,VAREJO,6.02
BARBANTE,FIBRA,15326,CODAJÁS-AM,1301308,AM,NORTE,2026,7,PREÇO PAGO PELO PRODUTOR,20.0
BARBANTE NYLON,NÃO INFORMADO,11855,SENA MADUREIRA-AC,1200500,AC,NORTE,2026,7,PREÇO PAGO PELO PRODUTOR,29.25
BARBANTE NYLON,PACOTE 100 UNIDADES,14236,XAPURI-AC,1200708,AC,NORTE,2026,7,PREÇO PAGO PELO PRODUTOR,28.0
BARCACA PARA SECAGEM,30 M²,15341,MANICORÉ-AM,1302702,AM,NORTE,2026,7,PREÇO PAGO PELO PRODUTOR,
BARCO,"ALUMÍNIO 8,40 M",14877,ALTAMIRA-PA,1500602,PA,NORTE,2026,7,PREÇO PAGO PELO PRODUTOR,18630.0
BASAGRAN,600 600 G/L BENTAZON,4028,LAGOA DA CONFUSÃO-TO,1711902,TO,NORTE,2026,2,PREÇO PAGO PELO PRODUTOR,135.0
BASAGRAN,600 600 G/L BENTAZON,4028,LAGOA DA CONFUSÃO-TO,1711902,TO,NORTE,2026,3,PREÇO PAGO PELO PRODUTOR,135.0
BATATA,NÃO INFORMADO,5521,RIO BRANCO-AC,1200401,AC,NORTE,2026,5,VAREJO,8.55
BATATA,NÃO INFORMADO,5521,MANAUS-AM,1302603,AM,NORTE,2026,5,VAREJO,5.59
BATATA,NÃO INFORMADO,5521,MACAPÁ-AP,1600303,AP,NORTE,2026,5,VAREJO,7.4
BATATA,NÃO INFORMADO,5521,BELÉM-PA,1501402,PA,NORTE,2026,5,VAREJO,9.01
BATATA,NÃO INFORMADO,5521,PORTO VELHO-RO,1100205,RO,NORTE,2026,5,VAREJO,7.52
BATATA,NÃO INFORMADO,5521,BOA VISTA-RR,1400100,RR,NORTE,2026,5,VAREJO,7.94
BATATA,NÃO INFORMADO,5521,PALMAS-TO,1721000,TO,NORTE,2026,5,VAREJO,9.89
BATATA,NÃO INFORMADO,5521,RIO BRANCO-AC,1200401,AC,NORTE,2026,6,VAREJO,10.45
BATATA,NÃO INFORMADO,5521,MANAUS-AM,1302603,AM,NORTE,2026,6,VAREJO,7.07
BATATA,NÃO INFORMADO,5521,MACAPÁ-AP,1600303,AP,NORTE,2026,6,VAREJO,7.91
BATATA,NÃO INFORMADO,5521,BELÉM-PA,1501402,PA,NORTE,2026,6,VAREJO,10.36
BATATA,NÃO INFORMADO,5521,PORTO VELHO-RO,1100205,RO,NORTE,2026,6,VAREJO,8.56
BATATA,NÃO INFORMADO,5521,BOA VISTA-RR,1400100,RR,NORTE,2026,6,VAREJO,8.87
BATATA,NÃO INFORMADO,5521,PALMAS-TO,1721000,TO,NORTE,2026,6,VAREJO,11.68
BATATA,NÃO INFORMADO,5521,RIO BRANCO-AC,1200401,AC,NORTE,2026,7,VAREJO,9.62
BATATA,NÃO INFORMADO,5521,MANAUS-AM,1302603,AM,NORTE,2026,7,VAREJO,7.66
BATATA,NÃO INFORMADO,5521,MACAPÁ-AP,1600303,AP,NORTE,2026,7,VAREJO,8.61
BATATA,NÃO INFORMADO,5521,BELÉM-PA,1501402,PA,NORTE,2026,7,VAREJO,9.34
BATATA,NÃO INFORMADO,5521,PORTO VELHO-RO,1100205,RO,NORTE,2026,7,VAREJO,8.1
BATATA,NÃO INFORMADO,5521,BOA VISTA-RR,1400100,RR,NORTE,2026,7,VAREJO,9.68
BATATA,NÃO INFORMADO,5521,PALMAS-TO,1721000,TO,NORTE,2026,7,VAREJO,8.26
BATATA,NÃO INFORMADO,5521,RIO BRANCO-AC,1200401,AC,NORTE,2026,8,VAREJO,7.23
BATATA,NÃO INFORMADO,5521,MANAUS-AM,1302603,AM,NORTE,2026,8,VAREJO,6.78
BATATA,NÃO INFORMADO,5521,MACAPÁ-AP,1600303,AP,NORTE,2026,8,VAREJO,8.51
BATATA,NÃO INFORMADO,5521,BELÉM-PA,1501402,PA,NORTE,2026,8,VAREJO,7.69
BATATA,NÃO INFORMADO,5521,PORTO VELHO-RO,1100205,RO,NORTE,2026,8,VAREJO,5.98
BATATA,NÃO INFORMADO,5521,BOA VISTA-RR,1400100,RR,NORTE,2026,8,VAREJO,8.3
BATATA,NÃO INFORMADO,5521,PALMAS-TO,1721000,TO,NORTE,2026,8,VAREJO,6.09
BATATA-DOCE,NÃO INFORMADO,9787,RIO BRANCO-AC,1200401,AC,NORTE,2025,9,PREÇO RECEBIDO P/ PRODUTOR,0.41
BATATA-DOCE,NÃO INFORMADO,9787,MANAQUIRI-AM,1302553,AM,NORTE,2025,9,PREÇO RECEBIDO P/ PRODUTOR,0.9
BATATA-DOCE,NÃO INFORMADO,9787,RIO BRANCO-AC,1200401,AC,NORTE,2025,10,PREÇO RECEBIDO P/ PRODUTOR,0.4
BATATA-DOCE,NÃO INFORMADO,9787,MANAQUIRI-AM,1302553,AM,NORTE,2025,10,PREÇO RECEBIDO P/ PRODUTOR,1.02
BATATA-DOCE,NÃO INFORMADO,9787,RIO BRANCO-AC,1200401,AC,NORTE,2025,11,PREÇO RECEBIDO P/ PRODUTOR,0.4
BATATA-DOCE,NÃO INFORMADO,9787,MANAQUIRI-AM,1302553,AM,NORTE,2025,11,PREÇO RECEBIDO P/ PRODUTOR,1.3
BATATA-DOCE,NÃO INFORMADO,9787,RIO BRANCO-AC,1200401,AC,NORTE,2025,12,PREÇO RECEBIDO P/ PRODUTOR,0.4
BATATA-DOCE,NÃO INFORMADO,9787,MANAQUIRI-AM,1302553,AM,NORTE,2025,12,PREÇO RECEBIDO P/ PRODUTOR,1.2
BAZUCA GRANELEIRA,12 TONELADAS,10549,LAGOA DA CONFUSÃO-TO,1711902,TO,NORTE,2025,11,PREÇO PAGO PELO PRODUTOR,138000.0
BAZUCA GRANELEIRA,16.000 L,14032,PEDRO AFONSO-TO,1716505,TO,NORTE,2025,11,PREÇO PAGO PELO PRODUTOR,128500.0
BAZUCA GRANELEIRA,12 TONELADAS,10549,LAGOA DA CONFUSÃO-TO,1711902,TO,NORTE,2026,2,PREÇO PAGO PELO PRODUTOR,138000.0
BAZUCA GRANELEIRA,12 TONELADAS,10549,LAGOA DA CONFUSÃO-TO,1711902,TO,NORTE,2026,3,PREÇO PAGO PELO PRODUTOR,138000.0
BAZUCA GRANELEIRA,16.000 L,14032,PEDRO AFONSO-TO,1716505,TO,NORTE,2026,3,PREÇO PAGO PELO PRODUTOR,125000.0
BENEFICIAMENTO DO CAFE,NÃO INFORMADO,5439,MACHADINHO D'OESTE-RO,1100130,RO,NORTE,2025,10,PREÇO PAGO PELO PRODUTOR,1.25
BENEFICIAMENTO DO CAFE,"SECAGEM, PILAGEM E T",12594,NOVA BRASILÂNDIA D'OESTE-RO,1100148,RO,NORTE,2025,10,PREÇO PAGO PELO PRODUTOR,1.42
BICA,COM SUPORTE,13148,XAPURI-AC,1200708,AC,NORTE,2026,7,PREÇO PAGO PELO PRODUTOR,1.5
BIM + ALTERNE (KIT),NÃO INFORMADO,10672,LAGOA DA CONFUSÃO-TO,1711902,TO,NORTE,2025,11,PREÇO PAGO PELO PRODUTOR,2138.0
BIM MAX,SC 200 + 160 G/L BEN,14059,LAGOA DA CONFUSÃO-TO,1711902,TO,NORTE,2026,2,PREÇO PAGO PELO PRODUTOR,140.0
BIM MAX,SC 200 + 160 G/L BEN,14059,LAGOA DA CONFUSÃO-TO,1711902,TO,NORTE,2026,3,PREÇO PAGO PELO PRODUTOR,140.0
BIOCROP 10,NÃO INFORMADO,14018,PEDRO AFONSO-TO,1716505,TO,NORTE,2025,11,PREÇO PAGO PELO PRODUTOR,170.0
BIOCROP 10,NÃO INFORMADO,14018,PEDRO AFONSO-TO,1716505,TO,NORTE,2026,3,PREÇO PAGO PELO PRODUTOR,173.4
BOI,GORDO,4193,MARABÁ-PA,1504208,PA,NORTE,2025,9,PREÇO RECEBIDO P/ PRODUTOR,19.32
BOI,GORDO,4193,PARAGOMINAS-PA,1505502,PA,NORTE,2025,9,PREÇO RECEBIDO P/ PRODUTOR,19.67
BOI,GORDO,4193,ARAGUAÍNA-TO,1702109,TO,NORTE,2025,9,PREÇO RECEBIDO P/ PRODUTOR,19.12
BOI,GORDO,4193,GURUPI-TO,1709500,TO,NORTE,2025,9,PREÇO RECEBIDO P/ PRODUTOR,19.1
BOI,GORDO,4193,PARAÍSO DO TOCANTINS-TO,1716109,TO,NORTE,2025,9,PREÇO RECEBIDO P/ PRODUTOR,19.1
BOI,GORDO,4193,MARABÁ-PA,1504208,PA,NORTE,2025,10,PREÇO RECEBIDO P/ PRODUTOR,19.5
BOI,GORDO,4193,PARAGOMINAS-PA,1505502,PA,NORTE,2025,10,PREÇO RECEBIDO P/ PRODUTOR,20.01
BOI,GORDO,4193,ARAGUAÍNA-TO,1702109,TO,NORTE,2025,10,PREÇO RECEBIDO P/ PRODUTOR,19.31
BOI,GORDO,4193,GURUPI-TO,1709500,TO,NORTE,2025,10,PREÇO RECEBIDO P/ PRODUTOR,19.09
BOI,GORDO,4193,PARAÍSO DO TOCANTINS-TO,1716109,TO,NORTE,2025,10,PREÇO RECEBIDO P/ PRODUTOR,19.09
BOI,GORDO,4193,MARABÁ-PA,1504208,PA,NORTE,2025,11,PREÇO RECEBIDO P/ PRODUTOR,20.2
BOI,GORDO,4193,PARAGOMINAS-PA,1505502,PA,NORTE,2025,11,PREÇO RECEBIDO P/ PRODUTOR,20.52
BOI,GORDO,4193,ARAGUAÍNA-TO,1702109,TO,NORTE,2025,11,PREÇO RECEBIDO P/ PRODUTOR,20.03
BOI,GORDO,4193,GURUPI-TO,1709500,TO,NORTE,2025,11,PREÇO RECEBIDO P/ PRODUTOR,19.74
BOI,GORDO,4193,PARAÍSO DO TOCANTINS-TO,1716109,TO,NORTE,2025,11,PREÇO RECEBIDO P/ PRODUTOR,19.74
BOI,GORDO,4193,MARABÁ-PA,1504208,PA,NORTE,2025,12,PREÇO RECEBIDO P/ PRODUTOR,19.97
BOI,GORDO,4193,PARAGOMINAS-PA,1505502,PA,NORTE,2025,12,PREÇO RECEBIDO P/ PRODUTOR,20.52
BOI,GORDO,4193,ARAGUAÍNA-TO,1702109,TO,NORTE,2025,12,PREÇO RECEBIDO P/ PRODUTOR,19.83
BOI,GORDO,4193,GURUPI-TO,1709500,TO,NORTE,2025,12,PREÇO RECEBIDO P/ PRODUTOR,19.9
BOI,GORDO,4193,PARAÍSO DO TOCANTINS-TO,1716109,TO,NORTE,2025,12,PREÇO RECEBIDO P/ PRODUTOR,19.9
BOMBONA,NÃO INFORMADO,7399,BARCELOS-AM,1300409,AM,NORTE,2026,7,PREÇO PAGO PELO PRODUTOR,191.0
BORO,NÃO INFORMADO,5784,FLORESTA DO ARAGUAIA-PA,1503044,PA,NORTE,2026,3,PREÇO PAGO PELO PRODUTOR,17.0
BORO AGRICHEM,NÃO INFORMADO,13977,LAGOA DA CONFUSÃO-TO,1711902,TO,NORTE,2025,11,PREÇO PAGO PELO PRODUTOR,36.9
BORO AGRICHEM,NÃO INFORMADO,13977,LAGOA DA CONFUSÃO-TO,1711902,TO,NORTE,2026,2,PREÇO PAGO PELO PRODUTOR,36.9
BORO AGRICHEM,NÃO INFORMADO,13977,LAGOA DA CONFUSÃO-TO,1711902,TO,NORTE,2026,3,PREÇO PAGO PELO PRODUTOR,36.9
BORRACHA,CERNAMBI VIRGEM PREN,7931,SENA MADUREIRA-AC,1200500,AC,NORTE,2025,9,PREÇO RECEBIDO P/ PRODUTOR,3.5
BORRACHA,CERNAMBI VIRGEM PREN,7931,TARAUACÁ-AC,1200609,AC,NORTE,2025,9,PREÇO RECEBIDO P/ PRODUTOR,3.5
BORRACHA,CERNAMBI VIRGEM PREN,7931,XAPURI-AC,1200708,AC,NORTE,2025,9,PREÇO RECEBIDO P/ PRODUTOR,3.5
BORRACHA,CERNAMBI VIRGEM PREN,7931,CANUTAMA-AM,1300904,AM,NORTE,2025,9,PREÇO RECEBIDO P/ PRODUTOR,6.5
BORRACHA,CERNAMBI VIRGEM PREN,7931,CARAUARI-AM,1301001,AM,NORTE,2025,9,PREÇO RECEBIDO P/ PRODUTOR,6.0
BORRACHA,CERNAMBI VIRGEM PREN,7931,EIRUNEPÉ-AM,1301407,AM,NORTE,2025,9,PREÇO RECEBIDO P/ PRODUTOR,6.5
BORRACHA,CERNAMBI VIRGEM PREN,7931,ITACOATIARA-AM,1301902,AM,NORTE,2025,9,PREÇO RECEBIDO P/ PRODUTOR,6.0
BORRACHA,CERNAMBI VIRGEM PREN,7931,LÁBREA-AM,1302405,AM,NORTE,2025,9,PREÇO RECEBIDO P/ PRODUTOR,3.5
BORRACHA,CERNAMBI VIRGEM PREN,7931,MANICORÉ-AM,1302702,AM,NORTE,2025,9,PREÇO RECEBIDO P/ PRODUTOR,6.0
BORRACHA,CERNAMBI VIRGEM PREN,7931,PAUINI-AM,1303502,AM,NORTE,2025,9,PREÇO RECEBIDO P/ PRODUTOR,6.0
BORRACHA,CERNAMBI VIRGEM PREN,7931,BELTERRA-PA,1501451,PA,NORTE,2025,9,PREÇO RECEBIDO P/ PRODUTOR,3.5
BORRACHA,CERNAMBI VIRGEM PREN,7931,MOCAJUBA-PA,1504604,PA,NORTE,2025,9,PREÇO RECEBIDO P/ PRODUTOR,2.1
BORRACHA,CERNAMBI VIRGEM PREN,7931,COSTA MARQUES-RO,1100080,RO,NORTE,2025,9,PREÇO RECEBIDO P/ PRODUTOR,3.5
BORRACHA,CERNAMBI VIRGEM PREN,7931,GUAJARÁ-MIRIM-RO,1100106,RO,NORTE,2025,9,PREÇO RECEBIDO P/ PRODUTOR,3.5
BORRACHA,CERNAMBI VIRGEM PREN,7931,MACHADINHO D'OESTE-RO,1100130,RO,NORTE,2025,9,PREÇO RECEBIDO P/ PRODUTOR,3.5
BORRACHA,CERNAMBI VIRGEM PREN,7931,VALE DO ANARI-RO,1101757,RO,NORTE,2025,9,PREÇO RECEBIDO P/ PRODUTOR,6.13
BORRACHA,CERNAMBI VIRGEM PREN,7931,SENA MADUREIRA-AC,1200500,AC,NORTE,2025,10,PREÇO RECEBIDO P/ PRODUTOR,3.5
BORRACHA,CERNAMBI VIRGEM PREN,7931,TARAUACÁ-AC,1200609,AC,NORTE,2025,10,PREÇO RECEBIDO P/ PRODUTOR,3.5
BORRACHA,CERNAMBI VIRGEM PREN,7931,XAPURI-AC,1200708,AC,NORTE,2025,10,PREÇO RECEBIDO P/ PRODUTOR,3.5
BORRACHA,CERNAMBI VIRGEM PREN,7931,BOCA DO ACRE-AM,1300706,AM,NORTE,2025,10,PREÇO RECEBIDO P/ PRODUTOR,6.0
BORRACHA,CERNAMBI VIRGEM PREN,7931,CANUTAMA-AM,1300904,AM,NORTE,2025,10,PREÇO RECEBIDO P/ PRODUTOR,6.5
BORRACHA,CERNAMBI VIRGEM PREN,7931,CARAUARI-AM,1301001,AM,NORTE,2025,10,PREÇO RECEBIDO P/ PRODUTOR,6.0
BORRACHA,CERNAMBI VIRGEM PREN,7931,EIRUNEPÉ-AM,1301407,AM,NORTE,2025,10,PREÇO RECEBIDO P/ PRODUTOR,6.5
BORRACHA,CERNAMBI VIRGEM PREN,7931,ITACOATIARA-AM,1301902,AM,NORTE,2025,10,PREÇO RECEBIDO P/ PRODUTOR,6.0
BORRACHA,CERNAMBI VIRGEM PREN,7931,LÁBREA-AM,1302405,AM,NORTE,2025,10,PREÇO RECEBIDO P/ PRODUTOR,3.5
BORRACHA,CERNAMBI VIRGEM PREN,7931,MANICORÉ-AM,1302702,AM,NORTE,2025,10,PREÇO RECEBIDO P/ PRODUTOR,6.0
BORRACHA,CERNAMBI VIRGEM PREN,7931,PAUINI-AM,1303502,AM,NORTE,2025,10,PREÇO RECEBIDO P/ PRODUTOR,6.5
BORRACHA,CERNAMBI VIRGEM PREN,7931,BELTERRA-PA,1501451,PA,NORTE,2025,10,PREÇO RECEBIDO P/ PRODUTOR,3.5
BORRACHA,CERNAMBI VIRGEM PREN,7931,MOCAJUBA-PA,1504604,PA,NORTE,2025,10,PREÇO RECEBIDO P/ PRODUTOR,2.1
BORRACHA,CERNAMBI VIRGEM PREN,7931,COSTA MARQUES-RO,1100080,RO,NORTE,2025,10,PREÇO RECEBIDO P/ PRODUTOR,3.5
BORRACHA,CERNAMBI VIRGEM PREN,7931,GUAJARÁ-MIRIM-RO,1100106,RO,NORTE,2025,10,PREÇO RECEBIDO P/ PRODUTOR,3.5
BORRACHA,CERNAMBI VIRGEM PREN,7931,MACHADINHO D'OESTE-RO,1100130,RO,NORTE,2025,10,PREÇO RECEBIDO P/ PRODUTOR,4.04
BORRACHA,CERNAMBI VIRGEM PREN,7931,VALE DO ANARI-RO,1101757,RO,NORTE,2025,10,PREÇO RECEBIDO P/ PRODUTOR,6.0
BORRACHA,CERNAMBI VIRGEM PREN,7931,SENA MADUREIRA-AC,1200500,AC,NORTE,2025,11,PREÇO RECEBIDO P/ PRODUTOR,3.5
BORRACHA,CERNAMBI VIRGEM PREN,7931,TARAUACÁ-AC,1200609,AC,NORTE,2025,11,PREÇO RECEBIDO P/ PRODUTOR,3.5
BORRACHA,CERNAMBI VIRGEM PREN,7931,XAPURI-AC,1200708,AC,NORTE,2025,11,PREÇO RECEBIDO P/ PRODUTOR,3.5
BORRACHA,CERNAMBI VIRGEM PREN,7931,BOCA DO ACRE-AM,1300706,AM,NORTE,2025,11,PREÇO RECEBIDO P/ PRODUTOR,6.5
BORRACHA,CERNAMBI VIRGEM PREN,7931,CANUTAMA-AM,1300904,AM,NORTE,2025,11,PREÇO RECEBIDO P/ PRODUTOR,6.0
BORRACHA,CERNAMBI VIRGEM PREN,7931,CARAUARI-AM,1301001,AM,NORTE,2025,11,PREÇO RECEBIDO P/ PRODUTOR,6.0
BORRACHA,CERNAMBI VIRGEM PREN,7931,EIRUNEPÉ-AM,1301407,AM,NORTE,2025,11,PREÇO RECEBIDO P/ PRODUTOR,6.5
BORRACHA,CERNAMBI VIRGEM PREN,7931,ITACOATIARA-AM,1301902,AM,NORTE,2025,11,PREÇO RECEBIDO P/ PRODUTOR,6.0
BORRACHA,CERNAMBI VIRGEM PREN,7931,LÁBREA-AM,1302405,AM,NORTE,2025,11,PREÇO RECEBIDO P/ PRODUTOR,3.5
BORRACHA,CERNAMBI VIRGEM PREN,7931,MANICORÉ-AM,1302702,AM,NORTE,2025,11,PREÇO RECEBIDO P/ PRODUTOR,6.5
BORRACHA,CERNAMBI VIRGEM PREN,7931,PAUINI-AM,1303502,AM,NORTE,2025,11,PREÇO RECEBIDO P/ PRODUTOR,6.5
BORRACHA,CERNAMBI VIRGEM PREN,7931,BELTERRA-PA,1501451,PA,NORTE,2025,11,PREÇO RECEBIDO P/ PRODUTOR,3.5
BORRACHA,CERNAMBI VIRGEM PREN,7931,MOCAJUBA-PA,1504604,PA,NORTE,2025,11,PREÇO RECEBIDO P/ PRODUTOR,2.1
BORRACHA,CERNAMBI VIRGEM PREN,7931,COSTA MARQUES-RO,1100080,RO,NORTE,2025,11,PREÇO RECEBIDO P/ PRODUTOR,3.5
BORRACHA,CERNAMBI VIRGEM PREN,7931,GUAJARÁ-MIRIM-RO,1100106,RO,NORTE,2025,11,PREÇO RECEBIDO P/ PRODUTOR,3.5
BORRACHA,CERNAMBI VIRGEM PREN,7931,MACHADINHO D'OESTE-RO,1100130,RO,NORTE,2025,11,PREÇO RECEBIDO P/ PRODUTOR,6.58
BORRACHA,CERNAMBI VIRGEM PREN,7931,VALE DO ANARI-RO,1101757,RO,NORTE,2025,11,PREÇO RECEBIDO P/ PRODUTOR,6.25
BORRACHA,CERNAMBI VIRGEM PREN,7931,SENA MADUREIRA-AC,1200500,AC,NORTE,2025,12,PREÇO RECEBIDO P/ PRODUTOR,3.5
BORRACHA,CERNAMBI VIRGEM PREN,7931,TARAUACÁ-AC,1200609,AC,NORTE,2025,12,PREÇO RECEBIDO P/ PRODUTOR,3.5
BORRACHA,CERNAMBI VIRGEM PREN,7931,XAPURI-AC,1200708,AC,NORTE,2025,12,PREÇO RECEBIDO P/ PRODUTOR,3.5
BORRACHA,CERNAMBI VIRGEM PREN,7931,BOCA DO ACRE-AM,1300706,AM,NORTE,2025,12,PREÇO RECEBIDO P/ PRODUTOR,6.0
BORRACHA,CERNAMBI VIRGEM PREN,7931,CANUTAMA-AM,1300904,AM,NORTE,2025,12,PREÇO RECEBIDO P/ PRODUTOR,6.5
BORRACHA,CERNAMBI VIRGEM PREN,7931,CARAUARI-AM,1301001,AM,NORTE,2025,12,PREÇO RECEBIDO P/ PRODUTOR,6.5
BORRACHA,CERNAMBI VIRGEM PREN,7931,EIRUNEPÉ-AM,1301407,AM,NORTE,2025,12,PREÇO RECEBIDO P/ PRODUTOR,6.5
BORRACHA,CERNAMBI VIRGEM PREN,7931,ITACOATIARA-AM,1301902,AM,NORTE,2025,12,PREÇO RECEBIDO P/ PRODUTOR,6.5
BORRACHA,CERNAMBI VIRGEM PREN,7931,MANICORÉ-AM,1302702,AM,NORTE,2025,12,PREÇO RECEBIDO P/ PRODUTOR,6.0
BORRACHA,CERNAMBI VIRGEM PREN,7931,PAUINI-AM,1303502,AM,NORTE,2025,12,PREÇO RECEBIDO P/ PRODUTOR,6.0
BORRACHA,CERNAMBI VIRGEM PREN,7931,BELTERRA-PA,1501451,PA,NORTE,2025,12,PREÇO RECEBIDO P/ PRODUTOR,3.5
BORRACHA,CERNAMBI VIRGEM PREN,7931,MOCAJUBA-PA,1504604,PA,NORTE,2025,12,PREÇO RECEBIDO P/ PRODUTOR,2.1
BORRACHA,CERNAMBI VIRGEM PREN,7931,COSTA MARQUES-RO,1100080,RO,NORTE,2025,12,PREÇO RECEBIDO P/ PRODUTOR,3.5
BORRACHA,CERNAMBI VIRGEM PREN,7931,GUAJARÁ-MIRIM-RO,1100106,RO,NORTE,2025,12,PREÇO RECEBIDO P/ PRODUTOR,3.5
BORRACHA,CERNAMBI VIRGEM PREN,7931,MACHADINHO D'OESTE-RO,1100130,RO,NORTE,2025,12,PREÇO RECEBIDO P/ PRODUTOR,6.5
BORRACHA,CERNAMBI VIRGEM PREN,7931,VALE DO ANARI-RO,1101757,RO,NORTE,2025,12,PREÇO RECEBIDO P/ PRODUTOR,6.11
BORRACHA NATURAL,DRC 60%,14156,ARAGUAÇU-TO,1702000,TO,NORTE,2025,9,PREÇO RECEBIDO P/ PRODUTOR,5.7
BORRACHA NATURAL,DRC 60%,14156,PALMEIRÓPOLIS-TO,1715754,TO,NORTE,2025,9,PREÇO RECEBIDO P/ PRODUTOR,5.7
BORRACHA NATURAL,DRC 60%,14156,ARAGUAÇU-TO,1702000,TO,NORTE,2025,10,PREÇO RECEBIDO P/ PRODUTOR,5.7
BORRACHA NATURAL,DRC 60%,14156,PALMEIRÓPOLIS-TO,1715754,TO,NORTE,2025,10,PREÇO RECEBIDO P/ PRODUTOR,5.7
BORRACHA NATURAL,DRC 60%,14156,ARAGUAÇU-TO,1702000,TO,NORTE,2025,11,PREÇO RECEBIDO P/ PRODUTOR,5.39
BORRACHA NATURAL,DRC 60%,14156,PALMEIRÓPOLIS-TO,1715754,TO,NORTE,2025,11,PREÇO RECEBIDO P/ PRODUTOR,5.39
BORRACHA NATURAL,DRC 60%,14156,ARAGUAÇU-TO,1702000,TO,NORTE,2025,12,PREÇO RECEBIDO P/ PRODUTOR,5.07
BORRACHA NATURAL,DRC 60%,14156,PALMEIRÓPOLIS-TO,1715754,TO,NORTE,2025,12,PREÇO RECEBIDO P/ PRODUTOR,5.07
BOTA,SETE LÉGUAS,11612,MEDICILÂNDIA-PA,1504455,PA,NORTE,2026,3,PREÇO PAGO PELO PRODUTOR,
BOTA,SETE LÉGUAS,11612,SENA MADUREIRA-AC,1200500,AC,NORTE,2026,7,PREÇO PAGO PELO PRODUTOR,
BOTA,SETE LÉGUAS,11612,XAPURI-AC,1200708,AC,NORTE,2026,7,PREÇO PAGO PELO PRODUTOR,75.0
BOTA,SETE LÉGUAS,11612,BOCA DO ACRE-AM,1300706,AM,NORTE,2026,7,PREÇO PAGO PELO PRODUTOR,64.0
BOTA,SETE LÉGUAS,11612,COARI-AM,1301209,AM,NORTE,2026,7,PREÇO PAGO PELO PRODUTOR,
BOTA,SETE LÉGUAS,11612,CODAJÁS-AM,1301308,AM,NORTE,2026,7,PREÇO PAGO PELO PRODUTOR,
BOTA,SETE LÉGUAS,11612,LÁBREA-AM,1302405,AM,NORTE,2026,7,PREÇO PAGO PELO PRODUTOR,75.0
BOTA,SETE LÉGUAS,11612,MANICORÉ-AM,1302702,AM,NORTE,2026,7,PREÇO PAGO PELO PRODUTOR,60.0
BOTA,COURO BRACOL,13890,BELTERRA-PA,1501451,PA,NORTE,2026,7,PREÇO PAGO PELO PRODUTOR,
BOTA,SETE LÉGUAS,11612,COLARES-PA,1502608,PA,NORTE,2026,7,PREÇO PAGO PELO PRODUTOR,
BOTA,SETE LÉGUAS,11612,CURRALINHO-PA,1502806,PA,NORTE,2026,7,PREÇO PAGO PELO PRODUTOR,
BOTA,DE CANO LONGO,12414,IGARAPÉ-MIRI-PA,1503309,PA,NORTE,2026,7,PREÇO PAGO PELO PRODUTOR,80.0
BOTA,SETE LÉGUAS,11612,LIMOEIRO DO AJURU-PA,1504000,PA,NORTE,2026,7,PREÇO PAGO PELO PRODUTOR,
BOTA,SETE LÉGUAS,11612,ORIXIMINÁ-PA,1505304,PA,NORTE,2026,7,PREÇO PAGO PELO PRODUTOR,80.0
BOTA,SETE LÉGUAS,11612,ORIXIMINÁ-PA,1505304,PA,NORTE,2026,7,PREÇO PAGO PELO PRODUTOR,
BOTIJAO DE GAS 13 KG,NÃO INFORMADO,8021,CARAUARI-AM,1301001,AM,NORTE,2026,7,PREÇO PAGO PELO PRODUTOR,163.0
BOTINA,NÃO INFORMADO,12285,ALTAMIRA-PA,1500602,PA,NORTE,2026,7,PREÇO PAGO PELO PRODUTOR,
BOVINO / EQUINO / MUARES,NÃO INFORMADO,5899,XAPURI-AC,1200708,AC,NORTE,2026,7,PREÇO PAGO PELO PRODUTOR,0.45
BURITI,FRUTO,11117,MÂNCIO LIMA-AC,1200336,AC,NORTE,2025,9,PREÇO RECEBIDO P/ PRODUTOR,0.91
BURITI,FRUTO,11117,EIRUNEPÉ-AM,1301407,AM,NORTE,2025,9,PREÇO RECEBIDO P/ PRODUTOR,1.44
BURITI,FRUTO,11117,PRESIDENTE FIGUEIREDO-AM,1303536,AM,NORTE,2025,9,PREÇO RECEBIDO P/ PRODUTOR,1.35
BURITI,FRUTO,11117,VIGIA-PA,1508209,PA,NORTE,2025,9,PREÇO RECEBIDO P/ PRODUTOR,1.1
BURITI,FRUTO,11117,ALTO ALEGRE-RR,1400050,RR,NORTE,2025,9,PREÇO RECEBIDO P/ PRODUTOR,1.63
BURITI,FRUTO,11117,MÂNCIO LIMA-AC,1200336,AC,NORTE,2025,10,PREÇO RECEBIDO P/ PRODUTOR,0.91
BURITI,FRUTO,11117,EIRUNEPÉ-AM,1301407,AM,NORTE,2025,10,PREÇO RECEBIDO P/ PRODUTOR,1.45
BURITI,FRUTO,11117,PRESIDENTE FIGUEIREDO-AM,1303536,AM,NORTE,2025,10,PREÇO RECEBIDO P/ PRODUTOR,1.34
BURITI,FRUTO,11117,VIGIA-PA,1508209,PA,NORTE,2025,10,PREÇO RECEBIDO P/ PRODUTOR,1.1
BURITI,FRUTO,11117,ALTO ALEGRE-RR,1400050,RR,NORTE,2025,10,PREÇO RECEBIDO P/ PRODUTOR,1.65
BURITI,FRUTO,11117,MÂNCIO LIMA-AC,1200336,AC,NORTE,2025,11,PREÇO RECEBIDO P/ PRODUTOR,0.91
BURITI,FRUTO,11117,PRESIDENTE FIGUEIREDO-AM,1303536,AM,NORTE,2025,11,PREÇO RECEBIDO P/ PRODUTOR,1.54
BURITI,FRUTO,11117,VIGIA-PA,1508209,PA,NORTE,2025,11,PREÇO RECEBIDO P/ PRODUTOR,1.1
BURITI,FRUTO,11117,ALTO ALEGRE-RR,1400050,RR,NORTE,2025,11,PREÇO RECEBIDO P/ PRODUTOR,1.65
BURITI,FRUTO,11117,MÂNCIO LIMA-AC,1200336,AC,NORTE,2025,12,PREÇO RECEBIDO P/ PRODUTOR,0.85
BURITI,FRUTO,11117,PRESIDENTE FIGUEIREDO-AM,1303536,AM,NORTE,2025,12,PREÇO RECEBIDO P/ PRODUTOR,1.53
BURITI,FRUTO,11117,VIGIA-PA,1508209,PA,NORTE,2025,12,PREÇO RECEBIDO P/ PRODUTOR,1.13
BURITI,FRUTO,11117,ALTO ALEGRE-RR,1400050,RR,NORTE,2025,12,PREÇO RECEBIDO P/ PRODUTOR,1.65
CACAU CULTIVADO,NÃO INFORMADO,11953,MEDICILÂNDIA-PA,1504455,PA,NORTE,2025,9,PREÇO RECEBIDO P/ PRODUTOR,27.75
CACAU CULTIVADO,NÃO INFORMADO,11953,ARIQUEMES-RO,1100023,RO,NORTE,2025,9,PREÇO RECEBIDO P/ PRODUTOR,31.81
CACAU CULTIVADO,NÃO INFORMADO,11953,OURO PRETO DO OESTE-RO,1100155,RO,NORTE,2025,9,PREÇO RECEBIDO P/ PRODUTOR,31.83
CACAU CULTIVADO,NÃO INFORMADO,11953,MEDICILÂNDIA-PA,1504455,PA,NORTE,2025,10,PREÇO RECEBIDO P/ PRODUTOR,20.65
CACAU CULTIVADO,NÃO INFORMADO,11953,ARIQUEMES-RO,1100023,RO,NORTE,2025,10,PREÇO RECEBIDO P/ PRODUTOR,17.39
CACAU CULTIVADO,NÃO INFORMADO,11953,OURO PRETO DO OESTE-RO,1100155,RO,NORTE,2025,10,PREÇO RECEBIDO P/ PRODUTOR,21.76
CACAU CULTIVADO,NÃO INFORMADO,11953,MEDICILÂNDIA-PA,1504455,PA,NORTE,2025,11,PREÇO RECEBIDO P/ PRODUTOR,22.0
CACAU CULTIVADO,NÃO INFORMADO,11953,ARIQUEMES-RO,1100023,RO,NORTE,2025,11,PREÇO RECEBIDO P/ PRODUTOR,22.0
CACAU CULTIVADO,NÃO INFORMADO,11953,OURO PRETO DO OESTE-RO,1100155,RO,NORTE,2025,11,PREÇO RECEBIDO P/ PRODUTOR,21.26
CACAU CULTIVADO,NÃO INFORMADO,11953,MEDICILÂNDIA-PA,1504455,PA,NORTE,2025,12,PREÇO RECEBIDO P/ PRODUTOR,23.52
CACAU CULTIVADO,NÃO INFORMADO,11953,ARIQUEMES-RO,1100023,RO,NORTE,2025,12,PREÇO RECEBIDO P/ PRODUTOR,22.46
CACAU CULTIVADO,NÃO INFORMADO,11953,OURO PRETO DO OESTE-RO,1100155,RO,NORTE,2025,12,PREÇO RECEBIDO P/ PRODUTOR,25.34
CACAU EXTRATIVO,AMÊNDOA,10920,BOCA DO ACRE-AM,1300706,AM,NORTE,2025,9,PREÇO RECEBIDO P/ PRODUTOR,32.0
CACAU EXTRATIVO,AMÊNDOA,10920,BORBA-AM,1300805,AM,NORTE,2025,9,PREÇO RECEBIDO P/ PRODUTOR,39.0
CACAU EXTRATIVO,AMÊNDOA,10920,COARI-AM,1301209,AM,NORTE,2025,9,PREÇO RECEBIDO P/ PRODUTOR,37.0
CACAU EXTRATIVO,AMÊNDOA,10920,CODAJÁS-AM,1301308,AM,NORTE,2025,9,PREÇO RECEBIDO P/ PRODUTOR,32.0
CACAU EXTRATIVO,AMÊNDOA,10920,MANICORÉ-AM,1302702,AM,NORTE,2025,9,PREÇO RECEBIDO P/ PRODUTOR,38.5
CACAU EXTRATIVO,AMÊNDOA,10920,BOCA DO ACRE-AM,1300706,AM,NORTE,2025,10,PREÇO RECEBIDO P/ PRODUTOR,30.0
CACAU EXTRATIVO,AMÊNDOA,10920,BORBA-AM,1300805,AM,NORTE,2025,10,PREÇO RECEBIDO P/ PRODUTOR,37.0
CACAU EXTRATIVO,AMÊNDOA,10920,COARI-AM,1301209,AM,NORTE,2025,10,PREÇO RECEBIDO P/ PRODUTOR,37.0
CACAU EXTRATIVO,AMÊNDOA,10920,CODAJÁS-AM,1301308,AM,NORTE,2025,10,PREÇO RECEBIDO P/ PRODUTOR,32.0
CACAU EXTRATIVO,AMÊNDOA,10920,MANICORÉ-AM,1302702,AM,NORTE,2025,10,PREÇO RECEBIDO P/ PRODUTOR,35.0
CACAU EXTRATIVO,AMÊNDOA,10920,VIGIA-PA,1508209,PA,NORTE,2025,10,PREÇO RECEBIDO P/ PRODUTOR,8.93
CACAU EXTRATIVO,AMÊNDOA,10920,BOCA DO ACRE-AM,1300706,AM,NORTE,2025,11,PREÇO RECEBIDO P/ PRODUTOR,32.0
CACAU EXTRATIVO,AMÊNDOA,10920,BORBA-AM,1300805,AM,NORTE,2025,11,PREÇO RECEBIDO P/ PRODUTOR,35.0
CACAU EXTRATIVO,AMÊNDOA,10920,COARI-AM,1301209,AM,NORTE,2025,11,PREÇO RECEBIDO P/ PRODUTOR,37.0
CACAU EXTRATIVO,AMÊNDOA,10920,CODAJÁS-AM,1301308,AM,NORTE,2025,11,PREÇO RECEBIDO P/ PRODUTOR,32.0
CACAU EXTRATIVO,AMÊNDOA,10920,MANICORÉ-AM,1302702,AM,NORTE,2025,11,PREÇO RECEBIDO P/ PRODUTOR,35.0
CACAU EXTRATIVO,AMÊNDOA,10920,VIGIA-PA,1508209,PA,NORTE,2025,11,PREÇO RECEBIDO P/ PRODUTOR,6.0
CACAU EXTRATIVO,AMÊNDOA,10920,BOCA DO ACRE-AM,1300706,AM,NORTE,2025,12,PREÇO RECEBIDO P/ PRODUTOR,35.0
CACAU EXTRATIVO,AMÊNDOA,10920,BORBA-AM,1300805,AM,NORTE,2025,12,PREÇO RECEBIDO P/ PRODUTOR,35.0
CACAU EXTRATIVO,AMÊNDOA,10920,COARI-AM,1301209,AM,NORTE,2025,12,PREÇO RECEBIDO P/ PRODUTOR,35.0
CACAU EXTRATIVO,AMÊNDOA,10920,CODAJÁS-AM,1301308,AM,NORTE,2025,12,PREÇO RECEBIDO P/ PRODUTOR,35.0
CACAU EXTRATIVO,AMÊNDOA,10920,MANICORÉ-AM,1302702,AM,NORTE,2025,12,PREÇO RECEBIDO P/ PRODUTOR,37.0
CACAU EXTRATIVO,AMÊNDOA,10920,VIGIA-PA,1508209,PA,NORTE,2025,12,PREÇO RECEBIDO P/ PRODUTOR,6.46
CAFE,CONILLON,7090,ACRELÂNDIA-AC,1200013,AC,NORTE,2025,9,PREÇO RECEBIDO P/ PRODUTOR,17.09
CAFE,CONILLON,7090,RIO BRANCO-AC,1200401,AC,NORTE,2025,9,PREÇO RECEBIDO P/ PRODUTOR,17.09
CAFE,MOÍDO E TORRADO,4704,RIO BRANCO-AC,1200401,AC,NORTE,2025,9,ATACADO,78.85
CAFE,MOÍDO E TORRADO,4704,RIO BRANCO-AC,1200401,AC,NORTE,2025,9,VAREJO,73.06
CAFE,CONILLON TIPO 7,6935,APUÍ-AM,1300144,AM,NORTE,2025,9,PREÇO RECEBIDO P/ PRODUTOR,23.29
CAFE,MOÍDO E TORRADO,4704,MANAUS-AM,1302603,AM,NORTE,2025,9,VAREJO,69.76
CAFE,MOÍDO E TORRADO,4704,MACAPÁ-AP,1600303,AP,NORTE,2025,9,ATACADO,64.01
CAFE,MOÍDO E TORRADO,4704,MACAPÁ-AP,1600303,AP,NORTE,2025,9,VAREJO,67.45
CAFE,MOÍDO E TORRADO,4704,BELÉM-PA,1501402,PA,NORTE,2025,9,VAREJO,70.11
CAFE,MOÍDO E TORRADO,4704,BELÉM-PA,1501402,PA,NORTE,2025,9,ATACADO,65.8
CAFE,CONILLON BICA CORRID,11239,ALTA FLORESTA D'OESTE-RO,1100015,RO,NORTE,2025,9,PREÇO RECEBIDO P/ PRODUTOR,21.96
CAFE,CONILLON BICA CORRID,11239,ALTO ALEGRE DOS PARECIS-RO,1100379,RO,NORTE,2025,9,PREÇO RECEBIDO P/ PRODUTOR,20.92
CAFE,CONILLON BICA CORRID,11239,CACOAL-RO,1100049,RO,NORTE,2025,9,PREÇO RECEBIDO P/ PRODUTOR,22.08
CAFE,CONILLON BICA CORRID,11239,MACHADINHO D'OESTE-RO,1100130,RO,NORTE,2025,9,PREÇO RECEBIDO P/ PRODUTOR,22.92
CAFE,CONILLON BICA CORRID,11239,NOVA BRASILÂNDIA D'OESTE-RO,1100148,RO,NORTE,2025,9,PREÇO RECEBIDO P/ PRODUTOR,22.21
CAFE,MOÍDO E TORRADO,4704,PORTO VELHO-RO,1100205,RO,NORTE,2025,9,ATACADO,63.34
CAFE,MOÍDO E TORRADO,4704,PORTO VELHO-RO,1100205,RO,NORTE,2025,9,VAREJO,73.56
CAFE,CONILLON BICA CORRID,11239,SÃO MIGUEL DO GUAPORÉ-RO,1100320,RO,NORTE,2025,9,PREÇO RECEBIDO P/ PRODUTOR,21.71
CAFE,MOÍDO E TORRADO,4704,BOA VISTA-RR,1400100,RR,NORTE,2025,9,ATACADO,55.56
CAFE,MOÍDO E TORRADO,4704,BOA VISTA-RR,1400100,RR,NORTE,2025,9,VAREJO,71.97
CAFE,MOÍDO E TORRADO,4704,PALMAS-TO,1721000,TO,NORTE,2025,9,VAREJO,74.51
CAFE,MOÍDO E TORRADO,4704,PALMAS-TO,1721000,TO,NORTE,2025,9,ATACADO,63.48
CAFE,CONILLON,7090,ACRELÂNDIA-AC,1200013,AC,NORTE,2025,10,PREÇO RECEBIDO P/ PRODUTOR,18.32
CAFE,CONILLON,7090,RIO BRANCO-AC,1200401,AC,NORTE,2025,10,PREÇO RECEBIDO P/ PRODUTOR,18.35
CAFE,MOÍDO E TORRADO,4704,RIO BRANCO-AC,1200401,AC,NORTE,2025,10,ATACADO,79.2
CAFE,MOÍDO E TORRADO,4704,RIO BRANCO-AC,1200401,AC,NORTE,2025,10,VAREJO,72.23
CAFE,CONILLON TIPO 7,6935,APUÍ-AM,1300144,AM,NORTE,2025,10,PREÇO RECEBIDO P/ PRODUTOR,23.26
CAFE,MOÍDO E TORRADO,4704,MANAUS-AM,1302603,AM,NORTE,2025,10,VAREJO,69.74
CAFE,MOÍDO E TORRADO,4704,MACAPÁ-AP,1600303,AP,NORTE,2025,10,ATACADO,62.7
CAFE,MOÍDO E TORRADO,4704,MACAPÁ-AP,1600303,AP,NORTE,2025,10,VAREJO,66.95
CAFE,MOÍDO E TORRADO,4704,BELÉM-PA,1501402,PA,NORTE,2025,10,VAREJO,69.87
CAFE,MOÍDO E TORRADO,4704,BELÉM-PA,1501402,PA,NORTE,2025,10,ATACADO,62.94
CAFE,CONILLON BICA CORRID,11239,ALTA FLORESTA D'OESTE-RO,1100015,RO,NORTE,2025,10,PREÇO RECEBIDO P/ PRODUTOR,21.58
CAFE,CONILLON BICA CORRID,11239,ALTO ALEGRE DOS PARECIS-RO,1100379,RO,NORTE,2025,10,PREÇO RECEBIDO P/ PRODUTOR,21.16
CAFE,CONILLON BICA CORRID,11239,CACOAL-RO,1100049,RO,NORTE,2025,10,PREÇO RECEBIDO P/ PRODUTOR,19.12
CAFE,CONILLON BICA CORRID,11239,MACHADINHO D'OESTE-RO,1100130,RO,NORTE,2025,10,PREÇO RECEBIDO P/ PRODUTOR,21.52
CAFE,CONILLON BICA CORRID,11239,NOVA BRASILÂNDIA D'OESTE-RO,1100148,RO,NORTE,2025,10,PREÇO RECEBIDO P/ PRODUTOR,22.39
CAFE,MOÍDO E TORRADO,4704,PORTO VELHO-RO,1100205,RO,NORTE,2025,10,ATACADO,65.4
CAFE,MOÍDO E TORRADO,4704,PORTO VELHO-RO,1100205,RO,NORTE,2025,10,VAREJO,73.91
CAFE,CONILLON BICA CORRID,11239,SÃO MIGUEL DO GUAPORÉ-RO,1100320,RO,NORTE,2025,10,PREÇO RECEBIDO P/ PRODUTOR,21.49
CAFE,MOÍDO E TORRADO,4704,BOA VISTA-RR,1400100,RR,NORTE,2025,10,ATACADO,51.96
CAFE,MOÍDO E TORRADO,4704,BOA VISTA-RR,1400100,RR,NORTE,2025,10,VAREJO,71.79
CAFE,MOÍDO E TORRADO,4704,PALMAS-TO,1721000,TO,NORTE,2025,10,VAREJO,73.75
CAFE,MOÍDO E TORRADO,4704,PALMAS-TO,1721000,TO,NORTE,2025,10,ATACADO,63.88
CAFE,CONILLON,7090,ACRELÂNDIA-AC,1200013,AC,NORTE,2025,11,PREÇO RECEBIDO P/ PRODUTOR,19.15
CAFE,CONILLON,7090,RIO BRANCO-AC,1200401,AC,NORTE,2025,11,PREÇO RECEBIDO P/ PRODUTOR,19.15
CAFE,MOÍDO E TORRADO,4704,RIO BRANCO-AC,1200401,AC,NORTE,2025,11,VAREJO,71.99
CAFE,MOÍDO E TORRADO,4704,RIO BRANCO-AC,1200401,AC,NORTE,2025,11,ATACADO,79.2
CAFE,CONILLON TIPO 7,6935,APUÍ-AM,1300144,AM,NORTE,2025,11,PREÇO RECEBIDO P/ PRODUTOR,23.13
CAFE,MOÍDO E TORRADO,4704,MANAUS-AM,1302603,AM,NORTE,2025,11,VAREJO,67.68
CAFE,MOÍDO E TORRADO,4704,MACAPÁ-AP,1600303,AP,NORTE,2025,11,VAREJO,68.15
CAFE,MOÍDO E TORRADO,4704,MACAPÁ-AP,1600303,AP,NORTE,2025,11,ATACADO,59.82
CAFE,MOÍDO E TORRADO,4704,BELÉM-PA,1501402,PA,NORTE,2025,11,VAREJO,69.89
CAFE,MOÍDO E TORRADO,4704,BELÉM-PA,1501402,PA,NORTE,2025,11,ATACADO,59.15
CAFE,CONILLON BICA CORRID,11239,ALTA FLORESTA D'OESTE-RO,1100015,RO,NORTE,2025,11,PREÇO RECEBIDO P/ PRODUTOR,21.99
CAFE,CONILLON BICA CORRID,11239,ALTO ALEGRE DOS PARECIS-RO,1100379,RO,NORTE,2025,11,PREÇO RECEBIDO P/ PRODUTOR,21.82
CAFE,CONILLON BICA CORRID,11239,CACOAL-RO,1100049,RO,NORTE,2025,11,PREÇO RECEBIDO P/ PRODUTOR,20.25
CAFE,CONILLON BICA CORRID,11239,MACHADINHO D'OESTE-RO,1100130,RO,NORTE,2025,11,PREÇO RECEBIDO P/ PRODUTOR,20.42
CAFE,CONILLON BICA CORRID,11239,NOVA BRASILÂNDIA D'OESTE-RO,1100148,RO,NORTE,2025,11,PREÇO RECEBIDO P/ PRODUTOR,22.5
CAFE,MOÍDO E TORRADO,4704,PORTO VELHO-RO,1100205,RO,NORTE,2025,11,ATACADO,70.81
CAFE,MOÍDO E TORRADO,4704,PORTO VELHO-RO,1100205,RO,NORTE,2025,11,VAREJO,73.24
CAFE,CONILLON BICA CORRID,11239,SÃO MIGUEL DO GUAPORÉ-RO,1100320,RO,NORTE,2025,11,PREÇO RECEBIDO P/ PRODUTOR,21.78
CAFE,MOÍDO E TORRADO,4704,BOA VISTA-RR,1400100,RR,NORTE,2025,11,ATACADO,51.8
CAFE,MOÍDO E TORRADO,4704,BOA VISTA-RR,1400100,RR,NORTE,2025,11,VAREJO,71.8
CAFE,MOÍDO E TORRADO,4704,PALMAS-TO,1721000,TO,NORTE,2025,11,VAREJO,73.76
CAFE,MOÍDO E TORRADO,4704,PALMAS-TO,1721000,TO,NORTE,2025,11,ATACADO,62.17
CAFE,CONILLON,7090,ACRELÂNDIA-AC,1200013,AC,NORTE,2025,12,PREÇO RECEBIDO P/ PRODUTOR,18.81
CAFE,CONILLON,7090,RIO BRANCO-AC,1200401,AC,NORTE,2025,12,PREÇO RECEBIDO P/ PRODUTOR,18.85
CAFE,MOÍDO E TORRADO,4704,RIO BRANCO-AC,1200401,AC,NORTE,2025,12,ATACADO,77.92
CAFE,MOÍDO E TORRADO,4704,RIO BRANCO-AC,1200401,AC,NORTE,2025,12,VAREJO,70.96
CAFE,CONILLON TIPO 7,6935,APUÍ-AM,1300144,AM,NORTE,2025,12,PREÇO RECEBIDO P/ PRODUTOR,22.24
CAFE,MOÍDO E TORRADO,4704,MANAUS-AM,1302603,AM,NORTE,2025,12,VAREJO,70.37
CAFE,MOÍDO E TORRADO,4704,MACAPÁ-AP,1600303,AP,NORTE,2025,12,VAREJO,68.1
CAFE,MOÍDO E TORRADO,4704,MACAPÁ-AP,1600303,AP,NORTE,2025,12,ATACADO,58.49
CAFE,MOÍDO E TORRADO,4704,BELÉM-PA,1501402,PA,NORTE,2025,12,VAREJO,69.26
CAFE,MOÍDO E TORRADO,4704,BELÉM-PA,1501402,PA,NORTE,2025,12,ATACADO,58.14
CAFE,CONILLON BICA CORRID,11239,ALTA FLORESTA D'OESTE-RO,1100015,RO,NORTE,2025,12,PREÇO RECEBIDO P/ PRODUTOR,19.86
CAFE,CONILLON BICA CORRID,11239,ALTO ALEGRE DOS PARECIS-RO,1100379,RO,NORTE,2025,12,PREÇO RECEBIDO P/ PRODUTOR,20.44
CAFE,CONILLON BICA CORRID,11239,CACOAL-RO,1100049,RO,NORTE,2025,12,PREÇO RECEBIDO P/ PRODUTOR,22.07
CAFE,CONILLON BICA CORRID,11239,MACHADINHO D'OESTE-RO,1100130,RO,NORTE,2025,12,PREÇO RECEBIDO P/ PRODUTOR,19.89
CAFE,CONILLON BICA CORRID,11239,NOVA BRASILÂNDIA D'OESTE-RO,1100148,RO,NORTE,2025,12,PREÇO RECEBIDO P/ PRODUTOR,21.49
CAFE,MOÍDO E TORRADO,4704,PORTO VELHO-RO,1100205,RO,NORTE,2025,12,ATACADO,69.13
CAFE,MOÍDO E TORRADO,4704,PORTO VELHO-RO,1100205,RO,NORTE,2025,12,VAREJO,72.16
CAFE,CONILLON BICA CORRID,11239,SÃO MIGUEL DO GUAPORÉ-RO,1100320,RO,NORTE,2025,12,PREÇO RECEBIDO P/ PRODUTOR,20.28
CAFE,MOÍDO E TORRADO,4704,BOA VISTA-RR,1400100,RR,NORTE,2025,12,VAREJO,72.45
CAFE,MOÍDO E TORRADO,4704,BOA VISTA-RR,1400100,RR,NORTE,2025,12,ATACADO,51.0
CAFE,MOÍDO E TORRADO,4704,PALMAS-TO,1721000,TO,NORTE,2025,12,VAREJO,71.29
CAFE,MOÍDO E TORRADO,4704,PALMAS-TO,1721000,TO,NORTE,2025,12,ATACADO,63.48
CAFE,MOÍDO E TORRADO,4704,RIO BRANCO-AC,1200401,AC,NORTE,2026,1,VAREJO,69.68
CAFE,MOÍDO E TORRADO,4704,MANAUS-AM,1302603,AM,NORTE,2026,1,VAREJO,66.65
CAFE,MOÍDO E TORRADO,4704,MACAPÁ-AP,1600303,AP,NORTE,2026,1,VAREJO,65.14
CAFE,MOÍDO E TORRADO,4704,BELÉM-PA,1501402,PA,NORTE,2026,1,VAREJO,68.13
CAFE,MOÍDO E TORRADO,4704,PORTO VELHO-RO,1100205,RO,NORTE,2026,1,VAREJO,70.94
CAFE,MOÍDO E TORRADO,4704,BOA VISTA-RR,1400100,RR,NORTE,2026,1,VAREJO,73.57
CAFE,MOÍDO E TORRADO,4704,PALMAS-TO,1721000,TO,NORTE,2026,1,VAREJO,70.2
CAFE,MOÍDO E TORRADO,4704,RIO BRANCO-AC,1200401,AC,NORTE,2026,2,VAREJO,68.98
CAFE,MOÍDO E TORRADO,4704,MANAUS-AM,1302603,AM,NORTE,2026,2,VAREJO,66.44
CAFE,MOÍDO E TORRADO,4704,MACAPÁ-AP,1600303,AP,NORTE,2026,2,VAREJO,67.48
CAFE,MOÍDO E TORRADO,4704,BELÉM-PA,1501402,PA,NORTE,2026,2,VAREJO,67.99
CAFE,MOÍDO E TORRADO,4704,PORTO VELHO-RO,1100205,RO,NORTE,2026,2,VAREJO,71.38
CAFE,MOÍDO E TORRADO,4704,BOA VISTA-RR,1400100,RR,NORTE,2026,2,VAREJO,72.14
CAFE,MOÍDO E TORRADO,4704,PALMAS-TO,1721000,TO,NORTE,2026,2,VAREJO,69.73
CAFE,MOÍDO E TORRADO,4704,RIO BRANCO-AC,1200401,AC,NORTE,2026,3,VAREJO,68.5
CAFE,MOÍDO E TORRADO,4704,MANAUS-AM,1302603,AM,NORTE,2026,3,VAREJO,64.76
CAFE,MOÍDO E TORRADO,4704,MACAPÁ-AP,1600303,AP,NORTE,2026,3,VAREJO,68.25
CAFE,MOÍDO E TORRADO,4704,BELÉM-PA,1501402,PA,NORTE,2026,3,VAREJO,67.27
CAFE,MOÍDO E TORRADO,4704,PORTO VELHO-RO,1100205,RO,NORTE,2026,3,VAREJO,70.96
CAFE,MOÍDO E TORRADO,4704,BOA VISTA-RR,1400100,RR,NORTE,2026,3,VAREJO,73.63
CAFE,MOÍDO E TORRADO,4704,PALMAS-TO,1721000,TO,NORTE,2026,3,VAREJO,69.74
CAFE,MOÍDO E TORRADO,4704,RIO BRANCO-AC,1200401,AC,NORTE,2026,4,VAREJO,65.9
CAFE,MOÍDO E TORRADO,4704,MANAUS-AM,1302603,AM,NORTE,2026,4,VAREJO,66.29
CAFE,MOÍDO E TORRADO,4704,MACAPÁ-AP,1600303,AP,NORTE,2026,4,VAREJO,67.47
CAFE,MOÍDO E TORRADO,4704,BELÉM-PA,1501402,PA,NORTE,2026,4,VAREJO,65.62
CAFE,MOÍDO E TORRADO,4704,PORTO VELHO-RO,1100205,RO,NORTE,2026,4,VAREJO,69.22
CAFE,MOÍDO E TORRADO,4704,BOA VISTA-RR,1400100,RR,NORTE,2026,4,VAREJO,72.72
CAFE,MOÍDO E TORRADO,4704,PALMAS-TO,1721000,TO,NORTE,2026,4,VAREJO,68.5
CAFE,MOÍDO E TORRADO,4704,RIO BRANCO-AC,1200401,AC,NORTE,2026,5,VAREJO,63.23
CAFE,MOÍDO E TORRADO,4704,MANAUS-AM,1302603,AM,NORTE,2026,5,VAREJO,65.0
CAFE,MOÍDO E TORRADO,4704,MACAPÁ-AP,1600303,AP,NORTE,2026,5,VAREJO,64.19
CAFE,MOÍDO E TORRADO,4704,BELÉM-PA,1501402,PA,NORTE,2026,5,VAREJO,65.65
CAFE,MOÍDO E TORRADO,4704,PORTO VELHO-RO,1100205,RO,NORTE,2026,5,VAREJO,66.62
CAFE,MOÍDO E TORRADO,4704,BOA VISTA-RR,1400100,RR,NORTE,2026,5,VAREJO,70.62
CAFE,MOÍDO E TORRADO,4704,PALMAS-TO,1721000,TO,NORTE,2026,5,VAREJO,68.04
CAIXA PLASTICA,NÃO INFORMADO,11068,COLARES-PA,1502608,PA,NORTE,2026,7,PREÇO PAGO PELO PRODUTOR,60.0
CAIXA PLASTICA,VAZADA - BASQUETA DE,12417,IGARAPÉ-MIRI-PA,1503309,PA,NORTE,2026,7,PREÇO PAGO PELO PRODUTOR,65.0
CALCARIO CALCITICO,NÃO INFORMADO,4538,PEDRO AFONSO-TO,1716505,TO,NORTE,2025,11,PREÇO PAGO PELO PRODUTOR,0.23
CALCARIO CALCITICO,NÃO INFORMADO,4538,PEDRO AFONSO-TO,1716505,TO,NORTE,2026,3,PREÇO PAGO PELO PRODUTOR,0.28
CALCARIO DOLOMITICO,NÃO INFORMADO,4539,IGARAPÉ-MIRI-PA,1503309,PA,NORTE,2025,9,PREÇO PAGO PELO PRODUTOR,0.7
CALCARIO DOLOMITICO,NÃO INFORMADO,4539,TUCUMÃ-PA,1508084,PA,NORTE,2025,9,PREÇO PAGO PELO PRODUTOR,0.4
CALCARIO DOLOMITICO,NÃO INFORMADO,4539,MACHADINHO D'OESTE-RO,1100130,RO,NORTE,2025,10,PREÇO PAGO PELO PRODUTOR,0.73
CALCARIO DOLOMITICO,PRNT - PODER RELATIV,13024,NOVA BRASILÂNDIA D'OESTE-RO,1100148,RO,NORTE,2025,10,PREÇO PAGO PELO PRODUTOR,0.7
CALCARIO DOLOMITICO,NÃO INFORMADO,4539,LAGOA DA CONFUSÃO-TO,1711902,TO,NORTE,2025,11,PREÇO PAGO PELO PRODUTOR,0.09
CALCARIO DOLOMITICO,NÃO INFORMADO,4539,PEDRO AFONSO-TO,1716505,TO,NORTE,2025,11,PREÇO PAGO PELO PRODUTOR,0.23
CALCARIO DOLOMITICO,NÃO INFORMADO,4539,LAGOA DA CONFUSÃO-TO,1711902,TO,NORTE,2026,2,PREÇO PAGO PELO PRODUTOR,0.14
CALCARIO DOLOMITICO,NÃO INFORMADO,4539,LAGOA DA CONFUSÃO-TO,1711902,TO,NORTE,2026,3,PREÇO PAGO PELO PRODUTOR,0.14
CALCARIO DOLOMITICO,NÃO INFORMADO,4539,PEDRO AFONSO-TO,1716505,TO,NORTE,2026,3,PREÇO PAGO PELO PRODUTOR,0.26
CAMA,DE FRANGO,12948,NOVA BRASILÂNDIA D'OESTE-RO,1100148,RO,NORTE,2025,10,PREÇO PAGO PELO PRODUTOR,0.35
CANECA,500 ML,14143,XAPURI-AC,1200708,AC,NORTE,2026,7,PREÇO PAGO PELO PRODUTOR,3.8
CANOA DE MADEIRA,REMO - MANUAL DE 5 A,12402,MANACAPURU-AM,1302504,AM,NORTE,2026,3,PREÇO PAGO PELO PRODUTOR,2300.0
CANOA DE MADEIRA,6 METROS,14983,IGARAPÉ-MIRI-PA,1503309,PA,NORTE,2026,5,PREÇO PAGO PELO PRODUTOR,4000.0
CANOA DE MADEIRA,10 METROS,14911,SENA MADUREIRA-AC,1200500,AC,NORTE,2026,7,PREÇO PAGO PELO PRODUTOR,8000.0
CANOA DE MADEIRA,10 METROS,14911,BOCA DO ACRE-AM,1300706,AM,NORTE,2026,7,PREÇO PAGO PELO PRODUTOR,6000.0
CANOA DE MADEIRA,7 METROS,14912,BOCA DO ACRE-AM,1300706,AM,NORTE,2026,7,PREÇO PAGO PELO PRODUTOR,2500.0
CANOA DE MADEIRA,"0,5M X 8M",14089,CARAUARI-AM,1301001,AM,NORTE,2026,7,PREÇO PAGO PELO PRODUTOR,3200.0
CANOA DE MADEIRA,8 METROS,15321,COARI-AM,1301209,AM,NORTE,2026,7,PREÇO PAGO PELO PRODUTOR,3000.0
CANOA DE MADEIRA,6 METROS,14983,COLARES-PA,1502608,PA,NORTE,2026,7,PREÇO PAGO PELO PRODUTOR,3000.0
CANOA DE MADEIRA,"0,5M X 8M",14089,CURRALINHO-PA,1502806,PA,NORTE,2026,7,PREÇO PAGO PELO PRODUTOR,2800.0
CANOA DE MADEIRA,6 METROS,14983,IGARAPÉ-MIRI-PA,1503309,PA,NORTE,2026,7,PREÇO PAGO PELO PRODUTOR,4000.0
CANOA DE MADEIRA,"0,5M X 8M",14089,LIMOEIRO DO AJURU-PA,1504000,PA,NORTE,2026,7,PREÇO PAGO PELO PRODUTOR,4000.0
CANOA DE MADEIRA,7 METROS,14912,ORIXIMINÁ-PA,1505304,PA,NORTE,2026,7,PREÇO PAGO PELO PRODUTOR,1600.0
CAPACETE,NÃO INFORMADO,11643,BELTERRA-PA,1501451,PA,NORTE,2026,7,PREÇO PAGO PELO PRODUTOR,45.0
CARA,NÃO INFORMADO,5526,CAAPIRANGA-AM,1300839,AM,NORTE,2025,9,PREÇO RECEBIDO P/ PRODUTOR,2.21
CARA,NÃO INFORMADO,5526,CAAPIRANGA-AM,1300839,AM,NORTE,2025,10,PREÇO RECEBIDO P/ PRODUTOR,2.15
CARA,NÃO INFORMADO,5526,ALVORADA D'OESTE-RO,1100346,RO,NORTE,2025,10,PREÇO RECEBIDO P/ PRODUTOR,6.0
CARA,NÃO INFORMADO,5526,CAAPIRANGA-AM,1300839,AM,NORTE,2025,11,PREÇO RECEBIDO P/ PRODUTOR,2.15
CARA,NÃO INFORMADO,5526,ALVORADA D'OESTE-RO,1100346,RO,NORTE,2025,11,PREÇO RECEBIDO P/ PRODUTOR,6.17
CARA,NÃO INFORMADO,5526,CAAPIRANGA-AM,1300839,AM,NORTE,2025,12,PREÇO RECEBIDO P/ PRODUTOR,2.17
CARA,NÃO INFORMADO,5526,ALVORADA D'OESTE-RO,1100346,RO,NORTE,2025,12,PREÇO RECEBIDO P/ PRODUTOR,6.0
CARNE BOVINA,COXÃO DURO S/OSSO,4282,RIO BRANCO-AC,1200401,AC,NORTE,2025,9,VAREJO,30.94
CARNE BOVINA,COXÃO MOLE S/OSSO,4283,RIO BRANCO-AC,1200401,AC,NORTE,2025,9,VAREJO,36.08
CARNE BOVINA,PATINHO S/OSSO,4289,RIO BRANCO-AC,1200401,AC,NORTE,2025,9,VAREJO,34.58
CARNE BOVINA,COXÃO DURO S/OSSO,4282,MANAUS-AM,1302603,AM,NORTE,2025,9,VAREJO,38.11
CARNE BOVINA,PATINHO S/OSSO,4289,MANAUS-AM,1302603,AM,NORTE,2025,9,VAREJO,41.66
CARNE BOVINA,COXÃO MOLE S/OSSO,4283,MANAUS-AM,1302603,AM,NORTE,2025,9,VAREJO,41.57
CARNE BOVINA,COXÃO MOLE S/OSSO,4283,MACAPÁ-AP,1600303,AP,NORTE,2025,9,VAREJO,42.24
CARNE BOVINA,PATINHO S/OSSO,4289,MACAPÁ-AP,1600303,AP,NORTE,2025,9,VAREJO,42.83
CARNE BOVINA,COXÃO DURO S/OSSO,4282,MACAPÁ-AP,1600303,AP,NORTE,2025,9,VAREJO,37.55
CARNE BOVINA,COXÃO DURO S/OSSO,4282,BELÉM-PA,1501402,PA,NORTE,2025,9,VAREJO,38.64
CARNE BOVINA,COXÃO MOLE S/OSSO,4283,BELÉM-PA,1501402,PA,NORTE,2025,9,VAREJO,40.94
CARNE BOVINA,PATINHO S/OSSO,4289,BELÉM-PA,1501402,PA,NORTE,2025,9,VAREJO,41.07
CARNE BOVINA,DIANTEIRO COM OSSO,11158,BELÉM-PA,1501402,PA,NORTE,2025,9,ATACADO,28.73
CARNE BOVINA,PATINHO S/OSSO,4289,PORTO VELHO-RO,1100205,RO,NORTE,2025,9,VAREJO,35.38
CARNE BOVINA,COXÃO MOLE S/OSSO,4283,PORTO VELHO-RO,1100205,RO,NORTE,2025,9,VAREJO,36.85
CARNE BOVINA,COXÃO DURO S/OSSO,4282,PORTO VELHO-RO,1100205,RO,NORTE,2025,9,VAREJO,32.54
CARNE BOVINA,PATINHO S/OSSO,4289,BOA VISTA-RR,1400100,RR,NORTE,2025,9,VAREJO,43.49
CARNE BOVINA,COXÃO MOLE S/OSSO,4283,BOA VISTA-RR,1400100,RR,NORTE,2025,9,VAREJO,44.74
CARNE BOVINA,COXÃO DURO S/OSSO,4282,BOA VISTA-RR,1400100,RR,NORTE,2025,9,VAREJO,40.49
CARNE BOVINA,COXÃO MOLE S/OSSO,4283,PALMAS-TO,1721000,TO,NORTE,2025,9,VAREJO,46.55
CARNE BOVINA,COXÃO DURO S/OSSO,4282,PALMAS-TO,1721000,TO,NORTE,2025,9,VAREJO,42.47
CARNE BOVINA,PATINHO S/OSSO,4289,PALMAS-TO,1721000,TO,NORTE,2025,9,VAREJO,43.48
CARNE BOVINA,PATINHO S/OSSO,4289,RIO BRANCO-AC,1200401,AC,NORTE,2025,10,VAREJO,34.83
CARNE BOVINA,COXÃO DURO S/OSSO,4282,RIO BRANCO-AC,1200401,AC,NORTE,2025,10,VAREJO,31.41
CARNE BOVINA,COXÃO MOLE S/OSSO,4283,RIO BRANCO-AC,1200401,AC,NORTE,2025,10,VAREJO,36.52
CARNE BOVINA,COXÃO MOLE S/OSSO,4283,MANAUS-AM,1302603,AM,NORTE,2025,10,VAREJO,40.81
CARNE BOVINA,COXÃO DURO S/OSSO,4282,MANAUS-AM,1302603,AM,NORTE,2025,10,VAREJO,38.3
CARNE BOVINA,PATINHO S/OSSO,4289,MANAUS-AM,1302603,AM,NORTE,2025,10,VAREJO,40.39
CARNE BOVINA,PATINHO S/OSSO,4289,MACAPÁ-AP,1600303,AP,NORTE,2025,10,VAREJO,43.29
CARNE BOVINA,COXÃO MOLE S/OSSO,4283,MACAPÁ-AP,1600303,AP,NORTE,2025,10,VAREJO,42.32
CARNE BOVINA,COXÃO DURO S/OSSO,4282,MACAPÁ-AP,1600303,AP,NORTE,2025,10,VAREJO,37.49
CARNE BOVINA,COXÃO MOLE S/OSSO,4283,BELÉM-PA,1501402,PA,NORTE,2025,10,VAREJO,41.66
CARNE BOVINA,PATINHO S/OSSO,4289,BELÉM-PA,1501402,PA,NORTE,2025,10,VAREJO,41.34
CARNE BOVINA,COXÃO DURO S/OSSO,4282,BELÉM-PA,1501402,PA,NORTE,2025,10,VAREJO,38.24
CARNE BOVINA,DIANTEIRO COM OSSO,11158,BELÉM-PA,1501402,PA,NORTE,2025,10,ATACADO,28.93
CARNE BOVINA,COXÃO MOLE S/OSSO,4283,PORTO VELHO-RO,1100205,RO,NORTE,2025,10,VAREJO,36.63
CARNE BOVINA,PATINHO S/OSSO,4289,PORTO VELHO-RO,1100205,RO,NORTE,2025,10,VAREJO,35.51
CARNE BOVINA,COXÃO DURO S/OSSO,4282,PORTO VELHO-RO,1100205,RO,NORTE,2025,10,VAREJO,32.89
CARNE BOVINA,COXÃO DURO S/OSSO,4282,BOA VISTA-RR,1400100,RR,NORTE,2025,10,VAREJO,40.38
CARNE BOVINA,PATINHO S/OSSO,4289,BOA VISTA-RR,1400100,RR,NORTE,2025,10,VAREJO,43.84
CARNE BOVINA,COXÃO MOLE S/OSSO,4283,BOA VISTA-RR,1400100,RR,NORTE,2025,10,VAREJO,45.24
CARNE BOVINA,COXÃO DURO S/OSSO,4282,PALMAS-TO,1721000,TO,NORTE,2025,10,VAREJO,42.47
CARNE BOVINA,PATINHO S/OSSO,4289,PALMAS-TO,1721000,TO,NORTE,2025,10,VAREJO,43.48
CARNE BOVINA,COXÃO MOLE S/OSSO,4283,PALMAS-TO,1721000,TO,NORTE,2025,10,VAREJO,46.55
CARNE BOVINA,COXÃO MOLE S/OSSO,4283,RIO BRANCO-AC,1200401,AC,NORTE,2025,11,VAREJO,37.38
CARNE BOVINA,COXÃO DURO S/OSSO,4282,RIO BRANCO-AC,1200401,AC,NORTE,2025,11,VAREJO,32.1
CARNE BOVINA,PATINHO S/OSSO,4289,RIO BRANCO-AC,1200401,AC,NORTE,2025,11,VAREJO,35.8
CARNE BOVINA,COXÃO MOLE S/OSSO,4283,MANAUS-AM,1302603,AM,NORTE,2025,11,VAREJO,42.85
CARNE BOVINA,COXÃO DURO S/OSSO,4282,MANAUS-AM,1302603,AM,NORTE,2025,11,VAREJO,37.86
CARNE BOVINA,PATINHO S/OSSO,4289,MANAUS-AM,1302603,AM,NORTE,2025,11,VAREJO,41.15
CARNE BOVINA,COXÃO MOLE S/OSSO,4283,MACAPÁ-AP,1600303,AP,NORTE,2025,11,VAREJO,41.98
CARNE BOVINA,PATINHO S/OSSO,4289,MACAPÁ-AP,1600303,AP,NORTE,2025,11,VAREJO,43.25
CARNE BOVINA,COXÃO DURO S/OSSO,4282,MACAPÁ-AP,1600303,AP,NORTE,2025,11,VAREJO,37.42
CARNE BOVINA,PATINHO S/OSSO,4289,BELÉM-PA,1501402,PA,NORTE,2025,11,VAREJO,42.59
CARNE BOVINA,COXÃO MOLE S/OSSO,4283,BELÉM-PA,1501402,PA,NORTE,2025,11,VAREJO,42.73
CARNE BOVINA,DIANTEIRO COM OSSO,11158,BELÉM-PA,1501402,PA,NORTE,2025,11,ATACADO,27.66
CARNE BOVINA,COXÃO DURO S/OSSO,4282,BELÉM-PA,1501402,PA,NORTE,2025,11,VAREJO,39.88
CARNE BOVINA,COXÃO DURO S/OSSO,4282,PORTO VELHO-RO,1100205,RO,NORTE,2025,11,VAREJO,32.85
CARNE BOVINA,COXÃO MOLE S/OSSO,4283,PORTO VELHO-RO,1100205,RO,NORTE,2025,11,VAREJO,36.65
CARNE BOVINA,PATINHO S/OSSO,4289,PORTO VELHO-RO,1100205,RO,NORTE,2025,11,VAREJO,35.41
CARNE BOVINA,COXÃO DURO S/OSSO,4282,BOA VISTA-RR,1400100,RR,NORTE,2025,11,VAREJO,40.75
CARNE BOVINA,COXÃO MOLE S/OSSO,4283,BOA VISTA-RR,1400100,RR,NORTE,2025,11,VAREJO,46.3
CARNE BOVINA,PATINHO S/OSSO,4289,BOA VISTA-RR,1400100,RR,NORTE,2025,11,VAREJO,44.78
CARNE BOVINA,COXÃO MOLE S/OSSO,4283,PALMAS-TO,1721000,TO,NORTE,2025,11,VAREJO,46.55
CARNE BOVINA,PATINHO S/OSSO,4289,PALMAS-TO,1721000,TO,NORTE,2025,11,VAREJO,43.48
CARNE BOVINA,COXÃO DURO S/OSSO,4282,PALMAS-TO,1721000,TO,NORTE,2025,11,VAREJO,42.47
CARNE BOVINA,COXÃO DURO S/OSSO,4282,RIO BRANCO-AC,1200401,AC,NORTE,2025,12,VAREJO,32.47
CARNE BOVINA,COXÃO MOLE S/OSSO,4283,RIO BRANCO-AC,1200401,AC,NORTE,2025,12,VAREJO,38.3
CARNE BOVINA,PATINHO S/OSSO,4289,RIO BRANCO-AC,1200401,AC,NORTE,2025,12,VAREJO,36.42
CARNE BOVINA,COXÃO MOLE S/OSSO,4283,MANAUS-AM,1302603,AM,NORTE,2025,12,VAREJO,43.63
CARNE BOVINA,COXÃO DURO S/OSSO,4282,MANAUS-AM,1302603,AM,NORTE,2025,12,VAREJO,39.37
CARNE BOVINA,PATINHO S/OSSO,4289,MANAUS-AM,1302603,AM,NORTE,2025,12,VAREJO,42.78
CARNE BOVINA,COXÃO DURO S/OSSO,4282,MACAPÁ-AP,1600303,AP,NORTE,2025,12,VAREJO,37.13
CARNE BOVINA,PATINHO S/OSSO,4289,MACAPÁ-AP,1600303,AP,NORTE,2025,12,VAREJO,43.7
CARNE BOVINA,COXÃO MOLE S/OSSO,4283,MACAPÁ-AP,1600303,AP,NORTE,2025,12,VAREJO,43.13
CARNE BOVINA,COXÃO MOLE S/OSSO,4283,BELÉM-PA,1501402,PA,NORTE,2025,12,VAREJO,43.09
CARNE BOVINA,COXÃO DURO S/OSSO,4282,BELÉM-PA,1501402,PA,NORTE,2025,12,VAREJO,40.61
CARNE BOVINA,PATINHO S/OSSO,4289,BELÉM-PA,1501402,PA,NORTE,2025,12,VAREJO,43.03
CARNE BOVINA,DIANTEIRO COM OSSO,11158,BELÉM-PA,1501402,PA,NORTE,2025,12,ATACADO,28.53
CARNE BOVINA,COXÃO MOLE S/OSSO,4283,PORTO VELHO-RO,1100205,RO,NORTE,2025,12,VAREJO,37.48
CARNE BOVINA,PATINHO S/OSSO,4289,PORTO VELHO-RO,1100205,RO,NORTE,2025,12,VAREJO,36.62
CARNE BOVINA,COXÃO DURO S/OSSO,4282,PORTO VELHO-RO,1100205,RO,NORTE,2025,12,VAREJO,33.24
CARNE BOVINA,COXÃO DURO S/OSSO,4282,BOA VISTA-RR,1400100,RR,NORTE,2025,12,VAREJO,40.99
CARNE BOVINA,PATINHO S/OSSO,4289,BOA VISTA-RR,1400100,RR,NORTE,2025,12,VAREJO,45.1
CARNE BOVINA,COXÃO MOLE S/OSSO,4283,BOA VISTA-RR,1400100,RR,NORTE,2025,12,VAREJO,45.12
CARNE BOVINA,COXÃO DURO S/OSSO,4282,PALMAS-TO,1721000,TO,NORTE,2025,12,VAREJO,44.32
CARNE BOVINA,PATINHO S/OSSO,4289,PALMAS-TO,1721000,TO,NORTE,2025,12,VAREJO,44.57
CARNE BOVINA,COXÃO MOLE S/OSSO,4283,PALMAS-TO,1721000,TO,NORTE,2025,12,VAREJO,47.52
CARNE BOVINA,COXÃO DURO S/OSSO,4282,RIO BRANCO-AC,1200401,AC,NORTE,2026,1,VAREJO,33.25
CARNE BOVINA,PATINHO S/OSSO,4289,RIO BRANCO-AC,1200401,AC,NORTE,2026,1,VAREJO,37.3
CARNE BOVINA,COXÃO MOLE S/OSSO,4283,RIO BRANCO-AC,1200401,AC,NORTE,2026,1,VAREJO,38.88
CARNE BOVINA,PATINHO S/OSSO,4289,MANAUS-AM,1302603,AM,NORTE,2026,1,VAREJO,43.18
CARNE BOVINA,COXÃO MOLE S/OSSO,4283,MANAUS-AM,1302603,AM,NORTE,2026,1,VAREJO,44.94
CARNE BOVINA,COXÃO DURO S/OSSO,4282,MANAUS-AM,1302603,AM,NORTE,2026,1,VAREJO,40.68
CARNE BOVINA,COXÃO DURO S/OSSO,4282,MACAPÁ-AP,1600303,AP,NORTE,2026,1,VAREJO,38.58
CARNE BOVINA,PATINHO S/OSSO,4289,MACAPÁ-AP,1600303,AP,NORTE,2026,1,VAREJO,43.7
CARNE BOVINA,COXÃO MOLE S/OSSO,4283,MACAPÁ-AP,1600303,AP,NORTE,2026,1,VAREJO,44.27
CARNE BOVINA,COXÃO MOLE S/OSSO,4283,BELÉM-PA,1501402,PA,NORTE,2026,1,VAREJO,44.31
CARNE BOVINA,PATINHO S/OSSO,4289,BELÉM-PA,1501402,PA,NORTE,2026,1,VAREJO,43.0
CARNE BOVINA,COXÃO DURO S/OSSO,4282,BELÉM-PA,1501402,PA,NORTE,2026,1,VAREJO,41.16
CARNE BOVINA,COXÃO DURO S/OSSO,4282,PORTO VELHO-RO,1100205,RO,NORTE,2026,1,VAREJO,33.19
CARNE BOVINA,COXÃO MOLE S/OSSO,4283,PORTO VELHO-RO,1100205,RO,NORTE,2026,1,VAREJO,37.49
CARNE BOVINA,PATINHO S/OSSO,4289,PORTO VELHO-RO,1100205,RO,NORTE,2026,1,VAREJO,35.99
CARNE BOVINA,COXÃO DURO S/OSSO,4282,BOA VISTA-RR,1400100,RR,NORTE,2026,1,VAREJO,40.93
CARNE BOVINA,PATINHO S/OSSO,4289,BOA VISTA-RR,1400100,RR,NORTE,2026,1,VAREJO,44.5
CARNE BOVINA,COXÃO MOLE S/OSSO,4283,BOA VISTA-RR,1400100,RR,NORTE,2026,1,VAREJO,45.02
CARNE BOVINA,COXÃO MOLE S/OSSO,4283,PALMAS-TO,1721000,TO,NORTE,2026,1,VAREJO,47.57
CARNE BOVINA,COXÃO DURO S/OSSO,4282,PALMAS-TO,1721000,TO,NORTE,2026,1,VAREJO,44.4
CARNE BOVINA,PATINHO S/OSSO,4289,PALMAS-TO,1721000,TO,NORTE,2026,1,VAREJO,44.67
CARNE BOVINA,COXÃO DURO S/OSSO,4282,RIO BRANCO-AC,1200401,AC,NORTE,2026,2,VAREJO,34.11
CARNE BOVINA,COXÃO MOLE S/OSSO,4283,RIO BRANCO-AC,1200401,AC,NORTE,2026,2,VAREJO,40.2
CARNE BOVINA,PATINHO S/OSSO,4289,RIO BRANCO-AC,1200401,AC,NORTE,2026,2,VAREJO,38.34
CARNE BOVINA,COXÃO DURO S/OSSO,4282,MANAUS-AM,1302603,AM,NORTE,2026,2,VAREJO,40.47
CARNE BOVINA,COXÃO MOLE S/OSSO,4283,MANAUS-AM,1302603,AM,NORTE,2026,2,VAREJO,43.52
CARNE BOVINA,PATINHO S/OSSO,4289,MANAUS-AM,1302603,AM,NORTE,2026,2,VAREJO,42.41
CARNE BOVINA,COXÃO MOLE S/OSSO,4283,MACAPÁ-AP,1600303,AP,NORTE,2026,2,VAREJO,43.91
CARNE BOVINA,COXÃO DURO S/OSSO,4282,MACAPÁ-AP,1600303,AP,NORTE,2026,2,VAREJO,38.45
CARNE BOVINA,PATINHO S/OSSO,4289,MACAPÁ-AP,1600303,AP,NORTE,2026,2,VAREJO,43.8
CARNE BOVINA,COXÃO MOLE S/OSSO,4283,BELÉM-PA,1501402,PA,NORTE,2026,2,VAREJO,44.33
CARNE BOVINA,PATINHO S/OSSO,4289,BELÉM-PA,1501402,PA,NORTE,2026,2,VAREJO,43.54
CARNE BOVINA,COXÃO DURO S/OSSO,4282,BELÉM-PA,1501402,PA,NORTE,2026,2,VAREJO,41.32
CARNE BOVINA,COXÃO DURO S/OSSO,4282,PORTO VELHO-RO,1100205,RO,NORTE,2026,2,VAREJO,33.66
CARNE BOVINA,COXÃO MOLE S/OSSO,4283,PORTO VELHO-RO,1100205,RO,NORTE,2026,2,VAREJO,38.62
CARNE BOVINA,PATINHO S/OSSO,4289,PORTO VELHO-RO,1100205,RO,NORTE,2026,2,VAREJO,36.77
CARNE BOVINA,COXÃO MOLE S/OSSO,4283,BOA VISTA-RR,1400100,RR,NORTE,2026,2,VAREJO,45.14
CARNE BOVINA,PATINHO S/OSSO,4289,BOA VISTA-RR,1400100,RR,NORTE,2026,2,VAREJO,45.23
CARNE BOVINA,COXÃO DURO S/OSSO,4282,BOA VISTA-RR,1400100,RR,NORTE,2026,2,VAREJO,41.2
CARNE BOVINA,PATINHO S/OSSO,4289,PALMAS-TO,1721000,TO,NORTE,2026,2,VAREJO,44.44
CARNE BOVINA,COXÃO MOLE S/OSSO,4283,PALMAS-TO,1721000,TO,NORTE,2026,2,VAREJO,47.47
CARNE BOVINA,COXÃO DURO S/OSSO,4282,PALMAS-TO,1721000,TO,NORTE,2026,2,VAREJO,44.17
CARNE BOVINA,PATINHO S/OSSO,4289,RIO BRANCO-AC,1200401,AC,NORTE,2026,3,VAREJO,38.71
CARNE BOVINA,COXÃO DURO S/OSSO,4282,RIO BRANCO-AC,1200401,AC,NORTE,2026,3,VAREJO,35.16
CARNE BOVINA,COXÃO MOLE S/OSSO,4283,RIO BRANCO-AC,1200401,AC,NORTE,2026,3,VAREJO,40.9
CARNE BOVINA,COXÃO DURO S/OSSO,4282,MANAUS-AM,1302603,AM,NORTE,2026,3,VAREJO,42.11
CARNE BOVINA,COXÃO MOLE S/OSSO,4283,MANAUS-AM,1302603,AM,NORTE,2026,3,VAREJO,46.0
CARNE BOVINA,PATINHO S/OSSO,4289,MANAUS-AM,1302603,AM,NORTE,2026,3,VAREJO,45.65
CARNE BOVINA,COXÃO MOLE S/OSSO,4283,MACAPÁ-AP,1600303,AP,NORTE,2026,3,VAREJO,44.26
CARNE BOVINA,PATINHO S/OSSO,4289,MACAPÁ-AP,1600303,AP,NORTE,2026,3,VAREJO,44.27
CARNE BOVINA,COXÃO DURO S/OSSO,4282,MACAPÁ-AP,1600303,AP,NORTE,2026,3,VAREJO,38.27
CARNE BOVINA,COXÃO MOLE S/OSSO,4283,BELÉM-PA,1501402,PA,NORTE,2026,3,VAREJO,44.84
CARNE BOVINA,COXÃO DURO S/OSSO,4282,BELÉM-PA,1501402,PA,NORTE,2026,3,VAREJO,42.24
CARNE BOVINA,PATINHO S/OSSO,4289,BELÉM-PA,1501402,PA,NORTE,2026,3,VAREJO,44.09
CARNE BOVINA,COXÃO MOLE S/OSSO,4283,PORTO VELHO-RO,1100205,RO,NORTE,2026,3,VAREJO,38.25
CARNE BOVINA,COXÃO DURO S/OSSO,4282,PORTO VELHO-RO,1100205,RO,NORTE,2026,3,VAREJO,34.11
CARNE BOVINA,PATINHO S/OSSO,4289,PORTO VELHO-RO,1100205,RO,NORTE,2026,3,VAREJO,37.25
CARNE BOVINA,PATINHO S/OSSO,4289,BOA VISTA-RR,1400100,RR,NORTE,2026,3,VAREJO,44.62
CARNE BOVINA,COXÃO MOLE S/OSSO,4283,BOA VISTA-RR,1400100,RR,NORTE,2026,3,VAREJO,45.32
CARNE BOVINA,COXÃO DURO S/OSSO,4282,BOA VISTA-RR,1400100,RR,NORTE,2026,3,VAREJO,41.05
CARNE BOVINA,COXÃO DURO S/OSSO,4282,PALMAS-TO,1721000,TO,NORTE,2026,3,VAREJO,46.27
CARNE BOVINA,PATINHO S/OSSO,4289,PALMAS-TO,1721000,TO,NORTE,2026,3,VAREJO,46.58
CARNE BOVINA,COXÃO MOLE S/OSSO,4283,PALMAS-TO,1721000,TO,NORTE,2026,3,VAREJO,49.85
CARNE BOVINA,PATINHO S/OSSO,4289,RIO BRANCO-AC,1200401,AC,NORTE,2026,4,VAREJO,39.7
CARNE BOVINA,COXÃO MOLE S/OSSO,4283,RIO BRANCO-AC,1200401,AC,NORTE,2026,4,VAREJO,41.24
CARNE BOVINA,COXÃO DURO S/OSSO,4282,RIO BRANCO-AC,1200401,AC,NORTE,2026,4,VAREJO,35.94
CARNE BOVINA,COXÃO MOLE S/OSSO,4283,MANAUS-AM,1302603,AM,NORTE,2026,4,VAREJO,47.14
CARNE BOVINA,COXÃO DURO S/OSSO,4282,MANAUS-AM,1302603,AM,NORTE,2026,4,VAREJO,42.15
CARNE BOVINA,PATINHO S/OSSO,4289,MANAUS-AM,1302603,AM,NORTE,2026,4,VAREJO,46.15
CARNE BOVINA,COXÃO MOLE S/OSSO,4283,MACAPÁ-AP,1600303,AP,NORTE,2026,4,VAREJO,44.96
CARNE BOVINA,PATINHO S/OSSO,4289,MACAPÁ-AP,1600303,AP,NORTE,2026,4,VAREJO,45.44
CARNE BOVINA,COXÃO DURO S/OSSO,4282,MACAPÁ-AP,1600303,AP,NORTE,2026,4,VAREJO,39.31
CARNE BOVINA,COXÃO MOLE S/OSSO,4283,BELÉM-PA,1501402,PA,NORTE,2026,4,VAREJO,45.84
CARNE BOVINA,PATINHO S/OSSO,4289,BELÉM-PA,1501402,PA,NORTE,2026,4,VAREJO,44.94
CARNE BOVINA,COXÃO DURO S/OSSO,4282,BELÉM-PA,1501402,PA,NORTE,2026,4,VAREJO,42.85
CARNE BOVINA,COXÃO DURO S/OSSO,4282,PORTO VELHO-RO,1100205,RO,NORTE,2026,4,VAREJO,34.67
CARNE BOVINA,COXÃO MOLE S/OSSO,4283,PORTO VELHO-RO,1100205,RO,NORTE,2026,4,VAREJO,38.74
CARNE BOVINA,PATINHO S/OSSO,4289,PORTO VELHO-RO,1100205,RO,NORTE,2026,4,VAREJO,37.56
CARNE BOVINA,COXÃO DURO S/OSSO,4282,BOA VISTA-RR,1400100,RR,NORTE,2026,4,VAREJO,41.33
CARNE BOVINA,PATINHO S/OSSO,4289,BOA VISTA-RR,1400100,RR,NORTE,2026,4,VAREJO,44.99
CARNE BOVINA,COXÃO MOLE S/OSSO,4283,BOA VISTA-RR,1400100,RR,NORTE,2026,4,VAREJO,46.23
CARNE BOVINA,PATINHO S/OSSO,4289,PALMAS-TO,1721000,TO,NORTE,2026,4,VAREJO,45.87
CARNE BOVINA,COXÃO MOLE S/OSSO,4283,PALMAS-TO,1721000,TO,NORTE,2026,4,VAREJO,49.56
CARNE BOVINA,COXÃO DURO S/OSSO,4282,PALMAS-TO,1721000,TO,NORTE,2026,4,VAREJO,46.03
CARNE BOVINA,PATINHO S/OSSO,4289,RIO BRANCO-AC,1200401,AC,NORTE,2026,5,VAREJO,40.27
CARNE BOVINA,COXÃO DURO S/OSSO,4282,RIO BRANCO-AC,1200401,AC,NORTE,2026,5,VAREJO,36.8
CARNE BOVINA,COXÃO MOLE S/OSSO,4283,RIO BRANCO-AC,1200401,AC,NORTE,2026,5,VAREJO,42.19
CARNE BOVINA,COXÃO DURO S/OSSO,4282,MANAUS-AM,1302603,AM,NORTE,2026,5,VAREJO,43.67
CARNE BOVINA,PATINHO S/OSSO,4289,MANAUS-AM,1302603,AM,NORTE,2026,5,VAREJO,46.41
CARNE BOVINA,COXÃO MOLE S/OSSO,4283,MANAUS-AM,1302603,AM,NORTE,2026,5,VAREJO,47.72
CARNE BOVINA,COXÃO DURO S/OSSO,4282,MACAPÁ-AP,1600303,AP,NORTE,2026,5,VAREJO,40.23
CARNE BOVINA,PATINHO S/OSSO,4289,MACAPÁ-AP,1600303,AP,NORTE,2026,5,VAREJO,45.96
CARNE BOVINA,COXÃO MOLE S/OSSO,4283,MACAPÁ-AP,1600303,AP,NORTE,2026,5,VAREJO,46.07
CARNE BOVINA,COXÃO MOLE S/OSSO,4283,BELÉM-PA,1501402,PA,NORTE,2026,5,VAREJO,46.26
CARNE BOVINA,COXÃO DURO S/OSSO,4282,BELÉM-PA,1501402,PA,NORTE,2026,5,VAREJO,43.57
CARNE BOVINA,PATINHO S/OSSO,4289,BELÉM-PA,1501402,PA,NORTE,2026,5,VAREJO,45.37
CARNE BOVINA,COXÃO MOLE S/OSSO,4283,PORTO VELHO-RO,1100205,RO,NORTE,2026,5,VAREJO,41.22
CARNE BOVINA,COXÃO DURO S/OSSO,4282,PORTO VELHO-RO,1100205,RO,NORTE,2026,5,VAREJO,37.36
CARNE BOVINA,PATINHO S/OSSO,4289,PORTO VELHO-RO,1100205,RO,NORTE,2026,5,VAREJO,40.66
CARNE BOVINA,COXÃO MOLE S/OSSO,4283,BOA VISTA-RR,1400100,RR,NORTE,2026,5,VAREJO,48.07
CARNE BOVINA,PATINHO S/OSSO,4289,BOA VISTA-RR,1400100,RR,NORTE,2026,5,VAREJO,46.7
CARNE BOVINA,COXÃO DURO S/OSSO,4282,BOA VISTA-RR,1400100,RR,NORTE,2026,5,VAREJO,42.94
CARNE BOVINA,COXÃO DURO S/OSSO,4282,PALMAS-TO,1721000,TO,NORTE,2026,5,VAREJO,47.3
CARNE BOVINA,COXÃO MOLE S/OSSO,4283,PALMAS-TO,1721000,TO,NORTE,2026,5,VAREJO,51.05
CARNE BOVINA,PATINHO S/OSSO,4289,PALMAS-TO,1721000,TO,NORTE,2026,5,VAREJO,47.4
CARNE DE FRANGO,CONGELADO,4244,BELÉM-PA,1501402,PA,NORTE,2025,9,ATACADO,9.84
CARNE DE FRANGO,CONGELADO,4244,BELÉM-PA,1501402,PA,NORTE,2025,10,ATACADO,9.26
CARNE DE FRANGO,CONGELADO,4244,BELÉM-PA,1501402,PA,NORTE,2025,11,ATACADO,9.49
CARNE DE FRANGO,CONGELADO,4244,BELÉM-PA,1501402,PA,NORTE,2025,12,ATACADO,9.7
CAROCO DE ALGODAO,NÃO INFORMADO,4724,DIANÓPOLIS-TO,1707009,TO,NORTE,2025,9,PREÇO RECEBIDO P/ PRODUTOR,1.25
CAROCO DE ALGODAO,NÃO INFORMADO,4724,DIANÓPOLIS-TO,1707009,TO,NORTE,2025,10,PREÇO RECEBIDO P/ PRODUTOR,1.25
CAROCO DE ALGODAO,NÃO INFORMADO,4724,DIANÓPOLIS-TO,1707009,TO,NORTE,2025,11,PREÇO RECEBIDO P/ PRODUTOR,1.25
CAROCO DE ALGODAO,NÃO INFORMADO,4724,DIANÓPOLIS-TO,1707009,TO,NORTE,2025,12,PREÇO RECEBIDO P/ PRODUTOR,1.25
CARRETA GRANELEIRA,5 TONELADAS 4 PNEUS,7436,PEDRO AFONSO-TO,1716505,TO,NORTE,2025,11,PREÇO PAGO PELO PRODUTOR,32800.0
CARRETA GRANELEIRA,5 TONELADAS 4 PNEUS,7436,PEDRO AFONSO-TO,1716505,TO,NORTE,2026,3,PREÇO PAGO PELO PRODUTOR,30500.0
CARRINHO DE MAO,NÃO INFORMADO,8672,MACHADINHO D'OESTE-RO,1100130,RO,NORTE,2025,10,PREÇO PAGO PELO PRODUTOR,211.67
CASA DE ALVENARIA P/ ADMI,NÃO INFORMADO,4393,TUCUMÃ-PA,1508084,PA,NORTE,2025,9,PREÇO PAGO PELO PRODUTOR,
CASA DE ALVENARIA P/ ADMI,NÃO INFORMADO,4393,NOVA BRASILÂNDIA D'OESTE-RO,1100148,RO,NORTE,2025,10,PREÇO PAGO PELO PRODUTOR,
CASA DE ALVENARIA P/ ADMI,NÃO INFORMADO,4393,LAGOA DA CONFUSÃO-TO,1711902,TO,NORTE,2025,11,PREÇO PAGO PELO PRODUTOR,
CASA DE ALVENARIA P/ ADMI,NÃO INFORMADO,4393,PEDRO AFONSO-TO,1716505,TO,NORTE,2025,11,PREÇO PAGO PELO PRODUTOR,
CASA DE ALVENARIA P/ ADMI,NÃO INFORMADO,4393,LAGOA DA CONFUSÃO-TO,1711902,TO,NORTE,2026,2,PREÇO PAGO PELO PRODUTOR,
CASA DE ALVENARIA P/ ADMI,NÃO INFORMADO,4393,MANACAPURU-AM,1302504,AM,NORTE,2026,3,PREÇO PAGO PELO PRODUTOR,
CASA DE ALVENARIA P/ ADMI,NÃO INFORMADO,4393,FLORESTA DO ARAGUAIA-PA,1503044,PA,NORTE,2026,3,PREÇO PAGO PELO PRODUTOR,
CASA DE ALVENARIA P/ ADMI,NÃO INFORMADO,4393,MEDICILÂNDIA-PA,1504455,PA,NORTE,2026,3,PREÇO PAGO PELO PRODUTOR,
CASA DE ALVENARIA P/ ADMI,NÃO INFORMADO,4393,LAGOA DA CONFUSÃO-TO,1711902,TO,NORTE,2026,3,PREÇO PAGO PELO PRODUTOR,
CASA DE ALVENARIA P/ ADMI,NÃO INFORMADO,4393,PEDRO AFONSO-TO,1716505,TO,NORTE,2026,3,PREÇO PAGO PELO PRODUTOR,
CASA DE ALVENARIA P/ ADMI,NÃO INFORMADO,4393,IGARAPÉ-MIRI-PA,1503309,PA,NORTE,2026,7,PREÇO PAGO PELO PRODUTOR,
CASA DE ALVENARIA P/ EMPR,NÃO INFORMADO,4394,LAGOA DA CONFUSÃO-TO,1711902,TO,NORTE,2025,11,PREÇO PAGO PELO PRODUTOR,
CASA DE ALVENARIA P/ EMPR,NÃO INFORMADO,4394,PEDRO AFONSO-TO,1716505,TO,NORTE,2025,11,PREÇO PAGO PELO PRODUTOR,
CASA DE ALVENARIA P/ EMPR,NÃO INFORMADO,4394,LAGOA DA CONFUSÃO-TO,1711902,TO,NORTE,2026,2,PREÇO PAGO PELO PRODUTOR,
CASA DE ALVENARIA P/ EMPR,NÃO INFORMADO,4394,MEDICILÂNDIA-PA,1504455,PA,NORTE,2026,3,PREÇO PAGO PELO PRODUTOR,
CASA DE ALVENARIA P/ EMPR,NÃO INFORMADO,4394,LAGOA DA CONFUSÃO-TO,1711902,TO,NORTE,2026,3,PREÇO PAGO PELO PRODUTOR,
CASA DE ALVENARIA P/ EMPR,NÃO INFORMADO,4394,PEDRO AFONSO-TO,1716505,TO,NORTE,2026,3,PREÇO PAGO PELO PRODUTOR,
CASA DE ALVENARIA P/ SUBE,TRANSFORMADOR 10 KVA,12588,NOVA BRASILÂNDIA D'OESTE-RO,1100148,RO,NORTE,2025,10,PREÇO PAGO PELO PRODUTOR,28000.0
CASA DE FARINHA,NÃO INFORMADO,13911,ÓBIDOS-PA,1505106,PA,NORTE,2025,9,PREÇO PAGO PELO PRODUTOR,
CASA DE FARINHA,NÃO INFORMADO,13911,MANACAPURU-AM,1302504,AM,NORTE,2026,3,PREÇO PAGO PELO PRODUTOR,
CASA DE FARINHA,NÃO INFORMADO,13911,ÓBIDOS-PA,1505106,PA,NORTE,2026,3,PREÇO PAGO PELO PRODUTOR,
CASA DE MADEIRA,NÃO INFORMADO,12366,IGARAPÉ-MIRI-PA,1503309,PA,NORTE,2025,9,PREÇO PAGO PELO PRODUTOR,
CASA DE MADEIRA,NÃO INFORMADO,12366,ÓBIDOS-PA,1505106,PA,NORTE,2025,9,PREÇO PAGO PELO PRODUTOR,
CASA DE MADEIRA,NÃO INFORMADO,12366,MACHADINHO D'OESTE-RO,1100130,RO,NORTE,2025,10,PREÇO PAGO PELO PRODUTOR,
CASA DE MADEIRA,NÃO INFORMADO,12366,ÓBIDOS-PA,1505106,PA,NORTE,2026,3,PREÇO PAGO PELO PRODUTOR,
CASA DE MADEIRA,NÃO INFORMADO,12366,XAPURI-AC,1200708,AC,NORTE,2026,7,PREÇO PAGO PELO PRODUTOR,
CASA DE MADEIRA,NÃO INFORMADO,12366,CARAUARI-AM,1301001,AM,NORTE,2026,7,PREÇO PAGO PELO PRODUTOR,
CASA DE MADEIRA,NÃO INFORMADO,12366,MANICORÉ-AM,1302702,AM,NORTE,2026,7,PREÇO PAGO PELO PRODUTOR,
CASA DE MADEIRA,NÃO INFORMADO,12366,ALTAMIRA-PA,1500602,PA,NORTE,2026,7,PREÇO PAGO PELO PRODUTOR,
CASA DE MADEIRA,NÃO INFORMADO,12366,BELTERRA-PA,1501451,PA,NORTE,2026,7,PREÇO PAGO PELO PRODUTOR,
CASA DE MADEIRA,NÃO INFORMADO,12366,CURRALINHO-PA,1502806,PA,NORTE,2026,7,PREÇO PAGO PELO PRODUTOR,
CASA DE MADEIRA,NÃO INFORMADO,12366,LIMOEIRO DO AJURU-PA,1504000,PA,NORTE,2026,7,PREÇO PAGO PELO PRODUTOR,
CASTANHA DE BABACU,AMÊNDOA,7995,SÃO DOMINGOS DO ARAGUAIA-PA,1507151,PA,NORTE,2025,9,PREÇO RECEBIDO P/ PRODUTOR,6.5
CASTANHA DE BABACU,AMÊNDOA,7995,TOCANTINÓPOLIS-TO,1721208,TO,NORTE,2025,9,PREÇO RECEBIDO P/ PRODUTOR,5.0
CASTANHA DE BABACU,AMÊNDOA,7995,SÃO DOMINGOS DO ARAGUAIA-PA,1507151,PA,NORTE,2025,10,PREÇO RECEBIDO P/ PRODUTOR,6.5
CASTANHA DE BABACU,AMÊNDOA,7995,TOCANTINÓPOLIS-TO,1721208,TO,NORTE,2025,10,PREÇO RECEBIDO P/ PRODUTOR,5.0
CASTANHA DE BABACU,AMÊNDOA,7995,SÃO DOMINGOS DO ARAGUAIA-PA,1507151,PA,NORTE,2025,11,PREÇO RECEBIDO P/ PRODUTOR,6.5
CASTANHA DE BABACU,AMÊNDOA,7995,TOCANTINÓPOLIS-TO,1721208,TO,NORTE,2025,11,PREÇO RECEBIDO P/ PRODUTOR,5.0
CASTANHA DE BABACU,AMÊNDOA,7995,SÃO DOMINGOS DO ARAGUAIA-PA,1507151,PA,NORTE,2025,12,PREÇO RECEBIDO P/ PRODUTOR,6.5
CASTANHA DE BABACU,AMÊNDOA,7995,TOCANTINÓPOLIS-TO,1721208,TO,NORTE,2025,12,PREÇO RECEBIDO P/ PRODUTOR,5.0
CASTANHA DO BRASIL,BENEFICIADA,4177,MANAUS-AM,1302603,AM,NORTE,2025,9,ATACADO,23.52
CASTANHA DO BRASIL,BENEFICIADA,4177,MANAUS-AM,1302603,AM,NORTE,2025,10,ATACADO,26.98
CASTANHA DO BRASIL,EM CASCA,4178,LARANJAL DO JARI-AP,1600279,AP,NORTE,2025,10,PREÇO RECEBIDO P/ PRODUTOR,20.0
CASTANHA DO BRASIL,BENEFICIADA,4177,MANAUS-AM,1302603,AM,NORTE,2025,11,ATACADO,27.25
CASTANHA DO BRASIL,EM CASCA,4178,COSTA MARQUES-RO,1100080,RO,NORTE,2025,11,PREÇO RECEBIDO P/ PRODUTOR,7.0
CASTANHA DO BRASIL,EM CASCA,4178,MACHADINHO D'OESTE-RO,1100130,RO,NORTE,2025,11,PREÇO RECEBIDO P/ PRODUTOR,11.0
CASTANHA DO BRASIL,BENEFICIADA,4177,MANAUS-AM,1302603,AM,NORTE,2025,12,ATACADO,27.51
CASTANHA DO BRASIL,EM CASCA,4178,JI-PARANÁ-RO,1100122,RO,NORTE,2025,12,PREÇO RECEBIDO P/ PRODUTOR,5.92
CASTANHA DO BRASIL,EM CASCA,4178,MACHADINHO D'OESTE-RO,1100130,RO,NORTE,2025,12,PREÇO RECEBIDO P/ PRODUTOR,11.0
CASTANHA DO BRASIL,BENEFICIADA,4177,MANAUS-AM,1302603,AM,NORTE,2026,1,ATACADO,26.17
CASTANHA DO BRASIL,BENEFICIADA,4177,MANAUS-AM,1302603,AM,NORTE,2026,2,ATACADO,26.33
CASTANHA DO BRASIL,BENEFICIADA,4177,MANAUS-AM,1302603,AM,NORTE,2026,3,ATACADO,38.05
CASTANHA DO BRASIL,BENEFICIADA,4177,MANAUS-AM,1302603,AM,NORTE,2026,5,ATACADO,60.37
CASTANHA DO BRASIL,BENEFICIADA,4177,MANAUS-AM,1302603,AM,NORTE,2026,6,ATACADO,70.0
CASTANHA DO BRASIL,BENEFICIADA,4177,MANAUS-AM,1302603,AM,NORTE,2026,7,ATACADO,72.2
CASTANHA DO BRASIL,BENEFICIADA,4177,MANAUS-AM,1302603,AM,NORTE,2026,8,ATACADO,73.86
CERCOBIN,875 WG 875 G/KG TIOF,14131,NOVA BRASILÂNDIA D'OESTE-RO,1100148,RO,NORTE,2025,10,PREÇO PAGO PELO PRODUTOR,103.33
CERCOBIN,700 PM 700 G/KG TIOF,3988,FLORESTA DO ARAGUAIA-PA,1503044,PA,NORTE,2026,3,PREÇO PAGO PELO PRODUTOR,70.0
CERTEZA,NÃO INFORMADO,10526,LAGOA DA CONFUSÃO-TO,1711902,TO,NORTE,2025,11,PREÇO PAGO PELO PRODUTOR,138.4
CERTEZA,NÃO INFORMADO,10526,LAGOA DA CONFUSÃO-TO,1711902,TO,NORTE,2026,3,PREÇO PAGO PELO PRODUTOR,145.0
CHAPEU,DE PALHA,12348,COARI-AM,1301209,AM,NORTE,2026,7,PREÇO PAGO PELO PRODUTOR,25.0
CIPERMETRINA,NÃO INFORMADO,7246,LAGOA DA CONFUSÃO-TO,1711902,TO,NORTE,2025,11,PREÇO PAGO PELO PRODUTOR,46.15
CIPERMETRINA,NORTOX 250 EC 250 G/,7247,PEDRO AFONSO-TO,1716505,TO,NORTE,2025,11,PREÇO PAGO PELO PRODUTOR,34.42
CIPERMETRINA,NÃO INFORMADO,7246,LAGOA DA CONFUSÃO-TO,1711902,TO,NORTE,2026,2,PREÇO PAGO PELO PRODUTOR,46.15
CIPERMETRINA,NÃO INFORMADO,7246,LAGOA DA CONFUSÃO-TO,1711902,TO,NORTE,2026,3,PREÇO PAGO PELO PRODUTOR,46.15
CIPERMETRINA,NORTOX 250 EC 250 G/,7247,PEDRO AFONSO-TO,1716505,TO,NORTE,2026,3,PREÇO PAGO PELO PRODUTOR,36.2
CLINCHER,NÃO INFORMADO,7159,LAGOA DA CONFUSÃO-TO,1711902,TO,NORTE,2025,11,PREÇO PAGO PELO PRODUTOR,193.4
CLINCHER,NÃO INFORMADO,7159,LAGOA DA CONFUSÃO-TO,1711902,TO,NORTE,2026,2,PREÇO PAGO PELO PRODUTOR,193.4
CLINCHER,NÃO INFORMADO,7159,LAGOA DA CONFUSÃO-TO,1711902,TO,NORTE,2026,3,PREÇO PAGO PELO PRODUTOR,193.4
CLORETO DE POTASSIO,NÃO INFORMADO,4541,NOVA BRASILÂNDIA D'OESTE-RO,1100148,RO,NORTE,2025,10,PREÇO PAGO PELO PRODUTOR,4.4
CLORETO DE POTASSIO,60%,10977,PEDRO AFONSO-TO,1716505,TO,NORTE,2025,11,PREÇO PAGO PELO PRODUTOR,2.98
CLORETO DE POTASSIO,60%,10977,PEDRO AFONSO-TO,1716505,TO,NORTE,2026,3,PREÇO PAGO PELO PRODUTOR,2.89
CLORIMURON,WG 250 G/KG CLORIMUR,10226,NOVA BRASILÂNDIA D'OESTE-RO,1100148,RO,NORTE,2025,10,PREÇO PAGO PELO PRODUTOR,146.44
CMZ INFINITY,NÃO INFORMADO,13973,LAGOA DA CONFUSÃO-TO,1711902,TO,NORTE,2025,11,PREÇO PAGO PELO PRODUTOR,146.0
CMZ INFINITY,NÃO INFORMADO,13973,LAGOA DA CONFUSÃO-TO,1711902,TO,NORTE,2026,2,PREÇO PAGO PELO PRODUTOR,146.0
CMZ INFINITY,NÃO INFORMADO,13973,LAGOA DA CONFUSÃO-TO,1711902,TO,NORTE,2026,3,PREÇO PAGO PELO PRODUTOR,146.0
COBOX,840 G/KG OXICLORETO,3991,MACHADINHO D'OESTE-RO,1100130,RO,NORTE,2025,10,PREÇO PAGO PELO PRODUTOR,81.5
COLHEITA,NÃO INFORMADO,8433,FLORESTA DO ARAGUAIA-PA,1503044,PA,NORTE,2026,3,PREÇO PAGO PELO PRODUTOR,
COLHEITADEIRA,258 NEW HOLLAND TC 5,14031,LAGOA DA CONFUSÃO-TO,1711902,TO,NORTE,2025,11,PREÇO PAGO PELO PRODUTOR,1460000.0
COLHEITADEIRA,258 NEW HOLLAND TC 5,14031,PEDRO AFONSO-TO,1716505,TO,NORTE,2025,11,PREÇO PAGO PELO PRODUTOR,1745000.0
COLHEITADEIRA,258 NEW HOLLAND TC 5,14031,LAGOA DA CONFUSÃO-TO,1711902,TO,NORTE,2026,2,PREÇO PAGO PELO PRODUTOR,1460000.0
COLHEITADEIRA,258 NEW HOLLAND TC 5,14031,LAGOA DA CONFUSÃO-TO,1711902,TO,NORTE,2026,3,PREÇO PAGO PELO PRODUTOR,1460000.0
COLHEITADEIRA,258 NEW HOLLAND TC 5,14031,PEDRO AFONSO-TO,1716505,TO,NORTE,2026,3,PREÇO PAGO PELO PRODUTOR,1550000.0
CONCHA DIANTEIRA,01 TONELADA,10688,LAGOA DA CONFUSÃO-TO,1711902,TO,NORTE,2025,11,PREÇO PAGO PELO PRODUTOR,14500.0
CONCHA DIANTEIRA,01 TONELADA,10688,LAGOA DA CONFUSÃO-TO,1711902,TO,NORTE,2026,2,PREÇO PAGO PELO PRODUTOR,65000.0
CONCHA DIANTEIRA,01 TONELADA,10688,LAGOA DA CONFUSÃO-TO,1711902,TO,NORTE,2026,3,PREÇO PAGO PELO PRODUTOR,65000.0
CONJUNTO GOTEJAMENTO,5,10994,NOVA BRASILÂNDIA D'OESTE-RO,1100148,RO,NORTE,2025,10,PREÇO PAGO PELO PRODUTOR,23333.33
CORDA,NYLON,14942,SENA MADUREIRA-AC,1200500,AC,NORTE,2026,7,PREÇO PAGO PELO PRODUTOR,45.63
CORTE DE MUDA (VASSOURA),NÃO INFORMADO,14573,FLORESTA DO ARAGUAIA-PA,1503044,PA,NORTE,2026,3,PREÇO PAGO PELO PRODUTOR,
CUIA,500 ML PARA SANGRIA,13903,BELTERRA-PA,1501451,PA,NORTE,2026,7,PREÇO PAGO PELO PRODUTOR,7.0
CYPRESS 400 EC,250 G/L + 150 G/L DI,14026,PEDRO AFONSO-TO,1716505,TO,NORTE,2025,11,PREÇO PAGO PELO PRODUTOR,215.48
CYPRESS 400 EC,250 G/L + 150 G/L DI,14026,PEDRO AFONSO-TO,1716505,TO,NORTE,2026,3,PREÇO PAGO PELO PRODUTOR,210.5
DANIMEN,300 EC 300 G/L FENPR,8467,NOVA BRASILÂNDIA D'OESTE-RO,1100148,RO,NORTE,2025,10,PREÇO PAGO PELO PRODUTOR,193.85
DECIS,025 EC 25 G/L DELTAM,4103,FLORESTA DO ARAGUAIA-PA,1503044,PA,NORTE,2026,3,PREÇO PAGO PELO PRODUTOR,138.0
DECIS,025 EC 25 G/L DELTAM,4103,MEDICILÂNDIA-PA,1504455,PA,NORTE,2026,3,PREÇO PAGO PELO PRODUTOR,120.0
DEPOSITO DE AGROTOXICO,DEPÓSITO PARA DEFENS,15514,LAGOA DA CONFUSÃO-TO,1711902,TO,NORTE,2026,3,PREÇO PAGO PELO PRODUTOR,
DESMATAMENTO,COM MOTOSSERRA,8680,ÓBIDOS-PA,1505106,PA,NORTE,2025,9,PREÇO PAGO PELO PRODUTOR,
DESMATAMENTO,COM MOTOSSERRA,8680,ÓBIDOS-PA,1505106,PA,NORTE,2026,3,PREÇO PAGO PELO PRODUTOR,
DIARISTA,SERVIÇOS GERAIS,5452,BOCA DO ACRE-AM,1300706,AM,NORTE,2026,7,PREÇO PAGO PELO PRODUTOR,
DIARISTA,COLHEITA AÇAÍ BASQUE,12424,IGARAPÉ-MIRI-PA,1503309,PA,NORTE,2026,7,PREÇO PAGO PELO PRODUTOR,25.0
DIARISTA ROCAGEM S/ ENCAR,ROÇADEIRA MOTORIZADA,12472,NOVA BRASILÂNDIA D'OESTE-RO,1100148,RO,NORTE,2025,10,PREÇO PAGO PELO PRODUTOR,
DIARISTA ROCAGEM S/ ENCAR,NÃO INFORMADO,9750,MEDICILÂNDIA-PA,1504455,PA,NORTE,2026,3,PREÇO PAGO PELO PRODUTOR,
DIARISTA ROCAGEM S/ ENCAR,NÃO INFORMADO,9750,IGARAPÉ-MIRI-PA,1503309,PA,NORTE,2026,5,PREÇO PAGO PELO PRODUTOR,
DIARISTA ROCAGEM S/ ENCAR,NÃO INFORMADO,9750,IGARAPÉ-MIRI-PA,1503309,PA,NORTE,2026,7,PREÇO PAGO PELO PRODUTOR,
DIARISTA SEM ENCARGOS,SERVIÇOS GERAIS SEM,9247,IGARAPÉ-MIRI-PA,1503309,PA,NORTE,2025,9,PREÇO PAGO PELO PRODUTOR,
DIARISTA SEM ENCARGOS,COLHEITA AÇAÍ,13184,IGARAPÉ-MIRI-PA,1503309,PA,NORTE,2025,9,PREÇO PAGO PELO PRODUTOR,1.25
DIARISTA SEM ENCARGOS,ABERTURA DE COVAS SE,11120,IGARAPÉ-MIRI-PA,1503309,PA,NORTE,2025,9,PREÇO PAGO PELO PRODUTOR,
DIARISTA SEM ENCARGOS,SERVIÇOS GERAIS SEM,9247,ÓBIDOS-PA,1505106,PA,NORTE,2025,9,PREÇO PAGO PELO PRODUTOR,
DIARISTA SEM ENCARGOS,DESBROTA SEM ENCARGO,11129,MACHADINHO D'OESTE-RO,1100130,RO,NORTE,2025,10,PREÇO PAGO PELO PRODUTOR,0.3
DIARISTA SEM ENCARGOS,PODA APÓS A COLHEITA,15441,MACHADINHO D'OESTE-RO,1100130,RO,NORTE,2025,10,PREÇO PAGO PELO PRODUTOR,0.3
DIARISTA SEM ENCARGOS,SERVIÇOS GERAIS SEM,9247,MACHADINHO D'OESTE-RO,1100130,RO,NORTE,2025,10,PREÇO PAGO PELO PRODUTOR,
DIARISTA SEM ENCARGOS,APLICAÇÃO DE AGROTÓX,9245,MACHADINHO D'OESTE-RO,1100130,RO,NORTE,2025,10,PREÇO PAGO PELO PRODUTOR,
DIARISTA SEM ENCARGOS,COLHEITA SEM ENCARGO,9246,MACHADINHO D'OESTE-RO,1100130,RO,NORTE,2025,10,PREÇO PAGO PELO PRODUTOR,0.35
DIARISTA SEM ENCARGOS,SERVIÇOS GERAIS SEM,9247,NOVA BRASILÂNDIA D'OESTE-RO,1100148,RO,NORTE,2025,10,PREÇO PAGO PELO PRODUTOR,
DIARISTA SEM ENCARGOS,APLICAÇÃO DE AGROTÓX,9245,NOVA BRASILÂNDIA D'OESTE-RO,1100148,RO,NORTE,2025,10,PREÇO PAGO PELO PRODUTOR,
DIARISTA SEM ENCARGOS,PODA APÓS A COLHEITA,15441,NOVA BRASILÂNDIA D'OESTE-RO,1100148,RO,NORTE,2025,10,PREÇO PAGO PELO PRODUTOR,0.3
DIARISTA SEM ENCARGOS,COLHEITA CAFÉ,14385,NOVA BRASILÂNDIA D'OESTE-RO,1100148,RO,NORTE,2025,10,PREÇO PAGO PELO PRODUTOR,0.35
DIARISTA SEM ENCARGOS,COLHEITA DA SAIA DO,15417,NOVA BRASILÂNDIA D'OESTE-RO,1100148,RO,NORTE,2025,10,PREÇO PAGO PELO PRODUTOR,0.4
DIARISTA SEM ENCARGOS,SERVIÇOS GERAIS SEM,9247,MANACAPURU-AM,1302504,AM,NORTE,2026,2,PREÇO PAGO PELO PRODUTOR,
DIARISTA SEM ENCARGOS,SERVIÇOS GERAIS SEM,9247,MANACAPURU-AM,1302504,AM,NORTE,2026,3,PREÇO PAGO PELO PRODUTOR,
DIARISTA SEM ENCARGOS,ABACAXI COBERTURA DO,11794,FLORESTA DO ARAGUAIA-PA,1503044,PA,NORTE,2026,3,PREÇO PAGO PELO PRODUTOR,
DIARISTA SEM ENCARGOS,PODA,12437,FLORESTA DO ARAGUAIA-PA,1503044,PA,NORTE,2026,3,PREÇO PAGO PELO PRODUTOR,
DIARISTA SEM ENCARGOS,APLICAÇÃO DE ADUBO S,10488,FLORESTA DO ARAGUAIA-PA,1503044,PA,NORTE,2026,3,PREÇO PAGO PELO PRODUTOR,
DIARISTA SEM ENCARGOS,APLICAÇÃO DE AGROTÓX,9245,FLORESTA DO ARAGUAIA-PA,1503044,PA,NORTE,2026,3,PREÇO PAGO PELO PRODUTOR,
DIARISTA SEM ENCARGOS,SERVIÇOS GERAIS SEM,9247,FLORESTA DO ARAGUAIA-PA,1503044,PA,NORTE,2026,3,PREÇO PAGO PELO PRODUTOR,
DIARISTA SEM ENCARGOS,CACAU PODA PARA CONT,12905,MEDICILÂNDIA-PA,1504455,PA,NORTE,2026,3,PREÇO PAGO PELO PRODUTOR,4.0
DIARISTA SEM ENCARGOS,SERVIÇOS GERAIS SEM,9247,MEDICILÂNDIA-PA,1504455,PA,NORTE,2026,3,PREÇO PAGO PELO PRODUTOR,
DIARISTA SEM ENCARGOS,APLICAÇÃO DE AGROTÓX,9245,MEDICILÂNDIA-PA,1504455,PA,NORTE,2026,3,PREÇO PAGO PELO PRODUTOR,
DIARISTA SEM ENCARGOS,DESBROTA SEM ENCARGO,11129,MEDICILÂNDIA-PA,1504455,PA,NORTE,2026,3,PREÇO PAGO PELO PRODUTOR,
DIARISTA SEM ENCARGOS,SERVIÇOS GERAIS SEM,9247,ÓBIDOS-PA,1505106,PA,NORTE,2026,3,PREÇO PAGO PELO PRODUTOR,
DIARISTA SEM ENCARGOS,COLHEITA AÇAÍ,13184,IGARAPÉ-MIRI-PA,1503309,PA,NORTE,2026,5,PREÇO PAGO PELO PRODUTOR,4.87
DIARISTA SEM ENCARGOS,SERVIÇOS GERAIS SEM,9247,SENA MADUREIRA-AC,1200500,AC,NORTE,2026,7,PREÇO PAGO PELO PRODUTOR,
DIARISTA SEM ENCARGOS,COM REFEIÇÃO,14142,XAPURI-AC,1200708,AC,NORTE,2026,7,PREÇO PAGO PELO PRODUTOR,
DIARISTA SEM ENCARGOS,NÃO INFORMADO,9244,BARCELOS-AM,1300409,AM,NORTE,2026,7,PREÇO PAGO PELO PRODUTOR,
DIARISTA SEM ENCARGOS,SERVIÇOS GERAIS SEM,9247,CARAUARI-AM,1301001,AM,NORTE,2026,7,PREÇO PAGO PELO PRODUTOR,
DIARISTA SEM ENCARGOS,NÃO INFORMADO,9244,COARI-AM,1301209,AM,NORTE,2026,7,PREÇO PAGO PELO PRODUTOR,
DIARISTA SEM ENCARGOS,SERVIÇOS GERAIS SEM,9247,CODAJÁS-AM,1301308,AM,NORTE,2026,7,PREÇO PAGO PELO PRODUTOR,
DIARISTA SEM ENCARGOS,SERVIÇOS GERAIS SEM,9247,LÁBREA-AM,1302405,AM,NORTE,2026,7,PREÇO PAGO PELO PRODUTOR,
DIARISTA SEM ENCARGOS,NÃO INFORMADO,9244,MANICORÉ-AM,1302702,AM,NORTE,2026,7,PREÇO PAGO PELO PRODUTOR,
DIARISTA SEM ENCARGOS,ROÇAGEM SEM ENCARGOS,15331,MANICORÉ-AM,1302702,AM,NORTE,2026,7,PREÇO PAGO PELO PRODUTOR,
DIARISTA SEM ENCARGOS,SERVIÇOS GERAIS SEM,9247,ALTAMIRA-PA,1500602,PA,NORTE,2026,7,PREÇO PAGO PELO PRODUTOR,
DIARISTA SEM ENCARGOS,SERVIÇOS GERAIS SEM,9247,BELTERRA-PA,1501451,PA,NORTE,2026,7,PREÇO PAGO PELO PRODUTOR,
DIARISTA SEM ENCARGOS,SERVIÇOS GERAIS SEM,9247,COLARES-PA,1502608,PA,NORTE,2026,7,PREÇO PAGO PELO PRODUTOR,
DIARISTA SEM ENCARGOS,SERVIÇOS GERAIS SEM,9247,CURRALINHO-PA,1502806,PA,NORTE,2026,7,PREÇO PAGO PELO PRODUTOR,
DIARISTA SEM ENCARGOS,SERVIÇOS GERAIS SEM,9247,IGARAPÉ-MIRI-PA,1503309,PA,NORTE,2026,7,PREÇO PAGO PELO PRODUTOR,
DIARISTA SEM ENCARGOS,COLHEITA AÇAÍ,13184,IGARAPÉ-MIRI-PA,1503309,PA,NORTE,2026,7,PREÇO PAGO PELO PRODUTOR,4.87
DIARISTA SEM ENCARGOS,NÃO INFORMADO,9244,LIMOEIRO DO AJURU-PA,1504000,PA,NORTE,2026,7,PREÇO PAGO PELO PRODUTOR,
DIARISTA SEM ENCARGOS,SERVIÇOS GERAIS SEM,9247,ORIXIMINÁ-PA,1505304,PA,NORTE,2026,7,PREÇO PAGO PELO PRODUTOR,
DIQUAT,"373,5 G/L + 200 G/L",14029,PEDRO AFONSO-TO,1716505,TO,NORTE,2025,11,PREÇO PAGO PELO PRODUTOR,23.75
DIQUAT,"373,5 G/L + 200 G/L",14029,PEDRO AFONSO-TO,1716505,TO,NORTE,2026,3,PREÇO PAGO PELO PRODUTOR,21.9
"DISTRIBUIDOR DE ADUBO, CA",3 TONELADAS 4 RODAS,8050,TUCUMÃ-PA,1508084,PA,NORTE,2025,9,PREÇO PAGO PELO PRODUTOR,70000.0
"DISTRIBUIDOR DE ADUBO, CA","1,5 TONELADA STARA",13976,LAGOA DA CONFUSÃO-TO,1711902,TO,NORTE,2025,11,PREÇO PAGO PELO PRODUTOR,40000.0
"DISTRIBUIDOR DE ADUBO, CA",12 TONELADAS JAN LAN,12170,LAGOA DA CONFUSÃO-TO,1711902,TO,NORTE,2025,11,PREÇO PAGO PELO PRODUTOR,46000.0
"DISTRIBUIDOR DE ADUBO, CA",5.500 KG PICCIN MAST,14010,PEDRO AFONSO-TO,1716505,TO,NORTE,2025,11,PREÇO PAGO PELO PRODUTOR,37900.0
"DISTRIBUIDOR DE ADUBO, CA",12 TONELADAS JAN LAN,12170,LAGOA DA CONFUSÃO-TO,1711902,TO,NORTE,2026,2,PREÇO PAGO PELO PRODUTOR,80000.0
"DISTRIBUIDOR DE ADUBO, CA",12 TONELADAS JAN LAN,12170,LAGOA DA CONFUSÃO-TO,1711902,TO,NORTE,2026,3,PREÇO PAGO PELO PRODUTOR,80000.0
"DISTRIBUIDOR DE ADUBO, CA","1,5 TONELADA STARA",13976,LAGOA DA CONFUSÃO-TO,1711902,TO,NORTE,2026,3,PREÇO PAGO PELO PRODUTOR,40000.0
"DISTRIBUIDOR DE ADUBO, CA",5.500 KG PICCIN MAST,14010,PEDRO AFONSO-TO,1716505,TO,NORTE,2026,3,PREÇO PAGO PELO PRODUTOR,35400.0
DIURON,SC 500 G/L DIUROM,14856,FLORESTA DO ARAGUAIA-PA,1503044,PA,NORTE,2026,3,PREÇO PAGO PELO PRODUTOR,50.0
EMBUCHAMENTO DA RABETA,NÃO INFORMADO,14906,BOCA DO ACRE-AM,1300706,AM,NORTE,2026,7,PREÇO PAGO PELO PRODUTOR,85.0
ENERGIA ELETRICA,NÃO INFORMADO,4423,IGARAPÉ-MIRI-PA,1503309,PA,NORTE,2025,9,PREÇO PAGO PELO PRODUTOR,
ENERGIA ELETRICA,NÃO INFORMADO,4423,ÓBIDOS-PA,1505106,PA,NORTE,2025,9,PREÇO PAGO PELO PRODUTOR,
ENERGIA ELETRICA,NÃO INFORMADO,4423,TUCUMÃ-PA,1508084,PA,NORTE,2025,9,PREÇO PAGO PELO PRODUTOR,
ENERGIA ELETRICA,NÃO INFORMADO,4423,MACHADINHO D'OESTE-RO,1100130,RO,NORTE,2025,10,PREÇO PAGO PELO PRODUTOR,
ENERGIA ELETRICA,NÃO INFORMADO,4423,NOVA BRASILÂNDIA D'OESTE-RO,1100148,RO,NORTE,2025,10,PREÇO PAGO PELO PRODUTOR,
ENERGIA ELETRICA,NÃO INFORMADO,4423,LAGOA DA CONFUSÃO-TO,1711902,TO,NORTE,2025,11,PREÇO PAGO PELO PRODUTOR,
ENERGIA ELETRICA,NÃO INFORMADO,4423,PEDRO AFONSO-TO,1716505,TO,NORTE,2025,11,PREÇO PAGO PELO PRODUTOR,
ENERGIA ELETRICA,NÃO INFORMADO,4423,LAGOA DA CONFUSÃO-TO,1711902,TO,NORTE,2026,2,PREÇO PAGO PELO PRODUTOR,
ENERGIA ELETRICA,NÃO INFORMADO,4423,MANACAPURU-AM,1302504,AM,NORTE,2026,3,PREÇO PAGO PELO PRODUTOR,
ENERGIA ELETRICA,NÃO INFORMADO,4423,FLORESTA DO ARAGUAIA-PA,1503044,PA,NORTE,2026,3,PREÇO PAGO PELO PRODUTOR,
ENERGIA ELETRICA,NÃO INFORMADO,4423,MEDICILÂNDIA-PA,1504455,PA,NORTE,2026,3,PREÇO PAGO PELO PRODUTOR,
ENERGIA ELETRICA,NÃO INFORMADO,4423,ÓBIDOS-PA,1505106,PA,NORTE,2026,3,PREÇO PAGO PELO PRODUTOR,
ENERGIA ELETRICA,NÃO INFORMADO,4423,LAGOA DA CONFUSÃO-TO,1711902,TO,NORTE,2026,3,PREÇO PAGO PELO PRODUTOR,
ENERGIA ELETRICA,NÃO INFORMADO,4423,PEDRO AFONSO-TO,1716505,TO,NORTE,2026,3,PREÇO PAGO PELO PRODUTOR,
ENERGIA ELETRICA,NÃO INFORMADO,4423,IGARAPÉ-MIRI-PA,1503309,PA,NORTE,2026,5,PREÇO PAGO PELO PRODUTOR,
ENERGIA ELETRICA,NÃO INFORMADO,4423,SENA MADUREIRA-AC,1200500,AC,NORTE,2026,7,PREÇO PAGO PELO PRODUTOR,
ENERGIA ELETRICA,NÃO INFORMADO,4423,XAPURI-AC,1200708,AC,NORTE,2026,7,PREÇO PAGO PELO PRODUTOR,
ENERGIA ELETRICA,NÃO INFORMADO,4423,BARCELOS-AM,1300409,AM,NORTE,2026,7,PREÇO PAGO PELO PRODUTOR,
ENERGIA ELETRICA,NÃO INFORMADO,4423,BOCA DO ACRE-AM,1300706,AM,NORTE,2026,7,PREÇO PAGO PELO PRODUTOR,
ENERGIA ELETRICA,NÃO INFORMADO,4423,CARAUARI-AM,1301001,AM,NORTE,2026,7,PREÇO PAGO PELO PRODUTOR,
ENERGIA ELETRICA,NÃO INFORMADO,4423,COARI-AM,1301209,AM,NORTE,2026,7,PREÇO PAGO PELO PRODUTOR,
ENERGIA ELETRICA,NÃO INFORMADO,4423,CODAJÁS-AM,1301308,AM,NORTE,2026,7,PREÇO PAGO PELO PRODUTOR,
ENERGIA ELETRICA,NÃO INFORMADO,4423,LÁBREA-AM,1302405,AM,NORTE,2026,7,PREÇO PAGO PELO PRODUTOR,
ENERGIA ELETRICA,NÃO INFORMADO,4423,MANICORÉ-AM,1302702,AM,NORTE,2026,7,PREÇO PAGO PELO PRODUTOR,
ENERGIA ELETRICA,NÃO INFORMADO,4423,ALTAMIRA-PA,1500602,PA,NORTE,2026,7,PREÇO PAGO PELO PRODUTOR,
ENERGIA ELETRICA,NÃO INFORMADO,4423,BELTERRA-PA,1501451,PA,NORTE,2026,7,PREÇO PAGO PELO PRODUTOR,
ENERGIA ELETRICA,NÃO INFORMADO,4423,COLARES-PA,1502608,PA,NORTE,2026,7,PREÇO PAGO PELO PRODUTOR,
ENERGIA ELETRICA,NÃO INFORMADO,4423,CURRALINHO-PA,1502806,PA,NORTE,2026,7,PREÇO PAGO PELO PRODUTOR,
ENERGIA ELETRICA,NÃO INFORMADO,4423,IGARAPÉ-MIRI-PA,1503309,PA,NORTE,2026,7,PREÇO PAGO PELO PRODUTOR,
ENERGIA ELETRICA,NÃO INFORMADO,4423,LIMOEIRO DO AJURU-PA,1504000,PA,NORTE,2026,7,PREÇO PAGO PELO PRODUTOR,
ENERGIA ELETRICA,NÃO INFORMADO,4423,ORIXIMINÁ-PA,1505304,PA,NORTE,2026,7,PREÇO PAGO PELO PRODUTOR,
ENGEO,PLENO 141 + 106 G/L,7297,PEDRO AFONSO-TO,1716505,TO,NORTE,2025,11,PREÇO PAGO PELO PRODUTOR,237.8
ENGEO,PLENO 141 + 106 G/L,7297,PEDRO AFONSO-TO,1716505,TO,NORTE,2026,3,PREÇO PAGO PELO PRODUTOR,240.3
"EPI COMPLETO (OCULOS, LUV",NÃO INFORMADO,12595,MACHADINHO D'OESTE-RO,1100130,RO,NORTE,2025,10,PREÇO PAGO PELO PRODUTOR,134.0
ESCARIFICADOR AGRICOLA,9 HASTES,14013,PEDRO AFONSO-TO,1716505,TO,NORTE,2025,11,PREÇO PAGO PELO PRODUTOR,63500.0
ESCARIFICADOR AGRICOLA,9 HASTES,14013,PEDRO AFONSO-TO,1716505,TO,NORTE,2026,3,PREÇO PAGO PELO PRODUTOR,58000.0
ESPALHANTE ADESIVO,RUBI,14843,FLORESTA DO ARAGUAIA-PA,1503044,PA,NORTE,2026,3,PREÇO PAGO PELO PRODUTOR,135.0
ESTACAS,DE MADEIRA,12886,IGARAPÉ-MIRI-PA,1503309,PA,NORTE,2025,9,PREÇO PAGO PELO PRODUTOR,0.6
ESTRUTURA PARA ABASTECIME,NÃO INFORMADO,13947,LAGOA DA CONFUSÃO-TO,1711902,TO,NORTE,2025,11,PREÇO PAGO PELO PRODUTOR,
ESTRUTURA PARA ABASTECIME,NÃO INFORMADO,13947,LAGOA DA CONFUSÃO-TO,1711902,TO,NORTE,2026,3,PREÇO PAGO PELO PRODUTOR,40000.0
ESTUFA,NÃO INFORMADO,11341,MEDICILÂNDIA-PA,1504455,PA,NORTE,2026,3,PREÇO PAGO PELO PRODUTOR,
ESTUFA,COBERTO COM LONA E C,13898,BELTERRA-PA,1501451,PA,NORTE,2026,7,PREÇO PAGO PELO PRODUTOR,3800.0
ETHREL 720,720 G/L ETEFOM,14858,FLORESTA DO ARAGUAIA-PA,1503044,PA,NORTE,2026,3,PREÇO PAGO PELO PRODUTOR,225.0
EVOLUTION,"37,5 G/KG + 525 G/KG",14022,PEDRO AFONSO-TO,1716505,TO,NORTE,2025,11,PREÇO PAGO PELO PRODUTOR,59.3
EVOLUTION,"37,5 G/KG + 525 G/KG",14022,PEDRO AFONSO-TO,1716505,TO,NORTE,2026,3,PREÇO PAGO PELO PRODUTOR,57.5
FACA,PARA SANGRIA,13151,SENA MADUREIRA-AC,1200500,AC,NORTE,2026,7,PREÇO PAGO PELO PRODUTOR,40.0
FACA,CABO PRETO 7'',15373,BARCELOS-AM,1300409,AM,NORTE,2026,7,PREÇO PAGO PELO PRODUTOR,36.0
FACA,CABO BRANCO 8'',15374,BARCELOS-AM,1300409,AM,NORTE,2026,7,PREÇO PAGO PELO PRODUTOR,36.0
FACA,NÃO INFORMADO,8669,LIMOEIRO DO AJURU-PA,1504000,PA,NORTE,2026,7,PREÇO PAGO PELO PRODUTOR,20.0
FACAO,128 CM TRAMONTINA,13899,MANACAPURU-AM,1302504,AM,NORTE,2026,2,PREÇO PAGO PELO PRODUTOR,65.0
FACAO,128 CM TRAMONTINA,13899,MANACAPURU-AM,1302504,AM,NORTE,2026,3,PREÇO PAGO PELO PRODUTOR,60.0
FACAO,16 POLEGADAS TRAMONT,14239,XAPURI-AC,1200708,AC,NORTE,2026,7,PREÇO PAGO PELO PRODUTOR,100.0
FACAO,"60 CM, COM BAINHA TR",15316,COARI-AM,1301209,AM,NORTE,2026,7,PREÇO PAGO PELO PRODUTOR,80.0
FACAO,"50 CM, COM BAINHA TR",15315,COARI-AM,1301209,AM,NORTE,2026,7,PREÇO PAGO PELO PRODUTOR,60.0
FACAO,12 POLEGADAS COM BAI,15325,CODAJÁS-AM,1301308,AM,NORTE,2026,7,PREÇO PAGO PELO PRODUTOR,55.0
FACAO,58 CM TRAMONTINA,11611,LÁBREA-AM,1302405,AM,NORTE,2026,7,PREÇO PAGO PELO PRODUTOR,82.0
FACAO,COM BAINHA COLLINS,13893,BELTERRA-PA,1501451,PA,NORTE,2026,7,PREÇO PAGO PELO PRODUTOR,90.0
FACAO,128 CM TRAMONTINA,13899,BELTERRA-PA,1501451,PA,NORTE,2026,7,PREÇO PAGO PELO PRODUTOR,70.0
FACAO,22 POLEGADAS,14982,COLARES-PA,1502608,PA,NORTE,2026,7,PREÇO PAGO PELO PRODUTOR,75.0
FACAO,NÃO INFORMADO,11610,CURRALINHO-PA,1502806,PA,NORTE,2026,7,PREÇO PAGO PELO PRODUTOR,70.0
FACAO,20 POLEGADAS TRAMONT,14094,LIMOEIRO DO AJURU-PA,1504000,PA,NORTE,2026,7,PREÇO PAGO PELO PRODUTOR,68.0
FACAO,58 CM TRAMONTINA,11611,ORIXIMINÁ-PA,1505304,PA,NORTE,2026,7,PREÇO PAGO PELO PRODUTOR,65.0
FACAO 127,NÃO INFORMADO,14868,BARCELOS-AM,1300409,AM,NORTE,2026,7,PREÇO PAGO PELO PRODUTOR,86.0
FACAO 127,NÃO INFORMADO,14868,BOCA DO ACRE-AM,1300706,AM,NORTE,2026,7,PREÇO PAGO PELO PRODUTOR,72.0
FACAO 127,NÃO INFORMADO,14868,ALTAMIRA-PA,1500602,PA,NORTE,2026,7,PREÇO PAGO PELO PRODUTOR,98.0
FACAO Nº 128,TERÇADO,12381,SENA MADUREIRA-AC,1200500,AC,NORTE,2026,7,PREÇO PAGO PELO PRODUTOR,106.0
FACAO Nº 128,TERÇADO,12381,BOCA DO ACRE-AM,1300706,AM,NORTE,2026,7,PREÇO PAGO PELO PRODUTOR,75.0
FACAO Nº 128,TERÇADO,12381,MANICORÉ-AM,1302702,AM,NORTE,2026,7,PREÇO PAGO PELO PRODUTOR,110.0
FARINHA DE MANDIOCA,SECA AMARELA,15347,RIO BRANCO-AC,1200401,AC,NORTE,2025,9,VAREJO,5.8
FARINHA DE MANDIOCA,MÉDIA BRANCO (A) 1 S,363,RIO BRANCO-AC,1200401,AC,NORTE,2025,9,ATACADO,6.79
FARINHA DE MANDIOCA,MÉDIA AMARELO (A) 1,368,RIO BRANCO-AC,1200401,AC,NORTE,2025,9,ATACADO,5.34
FARINHA DE MANDIOCA,MÉDIA SECA BRANCA,11247,SENA MADUREIRA-AC,1200500,AC,NORTE,2025,9,PREÇO RECEBIDO P/ PRODUTOR,3.07
FARINHA DE MANDIOCA,FINA SECA,11280,ENVIRA-AM,1301506,AM,NORTE,2025,9,PREÇO RECEBIDO P/ PRODUTOR,3.6
FARINHA DE MANDIOCA,MÉDIA D'ÁGUA,11279,MANACAPURU-AM,1302504,AM,NORTE,2025,9,PREÇO RECEBIDO P/ PRODUTOR,6.0
FARINHA DE MANDIOCA,GROSSA(O) TIPO 1 D'Á,11311,MANAUS-AM,1302603,AM,NORTE,2025,9,ATACADO,5.56
FARINHA DE MANDIOCA,MÉDIA TIPO 1 SECA,11174,MANAUS-AM,1302603,AM,NORTE,2025,9,ATACADO,4.6
FARINHA DE MANDIOCA,D'ÁGUA AMARELA,15346,MANAUS-AM,1302603,AM,NORTE,2025,9,VAREJO,5.16
FARINHA DE MANDIOCA,SECA AMARELA,15347,MACAPÁ-AP,1600303,AP,NORTE,2025,9,VAREJO,6.64
FARINHA DE MANDIOCA,GROSSA AMARELO (A) 1,279,MACAPÁ-AP,1600303,AP,NORTE,2025,9,ATACADO,5.4
FARINHA DE MANDIOCA,MÉDIA TIPO 1 SECA,11174,MACAPÁ-AP,1600303,AP,NORTE,2025,9,ATACADO,5.39
FARINHA DE MANDIOCA,MÉDIA TIPO 2 SECA,11215,MACAPÁ-AP,1600303,AP,NORTE,2025,9,ATACADO,8.0
FARINHA DE MANDIOCA,TORRADA BRANCA,15344,BELÉM-PA,1501402,PA,NORTE,2025,9,VAREJO,10.62
FARINHA DE MANDIOCA,MÉDIA TIPO 1 SECA,11174,BELÉM-PA,1501402,PA,NORTE,2025,9,ATACADO,5.51
FARINHA DE MANDIOCA,MÉDIA SECA,11244,BRAGANÇA-PA,1501709,PA,NORTE,2025,9,PREÇO RECEBIDO P/ PRODUTOR,6.4
FARINHA DE MANDIOCA,MÉDIA SECA,11244,CASTANHAL-PA,1502400,PA,NORTE,2025,9,PREÇO RECEBIDO P/ PRODUTOR,4.29
FARINHA DE MANDIOCA,MÉDIA SECA,11244,SANTARÉM-PA,1506807,PA,NORTE,2025,9,PREÇO RECEBIDO P/ PRODUTOR,8.0
FARINHA DE MANDIOCA,MÉDIA AMARELO (A) 1,368,PORTO VELHO-RO,1100205,RO,NORTE,2025,9,ATACADO,5.24
FARINHA DE MANDIOCA,SECA AMARELA,15347,PORTO VELHO-RO,1100205,RO,NORTE,2025,9,VAREJO,6.92
FARINHA DE MANDIOCA,MÉDIA TIPO 1 SECA,11174,BOA VISTA-RR,1400100,RR,NORTE,2025,9,ATACADO,19.7
FARINHA DE MANDIOCA,D'ÁGUA AMARELA,15346,BOA VISTA-RR,1400100,RR,NORTE,2025,9,VAREJO,9.74
FARINHA DE MANDIOCA,MÉDIA TIPO 1 D'ÁGUA,11920,BOA VISTA-RR,1400100,RR,NORTE,2025,9,ATACADO,11.63
FARINHA DE MANDIOCA,GROSSA(O) D'ÁGUA,12274,CANTÁ-RR,1400175,RR,NORTE,2025,9,PREÇO RECEBIDO P/ PRODUTOR,9.42
FARINHA DE MANDIOCA,GROSSA(O) D'ÁGUA,12274,CAROEBE-RR,1400233,RR,NORTE,2025,9,PREÇO RECEBIDO P/ PRODUTOR,9.45
FARINHA DE MANDIOCA,MÉDIA SECA,11244,ARAGUATINS-TO,1702208,TO,NORTE,2025,9,PREÇO RECEBIDO P/ PRODUTOR,8.75
FARINHA DE MANDIOCA,MÉDIA SECA,11244,GURUPI-TO,1709500,TO,NORTE,2025,9,PREÇO RECEBIDO P/ PRODUTOR,8.75
FARINHA DE MANDIOCA,MÉDIA TIPO 1 SECA,11174,PALMAS-TO,1721000,TO,NORTE,2025,9,ATACADO,5.29
FARINHA DE MANDIOCA,CRUA BRANCA,15345,PALMAS-TO,1721000,TO,NORTE,2025,9,VAREJO,9.74
FARINHA DE MANDIOCA,MÉDIA AMARELO (A) 1,368,RIO BRANCO-AC,1200401,AC,NORTE,2025,10,ATACADO,5.12
FARINHA DE MANDIOCA,MÉDIA BRANCO (A) 1 S,363,RIO BRANCO-AC,1200401,AC,NORTE,2025,10,ATACADO,6.92
FARINHA DE MANDIOCA,SECA AMARELA,15347,RIO BRANCO-AC,1200401,AC,NORTE,2025,10,VAREJO,5.9
FARINHA DE MANDIOCA,MÉDIA SECA BRANCA,11247,SENA MADUREIRA-AC,1200500,AC,NORTE,2025,10,PREÇO RECEBIDO P/ PRODUTOR,3.07
FARINHA DE MANDIOCA,FINA SECA,11280,ENVIRA-AM,1301506,AM,NORTE,2025,10,PREÇO RECEBIDO P/ PRODUTOR,3.6
FARINHA DE MANDIOCA,MÉDIA D'ÁGUA,11279,MANACAPURU-AM,1302504,AM,NORTE,2025,10,PREÇO RECEBIDO P/ PRODUTOR,6.0
FARINHA DE MANDIOCA,GROSSA(O) TIPO 1 D'Á,11311,MANAUS-AM,1302603,AM,NORTE,2025,10,ATACADO,5.21
FARINHA DE MANDIOCA,D'ÁGUA AMARELA,15346,MANAUS-AM,1302603,AM,NORTE,2025,10,VAREJO,5.19
FARINHA DE MANDIOCA,MÉDIA TIPO 1 SECA,11174,MANAUS-AM,1302603,AM,NORTE,2025,10,ATACADO,4.48
FARINHA DE MANDIOCA,MÉDIA TIPO 1 SECA,11174,MACAPÁ-AP,1600303,AP,NORTE,2025,10,ATACADO,5.67
FARINHA DE MANDIOCA,MÉDIA TIPO 2 SECA,11215,MACAPÁ-AP,1600303,AP,NORTE,2025,10,ATACADO,8.67
FARINHA DE MANDIOCA,GROSSA AMARELO (A) 1,279,MACAPÁ-AP,1600303,AP,NORTE,2025,10,ATACADO,5.8
FARINHA DE MANDIOCA,SECA AMARELA,15347,MACAPÁ-AP,1600303,AP,NORTE,2025,10,VAREJO,6.98
FARINHA DE MANDIOCA,MÉDIA TIPO 1 SECA,11174,BELÉM-PA,1501402,PA,NORTE,2025,10,ATACADO,5.59
FARINHA DE MANDIOCA,TORRADA BRANCA,15344,BELÉM-PA,1501402,PA,NORTE,2025,10,VAREJO,10.97
FARINHA DE MANDIOCA,MÉDIA SECA,11244,BRAGANÇA-PA,1501709,PA,NORTE,2025,10,PREÇO RECEBIDO P/ PRODUTOR,6.04
FARINHA DE MANDIOCA,MÉDIA SECA,11244,CASTANHAL-PA,1502400,PA,NORTE,2025,10,PREÇO RECEBIDO P/ PRODUTOR,4.61
FARINHA DE MANDIOCA,MÉDIA SECA,11244,SANTARÉM-PA,1506807,PA,NORTE,2025,10,PREÇO RECEBIDO P/ PRODUTOR,8.51
FARINHA DE MANDIOCA,MÉDIA AMARELO (A) 1,368,PORTO VELHO-RO,1100205,RO,NORTE,2025,10,ATACADO,5.24
FARINHA DE MANDIOCA,SECA AMARELA,15347,PORTO VELHO-RO,1100205,RO,NORTE,2025,10,VAREJO,6.64
FARINHA DE MANDIOCA,D'ÁGUA AMARELA,15346,BOA VISTA-RR,1400100,RR,NORTE,2025,10,VAREJO,9.26
FARINHA DE MANDIOCA,MÉDIA TIPO 1 SECA,11174,BOA VISTA-RR,1400100,RR,NORTE,2025,10,ATACADO,16.42
FARINHA DE MANDIOCA,MÉDIA TIPO 1 D'ÁGUA,11920,BOA VISTA-RR,1400100,RR,NORTE,2025,10,ATACADO,10.89
FARINHA DE MANDIOCA,GROSSA(O) D'ÁGUA,12274,CANTÁ-RR,1400175,RR,NORTE,2025,10,PREÇO RECEBIDO P/ PRODUTOR,8.64
FARINHA DE MANDIOCA,GROSSA(O) D'ÁGUA,12274,CAROEBE-RR,1400233,RR,NORTE,2025,10,PREÇO RECEBIDO P/ PRODUTOR,8.65
FARINHA DE MANDIOCA,MÉDIA SECA,11244,ARAGUATINS-TO,1702208,TO,NORTE,2025,10,PREÇO RECEBIDO P/ PRODUTOR,8.75
FARINHA DE MANDIOCA,MÉDIA SECA,11244,GURUPI-TO,1709500,TO,NORTE,2025,10,PREÇO RECEBIDO P/ PRODUTOR,8.75
FARINHA DE MANDIOCA,MÉDIA TIPO 1 SECA,11174,PALMAS-TO,1721000,TO,NORTE,2025,10,ATACADO,5.56
FARINHA DE MANDIOCA,CRUA BRANCA,15345,PALMAS-TO,1721000,TO,NORTE,2025,10,VAREJO,9.64
FARINHA DE MANDIOCA,SECA AMARELA,15347,RIO BRANCO-AC,1200401,AC,NORTE,2025,11,VAREJO,5.81
FARINHA DE MANDIOCA,MÉDIA AMARELO (A) 1,368,RIO BRANCO-AC,1200401,AC,NORTE,2025,11,ATACADO,5.12
FARINHA DE MANDIOCA,MÉDIA BRANCO (A) 1 S,363,RIO BRANCO-AC,1200401,AC,NORTE,2025,11,ATACADO,6.92
FARINHA DE MANDIOCA,MÉDIA SECA BRANCA,11247,SENA MADUREIRA-AC,1200500,AC,NORTE,2025,11,PREÇO RECEBIDO P/ PRODUTOR,3.07
FARINHA DE MANDIOCA,FINA SECA,11280,ENVIRA-AM,1301506,AM,NORTE,2025,11,PREÇO RECEBIDO P/ PRODUTOR,3.15
FARINHA DE MANDIOCA,MÉDIA D'ÁGUA,11279,MANACAPURU-AM,1302504,AM,NORTE,2025,11,PREÇO RECEBIDO P/ PRODUTOR,5.6
FARINHA DE MANDIOCA,GROSSA(O) TIPO 1 D'Á,11311,MANAUS-AM,1302603,AM,NORTE,2025,11,ATACADO,4.75
FARINHA DE MANDIOCA,MÉDIA TIPO 1 SECA,11174,MANAUS-AM,1302603,AM,NORTE,2025,11,ATACADO,4.6
FARINHA DE MANDIOCA,D'ÁGUA AMARELA,15346,MANAUS-AM,1302603,AM,NORTE,2025,11,VAREJO,4.77
FARINHA DE MANDIOCA,SECA AMARELA,15347,MACAPÁ-AP,1600303,AP,NORTE,2025,11,VAREJO,6.74
FARINHA DE MANDIOCA,GROSSA AMARELO (A) 1,279,MACAPÁ-AP,1600303,AP,NORTE,2025,11,ATACADO,5.6
FARINHA DE MANDIOCA,MÉDIA TIPO 1 SECA,11174,MACAPÁ-AP,1600303,AP,NORTE,2025,11,ATACADO,6.38
FARINHA DE MANDIOCA,MÉDIA TIPO 2 SECA,11215,MACAPÁ-AP,1600303,AP,NORTE,2025,11,ATACADO,9.0
FARINHA DE MANDIOCA,TORRADA BRANCA,15344,BELÉM-PA,1501402,PA,NORTE,2025,11,VAREJO,10.79
FARINHA DE MANDIOCA,MÉDIA TIPO 1 SECA,11174,BELÉM-PA,1501402,PA,NORTE,2025,11,ATACADO,5.74
FARINHA DE MANDIOCA,MÉDIA SECA,11244,BRAGANÇA-PA,1501709,PA,NORTE,2025,11,PREÇO RECEBIDO P/ PRODUTOR,6.0
FARINHA DE MANDIOCA,MÉDIA SECA,11244,CASTANHAL-PA,1502400,PA,NORTE,2025,11,PREÇO RECEBIDO P/ PRODUTOR,4.58
FARINHA DE MANDIOCA,MÉDIA SECA,11244,SANTARÉM-PA,1506807,PA,NORTE,2025,11,PREÇO RECEBIDO P/ PRODUTOR,8.79
FARINHA DE MANDIOCA,MÉDIA AMARELO (A) 1,368,PORTO VELHO-RO,1100205,RO,NORTE,2025,11,ATACADO,4.91
FARINHA DE MANDIOCA,SECA AMARELA,15347,PORTO VELHO-RO,1100205,RO,NORTE,2025,11,VAREJO,6.52
FARINHA DE MANDIOCA,D'ÁGUA AMARELA,15346,BOA VISTA-RR,1400100,RR,NORTE,2025,11,VAREJO,9.74
FARINHA DE MANDIOCA,MÉDIA TIPO 1 SECA,11174,BOA VISTA-RR,1400100,RR,NORTE,2025,11,ATACADO,16.9
FARINHA DE MANDIOCA,MÉDIA TIPO 1 D'ÁGUA,11920,BOA VISTA-RR,1400100,RR,NORTE,2025,11,ATACADO,9.99
FARINHA DE MANDIOCA,GROSSA(O) D'ÁGUA,12274,CANTÁ-RR,1400175,RR,NORTE,2025,11,PREÇO RECEBIDO P/ PRODUTOR,8.8
FARINHA DE MANDIOCA,GROSSA(O) D'ÁGUA,12274,CAROEBE-RR,1400233,RR,NORTE,2025,11,PREÇO RECEBIDO P/ PRODUTOR,8.8
FARINHA DE MANDIOCA,MÉDIA SECA,11244,ARAGUATINS-TO,1702208,TO,NORTE,2025,11,PREÇO RECEBIDO P/ PRODUTOR,8.75
FARINHA DE MANDIOCA,MÉDIA SECA,11244,GURUPI-TO,1709500,TO,NORTE,2025,11,PREÇO RECEBIDO P/ PRODUTOR,8.75
FARINHA DE MANDIOCA,MÉDIA TIPO 1 SECA,11174,PALMAS-TO,1721000,TO,NORTE,2025,11,ATACADO,5.45
FARINHA DE MANDIOCA,CRUA BRANCA,15345,PALMAS-TO,1721000,TO,NORTE,2025,11,VAREJO,9.62
FARINHA DE MANDIOCA,MÉDIA BRANCO (A) 1 S,363,RIO BRANCO-AC,1200401,AC,NORTE,2025,12,ATACADO,6.92
FARINHA DE MANDIOCA,SECA AMARELA,15347,RIO BRANCO-AC,1200401,AC,NORTE,2025,12,VAREJO,5.9
FARINHA DE MANDIOCA,MÉDIA AMARELO (A) 1,368,RIO BRANCO-AC,1200401,AC,NORTE,2025,12,ATACADO,5.58
FARINHA DE MANDIOCA,MÉDIA SECA BRANCA,11247,SENA MADUREIRA-AC,1200500,AC,NORTE,2025,12,PREÇO RECEBIDO P/ PRODUTOR,3.05
FARINHA DE MANDIOCA,FINA SECA,11280,ENVIRA-AM,1301506,AM,NORTE,2025,12,PREÇO RECEBIDO P/ PRODUTOR,3.37
FARINHA DE MANDIOCA,MÉDIA D'ÁGUA,11279,MANACAPURU-AM,1302504,AM,NORTE,2025,12,PREÇO RECEBIDO P/ PRODUTOR,6.47
FARINHA DE MANDIOCA,GROSSA(O) TIPO 1 D'Á,11311,MANAUS-AM,1302603,AM,NORTE,2025,12,ATACADO,4.78
FARINHA DE MANDIOCA,D'ÁGUA AMARELA,15346,MANAUS-AM,1302603,AM,NORTE,2025,12,VAREJO,4.79
FARINHA DE MANDIOCA,MÉDIA TIPO 1 SECA,11174,MANAUS-AM,1302603,AM,NORTE,2025,12,ATACADO,4.68
FARINHA DE MANDIOCA,MÉDIA TIPO 1 SECA,11174,MACAPÁ-AP,1600303,AP,NORTE,2025,12,ATACADO,6.73
FARINHA DE MANDIOCA,MÉDIA TIPO 2 SECA,11215,MACAPÁ-AP,1600303,AP,NORTE,2025,12,ATACADO,9.33
FARINHA DE MANDIOCA,SECA AMARELA,15347,MACAPÁ-AP,1600303,AP,NORTE,2025,12,VAREJO,6.81
FARINHA DE MANDIOCA,GROSSA AMARELO (A) 1,279,MACAPÁ-AP,1600303,AP,NORTE,2025,12,ATACADO,6.0
FARINHA DE MANDIOCA,MÉDIA TIPO 1 SECA,11174,BELÉM-PA,1501402,PA,NORTE,2025,12,ATACADO,5.83
FARINHA DE MANDIOCA,TORRADA BRANCA,15344,BELÉM-PA,1501402,PA,NORTE,2025,12,VAREJO,10.64
FARINHA DE MANDIOCA,MÉDIA SECA,11244,BRAGANÇA-PA,1501709,PA,NORTE,2025,12,PREÇO RECEBIDO P/ PRODUTOR,8.0
FARINHA DE MANDIOCA,MÉDIA SECA,11244,CASTANHAL-PA,1502400,PA,NORTE,2025,12,PREÇO RECEBIDO P/ PRODUTOR,4.36
FARINHA DE MANDIOCA,MÉDIA SECA,11244,SANTARÉM-PA,1506807,PA,NORTE,2025,12,PREÇO RECEBIDO P/ PRODUTOR,7.0
FARINHA DE MANDIOCA,MÉDIA AMARELO (A) 1,368,PORTO VELHO-RO,1100205,RO,NORTE,2025,12,ATACADO,5.74
FARINHA DE MANDIOCA,SECA AMARELA,15347,PORTO VELHO-RO,1100205,RO,NORTE,2025,12,VAREJO,6.5
FARINHA DE MANDIOCA,MÉDIA TIPO 1 SECA,11174,BOA VISTA-RR,1400100,RR,NORTE,2025,12,ATACADO,17.04
FARINHA DE MANDIOCA,D'ÁGUA AMARELA,15346,BOA VISTA-RR,1400100,RR,NORTE,2025,12,VAREJO,9.52
FARINHA DE MANDIOCA,MÉDIA TIPO 1 D'ÁGUA,11920,BOA VISTA-RR,1400100,RR,NORTE,2025,12,ATACADO,9.56
FARINHA DE MANDIOCA,GROSSA(O) D'ÁGUA,12274,CANTÁ-RR,1400175,RR,NORTE,2025,12,PREÇO RECEBIDO P/ PRODUTOR,10.09
FARINHA DE MANDIOCA,GROSSA(O) D'ÁGUA,12274,CAROEBE-RR,1400233,RR,NORTE,2025,12,PREÇO RECEBIDO P/ PRODUTOR,9.46
FARINHA DE MANDIOCA,MÉDIA SECA,11244,ARAGUATINS-TO,1702208,TO,NORTE,2025,12,PREÇO RECEBIDO P/ PRODUTOR,8.75
FARINHA DE MANDIOCA,MÉDIA SECA,11244,GURUPI-TO,1709500,TO,NORTE,2025,12,PREÇO RECEBIDO P/ PRODUTOR,8.75
FARINHA DE MANDIOCA,MÉDIA TIPO 1 SECA,11174,PALMAS-TO,1721000,TO,NORTE,2025,12,ATACADO,5.49
FARINHA DE MANDIOCA,CRUA BRANCA,15345,PALMAS-TO,1721000,TO,NORTE,2025,12,VAREJO,9.45
FARINHA DE MANDIOCA,SECA AMARELA,15347,RIO BRANCO-AC,1200401,AC,NORTE,2026,1,VAREJO,5.57
FARINHA DE MANDIOCA,D'ÁGUA AMARELA,15346,MANAUS-AM,1302603,AM,NORTE,2026,1,VAREJO,4.81
FARINHA DE MANDIOCA,SECA AMARELA,15347,MACAPÁ-AP,1600303,AP,NORTE,2026,1,VAREJO,6.94
FARINHA DE MANDIOCA,TORRADA BRANCA,15344,BELÉM-PA,1501402,PA,NORTE,2026,1,VAREJO,8.62
FARINHA DE MANDIOCA,SECA AMARELA,15347,PORTO VELHO-RO,1100205,RO,NORTE,2026,1,VAREJO,6.46
FARINHA DE MANDIOCA,D'ÁGUA AMARELA,15346,BOA VISTA-RR,1400100,RR,NORTE,2026,1,VAREJO,9.47
FARINHA DE MANDIOCA,CRUA BRANCA,15345,PALMAS-TO,1721000,TO,NORTE,2026,1,VAREJO,9.45
FARINHA DE MANDIOCA,SECA AMARELA,15347,RIO BRANCO-AC,1200401,AC,NORTE,2026,2,VAREJO,5.64
FARINHA DE MANDIOCA,D'ÁGUA AMARELA,15346,MANAUS-AM,1302603,AM,NORTE,2026,2,VAREJO,4.79
FARINHA DE MANDIOCA,SECA AMARELA,15347,MACAPÁ-AP,1600303,AP,NORTE,2026,2,VAREJO,7.02
FARINHA DE MANDIOCA,TORRADA BRANCA,15344,BELÉM-PA,1501402,PA,NORTE,2026,2,VAREJO,8.45
FARINHA DE MANDIOCA,SECA AMARELA,15347,PORTO VELHO-RO,1100205,RO,NORTE,2026,2,VAREJO,6.27
FARINHA DE MANDIOCA,D'ÁGUA AMARELA,15346,BOA VISTA-RR,1400100,RR,NORTE,2026,2,VAREJO,8.91
FARINHA DE MANDIOCA,CRUA BRANCA,15345,PALMAS-TO,1721000,TO,NORTE,2026,2,VAREJO,9.47
FARINHA DE MANDIOCA,SECA AMARELA,15347,RIO BRANCO-AC,1200401,AC,NORTE,2026,3,VAREJO,5.54
FARINHA DE MANDIOCA,D'ÁGUA AMARELA,15346,MANAUS-AM,1302603,AM,NORTE,2026,3,VAREJO,4.89
FARINHA DE MANDIOCA,SECA AMARELA,15347,MACAPÁ-AP,1600303,AP,NORTE,2026,3,VAREJO,7.11
FARINHA DE MANDIOCA,TORRADA BRANCA,15344,BELÉM-PA,1501402,PA,NORTE,2026,3,VAREJO,8.43
FARINHA DE MANDIOCA,SECA AMARELA,15347,PORTO VELHO-RO,1100205,RO,NORTE,2026,3,VAREJO,6.35
FARINHA DE MANDIOCA,D'ÁGUA AMARELA,15346,BOA VISTA-RR,1400100,RR,NORTE,2026,3,VAREJO,9.37
FARINHA DE MANDIOCA,CRUA BRANCA,15345,PALMAS-TO,1721000,TO,NORTE,2026,3,VAREJO,9.46
FARINHA DE MANDIOCA,SECA AMARELA,15347,RIO BRANCO-AC,1200401,AC,NORTE,2026,4,VAREJO,5.51
FARINHA DE MANDIOCA,D'ÁGUA AMARELA,15346,MANAUS-AM,1302603,AM,NORTE,2026,4,VAREJO,5.09
FARINHA DE MANDIOCA,SECA AMARELA,15347,MACAPÁ-AP,1600303,AP,NORTE,2026,4,VAREJO,7.29
FARINHA DE MANDIOCA,TORRADA BRANCA,15344,BELÉM-PA,1501402,PA,NORTE,2026,4,VAREJO,8.41
FARINHA DE MANDIOCA,SECA AMARELA,15347,PORTO VELHO-RO,1100205,RO,NORTE,2026,4,VAREJO,6.32
FARINHA DE MANDIOCA,D'ÁGUA AMARELA,15346,BOA VISTA-RR,1400100,RR,NORTE,2026,4,VAREJO,9.18
FARINHA DE MANDIOCA,CRUA BRANCA,15345,PALMAS-TO,1721000,TO,NORTE,2026,4,VAREJO,9.36
FARINHA DE MANDIOCA,SECA AMARELA,15347,RIO BRANCO-AC,1200401,AC,NORTE,2026,5,VAREJO,5.53
FARINHA DE MANDIOCA,D'ÁGUA AMARELA,15346,MANAUS-AM,1302603,AM,NORTE,2026,5,VAREJO,5.41
FARINHA DE MANDIOCA,SECA AMARELA,15347,MACAPÁ-AP,1600303,AP,NORTE,2026,5,VAREJO,7.51
FARINHA DE MANDIOCA,TORRADA BRANCA,15344,BELÉM-PA,1501402,PA,NORTE,2026,5,VAREJO,8.41
FARINHA DE MANDIOCA,SECA AMARELA,15347,PORTO VELHO-RO,1100205,RO,NORTE,2026,5,VAREJO,6.42
FARINHA DE MANDIOCA,D'ÁGUA AMARELA,15346,BOA VISTA-RR,1400100,RR,NORTE,2026,5,VAREJO,8.55
FARINHA DE MANDIOCA,CRUA BRANCA,15345,PALMAS-TO,1721000,TO,NORTE,2026,5,VAREJO,9.47
FARINHA DE MANDIOCA,SECA AMARELA,15347,RIO BRANCO-AC,1200401,AC,NORTE,2026,6,VAREJO,5.66
FARINHA DE MANDIOCA,D'ÁGUA AMARELA,15346,MANAUS-AM,1302603,AM,NORTE,2026,6,VAREJO,5.62
FARINHA DE MANDIOCA,SECA AMARELA,15347,MACAPÁ-AP,1600303,AP,NORTE,2026,6,VAREJO,7.73
FARINHA DE MANDIOCA,TORRADA BRANCA,15344,BELÉM-PA,1501402,PA,NORTE,2026,6,VAREJO,8.38
FARINHA DE MANDIOCA,SECA AMARELA,15347,PORTO VELHO-RO,1100205,RO,NORTE,2026,6,VAREJO,6.32
FARINHA DE MANDIOCA,D'ÁGUA AMARELA,15346,BOA VISTA-RR,1400100,RR,NORTE,2026,6,VAREJO,9.25
FARINHA DE MANDIOCA,CRUA BRANCA,15345,PALMAS-TO,1721000,TO,NORTE,2026,6,VAREJO,9.24
FARINHA DE MANDIOCA,SECA AMARELA,15347,RIO BRANCO-AC,1200401,AC,NORTE,2026,7,VAREJO,5.71
FARINHA DE MANDIOCA,D'ÁGUA AMARELA,15346,MANAUS-AM,1302603,AM,NORTE,2026,7,VAREJO,5.73
FARINHA DE MANDIOCA,SECA AMARELA,15347,MACAPÁ-AP,1600303,AP,NORTE,2026,7,VAREJO,7.68
FARINHA DE MANDIOCA,TORRADA BRANCA,15344,BELÉM-PA,1501402,PA,NORTE,2026,7,VAREJO,8.3
FARINHA DE MANDIOCA,SECA AMARELA,15347,PORTO VELHO-RO,1100205,RO,NORTE,2026,7,VAREJO,6.34
FARINHA DE MANDIOCA,D'ÁGUA AMARELA,15346,BOA VISTA-RR,1400100,RR,NORTE,2026,7,VAREJO,9.12
FARINHA DE MANDIOCA,CRUA BRANCA,15345,PALMAS-TO,1721000,TO,NORTE,2026,7,VAREJO,9.24
FARINHA DE MANDIOCA,SECA AMARELA,15347,RIO BRANCO-AC,1200401,AC,NORTE,2026,8,VAREJO,6.22
FARINHA DE MANDIOCA,D'ÁGUA AMARELA,15346,MANAUS-AM,1302603,AM,NORTE,2026,8,VAREJO,5.59
FARINHA DE MANDIOCA,SECA AMARELA,15347,MACAPÁ-AP,1600303,AP,NORTE,2026,8,VAREJO,7.85
FARINHA DE MANDIOCA,TORRADA BRANCA,15344,BELÉM-PA,1501402,PA,NORTE,2026,8,VAREJO,8.21
FARINHA DE MANDIOCA,SECA AMARELA,15347,PORTO VELHO-RO,1100205,RO,NORTE,2026,8,VAREJO,6.5
FARINHA DE MANDIOCA,D'ÁGUA AMARELA,15346,BOA VISTA-RR,1400100,RR,NORTE,2026,8,VAREJO,9.16
FARINHA DE MANDIOCA,CRUA BRANCA,15345,PALMAS-TO,1721000,TO,NORTE,2026,8,VAREJO,9.19
FARINHA DE TRIGO,SEM FERMENTO,14895,RIO BRANCO-AC,1200401,AC,NORTE,2025,9,ATACADO,5.1
FARINHA DE TRIGO,SEM FERMENTO,14895,MANAUS-AM,1302603,AM,NORTE,2025,9,ATACADO,4.95
FARINHA DE TRIGO,SEM FERMENTO,14895,MACAPÁ-AP,1600303,AP,NORTE,2025,9,ATACADO,4.42
FARINHA DE TRIGO,SEM FERMENTO,14895,BELÉM-PA,1501402,PA,NORTE,2025,9,ATACADO,4.57
FARINHA DE TRIGO,SEM FERMENTO,14895,PORTO VELHO-RO,1100205,RO,NORTE,2025,9,ATACADO,4.4
FARINHA DE TRIGO,SEM FERMENTO,14895,BOA VISTA-RR,1400100,RR,NORTE,2025,9,ATACADO,3.99
FARINHA DE TRIGO,SEM FERMENTO,14895,PALMAS-TO,1721000,TO,NORTE,2025,9,ATACADO,4.98
FARINHA DE TRIGO,SEM FERMENTO,14895,RIO BRANCO-AC,1200401,AC,NORTE,2025,10,ATACADO,5.22
FARINHA DE TRIGO,SEM FERMENTO,14895,MANAUS-AM,1302603,AM,NORTE,2025,10,ATACADO,4.83
FARINHA DE TRIGO,SEM FERMENTO,14895,MACAPÁ-AP,1600303,AP,NORTE,2025,10,ATACADO,4.38
FARINHA DE TRIGO,SEM FERMENTO,14895,BELÉM-PA,1501402,PA,NORTE,2025,10,ATACADO,4.39
FARINHA DE TRIGO,SEM FERMENTO,14895,PORTO VELHO-RO,1100205,RO,NORTE,2025,10,ATACADO,4.12
FARINHA DE TRIGO,SEM FERMENTO,14895,BOA VISTA-RR,1400100,RR,NORTE,2025,10,ATACADO,3.47
FARINHA DE TRIGO,SEM FERMENTO,14895,PALMAS-TO,1721000,TO,NORTE,2025,10,ATACADO,5.22
FARINHA DE TRIGO,SEM FERMENTO,14895,RIO BRANCO-AC,1200401,AC,NORTE,2025,11,ATACADO,5.22
FARINHA DE TRIGO,SEM FERMENTO,14895,MANAUS-AM,1302603,AM,NORTE,2025,11,ATACADO,5.09
FARINHA DE TRIGO,SEM FERMENTO,14895,MACAPÁ-AP,1600303,AP,NORTE,2025,11,ATACADO,4.45
FARINHA DE TRIGO,SEM FERMENTO,14895,BELÉM-PA,1501402,PA,NORTE,2025,11,ATACADO,4.36
FARINHA DE TRIGO,SEM FERMENTO,14895,PORTO VELHO-RO,1100205,RO,NORTE,2025,11,ATACADO,3.57
FARINHA DE TRIGO,SEM FERMENTO,14895,BOA VISTA-RR,1400100,RR,NORTE,2025,11,ATACADO,3.65
FARINHA DE TRIGO,SEM FERMENTO,14895,PALMAS-TO,1721000,TO,NORTE,2025,11,ATACADO,4.99
FARINHA DE TRIGO,SEM FERMENTO,14895,RIO BRANCO-AC,1200401,AC,NORTE,2025,12,ATACADO,4.63
FARINHA DE TRIGO,SEM FERMENTO,14895,MANAUS-AM,1302603,AM,NORTE,2025,12,ATACADO,4.69
FARINHA DE TRIGO,SEM FERMENTO,14895,MACAPÁ-AP,1600303,AP,NORTE,2025,12,ATACADO,4.62
FARINHA DE TRIGO,SEM FERMENTO,14895,BELÉM-PA,1501402,PA,NORTE,2025,12,ATACADO,4.4
FARINHA DE TRIGO,SEM FERMENTO,14895,PORTO VELHO-RO,1100205,RO,NORTE,2025,12,ATACADO,4.38
FARINHA DE TRIGO,SEM FERMENTO,14895,BOA VISTA-RR,1400100,RR,NORTE,2025,12,ATACADO,3.7
FARINHA DE TRIGO,SEM FERMENTO,14895,PALMAS-TO,1721000,TO,NORTE,2025,12,ATACADO,5.11
FARINHA DE TRIGO,NÃO INFORMADO,4455,RIO BRANCO-AC,1200401,AC,NORTE,2026,5,VAREJO,6.23
FARINHA DE TRIGO,NÃO INFORMADO,4455,MANAUS-AM,1302603,AM,NORTE,2026,5,VAREJO,5.11
FARINHA DE TRIGO,NÃO INFORMADO,4455,MACAPÁ-AP,1600303,AP,NORTE,2026,5,VAREJO,5.12
FARINHA DE TRIGO,NÃO INFORMADO,4455,BELÉM-PA,1501402,PA,NORTE,2026,5,VAREJO,4.97
FARINHA DE TRIGO,NÃO INFORMADO,4455,PORTO VELHO-RO,1100205,RO,NORTE,2026,5,VAREJO,4.71
FARINHA DE TRIGO,NÃO INFORMADO,4455,BOA VISTA-RR,1400100,RR,NORTE,2026,5,VAREJO,6.39
FARINHA DE TRIGO,NÃO INFORMADO,4455,PALMAS-TO,1721000,TO,NORTE,2026,5,VAREJO,6.51
FARINHA DE TRIGO,NÃO INFORMADO,4455,RIO BRANCO-AC,1200401,AC,NORTE,2026,6,VAREJO,6.1
FARINHA DE TRIGO,NÃO INFORMADO,4455,MANAUS-AM,1302603,AM,NORTE,2026,6,VAREJO,5.17
FARINHA DE TRIGO,NÃO INFORMADO,4455,MACAPÁ-AP,1600303,AP,NORTE,2026,6,VAREJO,5.15
FARINHA DE TRIGO,NÃO INFORMADO,4455,BELÉM-PA,1501402,PA,NORTE,2026,6,VAREJO,5.1
FARINHA DE TRIGO,NÃO INFORMADO,4455,PORTO VELHO-RO,1100205,RO,NORTE,2026,6,VAREJO,4.81
FARINHA DE TRIGO,NÃO INFORMADO,4455,BOA VISTA-RR,1400100,RR,NORTE,2026,6,VAREJO,6.29
FARINHA DE TRIGO,NÃO INFORMADO,4455,PALMAS-TO,1721000,TO,NORTE,2026,6,VAREJO,6.54
FARINHA DE TRIGO,NÃO INFORMADO,4455,RIO BRANCO-AC,1200401,AC,NORTE,2026,7,VAREJO,6.03
FARINHA DE TRIGO,NÃO INFORMADO,4455,MANAUS-AM,1302603,AM,NORTE,2026,7,VAREJO,5.25
FARINHA DE TRIGO,NÃO INFORMADO,4455,MACAPÁ-AP,1600303,AP,NORTE,2026,7,VAREJO,5.27
FARINHA DE TRIGO,NÃO INFORMADO,4455,BELÉM-PA,1501402,PA,NORTE,2026,7,VAREJO,5.04
FARINHA DE TRIGO,NÃO INFORMADO,4455,PORTO VELHO-RO,1100205,RO,NORTE,2026,7,VAREJO,4.71
FARINHA DE TRIGO,NÃO INFORMADO,4455,BOA VISTA-RR,1400100,RR,NORTE,2026,7,VAREJO,6.24
FARINHA DE TRIGO,NÃO INFORMADO,4455,PALMAS-TO,1721000,TO,NORTE,2026,7,VAREJO,6.6
FARINHA DE TRIGO,NÃO INFORMADO,4455,RIO BRANCO-AC,1200401,AC,NORTE,2026,8,VAREJO,6.11
FARINHA DE TRIGO,NÃO INFORMADO,4455,MANAUS-AM,1302603,AM,NORTE,2026,8,VAREJO,5.24
FARINHA DE TRIGO,NÃO INFORMADO,4455,MACAPÁ-AP,1600303,AP,NORTE,2026,8,VAREJO,5.17
FARINHA DE TRIGO,NÃO INFORMADO,4455,BELÉM-PA,1501402,PA,NORTE,2026,8,VAREJO,5.04
FARINHA DE TRIGO,NÃO INFORMADO,4455,PORTO VELHO-RO,1100205,RO,NORTE,2026,8,VAREJO,4.71
FARINHA DE TRIGO,NÃO INFORMADO,4455,BOA VISTA-RR,1400100,RR,NORTE,2026,8,VAREJO,6.2
FARINHA DE TRIGO,NÃO INFORMADO,4455,PALMAS-TO,1721000,TO,NORTE,2026,8,VAREJO,6.66
FECULA DE MANDIOCA,TIPO 1,10715,PALMAS-TO,1721000,TO,NORTE,2025,9,ATACADO,5.4
FECULA DE MANDIOCA,TIPO 1,10715,PALMAS-TO,1721000,TO,NORTE,2025,10,ATACADO,5.4
FECULA DE MANDIOCA,TIPO 1,10715,PALMAS-TO,1721000,TO,NORTE,2025,11,ATACADO,5.4
FECULA DE MANDIOCA,TIPO 1,10715,PALMAS-TO,1721000,TO,NORTE,2025,12,ATACADO,5.4
FEIJAO,COMUM CORES,8778,CRUZEIRO DO SUL-AC,1200203,AC,NORTE,2025,9,PREÇO RECEBIDO P/ PRODUTOR,5.69
FEIJAO,COMUM CORES TIPO 1,8779,CRUZEIRO DO SUL-AC,1200203,AC,NORTE,2025,9,ATACADO,5.92
FEIJAO,COMUM CORES TIPO 1,8779,RIO BRANCO-AC,1200401,AC,NORTE,2025,9,VAREJO,6.62
FEIJAO,COMUM CORES,8778,RIO BRANCO-AC,1200401,AC,NORTE,2025,9,PREÇO RECEBIDO P/ PRODUTOR,5.69
FEIJAO,COMUM CORES TIPO 1,8779,MANAUS-AM,1302603,AM,NORTE,2025,9,VAREJO,6.15
FEIJAO,COMUM CORES TIPO 1,8779,MANAUS-AM,1302603,AM,NORTE,2025,9,ATACADO,5.47
FEIJAO,COMUM PRETO TIPO 1,8781,MANAUS-AM,1302603,AM,NORTE,2025,9,ATACADO,6.5
FEIJAO,CAUPI TIPO 1,8786,MANAUS-AM,1302603,AM,NORTE,2025,9,ATACADO,6.83
FEIJAO,CAUPI,8629,ITAUBAL-AP,1600253,AP,NORTE,2025,9,PREÇO RECEBIDO P/ PRODUTOR,1.67
FEIJAO,COMUM CORES TIPO 1,8779,MACAPÁ-AP,1600303,AP,NORTE,2025,9,VAREJO,5.76
FEIJAO,COMUM CORES TIPO 1,8779,MACAPÁ-AP,1600303,AP,NORTE,2025,9,ATACADO,4.89
FEIJAO,CAUPI TIPO 1,8786,BELÉM-PA,1501402,PA,NORTE,2025,9,ATACADO,5.65
FEIJAO,COMUM PRETO TIPO 1,8781,BELÉM-PA,1501402,PA,NORTE,2025,9,ATACADO,5.52
FEIJAO,COMUM CORES TIPO 1,8779,BELÉM-PA,1501402,PA,NORTE,2025,9,ATACADO,4.79
FEIJAO,COMUM CORES TIPO 1,8779,BELÉM-PA,1501402,PA,NORTE,2025,9,VAREJO,5.3
FEIJAO,CAUPI,8629,MONTE ALEGRE-PA,1504802,PA,NORTE,2025,9,PREÇO RECEBIDO P/ PRODUTOR,4.75
FEIJAO,CAUPI,8629,SANTA LUZIA DO PARÁ-PA,1506559,PA,NORTE,2025,9,PREÇO RECEBIDO P/ PRODUTOR,4.17
FEIJAO,CAUPI,8629,SANTARÉM-PA,1506807,PA,NORTE,2025,9,PREÇO RECEBIDO P/ PRODUTOR,7.19
FEIJAO,COMUM CORES TIPO 1,8779,PORTO VELHO-RO,1100205,RO,NORTE,2025,9,ATACADO,4.16
FEIJAO,COMUM PRETO TIPO 1,8781,PORTO VELHO-RO,1100205,RO,NORTE,2025,9,ATACADO,5.34
FEIJAO,COMUM CORES TIPO 1,8779,PORTO VELHO-RO,1100205,RO,NORTE,2025,9,VAREJO,5.68
FEIJAO,COMUM CORES TIPO 1,8779,BOA VISTA-RR,1400100,RR,NORTE,2025,9,VAREJO,6.94
FEIJAO,COMUM CORES TIPO 1,8779,BOA VISTA-RR,1400100,RR,NORTE,2025,9,ATACADO,8.09
FEIJAO,CAUPI,8629,LAGOA DA CONFUSÃO-TO,1711902,TO,NORTE,2025,9,PREÇO RECEBIDO P/ PRODUTOR,2.5
FEIJAO,COMUM PRETO TIPO 1,8781,PALMAS-TO,1721000,TO,NORTE,2025,9,ATACADO,6.26
FEIJAO,CAUPI TIPO 1,8786,PALMAS-TO,1721000,TO,NORTE,2025,9,ATACADO,6.89
FEIJAO,COMUM CORES TIPO 1,8779,PALMAS-TO,1721000,TO,NORTE,2025,9,ATACADO,6.14
FEIJAO,COMUM CORES TIPO 1,8779,PALMAS-TO,1721000,TO,NORTE,2025,9,VAREJO,7.78
FEIJAO,COMUM CORES,8778,PORTO NACIONAL-TO,1718204,TO,NORTE,2025,9,PREÇO RECEBIDO P/ PRODUTOR,3.17
FEIJAO,COMUM CORES,8778,CRUZEIRO DO SUL-AC,1200203,AC,NORTE,2025,10,PREÇO RECEBIDO P/ PRODUTOR,5.69
FEIJAO,COMUM CORES TIPO 1,8779,CRUZEIRO DO SUL-AC,1200203,AC,NORTE,2025,10,ATACADO,6.3
FEIJAO,COMUM CORES TIPO 1,8779,RIO BRANCO-AC,1200401,AC,NORTE,2025,10,VAREJO,6.59
FEIJAO,COMUM CORES,8778,RIO BRANCO-AC,1200401,AC,NORTE,2025,10,PREÇO RECEBIDO P/ PRODUTOR,5.71
FEIJAO,CAUPI TIPO 1,8786,MANAUS-AM,1302603,AM,NORTE,2025,10,ATACADO,6.49
FEIJAO,COMUM CORES TIPO 1,8779,MANAUS-AM,1302603,AM,NORTE,2025,10,ATACADO,5.63
FEIJAO,COMUM PRETO TIPO 1,8781,MANAUS-AM,1302603,AM,NORTE,2025,10,ATACADO,6.19
FEIJAO,COMUM CORES TIPO 1,8779,MANAUS-AM,1302603,AM,NORTE,2025,10,VAREJO,6.35
FEIJAO,CAUPI,8629,ITAUBAL-AP,1600253,AP,NORTE,2025,10,PREÇO RECEBIDO P/ PRODUTOR,1.79
FEIJAO,COMUM CORES TIPO 1,8779,MACAPÁ-AP,1600303,AP,NORTE,2025,10,VAREJO,6.16
FEIJAO,COMUM CORES TIPO 1,8779,MACAPÁ-AP,1600303,AP,NORTE,2025,10,ATACADO,5.08
FEIJAO,CAUPI,8629,MACAPÁ-AP,1600303,AP,NORTE,2025,10,PREÇO RECEBIDO P/ PRODUTOR,2.08
FEIJAO,COMUM CORES TIPO 1,8779,BELÉM-PA,1501402,PA,NORTE,2025,10,VAREJO,5.37
FEIJAO,CAUPI TIPO 1,8786,BELÉM-PA,1501402,PA,NORTE,2025,10,ATACADO,5.72
FEIJAO,COMUM PRETO TIPO 1,8781,BELÉM-PA,1501402,PA,NORTE,2025,10,ATACADO,5.44
FEIJAO,COMUM CORES TIPO 1,8779,BELÉM-PA,1501402,PA,NORTE,2025,10,ATACADO,4.82
FEIJAO,CAUPI,8629,MONTE ALEGRE-PA,1504802,PA,NORTE,2025,10,PREÇO RECEBIDO P/ PRODUTOR,4.11
FEIJAO,CAUPI,8629,SANTA LUZIA DO PARÁ-PA,1506559,PA,NORTE,2025,10,PREÇO RECEBIDO P/ PRODUTOR,4.51
FEIJAO,CAUPI,8629,SANTARÉM-PA,1506807,PA,NORTE,2025,10,PREÇO RECEBIDO P/ PRODUTOR,7.88
FEIJAO,COMUM PRETO TIPO 1,8781,PORTO VELHO-RO,1100205,RO,NORTE,2025,10,ATACADO,5.34
FEIJAO,COMUM CORES TIPO 1,8779,PORTO VELHO-RO,1100205,RO,NORTE,2025,10,ATACADO,4.16
FEIJAO,COMUM CORES TIPO 1,8779,PORTO VELHO-RO,1100205,RO,NORTE,2025,10,VAREJO,5.91
FEIJAO,COMUM CORES TIPO 1,8779,BOA VISTA-RR,1400100,RR,NORTE,2025,10,VAREJO,6.85
FEIJAO,COMUM CORES TIPO 1,8779,BOA VISTA-RR,1400100,RR,NORTE,2025,10,ATACADO,8.03
FEIJAO,CAUPI,8629,LAGOA DA CONFUSÃO-TO,1711902,TO,NORTE,2025,10,PREÇO RECEBIDO P/ PRODUTOR,2.32
FEIJAO,CAUPI TIPO 1,8786,PALMAS-TO,1721000,TO,NORTE,2025,10,ATACADO,6.89
FEIJAO,COMUM PRETO TIPO 1,8781,PALMAS-TO,1721000,TO,NORTE,2025,10,ATACADO,6.22
FEIJAO,COMUM CORES TIPO 1,8779,PALMAS-TO,1721000,TO,NORTE,2025,10,ATACADO,6.22
FEIJAO,COMUM CORES TIPO 1,8779,PALMAS-TO,1721000,TO,NORTE,2025,10,VAREJO,7.78
FEIJAO,COMUM CORES,8778,PORTO NACIONAL-TO,1718204,TO,NORTE,2025,10,PREÇO RECEBIDO P/ PRODUTOR,3.02
FEIJAO,COMUM CORES,8778,CRUZEIRO DO SUL-AC,1200203,AC,NORTE,2025,11,PREÇO RECEBIDO P/ PRODUTOR,5.7
FEIJAO,COMUM CORES TIPO 1,8779,CRUZEIRO DO SUL-AC,1200203,AC,NORTE,2025,11,ATACADO,6.3
FEIJAO,COMUM CORES TIPO 1,8779,RIO BRANCO-AC,1200401,AC,NORTE,2025,11,VAREJO,6.6
FEIJAO,COMUM CORES,8778,RIO BRANCO-AC,1200401,AC,NORTE,2025,11,PREÇO RECEBIDO P/ PRODUTOR,5.71
FEIJAO,COMUM CORES TIPO 1,8779,MANAUS-AM,1302603,AM,NORTE,2025,11,ATACADO,5.72
FEIJAO,CAUPI TIPO 1,8786,MANAUS-AM,1302603,AM,NORTE,2025,11,ATACADO,5.85
FEIJAO,COMUM PRETO TIPO 1,8781,MANAUS-AM,1302603,AM,NORTE,2025,11,ATACADO,6.27
FEIJAO,COMUM CORES TIPO 1,8779,MANAUS-AM,1302603,AM,NORTE,2025,11,VAREJO,6.55
FEIJAO,CAUPI,8629,ITAUBAL-AP,1600253,AP,NORTE,2025,11,PREÇO RECEBIDO P/ PRODUTOR,1.93
FEIJAO,COMUM CORES TIPO 1,8779,MACAPÁ-AP,1600303,AP,NORTE,2025,11,VAREJO,5.79
FEIJAO,COMUM CORES TIPO 1,8779,MACAPÁ-AP,1600303,AP,NORTE,2025,11,ATACADO,5.02
FEIJAO,CAUPI,8629,MACAPÁ-AP,1600303,AP,NORTE,2025,11,PREÇO RECEBIDO P/ PRODUTOR,2.0
FEIJAO,COMUM CORES TIPO 1,8779,BELÉM-PA,1501402,PA,NORTE,2025,11,VAREJO,5.3
FEIJAO,CAUPI TIPO 1,8786,BELÉM-PA,1501402,PA,NORTE,2025,11,ATACADO,5.46
FEIJAO,COMUM PRETO TIPO 1,8781,BELÉM-PA,1501402,PA,NORTE,2025,11,ATACADO,5.31
FEIJAO,COMUM CORES TIPO 1,8779,BELÉM-PA,1501402,PA,NORTE,2025,11,ATACADO,4.94
FEIJAO,CAUPI,8629,MONTE ALEGRE-PA,1504802,PA,NORTE,2025,11,PREÇO RECEBIDO P/ PRODUTOR,4.65
FEIJAO,CAUPI,8629,SANTA LUZIA DO PARÁ-PA,1506559,PA,NORTE,2025,11,PREÇO RECEBIDO P/ PRODUTOR,4.69
FEIJAO,CAUPI,8629,SANTARÉM-PA,1506807,PA,NORTE,2025,11,PREÇO RECEBIDO P/ PRODUTOR,7.8
FEIJAO,COMUM CORES TIPO 1,8779,PORTO VELHO-RO,1100205,RO,NORTE,2025,11,ATACADO,4.18
FEIJAO,COMUM PRETO TIPO 1,8781,PORTO VELHO-RO,1100205,RO,NORTE,2025,11,ATACADO,4.52
FEIJAO,COMUM CORES TIPO 1,8779,PORTO VELHO-RO,1100205,RO,NORTE,2025,11,VAREJO,5.89
FEIJAO,COMUM CORES TIPO 1,8779,BOA VISTA-RR,1400100,RR,NORTE,2025,11,VAREJO,7.0
FEIJAO,COMUM CORES TIPO 1,8779,BOA VISTA-RR,1400100,RR,NORTE,2025,11,ATACADO,8.11
FEIJAO,CAUPI,8629,LAGOA DA CONFUSÃO-TO,1711902,TO,NORTE,2025,11,PREÇO RECEBIDO P/ PRODUTOR,2.25
FEIJAO,COMUM PRETO TIPO 1,8781,PALMAS-TO,1721000,TO,NORTE,2025,11,ATACADO,5.89
FEIJAO,CAUPI TIPO 1,8786,PALMAS-TO,1721000,TO,NORTE,2025,11,ATACADO,6.94
FEIJAO,COMUM CORES TIPO 1,8779,PALMAS-TO,1721000,TO,NORTE,2025,11,ATACADO,6.47
FEIJAO,COMUM CORES TIPO 1,8779,PALMAS-TO,1721000,TO,NORTE,2025,11,VAREJO,7.75
FEIJAO,COMUM CORES,8778,PORTO NACIONAL-TO,1718204,TO,NORTE,2025,11,PREÇO RECEBIDO P/ PRODUTOR,3.0
FEIJAO,COMUM CORES,8778,CRUZEIRO DO SUL-AC,1200203,AC,NORTE,2025,12,PREÇO RECEBIDO P/ PRODUTOR,5.7
FEIJAO,COMUM CORES TIPO 1,8779,CRUZEIRO DO SUL-AC,1200203,AC,NORTE,2025,12,ATACADO,5.45
FEIJAO,COMUM CORES TIPO 1,8779,RIO BRANCO-AC,1200401,AC,NORTE,2025,12,VAREJO,6.54
FEIJAO,COMUM CORES,8778,RIO BRANCO-AC,1200401,AC,NORTE,2025,12,PREÇO RECEBIDO P/ PRODUTOR,5.71
FEIJAO,COMUM PRETO TIPO 1,8781,MANAUS-AM,1302603,AM,NORTE,2025,12,ATACADO,6.01
FEIJAO,CAUPI TIPO 1,8786,MANAUS-AM,1302603,AM,NORTE,2025,12,ATACADO,5.8
FEIJAO,COMUM CORES TIPO 1,8779,MANAUS-AM,1302603,AM,NORTE,2025,12,ATACADO,5.98
FEIJAO,COMUM CORES TIPO 1,8779,MANAUS-AM,1302603,AM,NORTE,2025,12,VAREJO,6.82
FEIJAO,CAUPI,8629,ITAUBAL-AP,1600253,AP,NORTE,2025,12,PREÇO RECEBIDO P/ PRODUTOR,1.93
FEIJAO,COMUM CORES TIPO 1,8779,MACAPÁ-AP,1600303,AP,NORTE,2025,12,VAREJO,5.79
FEIJAO,CAUPI,8629,MACAPÁ-AP,1600303,AP,NORTE,2025,12,PREÇO RECEBIDO P/ PRODUTOR,1.83
FEIJAO,COMUM CORES TIPO 1,8779,MACAPÁ-AP,1600303,AP,NORTE,2025,12,ATACADO,5.18
FEIJAO,COMUM CORES TIPO 1,8779,BELÉM-PA,1501402,PA,NORTE,2025,12,VAREJO,5.5
FEIJAO,CAUPI TIPO 1,8786,BELÉM-PA,1501402,PA,NORTE,2025,12,ATACADO,5.06
FEIJAO,COMUM PRETO TIPO 1,8781,BELÉM-PA,1501402,PA,NORTE,2025,12,ATACADO,5.05
FEIJAO,COMUM CORES TIPO 1,8779,BELÉM-PA,1501402,PA,NORTE,2025,12,ATACADO,5.26
FEIJAO,CAUPI,8629,MONTE ALEGRE-PA,1504802,PA,NORTE,2025,12,PREÇO RECEBIDO P/ PRODUTOR,4.18
FEIJAO,CAUPI,8629,SANTA LUZIA DO PARÁ-PA,1506559,PA,NORTE,2025,12,PREÇO RECEBIDO P/ PRODUTOR,4.22
FEIJAO,CAUPI,8629,SANTARÉM-PA,1506807,PA,NORTE,2025,12,PREÇO RECEBIDO P/ PRODUTOR,6.72
FEIJAO,COMUM CORES TIPO 1,8779,PORTO VELHO-RO,1100205,RO,NORTE,2025,12,VAREJO,5.87
FEIJAO,COMUM PRETO TIPO 1,8781,PORTO VELHO-RO,1100205,RO,NORTE,2025,12,ATACADO,5.44
FEIJAO,COMUM CORES TIPO 1,8779,PORTO VELHO-RO,1100205,RO,NORTE,2025,12,ATACADO,4.92
FEIJAO,COMUM CORES TIPO 1,8779,BOA VISTA-RR,1400100,RR,NORTE,2025,12,ATACADO,8.15
FEIJAO,COMUM CORES TIPO 1,8779,BOA VISTA-RR,1400100,RR,NORTE,2025,12,VAREJO,7.09
FEIJAO,CAUPI,8629,LAGOA DA CONFUSÃO-TO,1711902,TO,NORTE,2025,12,PREÇO RECEBIDO P/ PRODUTOR,2.25
FEIJAO,COMUM PRETO TIPO 1,8781,PALMAS-TO,1721000,TO,NORTE,2025,12,ATACADO,5.64
FEIJAO,CAUPI TIPO 1,8786,PALMAS-TO,1721000,TO,NORTE,2025,12,ATACADO,6.99
FEIJAO,COMUM CORES TIPO 1,8779,PALMAS-TO,1721000,TO,NORTE,2025,12,ATACADO,6.32
FEIJAO,COMUM CORES TIPO 1,8779,PALMAS-TO,1721000,TO,NORTE,2025,12,VAREJO,7.7
FEIJAO,COMUM CORES,8778,PORTO NACIONAL-TO,1718204,TO,NORTE,2025,12,PREÇO RECEBIDO P/ PRODUTOR,3.0
FEIJAO,COMUM CORES TIPO 1,8779,RIO BRANCO-AC,1200401,AC,NORTE,2026,1,VAREJO,6.31
FEIJAO,COMUM CORES TIPO 1,8779,MANAUS-AM,1302603,AM,NORTE,2026,1,VAREJO,6.72
FEIJAO,COMUM CORES TIPO 1,8779,MACAPÁ-AP,1600303,AP,NORTE,2026,1,VAREJO,5.76
FEIJAO,COMUM CORES TIPO 1,8779,BELÉM-PA,1501402,PA,NORTE,2026,1,VAREJO,5.69
FEIJAO,COMUM CORES TIPO 1,8779,PORTO VELHO-RO,1100205,RO,NORTE,2026,1,VAREJO,5.73
FEIJAO,COMUM CORES TIPO 1,8779,BOA VISTA-RR,1400100,RR,NORTE,2026,1,VAREJO,7.06
FEIJAO,COMUM CORES TIPO 1,8779,PALMAS-TO,1721000,TO,NORTE,2026,1,VAREJO,7.57
FEIJAO,COMUM CORES TIPO 1,8779,RIO BRANCO-AC,1200401,AC,NORTE,2026,2,VAREJO,6.47
FEIJAO,COMUM CORES TIPO 1,8779,MANAUS-AM,1302603,AM,NORTE,2026,2,VAREJO,6.84
FEIJAO,COMUM CORES TIPO 1,8779,MACAPÁ-AP,1600303,AP,NORTE,2026,2,VAREJO,5.91
FEIJAO,COMUM CORES TIPO 1,8779,BELÉM-PA,1501402,PA,NORTE,2026,2,VAREJO,6.75
FEIJAO,COMUM CORES TIPO 1,8779,PORTO VELHO-RO,1100205,RO,NORTE,2026,2,VAREJO,6.46
FEIJAO,COMUM CORES TIPO 1,8779,BOA VISTA-RR,1400100,RR,NORTE,2026,2,VAREJO,6.89
FEIJAO,COMUM CORES TIPO 1,8779,PALMAS-TO,1721000,TO,NORTE,2026,2,VAREJO,7.74
FEIJAO,COMUM CORES TIPO 1,8779,RIO BRANCO-AC,1200401,AC,NORTE,2026,3,VAREJO,7.13
FEIJAO,COMUM CORES TIPO 1,8779,MANAUS-AM,1302603,AM,NORTE,2026,3,VAREJO,7.22
FEIJAO,COMUM CORES TIPO 1,8779,MACAPÁ-AP,1600303,AP,NORTE,2026,3,VAREJO,6.02
FEIJAO,COMUM CORES TIPO 1,8779,BELÉM-PA,1501402,PA,NORTE,2026,3,VAREJO,8.2
FEIJAO,COMUM CORES TIPO 1,8779,PORTO VELHO-RO,1100205,RO,NORTE,2026,3,VAREJO,7.41
FEIJAO,COMUM CORES TIPO 1,8779,BOA VISTA-RR,1400100,RR,NORTE,2026,3,VAREJO,7.36
FEIJAO,COMUM CORES TIPO 1,8779,PALMAS-TO,1721000,TO,NORTE,2026,3,VAREJO,8.12
FEIJAO,COMUM CORES TIPO 1,8779,RIO BRANCO-AC,1200401,AC,NORTE,2026,4,VAREJO,7.94
FEIJAO,COMUM CORES TIPO 1,8779,MANAUS-AM,1302603,AM,NORTE,2026,4,VAREJO,7.36
FEIJAO,COMUM CORES TIPO 1,8779,MACAPÁ-AP,1600303,AP,NORTE,2026,4,VAREJO,6.6
FEIJAO,COMUM CORES TIPO 1,8779,BELÉM-PA,1501402,PA,NORTE,2026,4,VAREJO,8.52
FEIJAO,COMUM CORES TIPO 1,8779,PORTO VELHO-RO,1100205,RO,NORTE,2026,4,VAREJO,7.68
FEIJAO,COMUM CORES TIPO 1,8779,BOA VISTA-RR,1400100,RR,NORTE,2026,4,VAREJO,7.8
FEIJAO,COMUM CORES TIPO 1,8779,PALMAS-TO,1721000,TO,NORTE,2026,4,VAREJO,9.57
FEIJAO,COMUM CORES TIPO 1,8779,RIO BRANCO-AC,1200401,AC,NORTE,2026,5,VAREJO,8.2
FEIJAO,COMUM CORES TIPO 1,8779,MANAUS-AM,1302603,AM,NORTE,2026,5,VAREJO,7.77
FEIJAO,COMUM CORES TIPO 1,8779,MACAPÁ-AP,1600303,AP,NORTE,2026,5,VAREJO,8.67
FEIJAO,COMUM CORES TIPO 1,8779,BELÉM-PA,1501402,PA,NORTE,2026,5,VAREJO,8.65
FEIJAO,COMUM CORES TIPO 1,8779,PORTO VELHO-RO,1100205,RO,NORTE,2026,5,VAREJO,8.02
FEIJAO,COMUM CORES TIPO 1,8779,BOA VISTA-RR,1400100,RR,NORTE,2026,5,VAREJO,8.31
FEIJAO,COMUM CORES TIPO 1,8779,PALMAS-TO,1721000,TO,NORTE,2026,5,VAREJO,9.85
FEIJAO,COMUM CORES TIPO 1,8779,RIO BRANCO-AC,1200401,AC,NORTE,2026,6,VAREJO,8.61
FEIJAO,COMUM CORES TIPO 1,8779,MANAUS-AM,1302603,AM,NORTE,2026,6,VAREJO,9.24
FEIJAO,COMUM CORES TIPO 1,8779,MACAPÁ-AP,1600303,AP,NORTE,2026,6,VAREJO,9.05
FEIJAO,COMUM CORES TIPO 1,8779,BELÉM-PA,1501402,PA,NORTE,2026,6,VAREJO,9.17
FEIJAO,COMUM CORES TIPO 1,8779,PORTO VELHO-RO,1100205,RO,NORTE,2026,6,VAREJO,8.85
FEIJAO,COMUM CORES TIPO 1,8779,BOA VISTA-RR,1400100,RR,NORTE,2026,6,VAREJO,8.96
FEIJAO,COMUM CORES TIPO 1,8779,PALMAS-TO,1721000,TO,NORTE,2026,6,VAREJO,11.66
FEIJAO,COMUM CORES TIPO 1,8779,RIO BRANCO-AC,1200401,AC,NORTE,2026,7,VAREJO,8.9
FEIJAO,COMUM CORES TIPO 1,8779,MANAUS-AM,1302603,AM,NORTE,2026,7,VAREJO,9.63
FEIJAO,COMUM CORES TIPO 1,8779,MACAPÁ-AP,1600303,AP,NORTE,2026,7,VAREJO,9.2
FEIJAO,COMUM CORES TIPO 1,8779,BELÉM-PA,1501402,PA,NORTE,2026,7,VAREJO,8.9
FEIJAO,COMUM CORES TIPO 1,8779,PORTO VELHO-RO,1100205,RO,NORTE,2026,7,VAREJO,8.87
FEIJAO,COMUM CORES TIPO 1,8779,BOA VISTA-RR,1400100,RR,NORTE,2026,7,VAREJO,9.43
FEIJAO,COMUM CORES TIPO 1,8779,PALMAS-TO,1721000,TO,NORTE,2026,7,VAREJO,12.3
FEIJAO,COMUM CORES TIPO 1,8779,RIO BRANCO-AC,1200401,AC,NORTE,2026,8,VAREJO,8.85
FEIJAO,COMUM CORES TIPO 1,8779,MANAUS-AM,1302603,AM,NORTE,2026,8,VAREJO,8.93
FEIJAO,COMUM CORES TIPO 1,8779,MACAPÁ-AP,1600303,AP,NORTE,2026,8,VAREJO,9.22
FEIJAO,COMUM CORES TIPO 1,8779,BELÉM-PA,1501402,PA,NORTE,2026,8,VAREJO,8.66
FEIJAO,COMUM CORES TIPO 1,8779,PORTO VELHO-RO,1100205,RO,NORTE,2026,8,VAREJO,8.47
FEIJAO,COMUM CORES TIPO 1,8779,BOA VISTA-RR,1400100,RR,NORTE,2026,8,VAREJO,9.52
FEIJAO,COMUM CORES TIPO 1,8779,PALMAS-TO,1721000,TO,NORTE,2026,8,VAREJO,11.76
FERTILIZANTE FOLIAR,SANFOL AMICUL,12591,MACHADINHO D'OESTE-RO,1100130,RO,NORTE,2025,10,PREÇO PAGO PELO PRODUTOR,90.0
FERTILIZANTE FOLIAR,VITTASPRAY,15439,NOVA BRASILÂNDIA D'OESTE-RO,1100148,RO,NORTE,2025,10,PREÇO PAGO PELO PRODUTOR,110.0
FERTILIZANTE FOLIAR,PRIME CITRUS AGRIPON,14030,PEDRO AFONSO-TO,1716505,TO,NORTE,2025,11,PREÇO PAGO PELO PRODUTOR,56.8
FERTILIZANTE FOLIAR,NPK,15507,LAGOA DA CONFUSÃO-TO,1711902,TO,NORTE,2026,2,PREÇO PAGO PELO PRODUTOR,2.56
FERTILIZANTE FOLIAR,PRIME CITRUS AGRIPON,14030,PEDRO AFONSO-TO,1716505,TO,NORTE,2026,3,PREÇO PAGO PELO PRODUTOR,47.5
FITA CINTA,PLÁSTICA 16 MM - 2.0,15378,BARCELOS-AM,1300409,AM,NORTE,2026,7,PREÇO PAGO PELO PRODUTOR,320.0
FLOCOS DE MILHO,FLOCÃO,11241,RIO BRANCO-AC,1200401,AC,NORTE,2025,9,ATACADO,3.09
FLOCOS DE MILHO,FLOCÃO,11241,MANAUS-AM,1302603,AM,NORTE,2025,9,ATACADO,3.9
FLOCOS DE MILHO,PRE-COZIDO,5390,BELÉM-PA,1501402,PA,NORTE,2025,9,ATACADO,3.83
FLOCOS DE MILHO,PRE-COZIDO,5390,PORTO VELHO-RO,1100205,RO,NORTE,2025,9,ATACADO,4.71
FLOCOS DE MILHO,FLOCÃO,11241,BOA VISTA-RR,1400100,RR,NORTE,2025,9,ATACADO,6.18
FLOCOS DE MILHO,PRE-COZIDO,5390,BOA VISTA-RR,1400100,RR,NORTE,2025,9,ATACADO,4.9
FLOCOS DE MILHO,PRE-COZIDO,5390,PALMAS-TO,1721000,TO,NORTE,2025,9,ATACADO,11.98
FLOCOS DE MILHO,FLOCÃO,11241,RIO BRANCO-AC,1200401,AC,NORTE,2025,10,ATACADO,3.03
FLOCOS DE MILHO,FLOCÃO,11241,MANAUS-AM,1302603,AM,NORTE,2025,10,ATACADO,4.27
FLOCOS DE MILHO,PRE-COZIDO,5390,BELÉM-PA,1501402,PA,NORTE,2025,10,ATACADO,3.48
FLOCOS DE MILHO,PRE-COZIDO,5390,PORTO VELHO-RO,1100205,RO,NORTE,2025,10,ATACADO,4.71
FLOCOS DE MILHO,FLOCÃO,11241,BOA VISTA-RR,1400100,RR,NORTE,2025,10,ATACADO,6.04
FLOCOS DE MILHO,PRE-COZIDO,5390,BOA VISTA-RR,1400100,RR,NORTE,2025,10,ATACADO,4.72
FLOCOS DE MILHO,PRE-COZIDO,5390,PALMAS-TO,1721000,TO,NORTE,2025,10,ATACADO,11.9
FLOCOS DE MILHO,FLOCÃO,11241,RIO BRANCO-AC,1200401,AC,NORTE,2025,11,ATACADO,3.03
FLOCOS DE MILHO,FLOCÃO,11241,MANAUS-AM,1302603,AM,NORTE,2025,11,ATACADO,3.85
FLOCOS DE MILHO,PRE-COZIDO,5390,BELÉM-PA,1501402,PA,NORTE,2025,11,ATACADO,3.73
FLOCOS DE MILHO,PRE-COZIDO,5390,PORTO VELHO-RO,1100205,RO,NORTE,2025,11,ATACADO,4.56
FLOCOS DE MILHO,FLOCÃO,11241,BOA VISTA-RR,1400100,RR,NORTE,2025,11,ATACADO,6.3
FLOCOS DE MILHO,PRE-COZIDO,5390,BOA VISTA-RR,1400100,RR,NORTE,2025,11,ATACADO,4.18
FLOCOS DE MILHO,PRE-COZIDO,5390,PALMAS-TO,1721000,TO,NORTE,2025,11,ATACADO,11.9
FLOCOS DE MILHO,FLOCÃO,11241,RIO BRANCO-AC,1200401,AC,NORTE,2025,12,ATACADO,2.82
FLOCOS DE MILHO,FLOCÃO,11241,MANAUS-AM,1302603,AM,NORTE,2025,12,ATACADO,3.66
FLOCOS DE MILHO,PRE-COZIDO,5390,BELÉM-PA,1501402,PA,NORTE,2025,12,ATACADO,4.09
FLOCOS DE MILHO,PRE-COZIDO,5390,PORTO VELHO-RO,1100205,RO,NORTE,2025,12,ATACADO,5.11
FLOCOS DE MILHO,FLOCÃO,11241,BOA VISTA-RR,1400100,RR,NORTE,2025,12,ATACADO,6.3
FLOCOS DE MILHO,PRE-COZIDO,5390,BOA VISTA-RR,1400100,RR,NORTE,2025,12,ATACADO,4.2
FLOCOS DE MILHO,PRE-COZIDO,5390,PALMAS-TO,1721000,TO,NORTE,2025,12,ATACADO,11.9
FLUIL  BPH - REDUTOR DE P,NÃO INFORMADO,14817,LAGOA DA CONFUSÃO-TO,1711902,TO,NORTE,2026,2,PREÇO PAGO PELO PRODUTOR,66.0
FLUIL  BPH - REDUTOR DE P,NÃO INFORMADO,14817,LAGOA DA CONFUSÃO-TO,1711902,TO,NORTE,2026,3,PREÇO PAGO PELO PRODUTOR,66.0
FOICE,NÃO INFORMADO,10650,XAPURI-AC,1200708,AC,NORTE,2026,7,PREÇO PAGO PELO PRODUTOR,90.0
FORQUILHA,NÃO INFORMADO,13914,MANACAPURU-AM,1302504,AM,NORTE,2026,3,PREÇO PAGO PELO PRODUTOR,6.1
FUBA DE MILHO,COMUM AMARELO,13334,RIO BRANCO-AC,1200401,AC,NORTE,2025,9,ATACADO,6.32
FUBA DE MILHO,COMUM AMARELO,13334,MANAUS-AM,1302603,AM,NORTE,2025,9,ATACADO,11.2
FUBA DE MILHO,COMUM MIMOSO,5391,MACAPÁ-AP,1600303,AP,NORTE,2025,9,ATACADO,4.79
FUBA DE MILHO,COMUM AMARELO,13334,BELÉM-PA,1501402,PA,NORTE,2025,9,ATACADO,6.39
FUBA DE MILHO,COMUM MIMOSO,5391,PORTO VELHO-RO,1100205,RO,NORTE,2025,9,ATACADO,3.66
FUBA DE MILHO,COMUM MIMOSO,5391,PALMAS-TO,1721000,TO,NORTE,2025,9,ATACADO,6.99
FUBA DE MILHO,COMUM AMARELO,13334,RIO BRANCO-AC,1200401,AC,NORTE,2025,10,ATACADO,6.68
FUBA DE MILHO,COMUM AMARELO,13334,MANAUS-AM,1302603,AM,NORTE,2025,10,ATACADO,10.58
FUBA DE MILHO,COMUM MIMOSO,5391,MACAPÁ-AP,1600303,AP,NORTE,2025,10,ATACADO,6.58
FUBA DE MILHO,COMUM AMARELO,13334,BELÉM-PA,1501402,PA,NORTE,2025,10,ATACADO,6.35
FUBA DE MILHO,COMUM MIMOSO,5391,PORTO VELHO-RO,1100205,RO,NORTE,2025,10,ATACADO,4.02
FUBA DE MILHO,COMUM MIMOSO,5391,PALMAS-TO,1721000,TO,NORTE,2025,10,ATACADO,6.99
FUBA DE MILHO,COMUM AMARELO,13334,RIO BRANCO-AC,1200401,AC,NORTE,2025,11,ATACADO,6.68
FUBA DE MILHO,COMUM AMARELO,13334,MANAUS-AM,1302603,AM,NORTE,2025,11,ATACADO,9.53
FUBA DE MILHO,COMUM MIMOSO,5391,MACAPÁ-AP,1600303,AP,NORTE,2025,11,ATACADO,4.59
FUBA DE MILHO,COMUM AMARELO,13334,BELÉM-PA,1501402,PA,NORTE,2025,11,ATACADO,5.98
FUBA DE MILHO,COMUM MIMOSO,5391,PORTO VELHO-RO,1100205,RO,NORTE,2025,11,ATACADO,3.92
FUBA DE MILHO,COMUM MIMOSO,5391,PALMAS-TO,1721000,TO,NORTE,2025,11,ATACADO,6.99
FUBA DE MILHO,COMUM AMARELO,13334,RIO BRANCO-AC,1200401,AC,NORTE,2025,12,ATACADO,6.08
FUBA DE MILHO,COMUM AMARELO,13334,MANAUS-AM,1302603,AM,NORTE,2025,12,ATACADO,9.61
FUBA DE MILHO,COMUM MIMOSO,5391,MACAPÁ-AP,1600303,AP,NORTE,2025,12,ATACADO,4.77
FUBA DE MILHO,COMUM AMARELO,13334,BELÉM-PA,1501402,PA,NORTE,2025,12,ATACADO,5.98
FUBA DE MILHO,COMUM MIMOSO,5391,PORTO VELHO-RO,1100205,RO,NORTE,2025,12,ATACADO,4.34
FUBA DE MILHO,COMUM MIMOSO,5391,PALMAS-TO,1721000,TO,NORTE,2025,12,ATACADO,6.87
FUSAO EC,110 + 165 G/L METOMI,14079,LAGOA DA CONFUSÃO-TO,1711902,TO,NORTE,2026,2,PREÇO PAGO PELO PRODUTOR,93.0
FUSAO EC,110 + 165 G/L METOMI,14079,LAGOA DA CONFUSÃO-TO,1711902,TO,NORTE,2026,3,PREÇO PAGO PELO PRODUTOR,93.0
GALPAO,"COM PISO DE CIMENTO,",13897,BELTERRA-PA,1501451,PA,NORTE,2026,7,PREÇO PAGO PELO PRODUTOR,
GALPAO DE MADEIRA,NÃO INFORMADO,4406,IGARAPÉ-MIRI-PA,1503309,PA,NORTE,2025,9,PREÇO PAGO PELO PRODUTOR,
GALPAO DE MADEIRA,NÃO INFORMADO,4406,MACHADINHO D'OESTE-RO,1100130,RO,NORTE,2025,10,PREÇO PAGO PELO PRODUTOR,
GALPAO DE MADEIRA,NÃO INFORMADO,4406,NOVA BRASILÂNDIA D'OESTE-RO,1100148,RO,NORTE,2025,10,PREÇO PAGO PELO PRODUTOR,
GALPAO DE MADEIRA,NÃO INFORMADO,4406,MEDICILÂNDIA-PA,1504455,PA,NORTE,2026,3,PREÇO PAGO PELO PRODUTOR,
GALPAO DE MADEIRA,COBERTO COM PALHA,13906,BELTERRA-PA,1501451,PA,NORTE,2026,7,PREÇO PAGO PELO PRODUTOR,
GALPAO EMBALAGENS VAZIAS,NÃO INFORMADO,13725,LAGOA DA CONFUSÃO-TO,1711902,TO,NORTE,2025,11,PREÇO PAGO PELO PRODUTOR,
GALPAO PARA MAQUINAS E IM,NÃO INFORMADO,10036,TUCUMÃ-PA,1508084,PA,NORTE,2025,9,PREÇO PAGO PELO PRODUTOR,
GALPAO PARA MAQUINAS E IM,NÃO INFORMADO,10036,LAGOA DA CONFUSÃO-TO,1711902,TO,NORTE,2025,11,PREÇO PAGO PELO PRODUTOR,
GALPAO PARA MAQUINAS E IM,NÃO INFORMADO,10036,PEDRO AFONSO-TO,1716505,TO,NORTE,2025,11,PREÇO PAGO PELO PRODUTOR,
GALPAO PARA MAQUINAS E IM,NÃO INFORMADO,10036,LAGOA DA CONFUSÃO-TO,1711902,TO,NORTE,2026,2,PREÇO PAGO PELO PRODUTOR,
GALPAO PARA MAQUINAS E IM,NÃO INFORMADO,10036,LAGOA DA CONFUSÃO-TO,1711902,TO,NORTE,2026,3,PREÇO PAGO PELO PRODUTOR,
GALPAO PARA MAQUINAS E IM,NÃO INFORMADO,10036,PEDRO AFONSO-TO,1716505,TO,NORTE,2026,3,PREÇO PAGO PELO PRODUTOR,
GAMIT,NÃO INFORMADO,5615,LAGOA DA CONFUSÃO-TO,1711902,TO,NORTE,2025,11,PREÇO PAGO PELO PRODUTOR,149.3
GAMIT,NÃO INFORMADO,5615,LAGOA DA CONFUSÃO-TO,1711902,TO,NORTE,2026,2,PREÇO PAGO PELO PRODUTOR,149.3
GAMIT,NÃO INFORMADO,5615,LAGOA DA CONFUSÃO-TO,1711902,TO,NORTE,2026,3,PREÇO PAGO PELO PRODUTOR,149.3
GASOLINA,NÃO INFORMADO,4421,MACHADINHO D'OESTE-RO,1100130,RO,NORTE,2025,10,PREÇO PAGO PELO PRODUTOR,6.98
GASOLINA,NÃO INFORMADO,4421,NOVA BRASILÂNDIA D'OESTE-RO,1100148,RO,NORTE,2025,10,PREÇO PAGO PELO PRODUTOR,6.84
GASOLINA,NÃO INFORMADO,4421,MANACAPURU-AM,1302504,AM,NORTE,2026,3,PREÇO PAGO PELO PRODUTOR,7.49
GASOLINA,NÃO INFORMADO,4421,MEDICILÂNDIA-PA,1504455,PA,NORTE,2026,3,PREÇO PAGO PELO PRODUTOR,7.67
GASOLINA,NÃO INFORMADO,4421,IGARAPÉ-MIRI-PA,1503309,PA,NORTE,2026,5,PREÇO PAGO PELO PRODUTOR,9.0
GASOLINA,NÃO INFORMADO,4421,SENA MADUREIRA-AC,1200500,AC,NORTE,2026,7,PREÇO PAGO PELO PRODUTOR,7.55
GASOLINA,NÃO INFORMADO,4421,BARCELOS-AM,1300409,AM,NORTE,2026,7,PREÇO PAGO PELO PRODUTOR,11.0
GASOLINA,NÃO INFORMADO,4421,BOCA DO ACRE-AM,1300706,AM,NORTE,2026,7,PREÇO PAGO PELO PRODUTOR,7.98
GASOLINA,NÃO INFORMADO,4421,COARI-AM,1301209,AM,NORTE,2026,7,PREÇO PAGO PELO PRODUTOR,8.79
GASOLINA,NÃO INFORMADO,4421,LÁBREA-AM,1302405,AM,NORTE,2026,7,PREÇO PAGO PELO PRODUTOR,8.8
GASOLINA,NÃO INFORMADO,4421,MANICORÉ-AM,1302702,AM,NORTE,2026,7,PREÇO PAGO PELO PRODUTOR,9.5
GASOLINA,NÃO INFORMADO,4421,ALTAMIRA-PA,1500602,PA,NORTE,2026,7,PREÇO PAGO PELO PRODUTOR,7.55
GASOLINA,NÃO INFORMADO,4421,COLARES-PA,1502608,PA,NORTE,2026,7,PREÇO PAGO PELO PRODUTOR,7.25
GASOLINA,NÃO INFORMADO,4421,CURRALINHO-PA,1502806,PA,NORTE,2026,7,PREÇO PAGO PELO PRODUTOR,6.9
GASOLINA,NÃO INFORMADO,4421,IGARAPÉ-MIRI-PA,1503309,PA,NORTE,2026,7,PREÇO PAGO PELO PRODUTOR,7.39
GASOLINA,NÃO INFORMADO,4421,LIMOEIRO DO AJURU-PA,1504000,PA,NORTE,2026,7,PREÇO PAGO PELO PRODUTOR,7.5
GASOLINA,NÃO INFORMADO,4421,ORIXIMINÁ-PA,1505304,PA,NORTE,2026,7,PREÇO PAGO PELO PRODUTOR,8.59
GLIFOSATO,480 G/L,10092,TUCUMÃ-PA,1508084,PA,NORTE,2025,9,PREÇO PAGO PELO PRODUTOR,27.0
GLIFOSATO,NORTOX 480 G/L GLIFO,4042,MACHADINHO D'OESTE-RO,1100130,RO,NORTE,2025,10,PREÇO PAGO PELO PRODUTOR,65.0
GLIFOSATO,540 G/L,13988,LAGOA DA CONFUSÃO-TO,1711902,TO,NORTE,2025,11,PREÇO PAGO PELO PRODUTOR,28.1
GLIFOSATO,540 G/L,13988,LAGOA DA CONFUSÃO-TO,1711902,TO,NORTE,2026,2,PREÇO PAGO PELO PRODUTOR,28.1
GLIFOSATO,540 G/L,13988,LAGOA DA CONFUSÃO-TO,1711902,TO,NORTE,2026,3,PREÇO PAGO PELO PRODUTOR,28.1
GOAL,NÃO INFORMADO,5618,LAGOA DA CONFUSÃO-TO,1711902,TO,NORTE,2025,11,PREÇO PAGO PELO PRODUTOR,116.3
GOAL,NÃO INFORMADO,5618,LAGOA DA CONFUSÃO-TO,1711902,TO,NORTE,2026,2,PREÇO PAGO PELO PRODUTOR,116.3
GOAL,NÃO INFORMADO,5618,LAGOA DA CONFUSÃO-TO,1711902,TO,NORTE,2026,3,PREÇO PAGO PELO PRODUTOR,116.3
GRADE,20 DISCOS DE 28 POL.,4875,TUCUMÃ-PA,1508084,PA,NORTE,2025,9,PREÇO PAGO PELO PRODUTOR,70000.0
GRADE ARADORA,28 DISCOS DE 32 POL.,10753,PEDRO AFONSO-TO,1716505,TO,NORTE,2025,11,PREÇO PAGO PELO PRODUTOR,112000.0
GRADE ARADORA,28 DISCOS DE 32 POL.,10753,PEDRO AFONSO-TO,1716505,TO,NORTE,2026,3,PREÇO PAGO PELO PRODUTOR,98000.0
GRADE NIVELADORA,48 DISCOS DE 22 POL.,10060,LAGOA DA CONFUSÃO-TO,1711902,TO,NORTE,2025,11,PREÇO PAGO PELO PRODUTOR,158000.0
GRADE NIVELADORA,48 DISCOS DE 22 POL.,10060,LAGOA DA CONFUSÃO-TO,1711902,TO,NORTE,2026,2,PREÇO PAGO PELO PRODUTOR,158000.0
GRADE NIVELADORA,52 DISCOS 22'' MARCH,10199,LAGOA DA CONFUSÃO-TO,1711902,TO,NORTE,2026,2,PREÇO PAGO PELO PRODUTOR,158000.0
GRADE NIVELADORA,52 DISCOS 22'' MARCH,10199,LAGOA DA CONFUSÃO-TO,1711902,TO,NORTE,2026,3,PREÇO PAGO PELO PRODUTOR,158000.0
GRAMPO,NÃO INFORMADO,11792,FLORESTA DO ARAGUAIA-PA,1503044,PA,NORTE,2026,3,PREÇO PAGO PELO PRODUTOR,0.0
GUARANA,TIPO 1,9574,MAUÉS-AM,1302900,AM,NORTE,2025,11,PREÇO RECEBIDO P/ PRODUTOR,80.0
GUARANA,TIPO 1,9574,URUCARÁ-AM,1304302,AM,NORTE,2025,11,PREÇO RECEBIDO P/ PRODUTOR,80.0
GUINCHO,2T,14737,LAGOA DA CONFUSÃO-TO,1711902,TO,NORTE,2026,2,PREÇO PAGO PELO PRODUTOR,41500.0
GUINCHO,2T,14737,LAGOA DA CONFUSÃO-TO,1711902,TO,NORTE,2026,3,PREÇO PAGO PELO PRODUTOR,41500.0
GUINCHO FRONTAL,2.000 KG,14020,PEDRO AFONSO-TO,1716505,TO,NORTE,2025,11,PREÇO PAGO PELO PRODUTOR,22600.0
GUINCHO FRONTAL,2.000 KG,14020,PEDRO AFONSO-TO,1716505,TO,NORTE,2026,3,PREÇO PAGO PELO PRODUTOR,19500.0
GUINCHO HIDRAULICO TRASEI,2000 KG,10417,LAGOA DA CONFUSÃO-TO,1711902,TO,NORTE,2025,11,PREÇO PAGO PELO PRODUTOR,41500.0
GUINCHO HIDRAULICO TRASEI,2000 KG,10417,LAGOA DA CONFUSÃO-TO,1711902,TO,NORTE,2026,2,PREÇO PAGO PELO PRODUTOR,41500.0
GUINCHO HIDRAULICO TRASEI,2000 KG,10417,LAGOA DA CONFUSÃO-TO,1711902,TO,NORTE,2026,3,PREÇO PAGO PELO PRODUTOR,41500.0
IHAROL,NÃO INFORMADO,7127,LAGOA DA CONFUSÃO-TO,1711902,TO,NORTE,2026,2,PREÇO PAGO PELO PRODUTOR,22.74
IHAROL,NÃO INFORMADO,7127,LAGOA DA CONFUSÃO-TO,1711902,TO,NORTE,2026,3,PREÇO PAGO PELO PRODUTOR,22.74
INHAME,NÃO INFORMADO,5528,BRASILÉIA-AC,1200104,AC,NORTE,2025,9,PREÇO RECEBIDO P/ PRODUTOR,5.84
INHAME,NÃO INFORMADO,5528,RIO BRANCO-AC,1200401,AC,NORTE,2025,9,PREÇO RECEBIDO P/ PRODUTOR,5.9
INHAME,NÃO INFORMADO,5528,BRASILÉIA-AC,1200104,AC,NORTE,2025,10,PREÇO RECEBIDO P/ PRODUTOR,5.82
INHAME,NÃO INFORMADO,5528,RIO BRANCO-AC,1200401,AC,NORTE,2025,10,PREÇO RECEBIDO P/ PRODUTOR,5.8
INHAME,NÃO INFORMADO,5528,ALVORADA D'OESTE-RO,1100346,RO,NORTE,2025,10,PREÇO RECEBIDO P/ PRODUTOR,5.0
INHAME,NÃO INFORMADO,5528,MACHADINHO D'OESTE-RO,1100130,RO,NORTE,2025,10,PREÇO RECEBIDO P/ PRODUTOR,5.0
INHAME,NÃO INFORMADO,5528,BRASILÉIA-AC,1200104,AC,NORTE,2025,11,PREÇO RECEBIDO P/ PRODUTOR,5.75
INHAME,NÃO INFORMADO,5528,RIO BRANCO-AC,1200401,AC,NORTE,2025,11,PREÇO RECEBIDO P/ PRODUTOR,5.86
INHAME,NÃO INFORMADO,5528,ALVORADA D'OESTE-RO,1100346,RO,NORTE,2025,11,PREÇO RECEBIDO P/ PRODUTOR,7.0
INHAME,NÃO INFORMADO,5528,MACHADINHO D'OESTE-RO,1100130,RO,NORTE,2025,11,PREÇO RECEBIDO P/ PRODUTOR,4.33
INHAME,NÃO INFORMADO,5528,BRASILÉIA-AC,1200104,AC,NORTE,2025,12,PREÇO RECEBIDO P/ PRODUTOR,5.75
INHAME,NÃO INFORMADO,5528,RIO BRANCO-AC,1200401,AC,NORTE,2025,12,PREÇO RECEBIDO P/ PRODUTOR,5.73
INHAME,NÃO INFORMADO,5528,ALVORADA D'OESTE-RO,1100346,RO,NORTE,2025,12,PREÇO RECEBIDO P/ PRODUTOR,5.0
INHAME,NÃO INFORMADO,5528,MACHADINHO D'OESTE-RO,1100130,RO,NORTE,2025,12,PREÇO RECEBIDO P/ PRODUTOR,5.0
INOCULANTE PARA MILHO,TRADECORP AZZOFIX,14037,PEDRO AFONSO-TO,1716505,TO,NORTE,2025,11,PREÇO PAGO PELO PRODUTOR,
INOCULANTE PARA MILHO,TRADECORP AZZOFIX,14037,PEDRO AFONSO-TO,1716505,TO,NORTE,2026,3,PREÇO PAGO PELO PRODUTOR,
INOCULANTE PARA SOJA,METADE LÍQUIDO + MET,14017,PEDRO AFONSO-TO,1716505,TO,NORTE,2025,11,PREÇO PAGO PELO PRODUTOR,
INOCULANTE PARA SOJA,METADE LÍQUIDO + MET,14017,PEDRO AFONSO-TO,1716505,TO,NORTE,2026,3,PREÇO PAGO PELO PRODUTOR,
JORNAL,NÃO INFORMADO,11787,FLORESTA DO ARAGUAIA-PA,1503044,PA,NORTE,2026,3,PREÇO PAGO PELO PRODUTOR,9.0
JUTA,JUTA/MALVA EM BRUTO,4594,MANACAPURU-AM,1302504,AM,NORTE,2025,9,PREÇO RECEBIDO P/ PRODUTOR,6.0
JUTA,JUTA/MALVA EM BRUTO,4594,MANACAPURU-AM,1302504,AM,NORTE,2025,10,PREÇO RECEBIDO P/ PRODUTOR,6.0
JUTA,JUTA/MALVA EM BRUTO,4594,MANACAPURU-AM,1302504,AM,NORTE,2025,11,PREÇO RECEBIDO P/ PRODUTOR,5.5
JUTA,EMBONECADA TIPO 3,15460,MANACAPURU-AM,1302504,AM,NORTE,2025,12,PREÇO RECEBIDO P/ PRODUTOR,5.1
KLORPAN 480 EC,480 G/L CLORPIRIFÓS,11364,NOVA BRASILÂNDIA D'OESTE-RO,1100148,RO,NORTE,2025,10,PREÇO PAGO PELO PRODUTOR,67.67
LAMINA (FACA),PARA SANGRIA,11619,SENA MADUREIRA-AC,1200500,AC,NORTE,2026,7,PREÇO PAGO PELO PRODUTOR,20.0
LAMINA (FACA),PARA SANGRIA,11619,XAPURI-AC,1200708,AC,NORTE,2026,7,PREÇO PAGO PELO PRODUTOR,22.0
LAMINA (FACA),PARA SANGRIA,11619,BELTERRA-PA,1501451,PA,NORTE,2026,7,PREÇO PAGO PELO PRODUTOR,75.0
LANTERNA,LED,11618,SENA MADUREIRA-AC,1200500,AC,NORTE,2026,7,PREÇO PAGO PELO PRODUTOR,180.0
LANTERNA,"LED, DE CABEÇA",15334,BARCELOS-AM,1300409,AM,NORTE,2026,7,PREÇO PAGO PELO PRODUTOR,43.0
LANTERNA,PILHA,14871,ALTAMIRA-PA,1500602,PA,NORTE,2026,7,PREÇO PAGO PELO PRODUTOR,45.0
LANTERNA,LED,11618,ORIXIMINÁ-PA,1505304,PA,NORTE,2026,7,PREÇO PAGO PELO PRODUTOR,22.0
LARANJA,INDÚSTRIA PERA,12290,CAPITÃO POÇO-PA,1502301,PA,NORTE,2025,9,PREÇO RECEBIDO P/ PRODUTOR,0.45
LARANJA,INDÚSTRIA PERA,12290,CAPITÃO POÇO-PA,1502301,PA,NORTE,2025,10,PREÇO RECEBIDO P/ PRODUTOR,0.61
LARANJA,INDÚSTRIA PERA,12290,CAPITÃO POÇO-PA,1502301,PA,NORTE,2025,11,PREÇO RECEBIDO P/ PRODUTOR,0.6
LARANJA,INDÚSTRIA PERA,12290,CAPITÃO POÇO-PA,1502301,PA,NORTE,2025,12,PREÇO RECEBIDO P/ PRODUTOR,0.42
LATAO (PARA COLHEITA),NÃO INFORMADO,12596,MACHADINHO D'OESTE-RO,1100130,RO,NORTE,2025,10,PREÇO PAGO PELO PRODUTOR,35.0
LAVADOR DE MAQUINAS,NÃO INFORMADO,4401,LAGOA DA CONFUSÃO-TO,1711902,TO,NORTE,2025,11,PREÇO PAGO PELO PRODUTOR,
LAVADOR DE MAQUINAS,NÃO INFORMADO,4401,LAGOA DA CONFUSÃO-TO,1711902,TO,NORTE,2026,2,PREÇO PAGO PELO PRODUTOR,
LAVADOR DE MAQUINAS,NÃO INFORMADO,4401,LAGOA DA CONFUSÃO-TO,1711902,TO,NORTE,2026,3,PREÇO PAGO PELO PRODUTOR,
LEITE DE VACA,LONGA VIDA INTEGRAL,4998,RIO BRANCO-AC,1200401,AC,NORTE,2025,9,ATACADO,6.54
LEITE DE VACA,IN NATURA,6542,RIO BRANCO-AC,1200401,AC,NORTE,2025,9,PREÇO RECEBIDO P/ PRODUTOR,2.72
LEITE DE VACA,LONGA VIDA INTEGRAL,4998,RIO BRANCO-AC,1200401,AC,NORTE,2025,9,VAREJO,7.23
LEITE DE VACA,EM PÓ INTEGRAL,4990,RIO BRANCO-AC,1200401,AC,NORTE,2025,9,ATACADO,40.83
LEITE DE VACA,IN NATURA,6542,AUTAZES-AM,1300300,AM,NORTE,2025,9,PREÇO RECEBIDO P/ PRODUTOR,4.66
LEITE DE VACA,LONGA VIDA INTEGRAL,4998,MANAUS-AM,1302603,AM,NORTE,2025,9,ATACADO,6.92
LEITE DE VACA,LONGA VIDA INTEGRAL,4998,MANAUS-AM,1302603,AM,NORTE,2025,9,VAREJO,7.02
LEITE DE VACA,EM PÓ INTEGRAL,4990,MANAUS-AM,1302603,AM,NORTE,2025,9,ATACADO,39.75
LEITE DE VACA,IN NATURA,6542,AMAPÁ-AP,1600105,AP,NORTE,2025,9,PREÇO RECEBIDO P/ PRODUTOR,3.88
LEITE DE VACA,LONGA VIDA INTEGRAL,4998,MACAPÁ-AP,1600303,AP,NORTE,2025,9,VAREJO,8.02
LEITE DE VACA,EM PÓ INTEGRAL,4990,MACAPÁ-AP,1600303,AP,NORTE,2025,9,ATACADO,33.26
LEITE DE VACA,LONGA VIDA INTEGRAL,4998,MACAPÁ-AP,1600303,AP,NORTE,2025,9,ATACADO,7.02
LEITE DE VACA,IN NATURA,6542,PORTO GRANDE-AP,1600535,AP,NORTE,2025,9,PREÇO RECEBIDO P/ PRODUTOR,3.88
LEITE DE VACA,LONGA VIDA INTEGRAL,4998,BELÉM-PA,1501402,PA,NORTE,2025,9,ATACADO,6.06
LEITE DE VACA,EM PÓ INTEGRAL,4990,BELÉM-PA,1501402,PA,NORTE,2025,9,ATACADO,36.07
LEITE DE VACA,LONGA VIDA INTEGRAL,4998,BELÉM-PA,1501402,PA,NORTE,2025,9,VAREJO,7.93
LEITE DE VACA,IN NATURA,6542,CONCEIÇÃO DO ARAGUAIA-PA,1502707,PA,NORTE,2025,9,PREÇO RECEBIDO P/ PRODUTOR,1.65
LEITE DE VACA,IN NATURA,6542,ITUPIRANGA-PA,1503705,PA,NORTE,2025,9,PREÇO RECEBIDO P/ PRODUTOR,2.04
LEITE DE VACA,IN NATURA,6542,MARABÁ-PA,1504208,PA,NORTE,2025,9,PREÇO RECEBIDO P/ PRODUTOR,2.09
LEITE DE VACA,IN NATURA,6542,COLORADO DO OESTE-RO,1100064,RO,NORTE,2025,9,PREÇO RECEBIDO P/ PRODUTOR,1.85
LEITE DE VACA,IN NATURA,6542,OURO PRETO DO OESTE-RO,1100155,RO,NORTE,2025,9,PREÇO RECEBIDO P/ PRODUTOR,1.94
LEITE DE VACA,IN NATURA,6542,PORTO VELHO-RO,1100205,RO,NORTE,2025,9,PREÇO RECEBIDO P/ PRODUTOR,1.84
LEITE DE VACA,LONGA VIDA INTEGRAL,4998,PORTO VELHO-RO,1100205,RO,NORTE,2025,9,VAREJO,6.29
LEITE DE VACA,EM PÓ INTEGRAL,4990,PORTO VELHO-RO,1100205,RO,NORTE,2025,9,ATACADO,36.65
LEITE DE VACA,IN NATURA,6542,ALTO ALEGRE-RR,1400050,RR,NORTE,2025,9,PREÇO RECEBIDO P/ PRODUTOR,4.85
LEITE DE VACA,IN NATURA,6542,BOA VISTA-RR,1400100,RR,NORTE,2025,9,PREÇO RECEBIDO P/ PRODUTOR,6.8
LEITE DE VACA,EM PÓ INTEGRAL,4990,BOA VISTA-RR,1400100,RR,NORTE,2025,9,ATACADO,35.83
LEITE DE VACA,LONGA VIDA INTEGRAL,4998,BOA VISTA-RR,1400100,RR,NORTE,2025,9,VAREJO,7.61
LEITE DE VACA,IN NATURA,6542,SÃO LUIZ-RR,1400605,RR,NORTE,2025,9,PREÇO RECEBIDO P/ PRODUTOR,4.85
LEITE DE VACA,IN NATURA,6542,ARAGUAÇU-TO,1702000,TO,NORTE,2025,9,PREÇO RECEBIDO P/ PRODUTOR,2.14
LEITE DE VACA,IN NATURA,6542,ARAGUATINS-TO,1702208,TO,NORTE,2025,9,PREÇO RECEBIDO P/ PRODUTOR,2.14
LEITE DE VACA,IN NATURA,6542,COLMÉIA-TO,1716703,TO,NORTE,2025,9,PREÇO RECEBIDO P/ PRODUTOR,2.14
LEITE DE VACA,IN NATURA,6542,GURUPI-TO,1709500,TO,NORTE,2025,9,PREÇO RECEBIDO P/ PRODUTOR,2.14
LEITE DE VACA,LONGA VIDA INTEGRAL,4998,PALMAS-TO,1721000,TO,NORTE,2025,9,ATACADO,5.59
LEITE DE VACA,EM PÓ INTEGRAL,4990,PALMAS-TO,1721000,TO,NORTE,2025,9,ATACADO,39.78
LEITE DE VACA,LONGA VIDA INTEGRAL,4998,PALMAS-TO,1721000,TO,NORTE,2025,9,VAREJO,6.52
LEITE DE VACA,IN NATURA,6542,PARAÍSO DO TOCANTINS-TO,1716109,TO,NORTE,2025,9,PREÇO RECEBIDO P/ PRODUTOR,2.14
LEITE DE VACA,LONGA VIDA INTEGRAL,4998,RIO BRANCO-AC,1200401,AC,NORTE,2025,10,ATACADO,6.34
LEITE DE VACA,IN NATURA,6542,RIO BRANCO-AC,1200401,AC,NORTE,2025,10,PREÇO RECEBIDO P/ PRODUTOR,2.72
LEITE DE VACA,LONGA VIDA INTEGRAL,4998,RIO BRANCO-AC,1200401,AC,NORTE,2025,10,VAREJO,7.14
LEITE DE VACA,EM PÓ INTEGRAL,4990,RIO BRANCO-AC,1200401,AC,NORTE,2025,10,ATACADO,37.53
LEITE DE VACA,IN NATURA,6542,AUTAZES-AM,1300300,AM,NORTE,2025,10,PREÇO RECEBIDO P/ PRODUTOR,4.72
LEITE DE VACA,LONGA VIDA INTEGRAL,4998,MANAUS-AM,1302603,AM,NORTE,2025,10,ATACADO,6.57
LEITE DE VACA,EM PÓ INTEGRAL,4990,MANAUS-AM,1302603,AM,NORTE,2025,10,ATACADO,39.6
LEITE DE VACA,LONGA VIDA INTEGRAL,4998,MANAUS-AM,1302603,AM,NORTE,2025,10,VAREJO,6.86
LEITE DE VACA,IN NATURA,6542,AMAPÁ-AP,1600105,AP,NORTE,2025,10,PREÇO RECEBIDO P/ PRODUTOR,4.85
LEITE DE VACA,LONGA VIDA INTEGRAL,4998,MACAPÁ-AP,1600303,AP,NORTE,2025,10,VAREJO,8.25
LEITE DE VACA,EM PÓ INTEGRAL,4990,MACAPÁ-AP,1600303,AP,NORTE,2025,10,ATACADO,33.76
LEITE DE VACA,LONGA VIDA INTEGRAL,4998,MACAPÁ-AP,1600303,AP,NORTE,2025,10,ATACADO,5.99
LEITE DE VACA,IN NATURA,6542,PORTO GRANDE-AP,1600535,AP,NORTE,2025,10,PREÇO RECEBIDO P/ PRODUTOR,4.79
LEITE DE VACA,EM PÓ INTEGRAL,4990,BELÉM-PA,1501402,PA,NORTE,2025,10,ATACADO,35.31
LEITE DE VACA,LONGA VIDA INTEGRAL,4998,BELÉM-PA,1501402,PA,NORTE,2025,10,ATACADO,5.84
LEITE DE VACA,LONGA VIDA INTEGRAL,4998,BELÉM-PA,1501402,PA,NORTE,2025,10,VAREJO,7.8
LEITE DE VACA,IN NATURA,6542,CONCEIÇÃO DO ARAGUAIA-PA,1502707,PA,NORTE,2025,10,PREÇO RECEBIDO P/ PRODUTOR,1.65
LEITE DE VACA,IN NATURA,6542,ITUPIRANGA-PA,1503705,PA,NORTE,2025,10,PREÇO RECEBIDO P/ PRODUTOR,2.18
LEITE DE VACA,IN NATURA,6542,MARABÁ-PA,1504208,PA,NORTE,2025,10,PREÇO RECEBIDO P/ PRODUTOR,1.9
LEITE DE VACA,IN NATURA,6542,COLORADO DO OESTE-RO,1100064,RO,NORTE,2025,10,PREÇO RECEBIDO P/ PRODUTOR,1.88
LEITE DE VACA,IN NATURA,6542,OURO PRETO DO OESTE-RO,1100155,RO,NORTE,2025,10,PREÇO RECEBIDO P/ PRODUTOR,1.92
LEITE DE VACA,IN NATURA,6542,PORTO VELHO-RO,1100205,RO,NORTE,2025,10,PREÇO RECEBIDO P/ PRODUTOR,1.84
LEITE DE VACA,EM PÓ INTEGRAL,4990,PORTO VELHO-RO,1100205,RO,NORTE,2025,10,ATACADO,36.65
LEITE DE VACA,LONGA VIDA INTEGRAL,4998,PORTO VELHO-RO,1100205,RO,NORTE,2025,10,VAREJO,6.12
LEITE DE VACA,IN NATURA,6542,ALTO ALEGRE-RR,1400050,RR,NORTE,2025,10,PREÇO RECEBIDO P/ PRODUTOR,4.85
LEITE DE VACA,IN NATURA,6542,BOA VISTA-RR,1400100,RR,NORTE,2025,10,PREÇO RECEBIDO P/ PRODUTOR,6.8
LEITE DE VACA,LONGA VIDA INTEGRAL,4998,BOA VISTA-RR,1400100,RR,NORTE,2025,10,VAREJO,7.47
LEITE DE VACA,EM PÓ INTEGRAL,4990,BOA VISTA-RR,1400100,RR,NORTE,2025,10,ATACADO,35.68
LEITE DE VACA,IN NATURA,6542,SÃO LUIZ-RR,1400605,RR,NORTE,2025,10,PREÇO RECEBIDO P/ PRODUTOR,4.85
LEITE DE VACA,IN NATURA,6542,ARAGUAÇU-TO,1702000,TO,NORTE,2025,10,PREÇO RECEBIDO P/ PRODUTOR,2.14
LEITE DE VACA,IN NATURA,6542,ARAGUATINS-TO,1702208,TO,NORTE,2025,10,PREÇO RECEBIDO P/ PRODUTOR,2.14
LEITE DE VACA,IN NATURA,6542,COLMÉIA-TO,1716703,TO,NORTE,2025,10,PREÇO RECEBIDO P/ PRODUTOR,2.14
LEITE DE VACA,IN NATURA,6542,GURUPI-TO,1709500,TO,NORTE,2025,10,PREÇO RECEBIDO P/ PRODUTOR,2.14
LEITE DE VACA,LONGA VIDA INTEGRAL,4998,PALMAS-TO,1721000,TO,NORTE,2025,10,ATACADO,5.14
LEITE DE VACA,LONGA VIDA INTEGRAL,4998,PALMAS-TO,1721000,TO,NORTE,2025,10,VAREJO,6.52
LEITE DE VACA,EM PÓ INTEGRAL,4990,PALMAS-TO,1721000,TO,NORTE,2025,10,ATACADO,39.78
LEITE DE VACA,IN NATURA,6542,PARAÍSO DO TOCANTINS-TO,1716109,TO,NORTE,2025,10,PREÇO RECEBIDO P/ PRODUTOR,2.14
LEITE DE VACA,LONGA VIDA INTEGRAL,4998,RIO BRANCO-AC,1200401,AC,NORTE,2025,11,ATACADO,6.34
LEITE DE VACA,IN NATURA,6542,RIO BRANCO-AC,1200401,AC,NORTE,2025,11,PREÇO RECEBIDO P/ PRODUTOR,2.72
LEITE DE VACA,LONGA VIDA INTEGRAL,4998,RIO BRANCO-AC,1200401,AC,NORTE,2025,11,VAREJO,7.12
LEITE DE VACA,EM PÓ INTEGRAL,4990,RIO BRANCO-AC,1200401,AC,NORTE,2025,11,ATACADO,37.53
LEITE DE VACA,IN NATURA,6542,AUTAZES-AM,1300300,AM,NORTE,2025,11,PREÇO RECEBIDO P/ PRODUTOR,4.69
LEITE DE VACA,LONGA VIDA INTEGRAL,4998,MANAUS-AM,1302603,AM,NORTE,2025,11,ATACADO,5.91
LEITE DE VACA,LONGA VIDA INTEGRAL,4998,MANAUS-AM,1302603,AM,NORTE,2025,11,VAREJO,6.83
LEITE DE VACA,EM PÓ INTEGRAL,4990,MANAUS-AM,1302603,AM,NORTE,2025,11,ATACADO,38.03
LEITE DE VACA,IN NATURA,6542,AMAPÁ-AP,1600105,AP,NORTE,2025,11,PREÇO RECEBIDO P/ PRODUTOR,4.85
LEITE DE VACA,LONGA VIDA INTEGRAL,4998,MACAPÁ-AP,1600303,AP,NORTE,2025,11,VAREJO,7.7
LEITE DE VACA,LONGA VIDA INTEGRAL,4998,MACAPÁ-AP,1600303,AP,NORTE,2025,11,ATACADO,5.37
LEITE DE VACA,EM PÓ INTEGRAL,4990,MACAPÁ-AP,1600303,AP,NORTE,2025,11,ATACADO,33.29
LEITE DE VACA,IN NATURA,6542,PORTO GRANDE-AP,1600535,AP,NORTE,2025,11,PREÇO RECEBIDO P/ PRODUTOR,4.85
LEITE DE VACA,LONGA VIDA INTEGRAL,4998,BELÉM-PA,1501402,PA,NORTE,2025,11,ATACADO,5.42
LEITE DE VACA,EM PÓ INTEGRAL,4990,BELÉM-PA,1501402,PA,NORTE,2025,11,ATACADO,33.87
LEITE DE VACA,LONGA VIDA INTEGRAL,4998,BELÉM-PA,1501402,PA,NORTE,2025,11,VAREJO,7.92
LEITE DE VACA,IN NATURA,6542,CONCEIÇÃO DO ARAGUAIA-PA,1502707,PA,NORTE,2025,11,PREÇO RECEBIDO P/ PRODUTOR,1.65
LEITE DE VACA,IN NATURA,6542,ITUPIRANGA-PA,1503705,PA,NORTE,2025,11,PREÇO RECEBIDO P/ PRODUTOR,1.95
LEITE DE VACA,IN NATURA,6542,MARABÁ-PA,1504208,PA,NORTE,2025,11,PREÇO RECEBIDO P/ PRODUTOR,1.84
LEITE DE VACA,IN NATURA,6542,COLORADO DO OESTE-RO,1100064,RO,NORTE,2025,11,PREÇO RECEBIDO P/ PRODUTOR,1.82
LEITE DE VACA,IN NATURA,6542,OURO PRETO DO OESTE-RO,1100155,RO,NORTE,2025,11,PREÇO RECEBIDO P/ PRODUTOR,1.96
LEITE DE VACA,IN NATURA,6542,PORTO VELHO-RO,1100205,RO,NORTE,2025,11,PREÇO RECEBIDO P/ PRODUTOR,1.84
LEITE DE VACA,LONGA VIDA INTEGRAL,4998,PORTO VELHO-RO,1100205,RO,NORTE,2025,11,VAREJO,6.0
LEITE DE VACA,EM PÓ INTEGRAL,4990,PORTO VELHO-RO,1100205,RO,NORTE,2025,11,ATACADO,35.5
LEITE DE VACA,IN NATURA,6542,ALTO ALEGRE-RR,1400050,RR,NORTE,2025,11,PREÇO RECEBIDO P/ PRODUTOR,4.85
LEITE DE VACA,IN NATURA,6542,BOA VISTA-RR,1400100,RR,NORTE,2025,11,PREÇO RECEBIDO P/ PRODUTOR,6.8
LEITE DE VACA,EM PÓ INTEGRAL,4990,BOA VISTA-RR,1400100,RR,NORTE,2025,11,ATACADO,34.98
LEITE DE VACA,LONGA VIDA INTEGRAL,4998,BOA VISTA-RR,1400100,RR,NORTE,2025,11,VAREJO,7.31
LEITE DE VACA,IN NATURA,6542,SÃO LUIZ-RR,1400605,RR,NORTE,2025,11,PREÇO RECEBIDO P/ PRODUTOR,4.85
LEITE DE VACA,IN NATURA,6542,ARAGUAÇU-TO,1702000,TO,NORTE,2025,11,PREÇO RECEBIDO P/ PRODUTOR,2.14
LEITE DE VACA,IN NATURA,6542,ARAGUATINS-TO,1702208,TO,NORTE,2025,11,PREÇO RECEBIDO P/ PRODUTOR,2.14
LEITE DE VACA,IN NATURA,6542,COLMÉIA-TO,1716703,TO,NORTE,2025,11,PREÇO RECEBIDO P/ PRODUTOR,2.14
LEITE DE VACA,IN NATURA,6542,GURUPI-TO,1709500,TO,NORTE,2025,11,PREÇO RECEBIDO P/ PRODUTOR,2.14
LEITE DE VACA,LONGA VIDA INTEGRAL,4998,PALMAS-TO,1721000,TO,NORTE,2025,11,ATACADO,4.67
LEITE DE VACA,EM PÓ INTEGRAL,4990,PALMAS-TO,1721000,TO,NORTE,2025,11,ATACADO,39.78
LEITE DE VACA,LONGA VIDA INTEGRAL,4998,PALMAS-TO,1721000,TO,NORTE,2025,11,VAREJO,6.3
LEITE DE VACA,IN NATURA,6542,PARAÍSO DO TOCANTINS-TO,1716109,TO,NORTE,2025,11,PREÇO RECEBIDO P/ PRODUTOR,2.14
LEITE DE VACA,LONGA VIDA INTEGRAL,4998,RIO BRANCO-AC,1200401,AC,NORTE,2025,12,ATACADO,5.66
LEITE DE VACA,IN NATURA,6542,RIO BRANCO-AC,1200401,AC,NORTE,2025,12,PREÇO RECEBIDO P/ PRODUTOR,2.72
LEITE DE VACA,LONGA VIDA INTEGRAL,4998,RIO BRANCO-AC,1200401,AC,NORTE,2025,12,VAREJO,7.0
LEITE DE VACA,EM PÓ INTEGRAL,4990,RIO BRANCO-AC,1200401,AC,NORTE,2025,12,ATACADO,38.2
LEITE DE VACA,IN NATURA,6542,AUTAZES-AM,1300300,AM,NORTE,2025,12,PREÇO RECEBIDO P/ PRODUTOR,5.14
LEITE DE VACA,LONGA VIDA INTEGRAL,4998,MANAUS-AM,1302603,AM,NORTE,2025,12,ATACADO,6.03
LEITE DE VACA,LONGA VIDA INTEGRAL,4998,MANAUS-AM,1302603,AM,NORTE,2025,12,VAREJO,6.69
LEITE DE VACA,EM PÓ INTEGRAL,4990,MANAUS-AM,1302603,AM,NORTE,2025,12,ATACADO,38.88
LEITE DE VACA,IN NATURA,6542,AMAPÁ-AP,1600105,AP,NORTE,2025,12,PREÇO RECEBIDO P/ PRODUTOR,4.85
LEITE DE VACA,LONGA VIDA INTEGRAL,4998,MACAPÁ-AP,1600303,AP,NORTE,2025,12,VAREJO,7.72
LEITE DE VACA,EM PÓ INTEGRAL,4990,MACAPÁ-AP,1600303,AP,NORTE,2025,12,ATACADO,33.87
LEITE DE VACA,LONGA VIDA INTEGRAL,4998,MACAPÁ-AP,1600303,AP,NORTE,2025,12,ATACADO,5.17
LEITE DE VACA,IN NATURA,6542,PORTO GRANDE-AP,1600535,AP,NORTE,2025,12,PREÇO RECEBIDO P/ PRODUTOR,4.85
LEITE DE VACA,LONGA VIDA INTEGRAL,4998,BELÉM-PA,1501402,PA,NORTE,2025,12,ATACADO,5.76
LEITE DE VACA,EM PÓ INTEGRAL,4990,BELÉM-PA,1501402,PA,NORTE,2025,12,ATACADO,35.1
LEITE DE VACA,LONGA VIDA INTEGRAL,4998,BELÉM-PA,1501402,PA,NORTE,2025,12,VAREJO,7.85
LEITE DE VACA,IN NATURA,6542,CONCEIÇÃO DO ARAGUAIA-PA,1502707,PA,NORTE,2025,12,PREÇO RECEBIDO P/ PRODUTOR,1.81
LEITE DE VACA,IN NATURA,6542,ITUPIRANGA-PA,1503705,PA,NORTE,2025,12,PREÇO RECEBIDO P/ PRODUTOR,1.94
LEITE DE VACA,IN NATURA,6542,MARABÁ-PA,1504208,PA,NORTE,2025,12,PREÇO RECEBIDO P/ PRODUTOR,1.77
LEITE DE VACA,IN NATURA,6542,COLORADO DO OESTE-RO,1100064,RO,NORTE,2025,12,PREÇO RECEBIDO P/ PRODUTOR,1.6
LEITE DE VACA,IN NATURA,6542,OURO PRETO DO OESTE-RO,1100155,RO,NORTE,2025,12,PREÇO RECEBIDO P/ PRODUTOR,1.8
LEITE DE VACA,IN NATURA,6542,PORTO VELHO-RO,1100205,RO,NORTE,2025,12,PREÇO RECEBIDO P/ PRODUTOR,1.84
LEITE DE VACA,EM PÓ INTEGRAL,4990,PORTO VELHO-RO,1100205,RO,NORTE,2025,12,ATACADO,36.68
LEITE DE VACA,LONGA VIDA INTEGRAL,4998,PORTO VELHO-RO,1100205,RO,NORTE,2025,12,VAREJO,5.95
LEITE DE VACA,IN NATURA,6542,ALTO ALEGRE-RR,1400050,RR,NORTE,2025,12,PREÇO RECEBIDO P/ PRODUTOR,5.19
LEITE DE VACA,IN NATURA,6542,BOA VISTA-RR,1400100,RR,NORTE,2025,12,PREÇO RECEBIDO P/ PRODUTOR,7.14
LEITE DE VACA,LONGA VIDA INTEGRAL,4998,BOA VISTA-RR,1400100,RR,NORTE,2025,12,VAREJO,7.55
LEITE DE VACA,EM PÓ INTEGRAL,4990,BOA VISTA-RR,1400100,RR,NORTE,2025,12,ATACADO,35.8
LEITE DE VACA,IN NATURA,6542,SÃO LUIZ-RR,1400605,RR,NORTE,2025,12,PREÇO RECEBIDO P/ PRODUTOR,5.19
LEITE DE VACA,IN NATURA,6542,ARAGUAÇU-TO,1702000,TO,NORTE,2025,12,PREÇO RECEBIDO P/ PRODUTOR,2.14
LEITE DE VACA,IN NATURA,6542,ARAGUATINS-TO,1702208,TO,NORTE,2025,12,PREÇO RECEBIDO P/ PRODUTOR,2.14
LEITE DE VACA,IN NATURA,6542,COLMÉIA-TO,1716703,TO,NORTE,2025,12,PREÇO RECEBIDO P/ PRODUTOR,2.14
LEITE DE VACA,IN NATURA,6542,GURUPI-TO,1709500,TO,NORTE,2025,12,PREÇO RECEBIDO P/ PRODUTOR,2.14
LEITE DE VACA,LONGA VIDA INTEGRAL,4998,PALMAS-TO,1721000,TO,NORTE,2025,12,ATACADO,4.51
LEITE DE VACA,LONGA VIDA INTEGRAL,4998,PALMAS-TO,1721000,TO,NORTE,2025,12,VAREJO,6.3
LEITE DE VACA,EM PÓ INTEGRAL,4990,PALMAS-TO,1721000,TO,NORTE,2025,12,ATACADO,37.25
LEITE DE VACA,IN NATURA,6542,PARAÍSO DO TOCANTINS-TO,1716109,TO,NORTE,2025,12,PREÇO RECEBIDO P/ PRODUTOR,2.14
LEITE DE VACA,LONGA VIDA INTEGRAL,4998,RIO BRANCO-AC,1200401,AC,NORTE,2026,1,VAREJO,6.49
LEITE DE VACA,LONGA VIDA INTEGRAL,4998,MANAUS-AM,1302603,AM,NORTE,2026,1,VAREJO,6.53
LEITE DE VACA,LONGA VIDA INTEGRAL,4998,MACAPÁ-AP,1600303,AP,NORTE,2026,1,VAREJO,7.46
LEITE DE VACA,LONGA VIDA INTEGRAL,4998,BELÉM-PA,1501402,PA,NORTE,2026,1,VAREJO,7.75
LEITE DE VACA,LONGA VIDA INTEGRAL,4998,PORTO VELHO-RO,1100205,RO,NORTE,2026,1,VAREJO,5.56
LEITE DE VACA,LONGA VIDA INTEGRAL,4998,BOA VISTA-RR,1400100,RR,NORTE,2026,1,VAREJO,7.34
LEITE DE VACA,LONGA VIDA INTEGRAL,4998,PALMAS-TO,1721000,TO,NORTE,2026,1,VAREJO,5.87
LEITE DE VACA,LONGA VIDA INTEGRAL,4998,RIO BRANCO-AC,1200401,AC,NORTE,2026,2,VAREJO,6.18
LEITE DE VACA,LONGA VIDA INTEGRAL,4998,MANAUS-AM,1302603,AM,NORTE,2026,2,VAREJO,6.53
LEITE DE VACA,LONGA VIDA INTEGRAL,4998,MACAPÁ-AP,1600303,AP,NORTE,2026,2,VAREJO,7.43
LEITE DE VACA,LONGA VIDA INTEGRAL,4998,BELÉM-PA,1501402,PA,NORTE,2026,2,VAREJO,7.55
LEITE DE VACA,LONGA VIDA INTEGRAL,4998,PORTO VELHO-RO,1100205,RO,NORTE,2026,2,VAREJO,5.58
LEITE DE VACA,LONGA VIDA INTEGRAL,4998,BOA VISTA-RR,1400100,RR,NORTE,2026,2,VAREJO,7.48
LEITE DE VACA,LONGA VIDA INTEGRAL,4998,PALMAS-TO,1721000,TO,NORTE,2026,2,VAREJO,5.82
LEITE DE VACA,LONGA VIDA INTEGRAL,4998,RIO BRANCO-AC,1200401,AC,NORTE,2026,3,VAREJO,6.42
LEITE DE VACA,LONGA VIDA INTEGRAL,4998,MANAUS-AM,1302603,AM,NORTE,2026,3,VAREJO,6.59
LEITE DE VACA,LONGA VIDA INTEGRAL,4998,MACAPÁ-AP,1600303,AP,NORTE,2026,3,VAREJO,7.37
LEITE DE VACA,LONGA VIDA INTEGRAL,4998,BELÉM-PA,1501402,PA,NORTE,2026,3,VAREJO,7.6
LEITE DE VACA,LONGA VIDA INTEGRAL,4998,PORTO VELHO-RO,1100205,RO,NORTE,2026,3,VAREJO,5.81
LEITE DE VACA,LONGA VIDA INTEGRAL,4998,BOA VISTA-RR,1400100,RR,NORTE,2026,3,VAREJO,7.46
LEITE DE VACA,LONGA VIDA INTEGRAL,4998,PALMAS-TO,1721000,TO,NORTE,2026,3,VAREJO,5.82
LEITE DE VACA,LONGA VIDA INTEGRAL,4998,RIO BRANCO-AC,1200401,AC,NORTE,2026,4,VAREJO,6.95
LEITE DE VACA,LONGA VIDA INTEGRAL,4998,MANAUS-AM,1302603,AM,NORTE,2026,4,VAREJO,7.34
LEITE DE VACA,LONGA VIDA INTEGRAL,4998,MACAPÁ-AP,1600303,AP,NORTE,2026,4,VAREJO,7.49
LEITE DE VACA,LONGA VIDA INTEGRAL,4998,BELÉM-PA,1501402,PA,NORTE,2026,4,VAREJO,7.87
LEITE DE VACA,LONGA VIDA INTEGRAL,4998,PORTO VELHO-RO,1100205,RO,NORTE,2026,4,VAREJO,6.49
LEITE DE VACA,LONGA VIDA INTEGRAL,4998,BOA VISTA-RR,1400100,RR,NORTE,2026,4,VAREJO,7.84
LEITE DE VACA,LONGA VIDA INTEGRAL,4998,PALMAS-TO,1721000,TO,NORTE,2026,4,VAREJO,6.46
LEITE DE VACA,LONGA VIDA INTEGRAL,4998,RIO BRANCO-AC,1200401,AC,NORTE,2026,5,VAREJO,7.34
LEITE DE VACA,LONGA VIDA INTEGRAL,4998,MANAUS-AM,1302603,AM,NORTE,2026,5,VAREJO,7.62
LEITE DE VACA,LONGA VIDA INTEGRAL,4998,MACAPÁ-AP,1600303,AP,NORTE,2026,5,VAREJO,8.22
LEITE DE VACA,LONGA VIDA INTEGRAL,4998,BELÉM-PA,1501402,PA,NORTE,2026,5,VAREJO,7.96
LEITE DE VACA,LONGA VIDA INTEGRAL,4998,PORTO VELHO-RO,1100205,RO,NORTE,2026,5,VAREJO,6.71
LEITE DE VACA,LONGA VIDA INTEGRAL,4998,BOA VISTA-RR,1400100,RR,NORTE,2026,5,VAREJO,7.73
LEITE DE VACA,LONGA VIDA INTEGRAL,4998,PALMAS-TO,1721000,TO,NORTE,2026,5,VAREJO,6.49
LI 700,NÃO INFORMADO,10585,PEDRO AFONSO-TO,1716505,TO,NORTE,2025,11,PREÇO PAGO PELO PRODUTOR,72.5
LI 700,NÃO INFORMADO,10585,PEDRO AFONSO-TO,1716505,TO,NORTE,2026,3,PREÇO PAGO PELO PRODUTOR,70.3
LICENCA DE QUEIMA PELO IB,NÃO INFORMADO,13385,ÓBIDOS-PA,1505106,PA,NORTE,2025,9,PREÇO PAGO PELO PRODUTOR,
LICENCA DE QUEIMA PELO IB,NÃO INFORMADO,13385,ÓBIDOS-PA,1505106,PA,NORTE,2026,3,PREÇO PAGO PELO PRODUTOR,
LIMA AMOLADOR,PARA FACÃO E MACHADO,14097,XAPURI-AC,1200708,AC,NORTE,2026,7,PREÇO PAGO PELO PRODUTOR,30.0
LIMA AMOLADOR,LIMATÃO PARA CORRENT,12370,BOCA DO ACRE-AM,1300706,AM,NORTE,2026,7,PREÇO PAGO PELO PRODUTOR,16.0
LIMA AMOLADOR,PARA FACÃO E MACHADO,14097,ALTAMIRA-PA,1500602,PA,NORTE,2026,7,PREÇO PAGO PELO PRODUTOR,38.0
LIMA AMOLADOR,LIMATÃO PARA CORRENT,12370,LIMOEIRO DO AJURU-PA,1504000,PA,NORTE,2026,7,PREÇO PAGO PELO PRODUTOR,27.0
LIMA AMOLADOR,PARA FACÃO E MACHADO,14097,LIMOEIRO DO AJURU-PA,1504000,PA,NORTE,2026,7,PREÇO PAGO PELO PRODUTOR,14.0
LIMA CHATA,BASTARDA,12369,SENA MADUREIRA-AC,1200500,AC,NORTE,2026,7,PREÇO PAGO PELO PRODUTOR,17.38
LIMA CHATA,NÃO INFORMADO,12313,BARCELOS-AM,1300409,AM,NORTE,2026,7,PREÇO PAGO PELO PRODUTOR,18.0
LIMA CHATA,BASTARDA,12369,BOCA DO ACRE-AM,1300706,AM,NORTE,2026,7,PREÇO PAGO PELO PRODUTOR,19.0
LIMA CHATA,NÃO INFORMADO,12313,COARI-AM,1301209,AM,NORTE,2026,7,PREÇO PAGO PELO PRODUTOR,25.0
LIMA CHATA,NÃO INFORMADO,12313,MANICORÉ-AM,1302702,AM,NORTE,2026,7,PREÇO PAGO PELO PRODUTOR,18.0
LIMA CHATA,NÃO INFORMADO,12313,CURRALINHO-PA,1502806,PA,NORTE,2026,7,PREÇO PAGO PELO PRODUTOR,20.0
LIMA (TERCADO),NÃO INFORMADO,14960,ORIXIMINÁ-PA,1505304,PA,NORTE,2026,7,PREÇO PAGO PELO PRODUTOR,25.0
LIMPEZA DE AREA - COROAME,NÃO INFORMADO,11688,IGARAPÉ-MIRI-PA,1503309,PA,NORTE,2025,9,PREÇO PAGO PELO PRODUTOR,
LIMPEZA DE AREA - COROAME,LIMPEZA DOS AÇAIZEIR,15540,IGARAPÉ-MIRI-PA,1503309,PA,NORTE,2026,7,PREÇO PAGO PELO PRODUTOR,
LONA PLASTICA,4M X 2M = 8M²,12415,IGARAPÉ-MIRI-PA,1503309,PA,NORTE,2026,5,PREÇO PAGO PELO PRODUTOR,20.0
LONA PLASTICA,NÃO INFORMADO,9798,BOCA DO ACRE-AM,1300706,AM,NORTE,2026,7,PREÇO PAGO PELO PRODUTOR,
LONA PLASTICA,"70 M², ANTICHAMAS",15317,COARI-AM,1301209,AM,NORTE,2026,7,PREÇO PAGO PELO PRODUTOR,1900.0
LONA PLASTICA,"4M X 4M, PRETA, DUPL",15327,CODAJÁS-AM,1301308,AM,NORTE,2026,7,PREÇO PAGO PELO PRODUTOR,120.0
LONA PLASTICA,"6M X 6M, PRETA",15328,CODAJÁS-AM,1301308,AM,NORTE,2026,7,PREÇO PAGO PELO PRODUTOR,35.0
LONA PLASTICA,3M X 3M = 9M²,12401,CURRALINHO-PA,1502806,PA,NORTE,2026,7,PREÇO PAGO PELO PRODUTOR,68.0
LONA PLASTICA,4M X 2M = 8M²,12415,IGARAPÉ-MIRI-PA,1503309,PA,NORTE,2026,7,PREÇO PAGO PELO PRODUTOR,20.0
LONA PLASTICA,"2,5 M X 2,5 M = 5M²,",14092,LIMOEIRO DO AJURU-PA,1504000,PA,NORTE,2026,7,PREÇO PAGO PELO PRODUTOR,100.0
LONAS,6X3,11963,BARCELOS-AM,1300409,AM,NORTE,2026,7,PREÇO PAGO PELO PRODUTOR,370.0
LONAS,PRETA,7499,CODAJÁS-AM,1301308,AM,NORTE,2026,7,PREÇO PAGO PELO PRODUTOR,
LONAS,4M X 6M preta,14957,ORIXIMINÁ-PA,1505304,PA,NORTE,2026,7,PREÇO PAGO PELO PRODUTOR,
LOYANT,NÃO INFORMADO,13974,LAGOA DA CONFUSÃO-TO,1711902,TO,NORTE,2025,11,PREÇO PAGO PELO PRODUTOR,397.4
LOYANT,NÃO INFORMADO,13974,LAGOA DA CONFUSÃO-TO,1711902,TO,NORTE,2026,2,PREÇO PAGO PELO PRODUTOR,397.4
LOYANT,NÃO INFORMADO,13974,LAGOA DA CONFUSÃO-TO,1711902,TO,NORTE,2026,3,PREÇO PAGO PELO PRODUTOR,397.4
LUBRIFICANTE DO CARTER,NÃO INFORMADO,5856,BARCELOS-AM,1300409,AM,NORTE,2026,7,PREÇO PAGO PELO PRODUTOR,52.0
LUVAS DE PANO,NÃO INFORMADO,11352,MACHADINHO D'OESTE-RO,1100130,RO,NORTE,2025,10,PREÇO PAGO PELO PRODUTOR,
LUVAS DE PANO,NÃO INFORMADO,11352,NOVA BRASILÂNDIA D'OESTE-RO,1100148,RO,NORTE,2025,10,PREÇO PAGO PELO PRODUTOR,
LUVAS DE PANO,PIGMENTADA,13892,COARI-AM,1301209,AM,NORTE,2026,7,PREÇO PAGO PELO PRODUTOR,
LUVAS DE PANO,NÃO INFORMADO,11352,CODAJÁS-AM,1301308,AM,NORTE,2026,7,PREÇO PAGO PELO PRODUTOR,
LUVAS DE PANO,NÃO INFORMADO,11352,LÁBREA-AM,1302405,AM,NORTE,2026,7,PREÇO PAGO PELO PRODUTOR,7.0
LUVAS DE PANO,PIGMENTADA,13892,BELTERRA-PA,1501451,PA,NORTE,2026,7,PREÇO PAGO PELO PRODUTOR,
LUVAS DE PANO,NÃO INFORMADO,11352,CURRALINHO-PA,1502806,PA,NORTE,2026,7,PREÇO PAGO PELO PRODUTOR,
LUVAS DE PANO,NÃO INFORMADO,11352,IGARAPÉ-MIRI-PA,1503309,PA,NORTE,2026,7,PREÇO PAGO PELO PRODUTOR,8.5
LUVAS DE PANO,NÃO INFORMADO,11352,LIMOEIRO DO AJURU-PA,1504000,PA,NORTE,2026,7,PREÇO PAGO PELO PRODUTOR,
M2,NÃO INFORMADO,7407,IGARAPÉ-MIRI-PA,1503309,PA,NORTE,2025,9,PREÇO PAGO PELO PRODUTOR,
M2,NÃO INFORMADO,7407,ÓBIDOS-PA,1505106,PA,NORTE,2025,9,PREÇO PAGO PELO PRODUTOR,
M2,NÃO INFORMADO,7407,TUCUMÃ-PA,1508084,PA,NORTE,2025,9,PREÇO PAGO PELO PRODUTOR,
M2,NÃO INFORMADO,7407,MACHADINHO D'OESTE-RO,1100130,RO,NORTE,2025,10,PREÇO PAGO PELO PRODUTOR,
M2,NÃO INFORMADO,7407,NOVA BRASILÂNDIA D'OESTE-RO,1100148,RO,NORTE,2025,10,PREÇO PAGO PELO PRODUTOR,
M2,NÃO INFORMADO,7407,LAGOA DA CONFUSÃO-TO,1711902,TO,NORTE,2025,11,PREÇO PAGO PELO PRODUTOR,
M2,NÃO INFORMADO,7407,PEDRO AFONSO-TO,1716505,TO,NORTE,2025,11,PREÇO PAGO PELO PRODUTOR,
M2,NÃO INFORMADO,7407,MANACAPURU-AM,1302504,AM,NORTE,2026,3,PREÇO PAGO PELO PRODUTOR,
M2,NÃO INFORMADO,7407,FLORESTA DO ARAGUAIA-PA,1503044,PA,NORTE,2026,3,PREÇO PAGO PELO PRODUTOR,
M2,NÃO INFORMADO,7407,MEDICILÂNDIA-PA,1504455,PA,NORTE,2026,3,PREÇO PAGO PELO PRODUTOR,
M2,NÃO INFORMADO,7407,ÓBIDOS-PA,1505106,PA,NORTE,2026,3,PREÇO PAGO PELO PRODUTOR,
M2,NÃO INFORMADO,7407,LAGOA DA CONFUSÃO-TO,1711902,TO,NORTE,2026,3,PREÇO PAGO PELO PRODUTOR,
M2,NÃO INFORMADO,7407,PEDRO AFONSO-TO,1716505,TO,NORTE,2026,3,PREÇO PAGO PELO PRODUTOR,
M2,NÃO INFORMADO,7407,IGARAPÉ-MIRI-PA,1503309,PA,NORTE,2026,5,PREÇO PAGO PELO PRODUTOR,
M2,NÃO INFORMADO,7407,SENA MADUREIRA-AC,1200500,AC,NORTE,2026,7,PREÇO PAGO PELO PRODUTOR,
M2,NÃO INFORMADO,7407,XAPURI-AC,1200708,AC,NORTE,2026,7,PREÇO PAGO PELO PRODUTOR,
M2,NÃO INFORMADO,7407,BARCELOS-AM,1300409,AM,NORTE,2026,7,PREÇO PAGO PELO PRODUTOR,
M2,NÃO INFORMADO,7407,BOCA DO ACRE-AM,1300706,AM,NORTE,2026,7,PREÇO PAGO PELO PRODUTOR,
M2,NÃO INFORMADO,7407,CARAUARI-AM,1301001,AM,NORTE,2026,7,PREÇO PAGO PELO PRODUTOR,
M2,NÃO INFORMADO,7407,COARI-AM,1301209,AM,NORTE,2026,7,PREÇO PAGO PELO PRODUTOR,
M2,NÃO INFORMADO,7407,CODAJÁS-AM,1301308,AM,NORTE,2026,7,PREÇO PAGO PELO PRODUTOR,
M2,NÃO INFORMADO,7407,LÁBREA-AM,1302405,AM,NORTE,2026,7,PREÇO PAGO PELO PRODUTOR,
M2,NÃO INFORMADO,7407,MANICORÉ-AM,1302702,AM,NORTE,2026,7,PREÇO PAGO PELO PRODUTOR,
M2,NÃO INFORMADO,7407,ALTAMIRA-PA,1500602,PA,NORTE,2026,7,PREÇO PAGO PELO PRODUTOR,
M2,NÃO INFORMADO,7407,BELTERRA-PA,1501451,PA,NORTE,2026,7,PREÇO PAGO PELO PRODUTOR,
M2,NÃO INFORMADO,7407,COLARES-PA,1502608,PA,NORTE,2026,7,PREÇO PAGO PELO PRODUTOR,
M2,NÃO INFORMADO,7407,CURRALINHO-PA,1502806,PA,NORTE,2026,7,PREÇO PAGO PELO PRODUTOR,
M2,NÃO INFORMADO,7407,IGARAPÉ-MIRI-PA,1503309,PA,NORTE,2026,7,PREÇO PAGO PELO PRODUTOR,
M2,NÃO INFORMADO,7407,LIMOEIRO DO AJURU-PA,1504000,PA,NORTE,2026,7,PREÇO PAGO PELO PRODUTOR,
M2,NÃO INFORMADO,7407,ORIXIMINÁ-PA,1505304,PA,NORTE,2026,7,PREÇO PAGO PELO PRODUTOR,
MACARRAO,ESPAGUETE SÊMOLA COM,11194,RIO BRANCO-AC,1200401,AC,NORTE,2025,9,ATACADO,11.08
MACARRAO,ESPAGUETE SÊMOLA COM,11194,MANAUS-AM,1302603,AM,NORTE,2025,9,ATACADO,9.95
MACARRAO,ESPAGUETE SÊMOLA SEM,13355,MACAPÁ-AP,1600303,AP,NORTE,2025,9,ATACADO,6.98
MACARRAO,ESPAGUETE SÊMOLA COM,11194,BELÉM-PA,1501402,PA,NORTE,2025,9,ATACADO,9.35
MACARRAO,ESPAGUETE SÊMOLA COM,11194,PORTO VELHO-RO,1100205,RO,NORTE,2025,9,ATACADO,9.18
MACARRAO,ESPAGUETE SÊMOLA COM,11194,BOA VISTA-RR,1400100,RR,NORTE,2025,9,ATACADO,8.5
MACARRAO,ESPAGUETE SÊMOLA COM,11194,PALMAS-TO,1721000,TO,NORTE,2025,9,ATACADO,9.98
MACARRAO,ESPAGUETE SÊMOLA COM,11194,RIO BRANCO-AC,1200401,AC,NORTE,2025,10,ATACADO,9.8
MACARRAO,ESPAGUETE SÊMOLA COM,11194,MANAUS-AM,1302603,AM,NORTE,2025,10,ATACADO,10.07
MACARRAO,ESPAGUETE SÊMOLA SEM,13355,MACAPÁ-AP,1600303,AP,NORTE,2025,10,ATACADO,6.72
MACARRAO,ESPAGUETE SÊMOLA COM,11194,BELÉM-PA,1501402,PA,NORTE,2025,10,ATACADO,9.33
MACARRAO,ESPAGUETE SÊMOLA COM,11194,PORTO VELHO-RO,1100205,RO,NORTE,2025,10,ATACADO,9.18
MACARRAO,ESPAGUETE SÊMOLA COM,11194,BOA VISTA-RR,1400100,RR,NORTE,2025,10,ATACADO,7.98
MACARRAO,ESPAGUETE SÊMOLA COM,11194,PALMAS-TO,1721000,TO,NORTE,2025,10,ATACADO,9.98
MACARRAO,ESPAGUETE SÊMOLA COM,11194,RIO BRANCO-AC,1200401,AC,NORTE,2025,11,ATACADO,9.8
MACARRAO,ESPAGUETE SÊMOLA COM,11194,MANAUS-AM,1302603,AM,NORTE,2025,11,ATACADO,9.78
MACARRAO,ESPAGUETE SÊMOLA SEM,13355,MACAPÁ-AP,1600303,AP,NORTE,2025,11,ATACADO,6.98
MACARRAO,ESPAGUETE SÊMOLA COM,11194,BELÉM-PA,1501402,PA,NORTE,2025,11,ATACADO,9.17
MACARRAO,ESPAGUETE SÊMOLA COM,11194,PORTO VELHO-RO,1100205,RO,NORTE,2025,11,ATACADO,10.44
MACARRAO,ESPAGUETE SÊMOLA COM,11194,BOA VISTA-RR,1400100,RR,NORTE,2025,11,ATACADO,7.74
MACARRAO,ESPAGUETE SÊMOLA COM,11194,PALMAS-TO,1721000,TO,NORTE,2025,11,ATACADO,9.89
MACARRAO,ESPAGUETE SÊMOLA COM,11194,RIO BRANCO-AC,1200401,AC,NORTE,2025,12,ATACADO,11.0
MACARRAO,ESPAGUETE SÊMOLA COM,11194,MANAUS-AM,1302603,AM,NORTE,2025,12,ATACADO,10.42
MACARRAO,ESPAGUETE SÊMOLA SEM,13355,MACAPÁ-AP,1600303,AP,NORTE,2025,12,ATACADO,7.04
MACARRAO,ESPAGUETE SÊMOLA COM,11194,BELÉM-PA,1501402,PA,NORTE,2025,12,ATACADO,9.35
MACARRAO,ESPAGUETE SÊMOLA COM,11194,PORTO VELHO-RO,1100205,RO,NORTE,2025,12,ATACADO,10.06
MACARRAO,ESPAGUETE SÊMOLA COM,11194,BOA VISTA-RR,1400100,RR,NORTE,2025,12,ATACADO,7.84
MACARRAO,ESPAGUETE SÊMOLA COM,11194,PALMAS-TO,1721000,TO,NORTE,2025,12,ATACADO,10.18
MACHADO,FLORESTAL -  BOCA LA,12403,BARCELOS-AM,1300409,AM,NORTE,2026,7,PREÇO PAGO PELO PRODUTOR,93.0
MACHADO,NÃO INFORMADO,11626,BOCA DO ACRE-AM,1300706,AM,NORTE,2026,7,PREÇO PAGO PELO PRODUTOR,80.0
MACHADO,NÃO INFORMADO,11626,LIMOEIRO DO AJURU-PA,1504000,PA,NORTE,2026,7,PREÇO PAGO PELO PRODUTOR,58.0
MANGANES AGRICHEM,NÃO INFORMADO,13978,LAGOA DA CONFUSÃO-TO,1711902,TO,NORTE,2025,11,PREÇO PAGO PELO PRODUTOR,52.9
MANGANES AGRICHEM,NÃO INFORMADO,13978,LAGOA DA CONFUSÃO-TO,1711902,TO,NORTE,2026,2,PREÇO PAGO PELO PRODUTOR,52.9
MANGANES AGRICHEM,NÃO INFORMADO,13978,LAGOA DA CONFUSÃO-TO,1711902,TO,NORTE,2026,3,PREÇO PAGO PELO PRODUTOR,52.9
MANTEIGA,NÃO INFORMADO,8626,RIO BRANCO-AC,1200401,AC,NORTE,2025,9,VAREJO,60.04
MANTEIGA,NÃO INFORMADO,8626,MANAUS-AM,1302603,AM,NORTE,2025,9,VAREJO,58.91
MANTEIGA,NÃO INFORMADO,8626,MACAPÁ-AP,1600303,AP,NORTE,2025,9,VAREJO,68.05
MANTEIGA,NÃO INFORMADO,8626,BELÉM-PA,1501402,PA,NORTE,2025,9,VAREJO,63.81
MANTEIGA,NÃO INFORMADO,8626,PORTO VELHO-RO,1100205,RO,NORTE,2025,9,VAREJO,49.97
MANTEIGA,NÃO INFORMADO,8626,BOA VISTA-RR,1400100,RR,NORTE,2025,9,VAREJO,71.94
MANTEIGA,NÃO INFORMADO,8626,PALMAS-TO,1721000,TO,NORTE,2025,9,VAREJO,73.51
MANTEIGA,NÃO INFORMADO,8626,RIO BRANCO-AC,1200401,AC,NORTE,2025,10,VAREJO,58.24
MANTEIGA,NÃO INFORMADO,8626,MANAUS-AM,1302603,AM,NORTE,2025,10,VAREJO,56.41
MANTEIGA,NÃO INFORMADO,8626,MACAPÁ-AP,1600303,AP,NORTE,2025,10,VAREJO,66.31
MANTEIGA,NÃO INFORMADO,8626,BELÉM-PA,1501402,PA,NORTE,2025,10,VAREJO,62.45
MANTEIGA,NÃO INFORMADO,8626,PORTO VELHO-RO,1100205,RO,NORTE,2025,10,VAREJO,49.11
MANTEIGA,NÃO INFORMADO,8626,BOA VISTA-RR,1400100,RR,NORTE,2025,10,VAREJO,70.22
MANTEIGA,NÃO INFORMADO,8626,PALMAS-TO,1721000,TO,NORTE,2025,10,VAREJO,73.64
MANTEIGA,NÃO INFORMADO,8626,RIO BRANCO-AC,1200401,AC,NORTE,2025,11,VAREJO,57.81
MANTEIGA,NÃO INFORMADO,8626,MANAUS-AM,1302603,AM,NORTE,2025,11,VAREJO,55.85
MANTEIGA,NÃO INFORMADO,8626,MACAPÁ-AP,1600303,AP,NORTE,2025,11,VAREJO,59.83
MANTEIGA,NÃO INFORMADO,8626,BELÉM-PA,1501402,PA,NORTE,2025,11,VAREJO,62.55
MANTEIGA,NÃO INFORMADO,8626,PORTO VELHO-RO,1100205,RO,NORTE,2025,11,VAREJO,48.4
MANTEIGA,NÃO INFORMADO,8626,BOA VISTA-RR,1400100,RR,NORTE,2025,11,VAREJO,69.68
MANTEIGA,NÃO INFORMADO,8626,PALMAS-TO,1721000,TO,NORTE,2025,11,VAREJO,70.21
MANTEIGA,NÃO INFORMADO,8626,RIO BRANCO-AC,1200401,AC,NORTE,2025,12,VAREJO,59.11
MANTEIGA,NÃO INFORMADO,8626,MANAUS-AM,1302603,AM,NORTE,2025,12,VAREJO,53.35
MANTEIGA,NÃO INFORMADO,8626,MACAPÁ-AP,1600303,AP,NORTE,2025,12,VAREJO,59.38
MANTEIGA,NÃO INFORMADO,8626,BELÉM-PA,1501402,PA,NORTE,2025,12,VAREJO,61.39
MANTEIGA,NÃO INFORMADO,8626,PORTO VELHO-RO,1100205,RO,NORTE,2025,12,VAREJO,48.44
MANTEIGA,NÃO INFORMADO,8626,BOA VISTA-RR,1400100,RR,NORTE,2025,12,VAREJO,66.53
MANTEIGA,NÃO INFORMADO,8626,PALMAS-TO,1721000,TO,NORTE,2025,12,VAREJO,69.47
MANTEIGA,NÃO INFORMADO,8626,RIO BRANCO-AC,1200401,AC,NORTE,2026,1,VAREJO,58.0
MANTEIGA,NÃO INFORMADO,8626,MANAUS-AM,1302603,AM,NORTE,2026,1,VAREJO,54.9
MANTEIGA,NÃO INFORMADO,8626,MACAPÁ-AP,1600303,AP,NORTE,2026,1,VAREJO,60.13
MANTEIGA,NÃO INFORMADO,8626,BELÉM-PA,1501402,PA,NORTE,2026,1,VAREJO,59.55
MANTEIGA,NÃO INFORMADO,8626,PORTO VELHO-RO,1100205,RO,NORTE,2026,1,VAREJO,46.46
MANTEIGA,NÃO INFORMADO,8626,BOA VISTA-RR,1400100,RR,NORTE,2026,1,VAREJO,65.9
MANTEIGA,NÃO INFORMADO,8626,PALMAS-TO,1721000,TO,NORTE,2026,1,VAREJO,69.85
MANTEIGA,NÃO INFORMADO,8626,RIO BRANCO-AC,1200401,AC,NORTE,2026,2,VAREJO,56.19
MANTEIGA,NÃO INFORMADO,8626,MANAUS-AM,1302603,AM,NORTE,2026,2,VAREJO,55.0
MANTEIGA,NÃO INFORMADO,8626,MACAPÁ-AP,1600303,AP,NORTE,2026,2,VAREJO,61.03
MANTEIGA,NÃO INFORMADO,8626,BELÉM-PA,1501402,PA,NORTE,2026,2,VAREJO,60.02
MANTEIGA,NÃO INFORMADO,8626,PORTO VELHO-RO,1100205,RO,NORTE,2026,2,VAREJO,45.69
MANTEIGA,NÃO INFORMADO,8626,BOA VISTA-RR,1400100,RR,NORTE,2026,2,VAREJO,65.56
MANTEIGA,NÃO INFORMADO,8626,PALMAS-TO,1721000,TO,NORTE,2026,2,VAREJO,70.51
MANTEIGA,NÃO INFORMADO,8626,RIO BRANCO-AC,1200401,AC,NORTE,2026,3,VAREJO,55.93
MANTEIGA,NÃO INFORMADO,8626,MANAUS-AM,1302603,AM,NORTE,2026,3,VAREJO,54.53
MANTEIGA,NÃO INFORMADO,8626,MACAPÁ-AP,1600303,AP,NORTE,2026,3,VAREJO,61.73
MANTEIGA,NÃO INFORMADO,8626,BELÉM-PA,1501402,PA,NORTE,2026,3,VAREJO,60.46
MANTEIGA,NÃO INFORMADO,8626,PORTO VELHO-RO,1100205,RO,NORTE,2026,3,VAREJO,45.25
MANTEIGA,NÃO INFORMADO,8626,BOA VISTA-RR,1400100,RR,NORTE,2026,3,VAREJO,66.68
MANTEIGA,NÃO INFORMADO,8626,PALMAS-TO,1721000,TO,NORTE,2026,3,VAREJO,70.61
MANTEIGA,NÃO INFORMADO,8626,RIO BRANCO-AC,1200401,AC,NORTE,2026,4,VAREJO,58.46
MANTEIGA,NÃO INFORMADO,8626,MANAUS-AM,1302603,AM,NORTE,2026,4,VAREJO,54.43
MANTEIGA,NÃO INFORMADO,8626,MACAPÁ-AP,1600303,AP,NORTE,2026,4,VAREJO,62.05
MANTEIGA,NÃO INFORMADO,8626,BELÉM-PA,1501402,PA,NORTE,2026,4,VAREJO,61.34
MANTEIGA,NÃO INFORMADO,8626,PORTO VELHO-RO,1100205,RO,NORTE,2026,4,VAREJO,46.34
MANTEIGA,NÃO INFORMADO,8626,BOA VISTA-RR,1400100,RR,NORTE,2026,4,VAREJO,68.29
MANTEIGA,NÃO INFORMADO,8626,PALMAS-TO,1721000,TO,NORTE,2026,4,VAREJO,71.53
MANTEIGA,NÃO INFORMADO,8626,RIO BRANCO-AC,1200401,AC,NORTE,2026,5,VAREJO,58.24
MANTEIGA,NÃO INFORMADO,8626,MANAUS-AM,1302603,AM,NORTE,2026,5,VAREJO,55.1
MANTEIGA,NÃO INFORMADO,8626,MACAPÁ-AP,1600303,AP,NORTE,2026,5,VAREJO,61.65
MANTEIGA,NÃO INFORMADO,8626,BELÉM-PA,1501402,PA,NORTE,2026,5,VAREJO,62.6
MANTEIGA,NÃO INFORMADO,8626,PORTO VELHO-RO,1100205,RO,NORTE,2026,5,VAREJO,47.56
MANTEIGA,NÃO INFORMADO,8626,BOA VISTA-RR,1400100,RR,NORTE,2026,5,VAREJO,63.41
MANTEIGA,NÃO INFORMADO,8626,PALMAS-TO,1721000,TO,NORTE,2026,5,VAREJO,72.21
MAP,NÃO INFORMADO,4550,NOVA BRASILÂNDIA D'OESTE-RO,1100148,RO,NORTE,2025,10,PREÇO PAGO PELO PRODUTOR,6.34
MAP,11-52-0,11909,PEDRO AFONSO-TO,1716505,TO,NORTE,2025,11,PREÇO PAGO PELO PRODUTOR,4.96
MAP,11-52-0,11909,PEDRO AFONSO-TO,1716505,TO,NORTE,2026,3,PREÇO PAGO PELO PRODUTOR,4.84
MARACUJA,NÃO INFORMADO,4658,PORTO ACRE-AC,1200807,AC,NORTE,2025,9,PREÇO RECEBIDO P/ PRODUTOR,5.78
MARACUJA,NÃO INFORMADO,4658,SENADOR GUIOMARD-AC,1200450,AC,NORTE,2025,9,PREÇO RECEBIDO P/ PRODUTOR,6.14
MARACUJA,NÃO INFORMADO,4658,PORTO ACRE-AC,1200807,AC,NORTE,2025,10,PREÇO RECEBIDO P/ PRODUTOR,6.0
MARACUJA,NÃO INFORMADO,4658,SENADOR GUIOMARD-AC,1200450,AC,NORTE,2025,10,PREÇO RECEBIDO P/ PRODUTOR,6.19
MARACUJA,NÃO INFORMADO,4658,PORTO ACRE-AC,1200807,AC,NORTE,2025,11,PREÇO RECEBIDO P/ PRODUTOR,5.63
MARACUJA,NÃO INFORMADO,4658,SENADOR GUIOMARD-AC,1200450,AC,NORTE,2025,11,PREÇO RECEBIDO P/ PRODUTOR,6.24
MARACUJA,NÃO INFORMADO,4658,PORTO ACRE-AC,1200807,AC,NORTE,2025,12,PREÇO RECEBIDO P/ PRODUTOR,5.39
MARACUJA,NÃO INFORMADO,4658,SENADOR GUIOMARD-AC,1200450,AC,NORTE,2025,12,PREÇO RECEBIDO P/ PRODUTOR,6.12
MATERIAL PARA COLHEITA,BOTA DE BORRACHA  PR,11663,BARCELOS-AM,1300409,AM,NORTE,2026,7,PREÇO PAGO PELO PRODUTOR,82.0
MATERIA ORGANICA,CAROÇO DE AÇAÍ,13183,IGARAPÉ-MIRI-PA,1503309,PA,NORTE,2025,9,PREÇO PAGO PELO PRODUTOR,0.18
METOMIL,NÃO INFORMADO,13710,LAGOA DA CONFUSÃO-TO,1711902,TO,NORTE,2025,11,PREÇO PAGO PELO PRODUTOR,108.2
METOMIL,SL 215 G/L METOMIL N,13711,PEDRO AFONSO-TO,1716505,TO,NORTE,2025,11,PREÇO PAGO PELO PRODUTOR,26.8
METOMIL,NÃO INFORMADO,13710,LAGOA DA CONFUSÃO-TO,1711902,TO,NORTE,2026,2,PREÇO PAGO PELO PRODUTOR,108.2
METOMIL,NÃO INFORMADO,13710,LAGOA DA CONFUSÃO-TO,1711902,TO,NORTE,2026,3,PREÇO PAGO PELO PRODUTOR,108.2
METOMIL,SL 215 G/L METOMIL N,13711,PEDRO AFONSO-TO,1716505,TO,NORTE,2026,3,PREÇO PAGO PELO PRODUTOR,29.5
MILHO,EM GRÃOS,4742,RIO BRANCO-AC,1200401,AC,NORTE,2025,9,PREÇO RECEBIDO P/ PRODUTOR,1.58
MILHO,EM GRÃOS,4742,RIO BRANCO-AC,1200401,AC,NORTE,2025,9,ATACADO,1.7
MILHO,EM GRÃOS,4742,MANAUS-AM,1302603,AM,NORTE,2025,9,ATACADO,1.45
MILHO,EM GRÃOS,4742,ITAUBAL-AP,1600253,AP,NORTE,2025,9,PREÇO RECEBIDO P/ PRODUTOR,1.04
MILHO,EM GRÃOS,4742,MACAPÁ-AP,1600303,AP,NORTE,2025,9,PREÇO RECEBIDO P/ PRODUTOR,1.04
MILHO,EM GRÃOS,4742,MACAPÁ-AP,1600303,AP,NORTE,2025,9,ATACADO,1.51
MILHO,EM GRÃOS,4742,DOM ELISEU-PA,1502939,PA,NORTE,2025,9,ATACADO,1.08
MILHO,EM GRÃOS,4742,DOM ELISEU-PA,1502939,PA,NORTE,2025,9,PREÇO RECEBIDO P/ PRODUTOR,1.05
MILHO,EM GRÃOS,4742,MONTE ALEGRE-PA,1504802,PA,NORTE,2025,9,PREÇO RECEBIDO P/ PRODUTOR,1.51
MILHO,EM GRÃOS,4742,PARAGOMINAS-PA,1505502,PA,NORTE,2025,9,ATACADO,1.08
MILHO,EM GRÃOS,4742,PARAGOMINAS-PA,1505502,PA,NORTE,2025,9,PREÇO RECEBIDO P/ PRODUTOR,1.05
MILHO,EM GRÃOS,4742,REDENÇÃO-PA,1506138,PA,NORTE,2025,9,ATACADO,1.04
MILHO,EM GRÃOS,4742,SANTA ISABEL DO PARÁ-PA,1506500,PA,NORTE,2025,9,ATACADO,1.15
MILHO,EM GRÃOS,4742,SANTA MARIA DAS BARREIRAS-PA,1506583,PA,NORTE,2025,9,PREÇO RECEBIDO P/ PRODUTOR,1.32
MILHO,EM GRÃOS,4742,SANTANA DO ARAGUAIA-PA,1506708,PA,NORTE,2025,9,PREÇO RECEBIDO P/ PRODUTOR,0.98
MILHO,EM GRÃOS,4742,SANTANA DO ARAGUAIA-PA,1506708,PA,NORTE,2025,9,ATACADO,1.02
MILHO,EM GRÃOS,4742,SANTARÉM-PA,1506807,PA,NORTE,2025,9,ATACADO,1.21
MILHO,EM GRÃOS,4742,SANTARÉM-PA,1506807,PA,NORTE,2025,9,PREÇO RECEBIDO P/ PRODUTOR,0.99
MILHO,EM GRÃOS,4742,ARIQUEMES-RO,1100023,RO,NORTE,2025,9,PREÇO RECEBIDO P/ PRODUTOR,0.93
MILHO,EM GRÃOS,4742,CACOAL-RO,1100049,RO,NORTE,2025,9,PREÇO RECEBIDO P/ PRODUTOR,0.98
MILHO,EM GRÃOS,4742,CACOAL-RO,1100049,RO,NORTE,2025,9,ATACADO,1.24
MILHO,EM GRÃOS,4742,COLORADO DO OESTE-RO,1100064,RO,NORTE,2025,9,PREÇO RECEBIDO P/ PRODUTOR,0.92
MILHO,EM GRÃOS,4742,PORTO VELHO-RO,1100205,RO,NORTE,2025,9,ATACADO,1.34
MILHO,EM GRÃOS,4742,ROLIM DE MOURA-RO,1100288,RO,NORTE,2025,9,PREÇO RECEBIDO P/ PRODUTOR,0.91
MILHO,EM GRÃOS,4742,VILHENA-RO,1100304,RO,NORTE,2025,9,PREÇO RECEBIDO P/ PRODUTOR,0.94
MILHO,EM GRÃOS,4742,VILHENA-RO,1100304,RO,NORTE,2025,9,ATACADO,1.14
MILHO,EM GRÃOS,4742,BOA VISTA-RR,1400100,RR,NORTE,2025,9,ATACADO,1.58
MILHO,EM GRÃOS,4742,BOA VISTA-RR,1400100,RR,NORTE,2025,9,PREÇO RECEBIDO P/ PRODUTOR,1.56
MILHO,EM GRÃOS,4742,ARAGUAÍNA-TO,1702109,TO,NORTE,2025,9,ATACADO,1.32
MILHO,EM GRÃOS,4742,CAMPOS LINDOS-TO,1703842,TO,NORTE,2025,9,PREÇO RECEBIDO P/ PRODUTOR,0.9
MILHO,EM GRÃOS,4742,DIANÓPOLIS-TO,1707009,TO,NORTE,2025,9,PREÇO RECEBIDO P/ PRODUTOR,0.9
MILHO,EM GRÃOS,4742,PEDRO AFONSO-TO,1716505,TO,NORTE,2025,9,PREÇO RECEBIDO P/ PRODUTOR,0.9
MILHO,EM GRÃOS,4742,PORTO NACIONAL-TO,1718204,TO,NORTE,2025,9,PREÇO RECEBIDO P/ PRODUTOR,0.9
MILHO,EM GRÃOS,4742,RIO BRANCO-AC,1200401,AC,NORTE,2025,10,ATACADO,1.7
MILHO,EM GRÃOS,4742,RIO BRANCO-AC,1200401,AC,NORTE,2025,10,PREÇO RECEBIDO P/ PRODUTOR,1.6
MILHO,EM GRÃOS,4742,MANAUS-AM,1302603,AM,NORTE,2025,10,ATACADO,1.48
MILHO,EM GRÃOS,4742,ITAUBAL-AP,1600253,AP,NORTE,2025,10,PREÇO RECEBIDO P/ PRODUTOR,1.14
MILHO,EM GRÃOS,4742,MACAPÁ-AP,1600303,AP,NORTE,2025,10,PREÇO RECEBIDO P/ PRODUTOR,1.15
MILHO,EM GRÃOS,4742,MACAPÁ-AP,1600303,AP,NORTE,2025,10,ATACADO,1.57
MILHO,EM GRÃOS,4742,DOM ELISEU-PA,1502939,PA,NORTE,2025,10,PREÇO RECEBIDO P/ PRODUTOR,1.04
MILHO,EM GRÃOS,4742,DOM ELISEU-PA,1502939,PA,NORTE,2025,10,ATACADO,1.08
MILHO,EM GRÃOS,4742,MONTE ALEGRE-PA,1504802,PA,NORTE,2025,10,PREÇO RECEBIDO P/ PRODUTOR,1.49
MILHO,EM GRÃOS,4742,PARAGOMINAS-PA,1505502,PA,NORTE,2025,10,ATACADO,1.08
MILHO,EM GRÃOS,4742,PARAGOMINAS-PA,1505502,PA,NORTE,2025,10,PREÇO RECEBIDO P/ PRODUTOR,1.04
MILHO,EM GRÃOS,4742,REDENÇÃO-PA,1506138,PA,NORTE,2025,10,ATACADO,1.04
MILHO,EM GRÃOS,4742,SANTA ISABEL DO PARÁ-PA,1506500,PA,NORTE,2025,10,ATACADO,1.14
MILHO,EM GRÃOS,4742,SANTA MARIA DAS BARREIRAS-PA,1506583,PA,NORTE,2025,10,PREÇO RECEBIDO P/ PRODUTOR,1.33
MILHO,EM GRÃOS,4742,SANTANA DO ARAGUAIA-PA,1506708,PA,NORTE,2025,10,ATACADO,1.0
MILHO,EM GRÃOS,4742,SANTANA DO ARAGUAIA-PA,1506708,PA,NORTE,2025,10,PREÇO RECEBIDO P/ PRODUTOR,0.97
MILHO,EM GRÃOS,4742,SANTARÉM-PA,1506807,PA,NORTE,2025,10,ATACADO,1.35
MILHO,EM GRÃOS,4742,SANTARÉM-PA,1506807,PA,NORTE,2025,10,PREÇO RECEBIDO P/ PRODUTOR,1.05
MILHO,EM GRÃOS,4742,ARIQUEMES-RO,1100023,RO,NORTE,2025,10,PREÇO RECEBIDO P/ PRODUTOR,1.08
MILHO,EM GRÃOS,4742,CACOAL-RO,1100049,RO,NORTE,2025,10,PREÇO RECEBIDO P/ PRODUTOR,1.12
MILHO,EM GRÃOS,4742,CACOAL-RO,1100049,RO,NORTE,2025,10,ATACADO,1.25
MILHO,EM GRÃOS,4742,COLORADO DO OESTE-RO,1100064,RO,NORTE,2025,10,PREÇO RECEBIDO P/ PRODUTOR,1.09
MILHO,EM GRÃOS,4742,PORTO VELHO-RO,1100205,RO,NORTE,2025,10,ATACADO,1.35
MILHO,EM GRÃOS,4742,ROLIM DE MOURA-RO,1100288,RO,NORTE,2025,10,PREÇO RECEBIDO P/ PRODUTOR,1.06
MILHO,EM GRÃOS,4742,VILHENA-RO,1100304,RO,NORTE,2025,10,PREÇO RECEBIDO P/ PRODUTOR,1.07
MILHO,EM GRÃOS,4742,VILHENA-RO,1100304,RO,NORTE,2025,10,ATACADO,1.15
MILHO,EM GRÃOS,4742,BOA VISTA-RR,1400100,RR,NORTE,2025,10,ATACADO,1.45
MILHO,EM GRÃOS,4742,BOA VISTA-RR,1400100,RR,NORTE,2025,10,PREÇO RECEBIDO P/ PRODUTOR,1.33
MILHO,EM GRÃOS,4742,ARAGUAÍNA-TO,1702109,TO,NORTE,2025,10,ATACADO,1.31
MILHO,EM GRÃOS,4742,CAMPOS LINDOS-TO,1703842,TO,NORTE,2025,10,PREÇO RECEBIDO P/ PRODUTOR,0.91
MILHO,EM GRÃOS,4742,DIANÓPOLIS-TO,1707009,TO,NORTE,2025,10,PREÇO RECEBIDO P/ PRODUTOR,0.91
MILHO,EM GRÃOS,4742,PEDRO AFONSO-TO,1716505,TO,NORTE,2025,10,PREÇO RECEBIDO P/ PRODUTOR,0.91
MILHO,EM GRÃOS,4742,PORTO NACIONAL-TO,1718204,TO,NORTE,2025,10,PREÇO RECEBIDO P/ PRODUTOR,0.91
MILHO,EM GRÃOS,4742,RIO BRANCO-AC,1200401,AC,NORTE,2025,11,ATACADO,1.72
MILHO,EM GRÃOS,4742,RIO BRANCO-AC,1200401,AC,NORTE,2025,11,PREÇO RECEBIDO P/ PRODUTOR,1.63
MILHO,EM GRÃOS,4742,MANAUS-AM,1302603,AM,NORTE,2025,11,ATACADO,1.39
MILHO,EM GRÃOS,4742,ITAUBAL-AP,1600253,AP,NORTE,2025,11,PREÇO RECEBIDO P/ PRODUTOR,1.16
MILHO,EM GRÃOS,4742,MACAPÁ-AP,1600303,AP,NORTE,2025,11,PREÇO RECEBIDO P/ PRODUTOR,1.17
MILHO,EM GRÃOS,4742,MACAPÁ-AP,1600303,AP,NORTE,2025,11,ATACADO,1.49
MILHO,EM GRÃOS,4742,DOM ELISEU-PA,1502939,PA,NORTE,2025,11,ATACADO,1.07
MILHO,EM GRÃOS,4742,DOM ELISEU-PA,1502939,PA,NORTE,2025,11,PREÇO RECEBIDO P/ PRODUTOR,1.04
MILHO,EM GRÃOS,4742,MONTE ALEGRE-PA,1504802,PA,NORTE,2025,11,PREÇO RECEBIDO P/ PRODUTOR,1.5
MILHO,EM GRÃOS,4742,PARAGOMINAS-PA,1505502,PA,NORTE,2025,11,ATACADO,1.07
MILHO,EM GRÃOS,4742,PARAGOMINAS-PA,1505502,PA,NORTE,2025,11,PREÇO RECEBIDO P/ PRODUTOR,1.04
MILHO,EM GRÃOS,4742,REDENÇÃO-PA,1506138,PA,NORTE,2025,11,ATACADO,1.0
MILHO,EM GRÃOS,4742,SANTA ISABEL DO PARÁ-PA,1506500,PA,NORTE,2025,11,ATACADO,1.14
MILHO,EM GRÃOS,4742,SANTA MARIA DAS BARREIRAS-PA,1506583,PA,NORTE,2025,11,PREÇO RECEBIDO P/ PRODUTOR,1.25
MILHO,EM GRÃOS,4742,SANTANA DO ARAGUAIA-PA,1506708,PA,NORTE,2025,11,PREÇO RECEBIDO P/ PRODUTOR,0.97
MILHO,EM GRÃOS,4742,SANTANA DO ARAGUAIA-PA,1506708,PA,NORTE,2025,11,ATACADO,1.0
MILHO,EM GRÃOS,4742,SANTARÉM-PA,1506807,PA,NORTE,2025,11,ATACADO,1.42
MILHO,EM GRÃOS,4742,SANTARÉM-PA,1506807,PA,NORTE,2025,11,PREÇO RECEBIDO P/ PRODUTOR,1.09
MILHO,EM GRÃOS,4742,ARIQUEMES-RO,1100023,RO,NORTE,2025,11,PREÇO RECEBIDO P/ PRODUTOR,1.05
MILHO,EM GRÃOS,4742,CACOAL-RO,1100049,RO,NORTE,2025,11,PREÇO RECEBIDO P/ PRODUTOR,1.08
MILHO,EM GRÃOS,4742,CACOAL-RO,1100049,RO,NORTE,2025,11,ATACADO,1.22
MILHO,EM GRÃOS,4742,COLORADO DO OESTE-RO,1100064,RO,NORTE,2025,11,PREÇO RECEBIDO P/ PRODUTOR,1.14
MILHO,EM GRÃOS,4742,PORTO VELHO-RO,1100205,RO,NORTE,2025,11,ATACADO,1.32
MILHO,EM GRÃOS,4742,ROLIM DE MOURA-RO,1100288,RO,NORTE,2025,11,PREÇO RECEBIDO P/ PRODUTOR,1.04
MILHO,EM GRÃOS,4742,VILHENA-RO,1100304,RO,NORTE,2025,11,PREÇO RECEBIDO P/ PRODUTOR,1.09
MILHO,EM GRÃOS,4742,VILHENA-RO,1100304,RO,NORTE,2025,11,ATACADO,1.12
MILHO,EM GRÃOS,4742,BOA VISTA-RR,1400100,RR,NORTE,2025,11,ATACADO,1.3
MILHO,EM GRÃOS,4742,BOA VISTA-RR,1400100,RR,NORTE,2025,11,PREÇO RECEBIDO P/ PRODUTOR,1.0
MILHO,EM GRÃOS,4742,ARAGUAÍNA-TO,1702109,TO,NORTE,2025,11,ATACADO,1.34
MILHO,EM GRÃOS,4742,CAMPOS LINDOS-TO,1703842,TO,NORTE,2025,11,PREÇO RECEBIDO P/ PRODUTOR,0.93
MILHO,EM GRÃOS,4742,DIANÓPOLIS-TO,1707009,TO,NORTE,2025,11,PREÇO RECEBIDO P/ PRODUTOR,0.93
MILHO,EM GRÃOS,4742,PEDRO AFONSO-TO,1716505,TO,NORTE,2025,11,PREÇO RECEBIDO P/ PRODUTOR,0.93
MILHO,EM GRÃOS,4742,PORTO NACIONAL-TO,1718204,TO,NORTE,2025,11,PREÇO RECEBIDO P/ PRODUTOR,0.93
MILHO,EM GRÃOS,4742,RIO BRANCO-AC,1200401,AC,NORTE,2025,12,ATACADO,1.71
MILHO,EM GRÃOS,4742,RIO BRANCO-AC,1200401,AC,NORTE,2025,12,PREÇO RECEBIDO P/ PRODUTOR,1.69
MILHO,EM GRÃOS,4742,MANAUS-AM,1302603,AM,NORTE,2025,12,ATACADO,1.45
MILHO,EM GRÃOS,4742,ITAUBAL-AP,1600253,AP,NORTE,2025,12,PREÇO RECEBIDO P/ PRODUTOR,1.2
MILHO,EM GRÃOS,4742,MACAPÁ-AP,1600303,AP,NORTE,2025,12,PREÇO RECEBIDO P/ PRODUTOR,1.17
MILHO,EM GRÃOS,4742,MACAPÁ-AP,1600303,AP,NORTE,2025,12,ATACADO,1.52
MILHO,EM GRÃOS,4742,DOM ELISEU-PA,1502939,PA,NORTE,2025,12,PREÇO RECEBIDO P/ PRODUTOR,1.06
MILHO,EM GRÃOS,4742,DOM ELISEU-PA,1502939,PA,NORTE,2025,12,ATACADO,1.1
MILHO,EM GRÃOS,4742,MONTE ALEGRE-PA,1504802,PA,NORTE,2025,12,PREÇO RECEBIDO P/ PRODUTOR,1.67
MILHO,EM GRÃOS,4742,PARAGOMINAS-PA,1505502,PA,NORTE,2025,12,ATACADO,1.1
MILHO,EM GRÃOS,4742,PARAGOMINAS-PA,1505502,PA,NORTE,2025,12,PREÇO RECEBIDO P/ PRODUTOR,1.06
MILHO,EM GRÃOS,4742,REDENÇÃO-PA,1506138,PA,NORTE,2025,12,ATACADO,1.0
MILHO,EM GRÃOS,4742,SANTA ISABEL DO PARÁ-PA,1506500,PA,NORTE,2025,12,ATACADO,1.22
MILHO,EM GRÃOS,4742,SANTA MARIA DAS BARREIRAS-PA,1506583,PA,NORTE,2025,12,PREÇO RECEBIDO P/ PRODUTOR,1.33
MILHO,EM GRÃOS,4742,SANTARÉM-PA,1506807,PA,NORTE,2025,12,ATACADO,1.36
MILHO,EM GRÃOS,4742,SANTARÉM-PA,1506807,PA,NORTE,2025,12,PREÇO RECEBIDO P/ PRODUTOR,1.13
MILHO,EM GRÃOS,4742,ARIQUEMES-RO,1100023,RO,NORTE,2025,12,PREÇO RECEBIDO P/ PRODUTOR,1.07
MILHO,EM GRÃOS,4742,CACOAL-RO,1100049,RO,NORTE,2025,12,PREÇO RECEBIDO P/ PRODUTOR,1.08
MILHO,EM GRÃOS,4742,CACOAL-RO,1100049,RO,NORTE,2025,12,ATACADO,1.22
MILHO,EM GRÃOS,4742,COLORADO DO OESTE-RO,1100064,RO,NORTE,2025,12,PREÇO RECEBIDO P/ PRODUTOR,1.07
MILHO,EM GRÃOS,4742,PORTO VELHO-RO,1100205,RO,NORTE,2025,12,ATACADO,1.32
MILHO,EM GRÃOS,4742,ROLIM DE MOURA-RO,1100288,RO,NORTE,2025,12,PREÇO RECEBIDO P/ PRODUTOR,1.05
MILHO,EM GRÃOS,4742,VILHENA-RO,1100304,RO,NORTE,2025,12,PREÇO RECEBIDO P/ PRODUTOR,1.09
MILHO,EM GRÃOS,4742,VILHENA-RO,1100304,RO,NORTE,2025,12,ATACADO,1.12
MILHO,EM GRÃOS,4742,BOA VISTA-RR,1400100,RR,NORTE,2025,12,PREÇO RECEBIDO P/ PRODUTOR,1.3
MILHO,EM GRÃOS,4742,BOA VISTA-RR,1400100,RR,NORTE,2025,12,ATACADO,1.27
MILHO,EM GRÃOS,4742,ARAGUAÍNA-TO,1702109,TO,NORTE,2025,12,ATACADO,1.39
MILHO,EM GRÃOS,4742,CAMPOS LINDOS-TO,1703842,TO,NORTE,2025,12,PREÇO RECEBIDO P/ PRODUTOR,0.94
MILHO,EM GRÃOS,4742,DIANÓPOLIS-TO,1707009,TO,NORTE,2025,12,PREÇO RECEBIDO P/ PRODUTOR,0.94
MILHO,EM GRÃOS,4742,PEDRO AFONSO-TO,1716505,TO,NORTE,2025,12,PREÇO RECEBIDO P/ PRODUTOR,0.94
MILHO,EM GRÃOS,4742,PORTO NACIONAL-TO,1718204,TO,NORTE,2025,12,PREÇO RECEBIDO P/ PRODUTOR,0.94
MILHO,EM GRÃOS,4742,RIO BRANCO-AC,1200401,AC,NORTE,2026,1,ATACADO,1.77
MILHO,EM GRÃOS,4742,MANAUS-AM,1302603,AM,NORTE,2026,1,ATACADO,1.46
MILHO,EM GRÃOS,4742,MACAPÁ-AP,1600303,AP,NORTE,2026,1,ATACADO,1.53
MILHO,EM GRÃOS,4742,DOM ELISEU-PA,1502939,PA,NORTE,2026,1,ATACADO,1.11
MILHO,EM GRÃOS,4742,PARAGOMINAS-PA,1505502,PA,NORTE,2026,1,ATACADO,1.11
MILHO,EM GRÃOS,4742,REDENÇÃO-PA,1506138,PA,NORTE,2026,1,ATACADO,1.09
MILHO,EM GRÃOS,4742,SANTA ISABEL DO PARÁ-PA,1506500,PA,NORTE,2026,1,ATACADO,1.25
MILHO,EM GRÃOS,4742,SANTARÉM-PA,1506807,PA,NORTE,2026,1,ATACADO,1.35
MILHO,EM GRÃOS,4742,CACOAL-RO,1100049,RO,NORTE,2026,1,ATACADO,1.23
MILHO,EM GRÃOS,4742,PORTO VELHO-RO,1100205,RO,NORTE,2026,1,ATACADO,1.34
MILHO,EM GRÃOS,4742,VILHENA-RO,1100304,RO,NORTE,2026,1,ATACADO,1.12
MILHO,EM GRÃOS,4742,BOA VISTA-RR,1400100,RR,NORTE,2026,1,ATACADO,1.27
MILHO,EM GRÃOS,4742,ARAGUAÍNA-TO,1702109,TO,NORTE,2026,1,ATACADO,1.38
MILHO,EM GRÃOS,4742,RIO BRANCO-AC,1200401,AC,NORTE,2026,2,ATACADO,1.81
MILHO,EM GRÃOS,4742,MANAUS-AM,1302603,AM,NORTE,2026,2,ATACADO,1.47
MILHO,EM GRÃOS,4742,MACAPÁ-AP,1600303,AP,NORTE,2026,2,ATACADO,1.54
MILHO,EM GRÃOS,4742,DOM ELISEU-PA,1502939,PA,NORTE,2026,2,ATACADO,1.05
MILHO,EM GRÃOS,4742,PARAGOMINAS-PA,1505502,PA,NORTE,2026,2,ATACADO,1.05
MILHO,EM GRÃOS,4742,REDENÇÃO-PA,1506138,PA,NORTE,2026,2,ATACADO,1.13
MILHO,EM GRÃOS,4742,SANTA ISABEL DO PARÁ-PA,1506500,PA,NORTE,2026,2,ATACADO,1.28
MILHO,EM GRÃOS,4742,SANTARÉM-PA,1506807,PA,NORTE,2026,2,ATACADO,1.39
MILHO,EM GRÃOS,4742,CACOAL-RO,1100049,RO,NORTE,2026,2,ATACADO,1.25
MILHO,EM GRÃOS,4742,PORTO VELHO-RO,1100205,RO,NORTE,2026,2,ATACADO,1.36
MILHO,EM GRÃOS,4742,VILHENA-RO,1100304,RO,NORTE,2026,2,ATACADO,1.13
MILHO,EM GRÃOS,4742,BOA VISTA-RR,1400100,RR,NORTE,2026,2,ATACADO,1.41
MILHO,EM GRÃOS,4742,ARAGUAÍNA-TO,1702109,TO,NORTE,2026,2,ATACADO,1.37
MILHO,EM GRÃOS,4742,RIO BRANCO-AC,1200401,AC,NORTE,2026,3,ATACADO,1.74
MILHO,EM GRÃOS,4742,MANAUS-AM,1302603,AM,NORTE,2026,3,ATACADO,1.51
MILHO,EM GRÃOS,4742,MACAPÁ-AP,1600303,AP,NORTE,2026,3,ATACADO,1.61
MILHO,EM GRÃOS,4742,DOM ELISEU-PA,1502939,PA,NORTE,2026,3,ATACADO,1.06
MILHO,EM GRÃOS,4742,PARAGOMINAS-PA,1505502,PA,NORTE,2026,3,ATACADO,1.06
MILHO,EM GRÃOS,4742,REDENÇÃO-PA,1506138,PA,NORTE,2026,3,ATACADO,1.16
MILHO,EM GRÃOS,4742,SANTA ISABEL DO PARÁ-PA,1506500,PA,NORTE,2026,3,ATACADO,1.4
MILHO,EM GRÃOS,4742,SANTANA DO ARAGUAIA-PA,1506708,PA,NORTE,2026,3,ATACADO,1.18
MILHO,EM GRÃOS,4742,SANTARÉM-PA,1506807,PA,NORTE,2026,3,ATACADO,1.43
MILHO,EM GRÃOS,4742,CACOAL-RO,1100049,RO,NORTE,2026,3,ATACADO,1.25
MILHO,EM GRÃOS,4742,PORTO VELHO-RO,1100205,RO,NORTE,2026,3,ATACADO,1.37
MILHO,EM GRÃOS,4742,VILHENA-RO,1100304,RO,NORTE,2026,3,ATACADO,1.14
MILHO,EM GRÃOS,4742,BOA VISTA-RR,1400100,RR,NORTE,2026,3,ATACADO,1.41
MILHO,EM GRÃOS,4742,ARAGUAÍNA-TO,1702109,TO,NORTE,2026,3,ATACADO,1.37
MILHO,EM GRÃOS,4742,RIO BRANCO-AC,1200401,AC,NORTE,2026,4,ATACADO,1.71
MILHO,EM GRÃOS,4742,MANAUS-AM,1302603,AM,NORTE,2026,4,ATACADO,1.53
MILHO,EM GRÃOS,4742,MACAPÁ-AP,1600303,AP,NORTE,2026,4,ATACADO,1.76
MILHO,EM GRÃOS,4742,DOM ELISEU-PA,1502939,PA,NORTE,2026,4,ATACADO,1.07
MILHO,EM GRÃOS,4742,PARAGOMINAS-PA,1505502,PA,NORTE,2026,4,ATACADO,1.07
MILHO,EM GRÃOS,4742,REDENÇÃO-PA,1506138,PA,NORTE,2026,4,ATACADO,1.2
MILHO,EM GRÃOS,4742,SANTA ISABEL DO PARÁ-PA,1506500,PA,NORTE,2026,4,ATACADO,1.34
MILHO,EM GRÃOS,4742,SANTANA DO ARAGUAIA-PA,1506708,PA,NORTE,2026,4,ATACADO,1.19
MILHO,EM GRÃOS,4742,SANTARÉM-PA,1506807,PA,NORTE,2026,4,ATACADO,1.44
MILHO,EM GRÃOS,4742,CACOAL-RO,1100049,RO,NORTE,2026,4,ATACADO,1.26
MILHO,EM GRÃOS,4742,PORTO VELHO-RO,1100205,RO,NORTE,2026,4,ATACADO,1.38
MILHO,EM GRÃOS,4742,VILHENA-RO,1100304,RO,NORTE,2026,4,ATACADO,1.14
MILHO,EM GRÃOS,4742,BOA VISTA-RR,1400100,RR,NORTE,2026,4,ATACADO,1.4
MILHO,EM GRÃOS,4742,ARAGUAÍNA-TO,1702109,TO,NORTE,2026,4,ATACADO,1.36
MILHO,EM GRÃOS,4742,RIO BRANCO-AC,1200401,AC,NORTE,2026,5,ATACADO,1.7
MILHO,EM GRÃOS,4742,MANAUS-AM,1302603,AM,NORTE,2026,5,ATACADO,1.53
MILHO,EM GRÃOS,4742,MACAPÁ-AP,1600303,AP,NORTE,2026,5,ATACADO,1.68
MILHO,EM GRÃOS,4742,DOM ELISEU-PA,1502939,PA,NORTE,2026,5,ATACADO,1.08
MILHO,EM GRÃOS,4742,PARAGOMINAS-PA,1505502,PA,NORTE,2026,5,ATACADO,1.08
MILHO,EM GRÃOS,4742,REDENÇÃO-PA,1506138,PA,NORTE,2026,5,ATACADO,1.2
MILHO,EM GRÃOS,4742,SANTA ISABEL DO PARÁ-PA,1506500,PA,NORTE,2026,5,ATACADO,1.2
MILHO,EM GRÃOS,4742,SANTANA DO ARAGUAIA-PA,1506708,PA,NORTE,2026,5,ATACADO,1.2
MILHO,EM GRÃOS,4742,SANTARÉM-PA,1506807,PA,NORTE,2026,5,ATACADO,1.45
MILHO,EM GRÃOS,4742,CACOAL-RO,1100049,RO,NORTE,2026,5,ATACADO,1.15
MILHO,EM GRÃOS,4742,PORTO VELHO-RO,1100205,RO,NORTE,2026,5,ATACADO,1.27
MILHO,EM GRÃOS,4742,VILHENA-RO,1100304,RO,NORTE,2026,5,ATACADO,1.03
MILHO,EM GRÃOS,4742,BOA VISTA-RR,1400100,RR,NORTE,2026,5,ATACADO,1.4
MILHO,EM GRÃOS,4742,ARAGUAÍNA-TO,1702109,TO,NORTE,2026,5,ATACADO,1.34
MILHO,EM GRÃOS,4742,RIO BRANCO-AC,1200401,AC,NORTE,2026,6,ATACADO,1.42
MILHO,EM GRÃOS,4742,MANAUS-AM,1302603,AM,NORTE,2026,6,ATACADO,1.58
MILHO,EM GRÃOS,4742,MACAPÁ-AP,1600303,AP,NORTE,2026,6,ATACADO,1.58
MILHO,EM GRÃOS,4742,DOM ELISEU-PA,1502939,PA,NORTE,2026,6,ATACADO,1.0
MILHO,EM GRÃOS,4742,PARAGOMINAS-PA,1505502,PA,NORTE,2026,6,ATACADO,1.0
MILHO,EM GRÃOS,4742,REDENÇÃO-PA,1506138,PA,NORTE,2026,6,ATACADO,1.11
MILHO,EM GRÃOS,4742,SANTA ISABEL DO PARÁ-PA,1506500,PA,NORTE,2026,6,ATACADO,1.1
MILHO,EM GRÃOS,4742,SANTANA DO ARAGUAIA-PA,1506708,PA,NORTE,2026,6,ATACADO,1.13
MILHO,EM GRÃOS,4742,SANTARÉM-PA,1506807,PA,NORTE,2026,6,ATACADO,1.43
MILHO,EM GRÃOS,4742,CACOAL-RO,1100049,RO,NORTE,2026,6,ATACADO,1.1
MILHO,EM GRÃOS,4742,PORTO VELHO-RO,1100205,RO,NORTE,2026,6,ATACADO,1.22
MILHO,EM GRÃOS,4742,VILHENA-RO,1100304,RO,NORTE,2026,6,ATACADO,0.98
MILHO,EM GRÃOS,4742,BOA VISTA-RR,1400100,RR,NORTE,2026,6,ATACADO,1.4
MILHO,EM GRÃOS,4742,ARAGUAÍNA-TO,1702109,TO,NORTE,2026,6,ATACADO,1.28
MILHO,EM GRÃOS,4742,RIO BRANCO-AC,1200401,AC,NORTE,2026,7,ATACADO,1.29
MILHO,EM GRÃOS,4742,MANAUS-AM,1302603,AM,NORTE,2026,7,ATACADO,1.62
MILHO,EM GRÃOS,4742,MACAPÁ-AP,1600303,AP,NORTE,2026,7,ATACADO,1.5
MILHO,EM GRÃOS,4742,DOM ELISEU-PA,1502939,PA,NORTE,2026,7,ATACADO,0.94
MILHO,EM GRÃOS,4742,PARAGOMINAS-PA,1505502,PA,NORTE,2026,7,ATACADO,0.94
MILHO,EM GRÃOS,4742,REDENÇÃO-PA,1506138,PA,NORTE,2026,7,ATACADO,0.98
MILHO,EM GRÃOS,4742,SANTA ISABEL DO PARÁ-PA,1506500,PA,NORTE,2026,7,ATACADO,1.05
MILHO,EM GRÃOS,4742,SANTANA DO ARAGUAIA-PA,1506708,PA,NORTE,2026,7,ATACADO,0.98
MILHO,EM GRÃOS,4742,SANTARÉM-PA,1506807,PA,NORTE,2026,7,ATACADO,1.27
MILHO,EM GRÃOS,4742,CACOAL-RO,1100049,RO,NORTE,2026,7,ATACADO,1.07
MILHO,EM GRÃOS,4742,PORTO VELHO-RO,1100205,RO,NORTE,2026,7,ATACADO,1.19
MILHO,EM GRÃOS,4742,VILHENA-RO,1100304,RO,NORTE,2026,7,ATACADO,0.95
MILHO,EM GRÃOS,4742,BOA VISTA-RR,1400100,RR,NORTE,2026,7,ATACADO,1.33
MILHO,EM GRÃOS,4742,ARAGUAÍNA-TO,1702109,TO,NORTE,2026,7,ATACADO,1.21
MILHO,EM GRÃOS,4742,RIO BRANCO-AC,1200401,AC,NORTE,2026,8,ATACADO,1.26
MILHO,EM GRÃOS,4742,MANAUS-AM,1302603,AM,NORTE,2026,8,ATACADO,1.64
MILHO,EM GRÃOS,4742,MACAPÁ-AP,1600303,AP,NORTE,2026,8,ATACADO,1.5
MILHO,EM GRÃOS,4742,DOM ELISEU-PA,1502939,PA,NORTE,2026,8,ATACADO,1.02
MILHO,EM GRÃOS,4742,PARAGOMINAS-PA,1505502,PA,NORTE,2026,8,ATACADO,1.02
MILHO,EM GRÃOS,4742,REDENÇÃO-PA,1506138,PA,NORTE,2026,8,ATACADO,0.93
MILHO,EM GRÃOS,4742,SANTA ISABEL DO PARÁ-PA,1506500,PA,NORTE,2026,8,ATACADO,1.1
MILHO,EM GRÃOS,4742,SANTANA DO ARAGUAIA-PA,1506708,PA,NORTE,2026,8,ATACADO,0.95
MILHO,EM GRÃOS,4742,CACOAL-RO,1100049,RO,NORTE,2026,8,ATACADO,1.1
MILHO,EM GRÃOS,4742,PORTO VELHO-RO,1100205,RO,NORTE,2026,8,ATACADO,1.22
MILHO,EM GRÃOS,4742,VILHENA-RO,1100304,RO,NORTE,2026,8,ATACADO,0.98
MILHO,EM GRÃOS,4742,BOA VISTA-RR,1400100,RR,NORTE,2026,8,ATACADO,1.29
MILHO,EM GRÃOS,4742,ARAGUAÍNA-TO,1702109,TO,NORTE,2026,8,ATACADO,1.22
MOTOBOMBA,MOTOR ELÉTRICO 3,12952,MACHADINHO D'OESTE-RO,1100130,RO,NORTE,2025,10,PREÇO PAGO PELO PRODUTOR,3495.0
MOTOBOMBA,8 ELÉTRICO,12900,NOVA BRASILÂNDIA D'OESTE-RO,1100148,RO,NORTE,2025,10,PREÇO PAGO PELO PRODUTOR,10983.33
MOTOBOMBA,MOTOR ELÉTRICO 200 B,14042,LAGOA DA CONFUSÃO-TO,1711902,TO,NORTE,2025,11,PREÇO PAGO PELO PRODUTOR,22500.0
MOTOCICLETA,15 HONDA,14375,BOCA DO ACRE-AM,1300706,AM,NORTE,2026,7,PREÇO PAGO PELO PRODUTOR,27000.0
MOTOR ESTACIONARIO,5 RABETA,13908,MANACAPURU-AM,1302504,AM,NORTE,2026,3,PREÇO PAGO PELO PRODUTOR,3000.0
MOTOR ESTACIONARIO,7 RABETA,12418,IGARAPÉ-MIRI-PA,1503309,PA,NORTE,2026,5,PREÇO PAGO PELO PRODUTOR,1700.0
MOTOR ESTACIONARIO,9 RABETA,14944,SENA MADUREIRA-AC,1200500,AC,NORTE,2026,7,PREÇO PAGO PELO PRODUTOR,5780.0
MOTOR ESTACIONARIO,7 RABETA,12418,BOCA DO ACRE-AM,1300706,AM,NORTE,2026,7,PREÇO PAGO PELO PRODUTOR,6200.0
MOTOR ESTACIONARIO,5 RABETA,13908,BOCA DO ACRE-AM,1300706,AM,NORTE,2026,7,PREÇO PAGO PELO PRODUTOR,4500.0
MOTOR ESTACIONARIO,7 RABETA,12418,CARAUARI-AM,1301001,AM,NORTE,2026,7,PREÇO PAGO PELO PRODUTOR,2800.0
MOTOR ESTACIONARIO,6 RABETA,15323,COARI-AM,1301209,AM,NORTE,2026,7,PREÇO PAGO PELO PRODUTOR,3750.0
MOTOR ESTACIONARIO,13 RABETA,13069,ALTAMIRA-PA,1500602,PA,NORTE,2026,7,PREÇO PAGO PELO PRODUTOR,4347.0
MOTOR ESTACIONARIO,5 RABETA KAWASHIMA,14987,COLARES-PA,1502608,PA,NORTE,2026,7,PREÇO PAGO PELO PRODUTOR,2075.0
MOTOR ESTACIONARIO,15 RABETA KAWASAKI,14090,CURRALINHO-PA,1502806,PA,NORTE,2026,7,PREÇO PAGO PELO PRODUTOR,2200.0
MOTOR ESTACIONARIO,7 RABETA,12418,IGARAPÉ-MIRI-PA,1503309,PA,NORTE,2026,7,PREÇO PAGO PELO PRODUTOR,1700.0
MOTOR ESTACIONARIO,7 RABETA KAWASAKI,14099,LIMOEIRO DO AJURU-PA,1504000,PA,NORTE,2026,7,PREÇO PAGO PELO PRODUTOR,900.0
MOTOR ESTACIONARIO,8 TOYAMA,14965,ORIXIMINÁ-PA,1505304,PA,NORTE,2026,7,PREÇO PAGO PELO PRODUTOR,1950.0
MOTOSERRA,STIHL MS 382,14913,BOCA DO ACRE-AM,1300706,AM,NORTE,2026,7,PREÇO PAGO PELO PRODUTOR,5000.0
MUDA DE ACAI,NÃO INFORMADO,10289,IGARAPÉ-MIRI-PA,1503309,PA,NORTE,2025,9,PREÇO PAGO PELO PRODUTOR,12.0
MUDA DE CACAU,HÍBRIDO CEPLAC,12897,MEDICILÂNDIA-PA,1504455,PA,NORTE,2026,3,PREÇO PAGO PELO PRODUTOR,4.0
MUDA DE CAFE CONILLON,CLONAL,11293,MACHADINHO D'OESTE-RO,1100130,RO,NORTE,2025,10,PREÇO PAGO PELO PRODUTOR,2.0
MUDA DE CAFE CONILLON,CLONAL,11293,NOVA BRASILÂNDIA D'OESTE-RO,1100148,RO,NORTE,2025,10,PREÇO PAGO PELO PRODUTOR,1.75
MURUMURU,FRUTO,11587,RODRIGUES ALVES-AC,1200427,AC,NORTE,2025,9,PREÇO RECEBIDO P/ PRODUTOR,0.91
MURUMURU,FRUTO,11587,LÁBREA-AM,1302405,AM,NORTE,2025,9,PREÇO RECEBIDO P/ PRODUTOR,1.35
MURUMURU,FRUTO,11587,COLARES-PA,1502608,PA,NORTE,2025,9,PREÇO RECEBIDO P/ PRODUTOR,1.2
MURUMURU,FRUTO,11587,RODRIGUES ALVES-AC,1200427,AC,NORTE,2025,10,PREÇO RECEBIDO P/ PRODUTOR,0.91
MURUMURU,FRUTO,11587,LÁBREA-AM,1302405,AM,NORTE,2025,10,PREÇO RECEBIDO P/ PRODUTOR,1.4
MURUMURU,FRUTO,11587,COLARES-PA,1502608,PA,NORTE,2025,10,PREÇO RECEBIDO P/ PRODUTOR,1.1
MURUMURU,FRUTO,11587,RODRIGUES ALVES-AC,1200427,AC,NORTE,2025,11,PREÇO RECEBIDO P/ PRODUTOR,0.95
MURUMURU,FRUTO,11587,LÁBREA-AM,1302405,AM,NORTE,2025,11,PREÇO RECEBIDO P/ PRODUTOR,1.5
MURUMURU,FRUTO,11587,COLARES-PA,1502608,PA,NORTE,2025,11,PREÇO RECEBIDO P/ PRODUTOR,1.18
MURUMURU,FRUTO,11587,RODRIGUES ALVES-AC,1200427,AC,NORTE,2025,12,PREÇO RECEBIDO P/ PRODUTOR,0.92
MURUMURU,FRUTO,11587,LÁBREA-AM,1302405,AM,NORTE,2025,12,PREÇO RECEBIDO P/ PRODUTOR,1.53
MURUMURU,FRUTO,11587,COLARES-PA,1502608,PA,NORTE,2025,12,PREÇO RECEBIDO P/ PRODUTOR,1.2
NATIVO,NÃO INFORMADO,7358,LAGOA DA CONFUSÃO-TO,1711902,TO,NORTE,2025,11,PREÇO PAGO PELO PRODUTOR,99.5
NATIVO,200 G/l + 100 G/l TE,7359,PEDRO AFONSO-TO,1716505,TO,NORTE,2025,11,PREÇO PAGO PELO PRODUTOR,110.0
NATIVO,200 G/l + 100 G/l TE,7359,PEDRO AFONSO-TO,1716505,TO,NORTE,2026,3,PREÇO PAGO PELO PRODUTOR,111.3
NIMBUS,NÃO INFORMADO,7310,LAGOA DA CONFUSÃO-TO,1711902,TO,NORTE,2025,11,PREÇO PAGO PELO PRODUTOR,22.74
NITRATO DE CALCIO,NÃO INFORMADO,4554,NOVA BRASILÂNDIA D'OESTE-RO,1100148,RO,NORTE,2025,10,PREÇO PAGO PELO PRODUTOR,4.86
NITRATO DE POTASSIO,NÃO INFORMADO,4555,FLORESTA DO ARAGUAIA-PA,1503044,PA,NORTE,2026,3,PREÇO PAGO PELO PRODUTOR,13.0
NOMOLT,150.0 150 G/L TEFLUB,7242,LAGOA DA CONFUSÃO-TO,1711902,TO,NORTE,2026,2,PREÇO PAGO PELO PRODUTOR,183.0
NOMOLT,150.0 150 G/L TEFLUB,7242,LAGOA DA CONFUSÃO-TO,1711902,TO,NORTE,2026,3,PREÇO PAGO PELO PRODUTOR,183.0
OCULOS,NÃO INFORMADO,8764,MANICORÉ-AM,1302702,AM,NORTE,2026,7,PREÇO PAGO PELO PRODUTOR,12.0
OLEO DE COPAIBA,NÃO INFORMADO,7565,APUÍ-AM,1300144,AM,NORTE,2025,9,PREÇO RECEBIDO P/ PRODUTOR,42.0
OLEO DE COPAIBA,NÃO INFORMADO,7565,APUÍ-AM,1300144,AM,NORTE,2025,10,PREÇO RECEBIDO P/ PRODUTOR,40.0
OLEO DE MURUMURU,NÃO INFORMADO,11586,RODRIGUES ALVES-AC,1200427,AC,NORTE,2025,9,PREÇO RECEBIDO P/ PRODUTOR,50.0
OLEO DE MURUMURU,NÃO INFORMADO,11586,LÁBREA-AM,1302405,AM,NORTE,2025,9,PREÇO RECEBIDO P/ PRODUTOR,57.5
OLEO DE MURUMURU,NÃO INFORMADO,11586,RODRIGUES ALVES-AC,1200427,AC,NORTE,2025,10,PREÇO RECEBIDO P/ PRODUTOR,50.0
OLEO DE MURUMURU,NÃO INFORMADO,11586,LÁBREA-AM,1302405,AM,NORTE,2025,10,PREÇO RECEBIDO P/ PRODUTOR,60.0
OLEO DE MURUMURU,NÃO INFORMADO,11586,RODRIGUES ALVES-AC,1200427,AC,NORTE,2025,11,PREÇO RECEBIDO P/ PRODUTOR,50.0
OLEO DE MURUMURU,NÃO INFORMADO,11586,LÁBREA-AM,1302405,AM,NORTE,2025,11,PREÇO RECEBIDO P/ PRODUTOR,60.0
OLEO DE MURUMURU,NÃO INFORMADO,11586,RODRIGUES ALVES-AC,1200427,AC,NORTE,2025,12,PREÇO RECEBIDO P/ PRODUTOR,50.0
OLEO DE MURUMURU,NÃO INFORMADO,11586,LÁBREA-AM,1302405,AM,NORTE,2025,12,PREÇO RECEBIDO P/ PRODUTOR,63.33
OLEO DE SOJA,REFINADO,11871,RIO BRANCO-AC,1200401,AC,NORTE,2025,9,ATACADO,9.02
OLEO DE SOJA,REFINADO,11871,RIO BRANCO-AC,1200401,AC,NORTE,2025,9,VAREJO,9.68
OLEO DE SOJA,REFINADO,11871,MANAUS-AM,1302603,AM,NORTE,2025,9,ATACADO,9.44
OLEO DE SOJA,REFINADO,11871,MANAUS-AM,1302603,AM,NORTE,2025,9,VAREJO,9.7
OLEO DE SOJA,REFINADO,11871,MACAPÁ-AP,1600303,AP,NORTE,2025,9,VAREJO,8.94
OLEO DE SOJA,REFINADO,11871,MACAPÁ-AP,1600303,AP,NORTE,2025,9,ATACADO,8.9
OLEO DE SOJA,REFINADO,11871,BELÉM-PA,1501402,PA,NORTE,2025,9,ATACADO,9.29
OLEO DE SOJA,REFINADO,11871,BELÉM-PA,1501402,PA,NORTE,2025,9,VAREJO,9.69
OLEO DE SOJA,REFINADO,11871,PORTO VELHO-RO,1100205,RO,NORTE,2025,9,VAREJO,9.27
OLEO DE SOJA,REFINADO,11871,PORTO VELHO-RO,1100205,RO,NORTE,2025,9,ATACADO,8.69
OLEO DE SOJA,REFINADO,11871,BOA VISTA-RR,1400100,RR,NORTE,2025,9,ATACADO,8.54
OLEO DE SOJA,REFINADO,11871,BOA VISTA-RR,1400100,RR,NORTE,2025,9,VAREJO,9.43
OLEO DE SOJA,REFINADO,11871,PALMAS-TO,1721000,TO,NORTE,2025,9,VAREJO,10.07
OLEO DE SOJA,REFINADO,11871,PALMAS-TO,1721000,TO,NORTE,2025,9,ATACADO,9.28
OLEO DE SOJA,REFINADO,11871,RIO BRANCO-AC,1200401,AC,NORTE,2025,10,ATACADO,9.62
OLEO DE SOJA,REFINADO,11871,RIO BRANCO-AC,1200401,AC,NORTE,2025,10,VAREJO,10.09
OLEO DE SOJA,REFINADO,11871,MANAUS-AM,1302603,AM,NORTE,2025,10,ATACADO,10.27
OLEO DE SOJA,REFINADO,11871,MANAUS-AM,1302603,AM,NORTE,2025,10,VAREJO,10.12
OLEO DE SOJA,REFINADO,11871,MACAPÁ-AP,1600303,AP,NORTE,2025,10,VAREJO,9.08
OLEO DE SOJA,REFINADO,11871,MACAPÁ-AP,1600303,AP,NORTE,2025,10,ATACADO,9.29
OLEO DE SOJA,REFINADO,11871,BELÉM-PA,1501402,PA,NORTE,2025,10,ATACADO,9.85
OLEO DE SOJA,REFINADO,11871,BELÉM-PA,1501402,PA,NORTE,2025,10,VAREJO,10.36
OLEO DE SOJA,REFINADO,11871,PORTO VELHO-RO,1100205,RO,NORTE,2025,10,VAREJO,9.71
OLEO DE SOJA,REFINADO,11871,PORTO VELHO-RO,1100205,RO,NORTE,2025,10,ATACADO,8.69
OLEO DE SOJA,REFINADO,11871,BOA VISTA-RR,1400100,RR,NORTE,2025,10,ATACADO,8.1
OLEO DE SOJA,REFINADO,11871,BOA VISTA-RR,1400100,RR,NORTE,2025,10,VAREJO,9.8
OLEO DE SOJA,REFINADO,11871,PALMAS-TO,1721000,TO,NORTE,2025,10,VAREJO,10.49
OLEO DE SOJA,REFINADO,11871,PALMAS-TO,1721000,TO,NORTE,2025,10,ATACADO,9.04
OLEO DE SOJA,REFINADO,11871,RIO BRANCO-AC,1200401,AC,NORTE,2025,11,ATACADO,9.62
OLEO DE SOJA,REFINADO,11871,RIO BRANCO-AC,1200401,AC,NORTE,2025,11,VAREJO,10.76
OLEO DE SOJA,REFINADO,11871,MANAUS-AM,1302603,AM,NORTE,2025,11,ATACADO,10.13
OLEO DE SOJA,REFINADO,11871,MANAUS-AM,1302603,AM,NORTE,2025,11,VAREJO,10.47
OLEO DE SOJA,REFINADO,11871,MACAPÁ-AP,1600303,AP,NORTE,2025,11,VAREJO,10.92
OLEO DE SOJA,REFINADO,11871,MACAPÁ-AP,1600303,AP,NORTE,2025,11,ATACADO,9.1
OLEO DE SOJA,REFINADO,11871,BELÉM-PA,1501402,PA,NORTE,2025,11,ATACADO,10.06
OLEO DE SOJA,REFINADO,11871,BELÉM-PA,1501402,PA,NORTE,2025,11,VAREJO,10.67
OLEO DE SOJA,REFINADO,11871,PORTO VELHO-RO,1100205,RO,NORTE,2025,11,VAREJO,10.13
OLEO DE SOJA,REFINADO,11871,PORTO VELHO-RO,1100205,RO,NORTE,2025,11,ATACADO,9.69
OLEO DE SOJA,REFINADO,11871,BOA VISTA-RR,1400100,RR,NORTE,2025,11,ATACADO,7.99
OLEO DE SOJA,REFINADO,11871,BOA VISTA-RR,1400100,RR,NORTE,2025,11,VAREJO,9.93
OLEO DE SOJA,REFINADO,11871,PALMAS-TO,1721000,TO,NORTE,2025,11,VAREJO,10.49
OLEO DE SOJA,REFINADO,11871,PALMAS-TO,1721000,TO,NORTE,2025,11,ATACADO,8.74
OLEO DE SOJA,REFINADO,11871,RIO BRANCO-AC,1200401,AC,NORTE,2025,12,ATACADO,10.27
OLEO DE SOJA,REFINADO,11871,RIO BRANCO-AC,1200401,AC,NORTE,2025,12,VAREJO,10.79
OLEO DE SOJA,REFINADO,11871,MANAUS-AM,1302603,AM,NORTE,2025,12,ATACADO,10.64
OLEO DE SOJA,REFINADO,11871,MANAUS-AM,1302603,AM,NORTE,2025,12,VAREJO,10.3
OLEO DE SOJA,REFINADO,11871,MACAPÁ-AP,1600303,AP,NORTE,2025,12,VAREJO,10.87
OLEO DE SOJA,REFINADO,11871,MACAPÁ-AP,1600303,AP,NORTE,2025,12,ATACADO,9.33
OLEO DE SOJA,REFINADO,11871,BELÉM-PA,1501402,PA,NORTE,2025,12,ATACADO,10.02
OLEO DE SOJA,REFINADO,11871,BELÉM-PA,1501402,PA,NORTE,2025,12,VAREJO,11.04
OLEO DE SOJA,REFINADO,11871,PORTO VELHO-RO,1100205,RO,NORTE,2025,12,VAREJO,9.86
OLEO DE SOJA,REFINADO,11871,PORTO VELHO-RO,1100205,RO,NORTE,2025,12,ATACADO,8.92
OLEO DE SOJA,REFINADO,11871,BOA VISTA-RR,1400100,RR,NORTE,2025,12,ATACADO,8.06
OLEO DE SOJA,REFINADO,11871,BOA VISTA-RR,1400100,RR,NORTE,2025,12,VAREJO,9.9
OLEO DE SOJA,REFINADO,11871,PALMAS-TO,1721000,TO,NORTE,2025,12,VAREJO,10.53
OLEO DE SOJA,REFINADO,11871,PALMAS-TO,1721000,TO,NORTE,2025,12,ATACADO,8.66
OLEO DE SOJA,REFINADO,11871,RIO BRANCO-AC,1200401,AC,NORTE,2026,1,VAREJO,10.12
OLEO DE SOJA,REFINADO,11871,MANAUS-AM,1302603,AM,NORTE,2026,1,VAREJO,9.69
OLEO DE SOJA,REFINADO,11871,MACAPÁ-AP,1600303,AP,NORTE,2026,1,VAREJO,10.14
OLEO DE SOJA,REFINADO,11871,BELÉM-PA,1501402,PA,NORTE,2026,1,VAREJO,10.67
OLEO DE SOJA,REFINADO,11871,PORTO VELHO-RO,1100205,RO,NORTE,2026,1,VAREJO,9.27
OLEO DE SOJA,REFINADO,11871,BOA VISTA-RR,1400100,RR,NORTE,2026,1,VAREJO,9.78
OLEO DE SOJA,REFINADO,11871,PALMAS-TO,1721000,TO,NORTE,2026,1,VAREJO,10.53
OLEO DE SOJA,REFINADO,11871,RIO BRANCO-AC,1200401,AC,NORTE,2026,2,VAREJO,9.59
OLEO DE SOJA,REFINADO,11871,MANAUS-AM,1302603,AM,NORTE,2026,2,VAREJO,9.28
OLEO DE SOJA,REFINADO,11871,MACAPÁ-AP,1600303,AP,NORTE,2026,2,VAREJO,10.07
OLEO DE SOJA,REFINADO,11871,BELÉM-PA,1501402,PA,NORTE,2026,2,VAREJO,9.96
OLEO DE SOJA,REFINADO,11871,PORTO VELHO-RO,1100205,RO,NORTE,2026,2,VAREJO,8.89
OLEO DE SOJA,REFINADO,11871,BOA VISTA-RR,1400100,RR,NORTE,2026,2,VAREJO,9.09
OLEO DE SOJA,REFINADO,11871,PALMAS-TO,1721000,TO,NORTE,2026,2,VAREJO,10.41
OLEO DE SOJA,REFINADO,11871,RIO BRANCO-AC,1200401,AC,NORTE,2026,3,VAREJO,9.32
OLEO DE SOJA,REFINADO,11871,MANAUS-AM,1302603,AM,NORTE,2026,3,VAREJO,9.19
OLEO DE SOJA,REFINADO,11871,MACAPÁ-AP,1600303,AP,NORTE,2026,3,VAREJO,10.11
OLEO DE SOJA,REFINADO,11871,BELÉM-PA,1501402,PA,NORTE,2026,3,VAREJO,9.78
OLEO DE SOJA,REFINADO,11871,PORTO VELHO-RO,1100205,RO,NORTE,2026,3,VAREJO,8.93
OLEO DE SOJA,REFINADO,11871,BOA VISTA-RR,1400100,RR,NORTE,2026,3,VAREJO,9.17
OLEO DE SOJA,REFINADO,11871,PALMAS-TO,1721000,TO,NORTE,2026,3,VAREJO,10.41
OLEO DE SOJA,REFINADO,11871,RIO BRANCO-AC,1200401,AC,NORTE,2026,4,VAREJO,9.34
OLEO DE SOJA,REFINADO,11871,MANAUS-AM,1302603,AM,NORTE,2026,4,VAREJO,8.92
OLEO DE SOJA,REFINADO,11871,MACAPÁ-AP,1600303,AP,NORTE,2026,4,VAREJO,9.74
OLEO DE SOJA,REFINADO,11871,BELÉM-PA,1501402,PA,NORTE,2026,4,VAREJO,9.73
OLEO DE SOJA,REFINADO,11871,PORTO VELHO-RO,1100205,RO,NORTE,2026,4,VAREJO,9.03
OLEO DE SOJA,REFINADO,11871,BOA VISTA-RR,1400100,RR,NORTE,2026,4,VAREJO,8.82
OLEO DE SOJA,REFINADO,11871,PALMAS-TO,1721000,TO,NORTE,2026,4,VAREJO,10.0
OLEO DE SOJA,REFINADO,11871,RIO BRANCO-AC,1200401,AC,NORTE,2026,5,VAREJO,9.16
OLEO DE SOJA,REFINADO,11871,MANAUS-AM,1302603,AM,NORTE,2026,5,VAREJO,8.5
OLEO DE SOJA,REFINADO,11871,MACAPÁ-AP,1600303,AP,NORTE,2026,5,VAREJO,8.98
OLEO DE SOJA,REFINADO,11871,BELÉM-PA,1501402,PA,NORTE,2026,5,VAREJO,9.66
OLEO DE SOJA,REFINADO,11871,PORTO VELHO-RO,1100205,RO,NORTE,2026,5,VAREJO,8.69
OLEO DE SOJA,REFINADO,11871,BOA VISTA-RR,1400100,RR,NORTE,2026,5,VAREJO,8.78
OLEO DE SOJA,REFINADO,11871,PALMAS-TO,1721000,TO,NORTE,2026,5,VAREJO,9.98
OLEO DIESEL,NÃO INFORMADO,4422,IGARAPÉ-MIRI-PA,1503309,PA,NORTE,2025,9,PREÇO PAGO PELO PRODUTOR,7.39
OLEO DIESEL,NÃO INFORMADO,4422,ÓBIDOS-PA,1505106,PA,NORTE,2025,9,PREÇO PAGO PELO PRODUTOR,7.79
OLEO DIESEL,NÃO INFORMADO,4422,TUCUMÃ-PA,1508084,PA,NORTE,2025,9,PREÇO PAGO PELO PRODUTOR,7.8
OLEO DIESEL,NÃO INFORMADO,4422,MACHADINHO D'OESTE-RO,1100130,RO,NORTE,2025,10,PREÇO PAGO PELO PRODUTOR,6.95
OLEO DIESEL,NÃO INFORMADO,4422,NOVA BRASILÂNDIA D'OESTE-RO,1100148,RO,NORTE,2025,10,PREÇO PAGO PELO PRODUTOR,6.72
OLEO DIESEL,NÃO INFORMADO,4422,LAGOA DA CONFUSÃO-TO,1711902,TO,NORTE,2025,11,PREÇO PAGO PELO PRODUTOR,6.25
OLEO DIESEL,NÃO INFORMADO,4422,PEDRO AFONSO-TO,1716505,TO,NORTE,2025,11,PREÇO PAGO PELO PRODUTOR,6.25
OLEO DIESEL,NÃO INFORMADO,4422,LAGOA DA CONFUSÃO-TO,1711902,TO,NORTE,2026,2,PREÇO PAGO PELO PRODUTOR,6.25
OLEO DIESEL,NÃO INFORMADO,4422,MANACAPURU-AM,1302504,AM,NORTE,2026,3,PREÇO PAGO PELO PRODUTOR,7.59
OLEO DIESEL,NÃO INFORMADO,4422,FLORESTA DO ARAGUAIA-PA,1503044,PA,NORTE,2026,3,PREÇO PAGO PELO PRODUTOR,7.99
OLEO DIESEL,NÃO INFORMADO,4422,MEDICILÂNDIA-PA,1504455,PA,NORTE,2026,3,PREÇO PAGO PELO PRODUTOR,7.79
OLEO DIESEL,NÃO INFORMADO,4422,ÓBIDOS-PA,1505106,PA,NORTE,2026,3,PREÇO PAGO PELO PRODUTOR,8.29
OLEO DIESEL,NÃO INFORMADO,4422,LAGOA DA CONFUSÃO-TO,1711902,TO,NORTE,2026,3,PREÇO PAGO PELO PRODUTOR,6.25
OLEO DIESEL,NÃO INFORMADO,4422,PEDRO AFONSO-TO,1716505,TO,NORTE,2026,3,PREÇO PAGO PELO PRODUTOR,7.49
OLEO DIESEL,NÃO INFORMADO,4422,IGARAPÉ-MIRI-PA,1503309,PA,NORTE,2026,5,PREÇO PAGO PELO PRODUTOR,7.39
OLEO DIESEL,NÃO INFORMADO,4422,SENA MADUREIRA-AC,1200500,AC,NORTE,2026,7,PREÇO PAGO PELO PRODUTOR,7.74
OLEO DIESEL,NÃO INFORMADO,4422,XAPURI-AC,1200708,AC,NORTE,2026,7,PREÇO PAGO PELO PRODUTOR,7.79
OLEO DIESEL,NÃO INFORMADO,4422,BARCELOS-AM,1300409,AM,NORTE,2026,7,PREÇO PAGO PELO PRODUTOR,11.0
OLEO DIESEL,NÃO INFORMADO,4422,BOCA DO ACRE-AM,1300706,AM,NORTE,2026,7,PREÇO PAGO PELO PRODUTOR,8.09
OLEO DIESEL,NÃO INFORMADO,4422,CARAUARI-AM,1301001,AM,NORTE,2026,7,PREÇO PAGO PELO PRODUTOR,8.6
OLEO DIESEL,NÃO INFORMADO,4422,COARI-AM,1301209,AM,NORTE,2026,7,PREÇO PAGO PELO PRODUTOR,9.1
OLEO DIESEL,NÃO INFORMADO,4422,CODAJÁS-AM,1301308,AM,NORTE,2026,7,PREÇO PAGO PELO PRODUTOR,7.2
OLEO DIESEL,NÃO INFORMADO,4422,LÁBREA-AM,1302405,AM,NORTE,2026,7,PREÇO PAGO PELO PRODUTOR,8.8
OLEO DIESEL,NÃO INFORMADO,4422,MANICORÉ-AM,1302702,AM,NORTE,2026,7,PREÇO PAGO PELO PRODUTOR,10.0
OLEO DIESEL,NÃO INFORMADO,4422,ALTAMIRA-PA,1500602,PA,NORTE,2026,7,PREÇO PAGO PELO PRODUTOR,8.29
OLEO DIESEL,NÃO INFORMADO,4422,BELTERRA-PA,1501451,PA,NORTE,2026,7,PREÇO PAGO PELO PRODUTOR,7.44
OLEO DIESEL,NÃO INFORMADO,4422,COLARES-PA,1502608,PA,NORTE,2026,7,PREÇO PAGO PELO PRODUTOR,6.9
OLEO DIESEL,NÃO INFORMADO,4422,CURRALINHO-PA,1502806,PA,NORTE,2026,7,PREÇO PAGO PELO PRODUTOR,7.3
OLEO DIESEL,NÃO INFORMADO,4422,IGARAPÉ-MIRI-PA,1503309,PA,NORTE,2026,7,PREÇO PAGO PELO PRODUTOR,7.18
OLEO DIESEL,NÃO INFORMADO,4422,LIMOEIRO DO AJURU-PA,1504000,PA,NORTE,2026,7,PREÇO PAGO PELO PRODUTOR,8.0
OLEO DIESEL,NÃO INFORMADO,4422,ORIXIMINÁ-PA,1505304,PA,NORTE,2026,7,PREÇO PAGO PELO PRODUTOR,8.29
OLEO LUBRIFICANTE,2 TEMPOS,11673,NOVA BRASILÂNDIA D'OESTE-RO,1100148,RO,NORTE,2025,10,PREÇO PAGO PELO PRODUTOR,41.5
OLEO LUBRIFICANTE,4 TEMPOS MOBIL,14098,BARCELOS-AM,1300409,AM,NORTE,2026,7,PREÇO PAGO PELO PRODUTOR,52.0
OLEO LUBRIFICANTE,2 TEMPOS,11673,BOCA DO ACRE-AM,1300706,AM,NORTE,2026,7,PREÇO PAGO PELO PRODUTOR,50.0
OLEO LUBRIFICANTE,QUEIMADO,12358,BOCA DO ACRE-AM,1300706,AM,NORTE,2026,7,PREÇO PAGO PELO PRODUTOR,8.0
OLEO LUBRIFICANTE,20W40 HAVOLINE,13960,CARAUARI-AM,1301001,AM,NORTE,2026,7,PREÇO PAGO PELO PRODUTOR,38.0
OLEO LUBRIFICANTE,5W40,15322,COARI-AM,1301209,AM,NORTE,2026,7,PREÇO PAGO PELO PRODUTOR,45.0
OLEO LUBRIFICANTE,2 TEMPOS,11673,MANICORÉ-AM,1302702,AM,NORTE,2026,7,PREÇO PAGO PELO PRODUTOR,42.0
OLEO LUBRIFICANTE,4 TEMPOS HAVOLINE,14086,CURRALINHO-PA,1502806,PA,NORTE,2026,7,PREÇO PAGO PELO PRODUTOR,50.0
OLEO LUBRIFICANTE,4 TEMPOS MOBIL,14098,LIMOEIRO DO AJURU-PA,1504000,PA,NORTE,2026,7,PREÇO PAGO PELO PRODUTOR,33.5
OLEO MINERAL,NÃO INFORMADO,5717,NOVA BRASILÂNDIA D'OESTE-RO,1100148,RO,NORTE,2025,10,PREÇO PAGO PELO PRODUTOR,37.0
OPERADOR DE COLHEITADEIRA,NÃO INFORMADO,9085,ÓBIDOS-PA,1505106,PA,NORTE,2025,9,PREÇO PAGO PELO PRODUTOR,
OPERADOR DE COLHEITADEIRA,NÃO INFORMADO,9085,MANACAPURU-AM,1302504,AM,NORTE,2026,3,PREÇO PAGO PELO PRODUTOR,
OPERADOR DE COLHEITADEIRA,NÃO INFORMADO,9085,ÓBIDOS-PA,1505106,PA,NORTE,2026,3,PREÇO PAGO PELO PRODUTOR,
OPERADOR DE COLHEITADEIRA,NÃO INFORMADO,9254,IGARAPÉ-MIRI-PA,1503309,PA,NORTE,2025,9,PREÇO PAGO PELO PRODUTOR,
OPERADOR DE COLHEITADEIRA,NÃO INFORMADO,9254,TUCUMÃ-PA,1508084,PA,NORTE,2025,9,PREÇO PAGO PELO PRODUTOR,
OPERADOR DE COLHEITADEIRA,AGRICULTURA FAMILIAR,11495,MACHADINHO D'OESTE-RO,1100130,RO,NORTE,2025,10,PREÇO PAGO PELO PRODUTOR,
OPERADOR DE COLHEITADEIRA,NÃO INFORMADO,9254,NOVA BRASILÂNDIA D'OESTE-RO,1100148,RO,NORTE,2025,10,PREÇO PAGO PELO PRODUTOR,
OPERADOR DE COLHEITADEIRA,NÃO INFORMADO,9254,LAGOA DA CONFUSÃO-TO,1711902,TO,NORTE,2025,11,PREÇO PAGO PELO PRODUTOR,
OPERADOR DE COLHEITADEIRA,NÃO INFORMADO,9254,PEDRO AFONSO-TO,1716505,TO,NORTE,2025,11,PREÇO PAGO PELO PRODUTOR,
OPERADOR DE COLHEITADEIRA,NÃO INFORMADO,9254,LAGOA DA CONFUSÃO-TO,1711902,TO,NORTE,2026,2,PREÇO PAGO PELO PRODUTOR,
OPERADOR DE COLHEITADEIRA,NÃO INFORMADO,9254,MEDICILÂNDIA-PA,1504455,PA,NORTE,2026,3,PREÇO PAGO PELO PRODUTOR,
OPERADOR DE COLHEITADEIRA,NÃO INFORMADO,9254,LAGOA DA CONFUSÃO-TO,1711902,TO,NORTE,2026,3,PREÇO PAGO PELO PRODUTOR,
OPERADOR DE COLHEITADEIRA,NÃO INFORMADO,9254,PEDRO AFONSO-TO,1716505,TO,NORTE,2026,3,PREÇO PAGO PELO PRODUTOR,
OPERADOR DE COLHEITADEIRA,NÃO INFORMADO,9254,SENA MADUREIRA-AC,1200500,AC,NORTE,2026,7,PREÇO PAGO PELO PRODUTOR,
OPERADOR DE COLHEITADEIRA,AGRICULTURA FAMILIAR,11495,XAPURI-AC,1200708,AC,NORTE,2026,7,PREÇO PAGO PELO PRODUTOR,
OPERADOR DE COLHEITADEIRA,NÃO INFORMADO,9254,BARCELOS-AM,1300409,AM,NORTE,2026,7,PREÇO PAGO PELO PRODUTOR,
OPERADOR DE COLHEITADEIRA,NÃO INFORMADO,9254,BOCA DO ACRE-AM,1300706,AM,NORTE,2026,7,PREÇO PAGO PELO PRODUTOR,
OPERADOR DE COLHEITADEIRA,NÃO INFORMADO,9254,CARAUARI-AM,1301001,AM,NORTE,2026,7,PREÇO PAGO PELO PRODUTOR,
OPERADOR DE COLHEITADEIRA,NÃO INFORMADO,9254,COARI-AM,1301209,AM,NORTE,2026,7,PREÇO PAGO PELO PRODUTOR,
OPERADOR DE COLHEITADEIRA,NÃO INFORMADO,9254,CODAJÁS-AM,1301308,AM,NORTE,2026,7,PREÇO PAGO PELO PRODUTOR,
OPERADOR DE COLHEITADEIRA,NÃO INFORMADO,9254,LÁBREA-AM,1302405,AM,NORTE,2026,7,PREÇO PAGO PELO PRODUTOR,
OPERADOR DE COLHEITADEIRA,NÃO INFORMADO,9254,MANICORÉ-AM,1302702,AM,NORTE,2026,7,PREÇO PAGO PELO PRODUTOR,
OPERADOR DE COLHEITADEIRA,NÃO INFORMADO,9254,ALTAMIRA-PA,1500602,PA,NORTE,2026,7,PREÇO PAGO PELO PRODUTOR,
OPERADOR DE COLHEITADEIRA,NÃO INFORMADO,9254,BELTERRA-PA,1501451,PA,NORTE,2026,7,PREÇO PAGO PELO PRODUTOR,
OPERADOR DE COLHEITADEIRA,NÃO INFORMADO,9254,COLARES-PA,1502608,PA,NORTE,2026,7,PREÇO PAGO PELO PRODUTOR,
OPERADOR DE COLHEITADEIRA,NÃO INFORMADO,9254,CURRALINHO-PA,1502806,PA,NORTE,2026,7,PREÇO PAGO PELO PRODUTOR,
OPERADOR DE COLHEITADEIRA,NÃO INFORMADO,9254,IGARAPÉ-MIRI-PA,1503309,PA,NORTE,2026,7,PREÇO PAGO PELO PRODUTOR,
OPERADOR DE COLHEITADEIRA,NÃO INFORMADO,9254,LIMOEIRO DO AJURU-PA,1504000,PA,NORTE,2026,7,PREÇO PAGO PELO PRODUTOR,
OPERADOR DE COLHEITADEIRA,NÃO INFORMADO,9254,ORIXIMINÁ-PA,1505304,PA,NORTE,2026,7,PREÇO PAGO PELO PRODUTOR,
OVOS DE GALINHA,GRANDE BRANCO,11167,RIO BRANCO-AC,1200401,AC,NORTE,2025,9,ATACADO,0.76
OVOS DE GALINHA,GRANDE BRANCO,11167,MANAUS-AM,1302603,AM,NORTE,2025,9,PREÇO RECEBIDO P/ PRODUTOR,0.56
OVOS DE GALINHA,TIPO A BRANCO,11245,MANAUS-AM,1302603,AM,NORTE,2025,9,ATACADO,0.62
OVOS DE GALINHA,GRANDE BRANCO,11167,MACAPÁ-AP,1600303,AP,NORTE,2025,9,ATACADO,0.66
OVOS DE GALINHA,GRANDE BRANCO,11167,BELÉM-PA,1501402,PA,NORTE,2025,9,ATACADO,0.67
OVOS DE GALINHA,GRANDE BRANCO,11167,SANTA ISABEL DO PARÁ-PA,1506500,PA,NORTE,2025,9,PREÇO RECEBIDO P/ PRODUTOR,0.52
OVOS DE GALINHA,GRANDE BRANCO,11167,CACOAL-RO,1100049,RO,NORTE,2025,9,PREÇO RECEBIDO P/ PRODUTOR,0.53
OVOS DE GALINHA,GRANDE BRANCO,11167,PORTO VELHO-RO,1100205,RO,NORTE,2025,9,ATACADO,0.81
OVOS DE GALINHA,GRANDE BRANCO,11167,PORTO VELHO-RO,1100205,RO,NORTE,2025,9,PREÇO RECEBIDO P/ PRODUTOR,0.67
OVOS DE GALINHA,GRANDE BRANCO,11167,PALMAS-TO,1721000,TO,NORTE,2025,9,ATACADO,0.57
OVOS DE GALINHA,GRANDE BRANCO,11167,RIO BRANCO-AC,1200401,AC,NORTE,2025,10,ATACADO,0.72
OVOS DE GALINHA,GRANDE BRANCO,11167,MANAUS-AM,1302603,AM,NORTE,2025,10,PREÇO RECEBIDO P/ PRODUTOR,0.52
OVOS DE GALINHA,TIPO A BRANCO,11245,MANAUS-AM,1302603,AM,NORTE,2025,10,ATACADO,0.61
OVOS DE GALINHA,GRANDE BRANCO,11167,MACAPÁ-AP,1600303,AP,NORTE,2025,10,ATACADO,0.73
OVOS DE GALINHA,GRANDE BRANCO,11167,BELÉM-PA,1501402,PA,NORTE,2025,10,ATACADO,0.66
OVOS DE GALINHA,GRANDE BRANCO,11167,SANTA ISABEL DO PARÁ-PA,1506500,PA,NORTE,2025,10,PREÇO RECEBIDO P/ PRODUTOR,0.45
OVOS DE GALINHA,GRANDE BRANCO,11167,CACOAL-RO,1100049,RO,NORTE,2025,10,PREÇO RECEBIDO P/ PRODUTOR,0.53
OVOS DE GALINHA,GRANDE BRANCO,11167,PORTO VELHO-RO,1100205,RO,NORTE,2025,10,ATACADO,0.81
OVOS DE GALINHA,GRANDE BRANCO,11167,PORTO VELHO-RO,1100205,RO,NORTE,2025,10,PREÇO RECEBIDO P/ PRODUTOR,0.67
OVOS DE GALINHA,GRANDE BRANCO,11167,PALMAS-TO,1721000,TO,NORTE,2025,10,ATACADO,0.43
OVOS DE GALINHA,GRANDE BRANCO,11167,RIO BRANCO-AC,1200401,AC,NORTE,2025,11,ATACADO,0.72
OVOS DE GALINHA,GRANDE BRANCO,11167,MANAUS-AM,1302603,AM,NORTE,2025,11,PREÇO RECEBIDO P/ PRODUTOR,0.55
OVOS DE GALINHA,TIPO A BRANCO,11245,MANAUS-AM,1302603,AM,NORTE,2025,11,ATACADO,0.58
OVOS DE GALINHA,GRANDE BRANCO,11167,MACAPÁ-AP,1600303,AP,NORTE,2025,11,ATACADO,0.64
OVOS DE GALINHA,GRANDE BRANCO,11167,BELÉM-PA,1501402,PA,NORTE,2025,11,ATACADO,0.67
OVOS DE GALINHA,GRANDE BRANCO,11167,SANTA ISABEL DO PARÁ-PA,1506500,PA,NORTE,2025,11,PREÇO RECEBIDO P/ PRODUTOR,0.46
OVOS DE GALINHA,GRANDE BRANCO,11167,CACOAL-RO,1100049,RO,NORTE,2025,11,PREÇO RECEBIDO P/ PRODUTOR,0.53
OVOS DE GALINHA,GRANDE BRANCO,11167,PORTO VELHO-RO,1100205,RO,NORTE,2025,11,ATACADO,0.9
OVOS DE GALINHA,GRANDE BRANCO,11167,PORTO VELHO-RO,1100205,RO,NORTE,2025,11,PREÇO RECEBIDO P/ PRODUTOR,0.67
OVOS DE GALINHA,GRANDE BRANCO,11167,PALMAS-TO,1721000,TO,NORTE,2025,11,ATACADO,0.47
OVOS DE GALINHA,GRANDE BRANCO,11167,RIO BRANCO-AC,1200401,AC,NORTE,2025,12,ATACADO,0.83
OVOS DE GALINHA,TIPO A BRANCO,11245,MANAUS-AM,1302603,AM,NORTE,2025,12,ATACADO,0.63
OVOS DE GALINHA,GRANDE BRANCO,11167,MANAUS-AM,1302603,AM,NORTE,2025,12,PREÇO RECEBIDO P/ PRODUTOR,0.57
OVOS DE GALINHA,GRANDE BRANCO,11167,MACAPÁ-AP,1600303,AP,NORTE,2025,12,ATACADO,0.59
OVOS DE GALINHA,GRANDE BRANCO,11167,BELÉM-PA,1501402,PA,NORTE,2025,12,ATACADO,0.62
OVOS DE GALINHA,GRANDE BRANCO,11167,SANTA ISABEL DO PARÁ-PA,1506500,PA,NORTE,2025,12,PREÇO RECEBIDO P/ PRODUTOR,0.44
OVOS DE GALINHA,GRANDE BRANCO,11167,CACOAL-RO,1100049,RO,NORTE,2025,12,PREÇO RECEBIDO P/ PRODUTOR,0.53
OVOS DE GALINHA,GRANDE BRANCO,11167,PORTO VELHO-RO,1100205,RO,NORTE,2025,12,ATACADO,0.75
OVOS DE GALINHA,GRANDE BRANCO,11167,PORTO VELHO-RO,1100205,RO,NORTE,2025,12,PREÇO RECEBIDO P/ PRODUTOR,0.67
OVOS DE GALINHA,GRANDE BRANCO,11167,PALMAS-TO,1721000,TO,NORTE,2025,12,ATACADO,0.5
PAIOL,5 M,13910,MANACAPURU-AM,1302504,AM,NORTE,2026,3,PREÇO PAGO PELO PRODUTOR,
PAIOL,NÃO INFORMADO,9630,XAPURI-AC,1200708,AC,NORTE,2026,7,PREÇO PAGO PELO PRODUTOR,
PALHETAS,NÃO INFORMADO,15386,BARCELOS-AM,1300409,AM,NORTE,2026,7,PREÇO PAGO PELO PRODUTOR,31.0
PANEIRO,DE MATERIAL RECICLAD,15319,COARI-AM,1301209,AM,NORTE,2026,7,PREÇO PAGO PELO PRODUTOR,150.0
PANEIRO,DE MATERIAL RECICLAD,15320,COARI-AM,1301209,AM,NORTE,2026,7,PREÇO PAGO PELO PRODUTOR,200.0
PANEIRO DE FIBRA,NÃO INFORMADO,12284,MANICORÉ-AM,1302702,AM,NORTE,2026,7,PREÇO PAGO PELO PRODUTOR,80.0
PANEIRO DE FIBRA,14 KG,14085,CURRALINHO-PA,1502806,PA,NORTE,2026,7,PREÇO PAGO PELO PRODUTOR,75.0
PANEIRO DE FIBRA,CIPÓ DA MATA,14961,ORIXIMINÁ-PA,1505304,PA,NORTE,2026,7,PREÇO PAGO PELO PRODUTOR,85.0
PANERO,100 KG FIBRA,14910,BOCA DO ACRE-AM,1300706,AM,NORTE,2026,7,PREÇO PAGO PELO PRODUTOR,190.0
PANO/COLHEITA,NÃO INFORMADO,10071,MACHADINHO D'OESTE-RO,1100130,RO,NORTE,2025,10,PREÇO PAGO PELO PRODUTOR,260.0
PANO/COLHEITA,"3,15 M X 10 M",15440,NOVA BRASILÂNDIA D'OESTE-RO,1100148,RO,NORTE,2025,10,PREÇO PAGO PELO PRODUTOR,209.67
PAO,FRANCÊS,11161,RIO BRANCO-AC,1200401,AC,NORTE,2025,9,VAREJO,14.38
PAO,FRANCÊS,11161,MANAUS-AM,1302603,AM,NORTE,2025,9,VAREJO,13.63
PAO,FRANCÊS,11161,MACAPÁ-AP,1600303,AP,NORTE,2025,9,VAREJO,14.97
PAO,FRANCÊS,11161,BELÉM-PA,1501402,PA,NORTE,2025,9,VAREJO,16.61
PAO,FRANCÊS,11161,PORTO VELHO-RO,1100205,RO,NORTE,2025,9,VAREJO,15.21
PAO,FRANCÊS,11161,BOA VISTA-RR,1400100,RR,NORTE,2025,9,VAREJO,10.97
PAO,FRANCÊS,11161,PALMAS-TO,1721000,TO,NORTE,2025,9,VAREJO,18.18
PAO,FRANCÊS,11161,RIO BRANCO-AC,1200401,AC,NORTE,2025,10,VAREJO,14.3
PAO,FRANCÊS,11161,MANAUS-AM,1302603,AM,NORTE,2025,10,VAREJO,13.58
PAO,FRANCÊS,11161,MACAPÁ-AP,1600303,AP,NORTE,2025,10,VAREJO,14.94
PAO,FRANCÊS,11161,BELÉM-PA,1501402,PA,NORTE,2025,10,VAREJO,16.72
PAO,FRANCÊS,11161,PORTO VELHO-RO,1100205,RO,NORTE,2025,10,VAREJO,15.12
PAO,FRANCÊS,11161,BOA VISTA-RR,1400100,RR,NORTE,2025,10,VAREJO,10.95
PAO,FRANCÊS,11161,PALMAS-TO,1721000,TO,NORTE,2025,10,VAREJO,18.18
PAO,FRANCÊS,11161,RIO BRANCO-AC,1200401,AC,NORTE,2025,11,VAREJO,14.33
PAO,FRANCÊS,11161,MANAUS-AM,1302603,AM,NORTE,2025,11,VAREJO,13.51
PAO,FRANCÊS,11161,MACAPÁ-AP,1600303,AP,NORTE,2025,11,VAREJO,15.64
PAO,FRANCÊS,11161,BELÉM-PA,1501402,PA,NORTE,2025,11,VAREJO,16.67
PAO,FRANCÊS,11161,PORTO VELHO-RO,1100205,RO,NORTE,2025,11,VAREJO,15.26
PAO,FRANCÊS,11161,BOA VISTA-RR,1400100,RR,NORTE,2025,11,VAREJO,10.92
PAO,FRANCÊS,11161,PALMAS-TO,1721000,TO,NORTE,2025,11,VAREJO,18.04
PAO,FRANCÊS,11161,RIO BRANCO-AC,1200401,AC,NORTE,2025,12,VAREJO,14.17
PAO,FRANCÊS,11161,MANAUS-AM,1302603,AM,NORTE,2025,12,VAREJO,13.41
PAO,FRANCÊS,11161,MACAPÁ-AP,1600303,AP,NORTE,2025,12,VAREJO,15.87
PAO,FRANCÊS,11161,BELÉM-PA,1501402,PA,NORTE,2025,12,VAREJO,16.7
PAO,FRANCÊS,11161,PORTO VELHO-RO,1100205,RO,NORTE,2025,12,VAREJO,15.19
PAO,FRANCÊS,11161,BOA VISTA-RR,1400100,RR,NORTE,2025,12,VAREJO,10.96
PAO,FRANCÊS,11161,PALMAS-TO,1721000,TO,NORTE,2025,12,VAREJO,17.99
PAO,FRANCÊS,11161,RIO BRANCO-AC,1200401,AC,NORTE,2026,1,VAREJO,14.27
PAO,FRANCÊS,11161,MANAUS-AM,1302603,AM,NORTE,2026,1,VAREJO,13.82
PAO,FRANCÊS,11161,MACAPÁ-AP,1600303,AP,NORTE,2026,1,VAREJO,16.31
PAO,FRANCÊS,11161,BELÉM-PA,1501402,PA,NORTE,2026,1,VAREJO,16.86
PAO,FRANCÊS,11161,PORTO VELHO-RO,1100205,RO,NORTE,2026,1,VAREJO,15.38
PAO,FRANCÊS,11161,BOA VISTA-RR,1400100,RR,NORTE,2026,1,VAREJO,10.94
PAO,FRANCÊS,11161,PALMAS-TO,1721000,TO,NORTE,2026,1,VAREJO,17.99
PAO,FRANCÊS,11161,RIO BRANCO-AC,1200401,AC,NORTE,2026,2,VAREJO,14.19
PAO,FRANCÊS,11161,MANAUS-AM,1302603,AM,NORTE,2026,2,VAREJO,13.93
PAO,FRANCÊS,11161,MACAPÁ-AP,1600303,AP,NORTE,2026,2,VAREJO,16.23
PAO,FRANCÊS,11161,BELÉM-PA,1501402,PA,NORTE,2026,2,VAREJO,16.76
PAO,FRANCÊS,11161,PORTO VELHO-RO,1100205,RO,NORTE,2026,2,VAREJO,15.28
PAO,FRANCÊS,11161,BOA VISTA-RR,1400100,RR,NORTE,2026,2,VAREJO,11.0
PAO,FRANCÊS,11161,PALMAS-TO,1721000,TO,NORTE,2026,2,VAREJO,17.97
PAO,FRANCÊS,11161,RIO BRANCO-AC,1200401,AC,NORTE,2026,3,VAREJO,14.07
PAO,FRANCÊS,11161,MANAUS-AM,1302603,AM,NORTE,2026,3,VAREJO,13.85
PAO,FRANCÊS,11161,MACAPÁ-AP,1600303,AP,NORTE,2026,3,VAREJO,16.23
PAO,FRANCÊS,11161,BELÉM-PA,1501402,PA,NORTE,2026,3,VAREJO,16.82
PAO,FRANCÊS,11161,PORTO VELHO-RO,1100205,RO,NORTE,2026,3,VAREJO,15.28
PAO,FRANCÊS,11161,BOA VISTA-RR,1400100,RR,NORTE,2026,3,VAREJO,11.02
PAO,FRANCÊS,11161,PALMAS-TO,1721000,TO,NORTE,2026,3,VAREJO,18.0
PAO,FRANCÊS,11161,RIO BRANCO-AC,1200401,AC,NORTE,2026,4,VAREJO,14.15
PAO,FRANCÊS,11161,MANAUS-AM,1302603,AM,NORTE,2026,4,VAREJO,13.86
PAO,FRANCÊS,11161,MACAPÁ-AP,1600303,AP,NORTE,2026,4,VAREJO,16.2
PAO,FRANCÊS,11161,BELÉM-PA,1501402,PA,NORTE,2026,4,VAREJO,16.98
PAO,FRANCÊS,11161,PORTO VELHO-RO,1100205,RO,NORTE,2026,4,VAREJO,15.34
PAO,FRANCÊS,11161,BOA VISTA-RR,1400100,RR,NORTE,2026,4,VAREJO,11.07
PAO,FRANCÊS,11161,PALMAS-TO,1721000,TO,NORTE,2026,4,VAREJO,18.72
PAO,FRANCÊS,11161,RIO BRANCO-AC,1200401,AC,NORTE,2026,5,VAREJO,14.32
PAO,FRANCÊS,11161,MANAUS-AM,1302603,AM,NORTE,2026,5,VAREJO,14.54
PAO,FRANCÊS,11161,MACAPÁ-AP,1600303,AP,NORTE,2026,5,VAREJO,16.49
PAO,FRANCÊS,11161,BELÉM-PA,1501402,PA,NORTE,2026,5,VAREJO,16.92
PAO,FRANCÊS,11161,PORTO VELHO-RO,1100205,RO,NORTE,2026,5,VAREJO,15.74
PAO,FRANCÊS,11161,BOA VISTA-RR,1400100,RR,NORTE,2026,5,VAREJO,11.02
PAO,FRANCÊS,11161,PALMAS-TO,1721000,TO,NORTE,2026,5,VAREJO,18.86
PASSAGEM DE ONIBUS PARA,NÃO INFORMADO,13894,BELTERRA-PA,1501451,PA,NORTE,2026,7,PREÇO PAGO PELO PRODUTOR,10.0
PECONHEIRO,50 G/KG,12273,CODAJÁS-AM,1301308,AM,NORTE,2026,7,PREÇO PAGO PELO PRODUTOR,60.0
PENTE,DE FERRO,15376,BARCELOS-AM,1300409,AM,NORTE,2026,7,PREÇO PAGO PELO PRODUTOR,230.0
PERNEIRA,SEM VELCRO,13891,BELTERRA-PA,1501451,PA,NORTE,2026,7,PREÇO PAGO PELO PRODUTOR,
PIACAVA,NÃO BENEFICIADA,11475,BARCELOS-AM,1300409,AM,NORTE,2025,9,PREÇO RECEBIDO P/ PRODUTOR,5.24
PIACAVA,BENEFICIADA,11474,BARCELOS-AM,1300409,AM,NORTE,2025,9,PREÇO RECEBIDO P/ PRODUTOR,4.8
PIACAVA,BENEFICIADA,11474,SANTA ISABEL DO RIO NEGRO-AM,1303601,AM,NORTE,2025,9,PREÇO RECEBIDO P/ PRODUTOR,5.1
PIACAVA,NÃO BENEFICIADA,11475,SANTA ISABEL DO RIO NEGRO-AM,1303601,AM,NORTE,2025,9,PREÇO RECEBIDO P/ PRODUTOR,4.3
PIACAVA,NÃO BENEFICIADA,11475,BARCELOS-AM,1300409,AM,NORTE,2025,10,PREÇO RECEBIDO P/ PRODUTOR,5.06
PIACAVA,BENEFICIADA,11474,BARCELOS-AM,1300409,AM,NORTE,2025,10,PREÇO RECEBIDO P/ PRODUTOR,4.8
PIACAVA,BENEFICIADA,11474,SANTA ISABEL DO RIO NEGRO-AM,1303601,AM,NORTE,2025,10,PREÇO RECEBIDO P/ PRODUTOR,5.12
PIACAVA,NÃO BENEFICIADA,11475,SANTA ISABEL DO RIO NEGRO-AM,1303601,AM,NORTE,2025,10,PREÇO RECEBIDO P/ PRODUTOR,4.39
PIACAVA,NÃO BENEFICIADA,11475,BARCELOS-AM,1300409,AM,NORTE,2025,11,PREÇO RECEBIDO P/ PRODUTOR,4.6
PIACAVA,BENEFICIADA,11474,BARCELOS-AM,1300409,AM,NORTE,2025,11,PREÇO RECEBIDO P/ PRODUTOR,5.2
PIACAVA,BENEFICIADA,11474,SANTA ISABEL DO RIO NEGRO-AM,1303601,AM,NORTE,2025,11,PREÇO RECEBIDO P/ PRODUTOR,5.0
PIACAVA,NÃO BENEFICIADA,11475,SANTA ISABEL DO RIO NEGRO-AM,1303601,AM,NORTE,2025,11,PREÇO RECEBIDO P/ PRODUTOR,4.5
PIACAVA,NÃO BENEFICIADA,11475,BARCELOS-AM,1300409,AM,NORTE,2025,12,PREÇO RECEBIDO P/ PRODUTOR,4.2
PIACAVA,BENEFICIADA,11474,BARCELOS-AM,1300409,AM,NORTE,2025,12,PREÇO RECEBIDO P/ PRODUTOR,5.6
PIACAVA,BENEFICIADA,11474,SANTA ISABEL DO RIO NEGRO-AM,1303601,AM,NORTE,2025,12,PREÇO RECEBIDO P/ PRODUTOR,5.2
PIACAVA,NÃO BENEFICIADA,11475,SANTA ISABEL DO RIO NEGRO-AM,1303601,AM,NORTE,2025,12,PREÇO RECEBIDO P/ PRODUTOR,4.5
PILHAS,AA,14941,SENA MADUREIRA-AC,1200500,AC,NORTE,2026,7,PREÇO PAGO PELO PRODUTOR,6.63
PIMENTA DO REINO,NÃO INFORMADO,5501,BAIÃO-PA,1501204,PA,NORTE,2025,9,PREÇO RECEBIDO P/ PRODUTOR,29.0
PIMENTA DO REINO,NÃO INFORMADO,5501,CAPITÃO POÇO-PA,1502301,PA,NORTE,2025,9,PREÇO RECEBIDO P/ PRODUTOR,27.25
PIMENTA DO REINO,NÃO INFORMADO,5501,IGARAPÉ-AÇU-PA,1503200,PA,NORTE,2025,9,PREÇO RECEBIDO P/ PRODUTOR,30.13
PIMENTA DO REINO,NÃO INFORMADO,5501,TOMÉ-AÇU-PA,1508001,PA,NORTE,2025,9,PREÇO RECEBIDO P/ PRODUTOR,28.5
PIMENTA DO REINO,NÃO INFORMADO,5501,BAIÃO-PA,1501204,PA,NORTE,2025,10,PREÇO RECEBIDO P/ PRODUTOR,29.35
PIMENTA DO REINO,NÃO INFORMADO,5501,CAPITÃO POÇO-PA,1502301,PA,NORTE,2025,10,PREÇO RECEBIDO P/ PRODUTOR,27.35
PIMENTA DO REINO,NÃO INFORMADO,5501,IGARAPÉ-AÇU-PA,1503200,PA,NORTE,2025,10,PREÇO RECEBIDO P/ PRODUTOR,28.7
PIMENTA DO REINO,NÃO INFORMADO,5501,TOMÉ-AÇU-PA,1508001,PA,NORTE,2025,10,PREÇO RECEBIDO P/ PRODUTOR,28.04
PIMENTA DO REINO,NÃO INFORMADO,5501,BAIÃO-PA,1501204,PA,NORTE,2025,11,PREÇO RECEBIDO P/ PRODUTOR,27.25
PIMENTA DO REINO,NÃO INFORMADO,5501,CAPITÃO POÇO-PA,1502301,PA,NORTE,2025,11,PREÇO RECEBIDO P/ PRODUTOR,28.0
PIMENTA DO REINO,NÃO INFORMADO,5501,IGARAPÉ-AÇU-PA,1503200,PA,NORTE,2025,11,PREÇO RECEBIDO P/ PRODUTOR,28.63
PIMENTA DO REINO,NÃO INFORMADO,5501,TOMÉ-AÇU-PA,1508001,PA,NORTE,2025,11,PREÇO RECEBIDO P/ PRODUTOR,25.0
PIMENTA DO REINO,NÃO INFORMADO,5501,BAIÃO-PA,1501204,PA,NORTE,2025,12,PREÇO RECEBIDO P/ PRODUTOR,28.28
PIMENTA DO REINO,NÃO INFORMADO,5501,CAPITÃO POÇO-PA,1502301,PA,NORTE,2025,12,PREÇO RECEBIDO P/ PRODUTOR,28.0
PIMENTA DO REINO,NÃO INFORMADO,5501,IGARAPÉ-AÇU-PA,1503200,PA,NORTE,2025,12,PREÇO RECEBIDO P/ PRODUTOR,29.0
PIMENTA DO REINO,NÃO INFORMADO,5501,TOMÉ-AÇU-PA,1508001,PA,NORTE,2025,12,PREÇO RECEBIDO P/ PRODUTOR,25.0
PIRARUCU,NÃO INFORMADO,6076,FONTE BOA-AM,1301605,AM,NORTE,2025,9,PREÇO RECEBIDO P/ PRODUTOR,6.5
PIRARUCU,NÃO INFORMADO,6076,MARAÃ-AM,1302801,AM,NORTE,2025,9,PREÇO RECEBIDO P/ PRODUTOR,7.0
PIRARUCU,NÃO INFORMADO,6076,TEFÉ-AM,1304203,AM,NORTE,2025,9,PREÇO RECEBIDO P/ PRODUTOR,8.0
PIRARUCU,NÃO INFORMADO,6076,BERURI-AM,1300631,AM,NORTE,2025,10,PREÇO RECEBIDO P/ PRODUTOR,6.5
PIRARUCU,NÃO INFORMADO,6076,FONTE BOA-AM,1301605,AM,NORTE,2025,10,PREÇO RECEBIDO P/ PRODUTOR,7.0
PIRARUCU,NÃO INFORMADO,6076,MARAÃ-AM,1302801,AM,NORTE,2025,10,PREÇO RECEBIDO P/ PRODUTOR,6.5
PIRARUCU,NÃO INFORMADO,6076,TEFÉ-AM,1304203,AM,NORTE,2025,10,PREÇO RECEBIDO P/ PRODUTOR,7.5
PIRARUCU,NÃO INFORMADO,6076,BERURI-AM,1300631,AM,NORTE,2025,11,PREÇO RECEBIDO P/ PRODUTOR,7.0
PIRARUCU,NÃO INFORMADO,6076,FONTE BOA-AM,1301605,AM,NORTE,2025,11,PREÇO RECEBIDO P/ PRODUTOR,7.5
PIRARUCU,NÃO INFORMADO,6076,MARAÃ-AM,1302801,AM,NORTE,2025,11,PREÇO RECEBIDO P/ PRODUTOR,6.5
PIRARUCU,NÃO INFORMADO,6076,TEFÉ-AM,1304203,AM,NORTE,2025,11,PREÇO RECEBIDO P/ PRODUTOR,7.0
PIRARUCU,NÃO INFORMADO,6076,BERURI-AM,1300631,AM,NORTE,2025,12,PREÇO RECEBIDO P/ PRODUTOR,7.0
PIRARUCU,NÃO INFORMADO,6076,FONTE BOA-AM,1301605,AM,NORTE,2025,12,PREÇO RECEBIDO P/ PRODUTOR,7.0
PIRARUCU,NÃO INFORMADO,6076,MARAÃ-AM,1302801,AM,NORTE,2025,12,PREÇO RECEBIDO P/ PRODUTOR,6.5
PIRARUCU,NÃO INFORMADO,6076,TEFÉ-AM,1304203,AM,NORTE,2025,12,PREÇO RECEBIDO P/ PRODUTOR,8.0
PLAINA AGRICOLA DIANTEIRA,1000 KG,8064,PEDRO AFONSO-TO,1716505,TO,NORTE,2025,11,PREÇO PAGO PELO PRODUTOR,28200.0
PLAINA AGRICOLA DIANTEIRA,1000 KG,8064,PEDRO AFONSO-TO,1716505,TO,NORTE,2026,3,PREÇO PAGO PELO PRODUTOR,24500.0
PLAINA NIVELADORA MULTILA,NÃO INFORMADO,10517,LAGOA DA CONFUSÃO-TO,1711902,TO,NORTE,2025,11,PREÇO PAGO PELO PRODUTOR,62000.0
PLAINA NIVELADORA MULTILA,NÃO INFORMADO,10517,LAGOA DA CONFUSÃO-TO,1711902,TO,NORTE,2026,2,PREÇO PAGO PELO PRODUTOR,62000.0
PLAINA NIVELADORA MULTILA,NÃO INFORMADO,10517,LAGOA DA CONFUSÃO-TO,1711902,TO,NORTE,2026,3,PREÇO PAGO PELO PRODUTOR,62000.0
PLANTADEIRA,10 LINHAS - PLANTIO,10591,TUCUMÃ-PA,1508084,PA,NORTE,2025,9,PREÇO PAGO PELO PRODUTOR,245000.0
PLANTADEIRA,27 LINHAS TATU MARCH,13989,LAGOA DA CONFUSÃO-TO,1711902,TO,NORTE,2025,11,PREÇO PAGO PELO PRODUTOR,1110000.0
PLANTADEIRA,13 LINHAS,13932,PEDRO AFONSO-TO,1716505,TO,NORTE,2025,11,PREÇO PAGO PELO PRODUTOR,462000.0
PLANTADEIRA,27 LINHAS TATU MARCH,13989,LAGOA DA CONFUSÃO-TO,1711902,TO,NORTE,2026,2,PREÇO PAGO PELO PRODUTOR,1110000.0
PLANTADEIRA,27 LINHAS TATU MARCH,13989,LAGOA DA CONFUSÃO-TO,1711902,TO,NORTE,2026,3,PREÇO PAGO PELO PRODUTOR,1110000.0
PLANTADEIRA,13 LINHAS,13932,PEDRO AFONSO-TO,1716505,TO,NORTE,2026,3,PREÇO PAGO PELO PRODUTOR,420000.0
PLANTIO DE MUDAS,NÃO INFORMADO,10703,FLORESTA DO ARAGUAIA-PA,1503044,PA,NORTE,2026,3,PREÇO PAGO PELO PRODUTOR,
PODAO,NÃO INFORMADO,12303,COARI-AM,1301209,AM,NORTE,2026,7,PREÇO PAGO PELO PRODUTOR,37.0
POLVILHO,DOCE,6163,BOA VISTA-RR,1400100,RR,NORTE,2025,9,ATACADO,6.0
POLVILHO,DOCE,6163,BOA VISTA-RR,1400100,RR,NORTE,2025,10,ATACADO,5.8
POLVILHO,DOCE,6163,BOA VISTA-RR,1400100,RR,NORTE,2025,11,ATACADO,5.6
POLVILHO,DOCE,6163,BOA VISTA-RR,1400100,RR,NORTE,2025,12,ATACADO,5.6
PREMIO,NÃO INFORMADO,10128,LAGOA DA CONFUSÃO-TO,1711902,TO,NORTE,2025,11,PREÇO PAGO PELO PRODUTOR,760.4
PREMIO,NÃO INFORMADO,10128,LAGOA DA CONFUSÃO-TO,1711902,TO,NORTE,2026,2,PREÇO PAGO PELO PRODUTOR,760.4
PREMIO,NÃO INFORMADO,10128,LAGOA DA CONFUSÃO-TO,1711902,TO,NORTE,2026,3,PREÇO PAGO PELO PRODUTOR,760.4
PRIORI,NÃO INFORMADO,7248,LAGOA DA CONFUSÃO-TO,1711902,TO,NORTE,2025,11,PREÇO PAGO PELO PRODUTOR,179.1
PULVERIZADOR,600 LITROS BARRA JAC,7038,TUCUMÃ-PA,1508084,PA,NORTE,2025,9,PREÇO PAGO PELO PRODUTOR,31000.0
PULVERIZADOR AUTOMOTRIZ,175 NEW HOLLAND,13970,LAGOA DA CONFUSÃO-TO,1711902,TO,NORTE,2025,11,PREÇO PAGO PELO PRODUTOR,1350000.0
PULVERIZADOR AUTOMOTRIZ,2000 L 126 JACTO UNI,14014,PEDRO AFONSO-TO,1716505,TO,NORTE,2025,11,PREÇO PAGO PELO PRODUTOR,899000.0
PULVERIZADOR AUTOMOTRIZ,165 4X4 JOHN DEERE 4,10188,LAGOA DA CONFUSÃO-TO,1711902,TO,NORTE,2026,2,PREÇO PAGO PELO PRODUTOR,1300000.0
PULVERIZADOR AUTOMOTRIZ,165 4X4 JOHN DEERE 4,10188,LAGOA DA CONFUSÃO-TO,1711902,TO,NORTE,2026,3,PREÇO PAGO PELO PRODUTOR,1300000.0
PULVERIZADOR AUTOMOTRIZ,2000 L 126 JACTO UNI,14014,PEDRO AFONSO-TO,1716505,TO,NORTE,2026,3,PREÇO PAGO PELO PRODUTOR,860000.0
RAIZ DE MANDIOCA,DE MESA,11489,BRASILÉIA-AC,1200104,AC,NORTE,2025,9,PREÇO RECEBIDO P/ PRODUTOR,1.21
RAIZ DE MANDIOCA,DE MESA,11489,CRUZEIRO DO SUL-AC,1200203,AC,NORTE,2025,9,PREÇO RECEBIDO P/ PRODUTOR,1.19
RAIZ DE MANDIOCA,PARA FARINHA,11240,RIO BRANCO-AC,1200401,AC,NORTE,2025,9,PREÇO RECEBIDO P/ PRODUTOR,0.62
RAIZ DE MANDIOCA,DE MESA,11489,SENA MADUREIRA-AC,1200500,AC,NORTE,2025,9,PREÇO RECEBIDO P/ PRODUTOR,1.21
RAIZ DE MANDIOCA,DE MESA,11489,MANACAPURU-AM,1302504,AM,NORTE,2025,9,PREÇO RECEBIDO P/ PRODUTOR,5.38
RAIZ DE MANDIOCA,DE MESA,11489,MANICORÉ-AM,1302702,AM,NORTE,2025,9,PREÇO RECEBIDO P/ PRODUTOR,2.34
RAIZ DE MANDIOCA,DE MESA,11489,TEFÉ-AM,1304203,AM,NORTE,2025,9,PREÇO RECEBIDO P/ PRODUTOR,3.9
RAIZ DE MANDIOCA,PARA FARINHA,11240,ITAUBAL-AP,1600253,AP,NORTE,2025,9,PREÇO RECEBIDO P/ PRODUTOR,0.6
RAIZ DE MANDIOCA,PARA FARINHA,11240,ACARÁ-PA,1500206,PA,NORTE,2025,9,PREÇO RECEBIDO P/ PRODUTOR,0.95
RAIZ DE MANDIOCA,PARA FARINHA,11240,BRAGANÇA-PA,1501709,PA,NORTE,2025,9,PREÇO RECEBIDO P/ PRODUTOR,0.66
RAIZ DE MANDIOCA,PARA FARINHA,11240,CAPANEMA-PA,1502202,PA,NORTE,2025,9,PREÇO RECEBIDO P/ PRODUTOR,0.55
RAIZ DE MANDIOCA,PARA FARINHA,11240,CASTANHAL-PA,1502400,PA,NORTE,2025,9,PREÇO RECEBIDO P/ PRODUTOR,0.66
RAIZ DE MANDIOCA,PARA FARINHA,11240,SANTARÉM-PA,1506807,PA,NORTE,2025,9,PREÇO RECEBIDO P/ PRODUTOR,1.03
RAIZ DE MANDIOCA,PARA FARINHA,11240,MACHADINHO D'OESTE-RO,1100130,RO,NORTE,2025,9,PREÇO RECEBIDO P/ PRODUTOR,0.5
RAIZ DE MANDIOCA,PARA FARINHA,11240,PORTO VELHO-RO,1100205,RO,NORTE,2025,9,PREÇO RECEBIDO P/ PRODUTOR,0.47
RAIZ DE MANDIOCA,DE MESA,11489,ALTO ALEGRE-RR,1400050,RR,NORTE,2025,9,PREÇO RECEBIDO P/ PRODUTOR,3.39
RAIZ DE MANDIOCA,DE MESA,11489,RORAINÓPOLIS-RR,1400472,RR,NORTE,2025,9,PREÇO RECEBIDO P/ PRODUTOR,3.35
RAIZ DE MANDIOCA,DE MESA,11489,BRASILÉIA-AC,1200104,AC,NORTE,2025,10,PREÇO RECEBIDO P/ PRODUTOR,1.2
RAIZ DE MANDIOCA,DE MESA,11489,CRUZEIRO DO SUL-AC,1200203,AC,NORTE,2025,10,PREÇO RECEBIDO P/ PRODUTOR,1.2
RAIZ DE MANDIOCA,PARA FARINHA,11240,RIO BRANCO-AC,1200401,AC,NORTE,2025,10,PREÇO RECEBIDO P/ PRODUTOR,0.62
RAIZ DE MANDIOCA,DE MESA,11489,SENA MADUREIRA-AC,1200500,AC,NORTE,2025,10,PREÇO RECEBIDO P/ PRODUTOR,1.2
RAIZ DE MANDIOCA,DE MESA,11489,MANACAPURU-AM,1302504,AM,NORTE,2025,10,PREÇO RECEBIDO P/ PRODUTOR,5.29
RAIZ DE MANDIOCA,DE MESA,11489,MANICORÉ-AM,1302702,AM,NORTE,2025,10,PREÇO RECEBIDO P/ PRODUTOR,2.35
RAIZ DE MANDIOCA,DE MESA,11489,TEFÉ-AM,1304203,AM,NORTE,2025,10,PREÇO RECEBIDO P/ PRODUTOR,3.96
RAIZ DE MANDIOCA,PARA FARINHA,11240,ITAUBAL-AP,1600253,AP,NORTE,2025,10,PREÇO RECEBIDO P/ PRODUTOR,0.6
RAIZ DE MANDIOCA,PARA FARINHA,11240,ACARÁ-PA,1500206,PA,NORTE,2025,10,PREÇO RECEBIDO P/ PRODUTOR,0.95
RAIZ DE MANDIOCA,PARA FARINHA,11240,BRAGANÇA-PA,1501709,PA,NORTE,2025,10,PREÇO RECEBIDO P/ PRODUTOR,0.6
RAIZ DE MANDIOCA,PARA FARINHA,11240,CASTANHAL-PA,1502400,PA,NORTE,2025,10,PREÇO RECEBIDO P/ PRODUTOR,0.66
RAIZ DE MANDIOCA,PARA FARINHA,11240,SANTARÉM-PA,1506807,PA,NORTE,2025,10,PREÇO RECEBIDO P/ PRODUTOR,1.19
RAIZ DE MANDIOCA,PARA FARINHA,11240,MACHADINHO D'OESTE-RO,1100130,RO,NORTE,2025,10,PREÇO RECEBIDO P/ PRODUTOR,0.63
RAIZ DE MANDIOCA,PARA FARINHA,11240,PORTO VELHO-RO,1100205,RO,NORTE,2025,10,PREÇO RECEBIDO P/ PRODUTOR,0.59
RAIZ DE MANDIOCA,DE MESA,11489,ALTO ALEGRE-RR,1400050,RR,NORTE,2025,10,PREÇO RECEBIDO P/ PRODUTOR,3.07
RAIZ DE MANDIOCA,DE MESA,11489,RORAINÓPOLIS-RR,1400472,RR,NORTE,2025,10,PREÇO RECEBIDO P/ PRODUTOR,3.5
RAIZ DE MANDIOCA,DE MESA,11489,BRASILÉIA-AC,1200104,AC,NORTE,2025,11,PREÇO RECEBIDO P/ PRODUTOR,1.2
RAIZ DE MANDIOCA,DE MESA,11489,CRUZEIRO DO SUL-AC,1200203,AC,NORTE,2025,11,PREÇO RECEBIDO P/ PRODUTOR,1.2
RAIZ DE MANDIOCA,PARA FARINHA,11240,RIO BRANCO-AC,1200401,AC,NORTE,2025,11,PREÇO RECEBIDO P/ PRODUTOR,0.62
RAIZ DE MANDIOCA,DE MESA,11489,SENA MADUREIRA-AC,1200500,AC,NORTE,2025,11,PREÇO RECEBIDO P/ PRODUTOR,1.2
RAIZ DE MANDIOCA,DE MESA,11489,MANACAPURU-AM,1302504,AM,NORTE,2025,11,PREÇO RECEBIDO P/ PRODUTOR,4.93
RAIZ DE MANDIOCA,DE MESA,11489,MANICORÉ-AM,1302702,AM,NORTE,2025,11,PREÇO RECEBIDO P/ PRODUTOR,2.4
RAIZ DE MANDIOCA,DE MESA,11489,TEFÉ-AM,1304203,AM,NORTE,2025,11,PREÇO RECEBIDO P/ PRODUTOR,4.2
RAIZ DE MANDIOCA,PARA FARINHA,11240,ITAUBAL-AP,1600253,AP,NORTE,2025,11,PREÇO RECEBIDO P/ PRODUTOR,0.6
RAIZ DE MANDIOCA,PARA FARINHA,11240,ACARÁ-PA,1500206,PA,NORTE,2025,11,PREÇO RECEBIDO P/ PRODUTOR,0.95
RAIZ DE MANDIOCA,PARA FARINHA,11240,BRAGANÇA-PA,1501709,PA,NORTE,2025,11,PREÇO RECEBIDO P/ PRODUTOR,0.6
RAIZ DE MANDIOCA,PARA FARINHA,11240,CASTANHAL-PA,1502400,PA,NORTE,2025,11,PREÇO RECEBIDO P/ PRODUTOR,0.64
RAIZ DE MANDIOCA,PARA FARINHA,11240,SANTARÉM-PA,1506807,PA,NORTE,2025,11,PREÇO RECEBIDO P/ PRODUTOR,1.23
RAIZ DE MANDIOCA,PARA FARINHA,11240,MACHADINHO D'OESTE-RO,1100130,RO,NORTE,2025,11,PREÇO RECEBIDO P/ PRODUTOR,0.5
RAIZ DE MANDIOCA,PARA FARINHA,11240,PORTO VELHO-RO,1100205,RO,NORTE,2025,11,PREÇO RECEBIDO P/ PRODUTOR,0.53
RAIZ DE MANDIOCA,DE MESA,11489,ALTO ALEGRE-RR,1400050,RR,NORTE,2025,11,PREÇO RECEBIDO P/ PRODUTOR,3.5
RAIZ DE MANDIOCA,DE MESA,11489,RORAINÓPOLIS-RR,1400472,RR,NORTE,2025,11,PREÇO RECEBIDO P/ PRODUTOR,3.5
RAIZ DE MANDIOCA,DE MESA,11489,BRASILÉIA-AC,1200104,AC,NORTE,2025,12,PREÇO RECEBIDO P/ PRODUTOR,1.2
RAIZ DE MANDIOCA,DE MESA,11489,CRUZEIRO DO SUL-AC,1200203,AC,NORTE,2025,12,PREÇO RECEBIDO P/ PRODUTOR,1.2
RAIZ DE MANDIOCA,PARA FARINHA,11240,RIO BRANCO-AC,1200401,AC,NORTE,2025,12,PREÇO RECEBIDO P/ PRODUTOR,0.62
RAIZ DE MANDIOCA,DE MESA,11489,SENA MADUREIRA-AC,1200500,AC,NORTE,2025,12,PREÇO RECEBIDO P/ PRODUTOR,1.2
RAIZ DE MANDIOCA,DE MESA,11489,MANACAPURU-AM,1302504,AM,NORTE,2025,12,PREÇO RECEBIDO P/ PRODUTOR,4.85
RAIZ DE MANDIOCA,DE MESA,11489,MANICORÉ-AM,1302702,AM,NORTE,2025,12,PREÇO RECEBIDO P/ PRODUTOR,2.5
RAIZ DE MANDIOCA,DE MESA,11489,TEFÉ-AM,1304203,AM,NORTE,2025,12,PREÇO RECEBIDO P/ PRODUTOR,4.97
RAIZ DE MANDIOCA,PARA FARINHA,11240,ITAUBAL-AP,1600253,AP,NORTE,2025,12,PREÇO RECEBIDO P/ PRODUTOR,0.6
RAIZ DE MANDIOCA,PARA FARINHA,11240,ACARÁ-PA,1500206,PA,NORTE,2025,12,PREÇO RECEBIDO P/ PRODUTOR,0.91
RAIZ DE MANDIOCA,PARA FARINHA,11240,BRAGANÇA-PA,1501709,PA,NORTE,2025,12,PREÇO RECEBIDO P/ PRODUTOR,0.8
RAIZ DE MANDIOCA,PARA FARINHA,11240,CASTANHAL-PA,1502400,PA,NORTE,2025,12,PREÇO RECEBIDO P/ PRODUTOR,0.6
RAIZ DE MANDIOCA,PARA FARINHA,11240,SANTARÉM-PA,1506807,PA,NORTE,2025,12,PREÇO RECEBIDO P/ PRODUTOR,1.22
RAIZ DE MANDIOCA,PARA FARINHA,11240,MACHADINHO D'OESTE-RO,1100130,RO,NORTE,2025,12,PREÇO RECEBIDO P/ PRODUTOR,0.52
RAIZ DE MANDIOCA,PARA FARINHA,11240,PORTO VELHO-RO,1100205,RO,NORTE,2025,12,PREÇO RECEBIDO P/ PRODUTOR,0.54
RAIZ DE MANDIOCA,DE MESA,11489,ALTO ALEGRE-RR,1400050,RR,NORTE,2025,12,PREÇO RECEBIDO P/ PRODUTOR,3.15
RAIZ DE MANDIOCA,DE MESA,11489,RORAINÓPOLIS-RR,1400472,RR,NORTE,2025,12,PREÇO RECEBIDO P/ PRODUTOR,2.98
RASA,28 KG,12297,IGARAPÉ-MIRI-PA,1503309,PA,NORTE,2026,5,PREÇO PAGO PELO PRODUTOR,40.0
RASA,28 KG,12297,IGARAPÉ-MIRI-PA,1503309,PA,NORTE,2026,7,PREÇO PAGO PELO PRODUTOR,40.0
RASA,14 KG,14091,LIMOEIRO DO AJURU-PA,1504000,PA,NORTE,2026,7,PREÇO PAGO PELO PRODUTOR,30.0
RASPADOR,PARA SERINGUEIRO,13901,SENA MADUREIRA-AC,1200500,AC,NORTE,2026,7,PREÇO PAGO PELO PRODUTOR,29.0
RASPADOR,PARA SERINGUEIRO,13901,BELTERRA-PA,1501451,PA,NORTE,2026,7,PREÇO PAGO PELO PRODUTOR,28.0
RASTELO,NÃO INFORMADO,5547,LÁBREA-AM,1302405,AM,NORTE,2026,7,PREÇO PAGO PELO PRODUTOR,25.0
RECOP,840 G/KG OXICLORETO,15174,MEDICILÂNDIA-PA,1504455,PA,NORTE,2026,3,PREÇO PAGO PELO PRODUTOR,90.0
REDUTOR DE PH,NÃO INFORMADO,11784,LAGOA DA CONFUSÃO-TO,1711902,TO,NORTE,2025,11,PREÇO PAGO PELO PRODUTOR,66.0
REFEICAO,RANCHO,11621,BARCELOS-AM,1300409,AM,NORTE,2026,7,PREÇO PAGO PELO PRODUTOR,1200.0
REFEICAO,RANCHO,11621,BOCA DO ACRE-AM,1300706,AM,NORTE,2026,7,PREÇO PAGO PELO PRODUTOR,
REFEICAO,"RANCHO (CAFÉ, AÇÚCAR",14954,ORIXIMINÁ-PA,1505304,PA,NORTE,2026,7,PREÇO PAGO PELO PRODUTOR,408.7
REFEITORIO,NÃO INFORMADO,9069,LAGOA DA CONFUSÃO-TO,1711902,TO,NORTE,2025,11,PREÇO PAGO PELO PRODUTOR,
REFEITORIO,NÃO INFORMADO,9069,LAGOA DA CONFUSÃO-TO,1711902,TO,NORTE,2026,3,PREÇO PAGO PELO PRODUTOR,
REMO DE MADEIRA,NÃO INFORMADO,12375,MANACAPURU-AM,1302504,AM,NORTE,2026,3,PREÇO PAGO PELO PRODUTOR,100.0
REMO DE MADEIRA,NÃO INFORMADO,12375,BARCELOS-AM,1300409,AM,NORTE,2026,7,PREÇO PAGO PELO PRODUTOR,65.0
REMO DE MADEIRA,NÃO INFORMADO,12375,COARI-AM,1301209,AM,NORTE,2026,7,PREÇO PAGO PELO PRODUTOR,85.0
RODO,NÃO INFORMADO,5548,COARI-AM,1301209,AM,NORTE,2026,7,PREÇO PAGO PELO PRODUTOR,30.0
RODO,CACAU MADEIRA,12302,MANICORÉ-AM,1302702,AM,NORTE,2026,7,PREÇO PAGO PELO PRODUTOR,50.0
ROLO,COMPACTADOR,4940,LAGOA DA CONFUSÃO-TO,1711902,TO,NORTE,2025,11,PREÇO PAGO PELO PRODUTOR,165000.0
ROLO,COMPACTADOR,4940,LAGOA DA CONFUSÃO-TO,1711902,TO,NORTE,2026,2,PREÇO PAGO PELO PRODUTOR,165000.0
ROLO,COMPACTADOR,4940,LAGOA DA CONFUSÃO-TO,1711902,TO,NORTE,2026,3,PREÇO PAGO PELO PRODUTOR,165000.0
ROUNDUP,ORIGINAL 480 G/L GLI,4065,NOVA BRASILÂNDIA D'OESTE-RO,1100148,RO,NORTE,2025,10,PREÇO PAGO PELO PRODUTOR,56.0
SACARIA DE POLIPROPILENO,60 KG,11632,MACHADINHO D'OESTE-RO,1100130,RO,NORTE,2025,10,PREÇO PAGO PELO PRODUTOR,3.25
SACARIA DE POLIPROPILENO,USADA 50,210,CODAJÁS-AM,1301308,AM,NORTE,2026,7,PREÇO PAGO PELO PRODUTOR,1.0
SACARIA DE POLIPROPILENO,60 KG,11632,LÁBREA-AM,1302405,AM,NORTE,2026,7,PREÇO PAGO PELO PRODUTOR,5.0
SACARIA DE POLIPROPILENO,"USADA, 50 KG, PARA F",14093,LIMOEIRO DO AJURU-PA,1504000,PA,NORTE,2026,7,PREÇO PAGO PELO PRODUTOR,5.0
SACARIA POLIETILENO,60 KG,12903,MEDICILÂNDIA-PA,1504455,PA,NORTE,2026,3,PREÇO PAGO PELO PRODUTOR,5.0
SACO DE FIBRA,NÃO INFORMADO,12276,COARI-AM,1301209,AM,NORTE,2026,7,PREÇO PAGO PELO PRODUTOR,6.0
SACO DE FIBRA,60 KG,14958,ORIXIMINÁ-PA,1505304,PA,NORTE,2026,7,PREÇO PAGO PELO PRODUTOR,5.0
SACO DE NAPA,30 KG,14144,XAPURI-AC,1200708,AC,NORTE,2026,7,PREÇO PAGO PELO PRODUTOR,
SACO DE NYLON,120 LITROS,14244,XAPURI-AC,1200708,AC,NORTE,2026,7,PREÇO PAGO PELO PRODUTOR,13.0
SACO DE NYLON,50 KG,11669,BOCA DO ACRE-AM,1300706,AM,NORTE,2026,7,PREÇO PAGO PELO PRODUTOR,4.8
SACO DE POLIPROPILENO 50,NÃO INFORMADO,14869,ALTAMIRA-PA,1500602,PA,NORTE,2026,7,PREÇO PAGO PELO PRODUTOR,4.95
SACO DE RAFIA,45 KG,12372,SENA MADUREIRA-AC,1200500,AC,NORTE,2026,7,PREÇO PAGO PELO PRODUTOR,8.0
SACO DE RAFIA,NÃO INFORMADO,8369,CODAJÁS-AM,1301308,AM,NORTE,2026,7,PREÇO PAGO PELO PRODUTOR,2.5
SACO DE RAFIA,50 KG,15324,MANICORÉ-AM,1302702,AM,NORTE,2026,7,PREÇO PAGO PELO PRODUTOR,3.0
SACO DE RAFIA,"25 KG, PARA CEBOLA",13889,BELTERRA-PA,1501451,PA,NORTE,2026,7,PREÇO PAGO PELO PRODUTOR,3.21
SACO DE RAFIA,60 KG,12390,CURRALINHO-PA,1502806,PA,NORTE,2026,7,PREÇO PAGO PELO PRODUTOR,2.8
SACO DE RAFIA,"25 KG, PARA CEBOLA",13889,LIMOEIRO DO AJURU-PA,1504000,PA,NORTE,2026,7,PREÇO PAGO PELO PRODUTOR,3.0
SACO PLASTICO,POLIETILENO CAPACIDA,12889,MEDICILÂNDIA-PA,1504455,PA,NORTE,2026,3,PREÇO PAGO PELO PRODUTOR,0.2
SALARIO MINIMO,NÃO INFORMADO,5467,IGARAPÉ-MIRI-PA,1503309,PA,NORTE,2025,9,PREÇO PAGO PELO PRODUTOR,
SALARIO MINIMO,NÃO INFORMADO,5467,ÓBIDOS-PA,1505106,PA,NORTE,2025,9,PREÇO PAGO PELO PRODUTOR,
SALARIO MINIMO,NÃO INFORMADO,5467,TUCUMÃ-PA,1508084,PA,NORTE,2025,9,PREÇO PAGO PELO PRODUTOR,
SALARIO MINIMO,NÃO INFORMADO,5467,MACHADINHO D'OESTE-RO,1100130,RO,NORTE,2025,10,PREÇO PAGO PELO PRODUTOR,
SALARIO MINIMO,NÃO INFORMADO,5467,NOVA BRASILÂNDIA D'OESTE-RO,1100148,RO,NORTE,2025,10,PREÇO PAGO PELO PRODUTOR,
SALARIO MINIMO,NÃO INFORMADO,5467,LAGOA DA CONFUSÃO-TO,1711902,TO,NORTE,2025,11,PREÇO PAGO PELO PRODUTOR,
SALARIO MINIMO,NÃO INFORMADO,5467,PEDRO AFONSO-TO,1716505,TO,NORTE,2025,11,PREÇO PAGO PELO PRODUTOR,
SALARIO MINIMO,NÃO INFORMADO,5467,MANACAPURU-AM,1302504,AM,NORTE,2026,3,PREÇO PAGO PELO PRODUTOR,
SALARIO MINIMO,NÃO INFORMADO,5467,FLORESTA DO ARAGUAIA-PA,1503044,PA,NORTE,2026,3,PREÇO PAGO PELO PRODUTOR,
SALARIO MINIMO,NÃO INFORMADO,5467,MEDICILÂNDIA-PA,1504455,PA,NORTE,2026,3,PREÇO PAGO PELO PRODUTOR,
SALARIO MINIMO,NÃO INFORMADO,5467,ÓBIDOS-PA,1505106,PA,NORTE,2026,3,PREÇO PAGO PELO PRODUTOR,
SALARIO MINIMO,NÃO INFORMADO,5467,LAGOA DA CONFUSÃO-TO,1711902,TO,NORTE,2026,3,PREÇO PAGO PELO PRODUTOR,
SALARIO MINIMO,NÃO INFORMADO,5467,PEDRO AFONSO-TO,1716505,TO,NORTE,2026,3,PREÇO PAGO PELO PRODUTOR,
SALARIO MINIMO,NÃO INFORMADO,5467,IGARAPÉ-MIRI-PA,1503309,PA,NORTE,2026,5,PREÇO PAGO PELO PRODUTOR,
SALARIO MINIMO,NÃO INFORMADO,5467,SENA MADUREIRA-AC,1200500,AC,NORTE,2026,7,PREÇO PAGO PELO PRODUTOR,
SALARIO MINIMO,NÃO INFORMADO,5467,XAPURI-AC,1200708,AC,NORTE,2026,7,PREÇO PAGO PELO PRODUTOR,
SALARIO MINIMO,NÃO INFORMADO,5467,BARCELOS-AM,1300409,AM,NORTE,2026,7,PREÇO PAGO PELO PRODUTOR,
SALARIO MINIMO,NÃO INFORMADO,5467,BOCA DO ACRE-AM,1300706,AM,NORTE,2026,7,PREÇO PAGO PELO PRODUTOR,
SALARIO MINIMO,NÃO INFORMADO,5467,CARAUARI-AM,1301001,AM,NORTE,2026,7,PREÇO PAGO PELO PRODUTOR,
SALARIO MINIMO,NÃO INFORMADO,5467,COARI-AM,1301209,AM,NORTE,2026,7,PREÇO PAGO PELO PRODUTOR,
SALARIO MINIMO,NÃO INFORMADO,5467,CODAJÁS-AM,1301308,AM,NORTE,2026,7,PREÇO PAGO PELO PRODUTOR,
SALARIO MINIMO,NÃO INFORMADO,5467,LÁBREA-AM,1302405,AM,NORTE,2026,7,PREÇO PAGO PELO PRODUTOR,
SALARIO MINIMO,NÃO INFORMADO,5467,MANICORÉ-AM,1302702,AM,NORTE,2026,7,PREÇO PAGO PELO PRODUTOR,
SALARIO MINIMO,NÃO INFORMADO,5467,ALTAMIRA-PA,1500602,PA,NORTE,2026,7,PREÇO PAGO PELO PRODUTOR,
SALARIO MINIMO,NÃO INFORMADO,5467,BELTERRA-PA,1501451,PA,NORTE,2026,7,PREÇO PAGO PELO PRODUTOR,
SALARIO MINIMO,NÃO INFORMADO,5467,COLARES-PA,1502608,PA,NORTE,2026,7,PREÇO PAGO PELO PRODUTOR,
SALARIO MINIMO,NÃO INFORMADO,5467,CURRALINHO-PA,1502806,PA,NORTE,2026,7,PREÇO PAGO PELO PRODUTOR,
SALARIO MINIMO,NÃO INFORMADO,5467,IGARAPÉ-MIRI-PA,1503309,PA,NORTE,2026,7,PREÇO PAGO PELO PRODUTOR,
SALARIO MINIMO,NÃO INFORMADO,5467,LIMOEIRO DO AJURU-PA,1504000,PA,NORTE,2026,7,PREÇO PAGO PELO PRODUTOR,
SALARIO MINIMO,NÃO INFORMADO,5467,ORIXIMINÁ-PA,1505304,PA,NORTE,2026,7,PREÇO PAGO PELO PRODUTOR,
SCORE,NÃO INFORMADO,8565,LAGOA DA CONFUSÃO-TO,1711902,TO,NORTE,2025,11,PREÇO PAGO PELO PRODUTOR,139.38
SCORE,NÃO INFORMADO,8565,LAGOA DA CONFUSÃO-TO,1711902,TO,NORTE,2026,3,PREÇO PAGO PELO PRODUTOR,87.0
SCORE FLEXI,EC 250 + 250 G/L PRO,12008,PEDRO AFONSO-TO,1716505,TO,NORTE,2025,11,PREÇO PAGO PELO PRODUTOR,273.6
SCORE FLEXI,EC 250 + 250 G/L PRO,12008,PEDRO AFONSO-TO,1716505,TO,NORTE,2026,3,PREÇO PAGO PELO PRODUTOR,268.0
SECADOR,5M X 3M - LONA 150 M,14101,CARAUARI-AM,1301001,AM,NORTE,2026,7,PREÇO PAGO PELO PRODUTOR,
SELECT,"EC 240 G/L + 646,52",14033,PEDRO AFONSO-TO,1716505,TO,NORTE,2025,11,PREÇO PAGO PELO PRODUTOR,33.7
SELECT,"EC 240 G/L + 646,52",14033,PEDRO AFONSO-TO,1716505,TO,NORTE,2026,3,PREÇO PAGO PELO PRODUTOR,31.5
SEMENTE DE ARROZ,"IRGA, 424, RI",12336,LAGOA DA CONFUSÃO-TO,1711902,TO,NORTE,2025,11,PREÇO PAGO PELO PRODUTOR,4.97
SEMENTE DE ARROZ,BRS PAMPEIRA,13985,LAGOA DA CONFUSÃO-TO,1711902,TO,NORTE,2025,11,PREÇO PAGO PELO PRODUTOR,4.93
SEMENTE DE ARROZ,BRS PAMPEIRA,13985,LAGOA DA CONFUSÃO-TO,1711902,TO,NORTE,2026,2,PREÇO PAGO PELO PRODUTOR,4.93
SEMENTE DE ARROZ,BRS 709,15504,LAGOA DA CONFUSÃO-TO,1711902,TO,NORTE,2026,2,PREÇO PAGO PELO PRODUTOR,7.0
SEMENTE DE ARROZ,OS902CL,15505,LAGOA DA CONFUSÃO-TO,1711902,TO,NORTE,2026,2,PREÇO PAGO PELO PRODUTOR,7.0
SEMENTE DE ARROZ,BRS PAMPEIRA,13985,LAGOA DA CONFUSÃO-TO,1711902,TO,NORTE,2026,3,PREÇO PAGO PELO PRODUTOR,4.93
SEMENTE DE ARROZ,BRS 709,15504,LAGOA DA CONFUSÃO-TO,1711902,TO,NORTE,2026,3,PREÇO PAGO PELO PRODUTOR,7.0
SEMENTE DE ARROZ,OS902CL,15505,LAGOA DA CONFUSÃO-TO,1711902,TO,NORTE,2026,3,PREÇO PAGO PELO PRODUTOR,7.0
SEMENTE DE ARROZ BRS A704,NÃO INFORMADO,13983,LAGOA DA CONFUSÃO-TO,1711902,TO,NORTE,2025,11,PREÇO PAGO PELO PRODUTOR,5.03
SEMENTE DE ARROZ BRS A704,NÃO INFORMADO,13983,LAGOA DA CONFUSÃO-TO,1711902,TO,NORTE,2026,2,PREÇO PAGO PELO PRODUTOR,5.03
SEMENTE DE ARROZ BRS A704,NÃO INFORMADO,13983,LAGOA DA CONFUSÃO-TO,1711902,TO,NORTE,2026,3,PREÇO PAGO PELO PRODUTOR,5.03
SEMENTE DE CACAU,HÍBRIDA CEPLAC,12888,MEDICILÂNDIA-PA,1504455,PA,NORTE,2026,3,PREÇO PAGO PELO PRODUTOR,0.02
SEMENTE DE JUTA,NÃO INFORMADO,5271,MANACAPURU-AM,1302504,AM,NORTE,2026,2,PREÇO PAGO PELO PRODUTOR,75.0
SEMENTE DE JUTA,NÃO INFORMADO,5271,MANACAPURU-AM,1302504,AM,NORTE,2026,3,PREÇO PAGO PELO PRODUTOR,70.0
SEMENTE DE MALVA,NÃO INFORMADO,5272,MANACAPURU-AM,1302504,AM,NORTE,2026,3,PREÇO PAGO PELO PRODUTOR,70.0
SEMENTE DE MILHO,TRATADA PRO 4 SEMENT,14522,TUCUMÃ-PA,1508084,PA,NORTE,2025,9,PREÇO PAGO PELO PRODUTOR,0.02
SEMENTE DE MILHO,FS 450 PWU FORSEED,14034,PEDRO AFONSO-TO,1716505,TO,NORTE,2025,11,PREÇO PAGO PELO PRODUTOR,0.02
SEMENTE DE MILHO,FS 450 PWU FORSEED,14034,PEDRO AFONSO-TO,1716505,TO,NORTE,2026,3,PREÇO PAGO PELO PRODUTOR,0.01
SEMENTE DE SOJA,DM 82I78,14016,PEDRO AFONSO-TO,1716505,TO,NORTE,2025,11,PREÇO PAGO PELO PRODUTOR,0.0
SEMENTE DE SOJA,DM 82I78,14016,PEDRO AFONSO-TO,1716505,TO,NORTE,2026,3,PREÇO PAGO PELO PRODUTOR,0.0
SEMENTE DE SORGO,BM 737 SEMENTES BIOM,14040,PEDRO AFONSO-TO,1716505,TO,NORTE,2025,11,PREÇO PAGO PELO PRODUTOR,21.9
SISTEMA DE IRRIGACAO POR,125,15513,LAGOA DA CONFUSÃO-TO,1711902,TO,NORTE,2026,3,PREÇO PAGO PELO PRODUTOR,300000.0
SISTEMA DE IRRIGACAO POR,NÃO INFORMADO,15442,MACHADINHO D'OESTE-RO,1100130,RO,NORTE,2025,10,PREÇO PAGO PELO PRODUTOR,
SOJA,EM GRÃOS,4744,ITAUBAL-AP,1600253,AP,NORTE,2025,9,PREÇO RECEBIDO P/ PRODUTOR,1.87
SOJA,EM GRÃOS,4744,PARAGOMINAS-PA,1505502,PA,NORTE,2025,9,PREÇO RECEBIDO P/ PRODUTOR,2.12
SOJA,EM GRÃOS,4744,SANTANA DO ARAGUAIA-PA,1506708,PA,NORTE,2025,9,PREÇO RECEBIDO P/ PRODUTOR,1.89
SOJA,EM GRÃOS,4744,SANTARÉM-PA,1506807,PA,NORTE,2025,9,PREÇO RECEBIDO P/ PRODUTOR,1.98
SOJA,EM GRÃOS,4744,ARIQUEMES-RO,1100023,RO,NORTE,2025,9,PREÇO RECEBIDO P/ PRODUTOR,1.95
SOJA,EM GRÃOS,4744,VILHENA-RO,1100304,RO,NORTE,2025,9,PREÇO RECEBIDO P/ PRODUTOR,1.98
SOJA,EM GRÃOS,4744,BOA VISTA-RR,1400100,RR,NORTE,2025,9,PREÇO RECEBIDO P/ PRODUTOR,2.29
SOJA,EM GRÃOS,4744,CAMPOS LINDOS-TO,1703842,TO,NORTE,2025,9,PREÇO RECEBIDO P/ PRODUTOR,2.12
SOJA,EM GRÃOS,4744,DIANÓPOLIS-TO,1707009,TO,NORTE,2025,9,PREÇO RECEBIDO P/ PRODUTOR,2.12
SOJA,EM GRÃOS,4744,GURUPI-TO,1709500,TO,NORTE,2025,9,PREÇO RECEBIDO P/ PRODUTOR,2.12
SOJA,EM GRÃOS,4744,PEDRO AFONSO-TO,1716505,TO,NORTE,2025,9,PREÇO RECEBIDO P/ PRODUTOR,2.12
SOJA,EM GRÃOS,4744,PORTO NACIONAL-TO,1718204,TO,NORTE,2025,9,PREÇO RECEBIDO P/ PRODUTOR,2.12
SOJA,EM GRÃOS,4744,ITAUBAL-AP,1600253,AP,NORTE,2025,10,PREÇO RECEBIDO P/ PRODUTOR,2.0
SOJA,EM GRÃOS,4744,PARAGOMINAS-PA,1505502,PA,NORTE,2025,10,PREÇO RECEBIDO P/ PRODUTOR,2.1
SOJA,EM GRÃOS,4744,SANTANA DO ARAGUAIA-PA,1506708,PA,NORTE,2025,10,PREÇO RECEBIDO P/ PRODUTOR,2.0
SOJA,EM GRÃOS,4744,SANTARÉM-PA,1506807,PA,NORTE,2025,10,PREÇO RECEBIDO P/ PRODUTOR,1.97
SOJA,EM GRÃOS,4744,ARIQUEMES-RO,1100023,RO,NORTE,2025,10,PREÇO RECEBIDO P/ PRODUTOR,1.97
SOJA,EM GRÃOS,4744,VILHENA-RO,1100304,RO,NORTE,2025,10,PREÇO RECEBIDO P/ PRODUTOR,2.01
SOJA,EM GRÃOS,4744,BOA VISTA-RR,1400100,RR,NORTE,2025,10,PREÇO RECEBIDO P/ PRODUTOR,2.29
SOJA,EM GRÃOS,4744,CAMPOS LINDOS-TO,1703842,TO,NORTE,2025,10,PREÇO RECEBIDO P/ PRODUTOR,2.1
SOJA,EM GRÃOS,4744,DIANÓPOLIS-TO,1707009,TO,NORTE,2025,10,PREÇO RECEBIDO P/ PRODUTOR,2.1
SOJA,EM GRÃOS,4744,GURUPI-TO,1709500,TO,NORTE,2025,10,PREÇO RECEBIDO P/ PRODUTOR,2.1
SOJA,EM GRÃOS,4744,PEDRO AFONSO-TO,1716505,TO,NORTE,2025,10,PREÇO RECEBIDO P/ PRODUTOR,2.1
SOJA,EM GRÃOS,4744,PORTO NACIONAL-TO,1718204,TO,NORTE,2025,10,PREÇO RECEBIDO P/ PRODUTOR,2.1
SOJA,EM GRÃOS,4744,ITAUBAL-AP,1600253,AP,NORTE,2025,11,PREÇO RECEBIDO P/ PRODUTOR,1.97
SOJA,EM GRÃOS,4744,PARAGOMINAS-PA,1505502,PA,NORTE,2025,11,PREÇO RECEBIDO P/ PRODUTOR,2.13
SOJA,EM GRÃOS,4744,SANTANA DO ARAGUAIA-PA,1506708,PA,NORTE,2025,11,PREÇO RECEBIDO P/ PRODUTOR,2.0
SOJA,EM GRÃOS,4744,SANTARÉM-PA,1506807,PA,NORTE,2025,11,PREÇO RECEBIDO P/ PRODUTOR,1.99
SOJA,EM GRÃOS,4744,ARIQUEMES-RO,1100023,RO,NORTE,2025,11,PREÇO RECEBIDO P/ PRODUTOR,1.97
SOJA,EM GRÃOS,4744,VILHENA-RO,1100304,RO,NORTE,2025,11,PREÇO RECEBIDO P/ PRODUTOR,1.93
SOJA,EM GRÃOS,4744,BOA VISTA-RR,1400100,RR,NORTE,2025,11,PREÇO RECEBIDO P/ PRODUTOR,2.29
SOJA,EM GRÃOS,4744,CAMPOS LINDOS-TO,1703842,TO,NORTE,2025,11,PREÇO RECEBIDO P/ PRODUTOR,2.09
SOJA,EM GRÃOS,4744,DIANÓPOLIS-TO,1707009,TO,NORTE,2025,11,PREÇO RECEBIDO P/ PRODUTOR,2.09
SOJA,EM GRÃOS,4744,GURUPI-TO,1709500,TO,NORTE,2025,11,PREÇO RECEBIDO P/ PRODUTOR,2.09
SOJA,EM GRÃOS,4744,PEDRO AFONSO-TO,1716505,TO,NORTE,2025,11,PREÇO RECEBIDO P/ PRODUTOR,2.09
SOJA,EM GRÃOS,4744,PORTO NACIONAL-TO,1718204,TO,NORTE,2025,11,PREÇO RECEBIDO P/ PRODUTOR,2.09
SOJA,EM GRÃOS,4744,ITAUBAL-AP,1600253,AP,NORTE,2025,12,PREÇO RECEBIDO P/ PRODUTOR,1.97
SOJA,EM GRÃOS,4744,PARAGOMINAS-PA,1505502,PA,NORTE,2025,12,PREÇO RECEBIDO P/ PRODUTOR,2.15
SOJA,EM GRÃOS,4744,SANTARÉM-PA,1506807,PA,NORTE,2025,12,PREÇO RECEBIDO P/ PRODUTOR,1.98
SOJA,EM GRÃOS,4744,ARIQUEMES-RO,1100023,RO,NORTE,2025,12,PREÇO RECEBIDO P/ PRODUTOR,1.95
SOJA,EM GRÃOS,4744,VILHENA-RO,1100304,RO,NORTE,2025,12,PREÇO RECEBIDO P/ PRODUTOR,1.95
SOJA,EM GRÃOS,4744,CAMPOS LINDOS-TO,1703842,TO,NORTE,2025,12,PREÇO RECEBIDO P/ PRODUTOR,2.05
SOJA,EM GRÃOS,4744,DIANÓPOLIS-TO,1707009,TO,NORTE,2025,12,PREÇO RECEBIDO P/ PRODUTOR,2.05
SOJA,EM GRÃOS,4744,GURUPI-TO,1709500,TO,NORTE,2025,12,PREÇO RECEBIDO P/ PRODUTOR,2.05
SOJA,EM GRÃOS,4744,PEDRO AFONSO-TO,1716505,TO,NORTE,2025,12,PREÇO RECEBIDO P/ PRODUTOR,2.05
SOJA,EM GRÃOS,4744,PORTO NACIONAL-TO,1718204,TO,NORTE,2025,12,PREÇO RECEBIDO P/ PRODUTOR,2.05
SORGO GRANIFERO,EM GRÃOS,4745,PEDRO AFONSO-TO,1716505,TO,NORTE,2025,9,PREÇO RECEBIDO P/ PRODUTOR,0.58
SORGO GRANIFERO,EM GRÃOS,4745,PORTO NACIONAL-TO,1718204,TO,NORTE,2025,9,PREÇO RECEBIDO P/ PRODUTOR,0.58
SORGO GRANIFERO,EM GRÃOS,4745,PEDRO AFONSO-TO,1716505,TO,NORTE,2025,10,PREÇO RECEBIDO P/ PRODUTOR,0.54
SORGO GRANIFERO,EM GRÃOS,4745,PORTO NACIONAL-TO,1718204,TO,NORTE,2025,10,PREÇO RECEBIDO P/ PRODUTOR,0.54
SORGO GRANIFERO,EM GRÃOS,4745,PEDRO AFONSO-TO,1716505,TO,NORTE,2025,11,PREÇO RECEBIDO P/ PRODUTOR,0.53
SORGO GRANIFERO,EM GRÃOS,4745,PORTO NACIONAL-TO,1718204,TO,NORTE,2025,11,PREÇO RECEBIDO P/ PRODUTOR,0.53
SORGO GRANIFERO,EM GRÃOS,4745,PEDRO AFONSO-TO,1716505,TO,NORTE,2025,12,PREÇO RECEBIDO P/ PRODUTOR,0.51
SORGO GRANIFERO,EM GRÃOS,4745,PORTO NACIONAL-TO,1718204,TO,NORTE,2025,12,PREÇO RECEBIDO P/ PRODUTOR,0.51
SPERTO,NÃO INFORMADO,12049,LAGOA DA CONFUSÃO-TO,1711902,TO,NORTE,2025,11,PREÇO PAGO PELO PRODUTOR,180.1
SPERTO,NÃO INFORMADO,12049,LAGOA DA CONFUSÃO-TO,1711902,TO,NORTE,2026,2,PREÇO PAGO PELO PRODUTOR,180.1
SPERTO,NÃO INFORMADO,12049,LAGOA DA CONFUSÃO-TO,1711902,TO,NORTE,2026,3,PREÇO PAGO PELO PRODUTOR,180.1
STAM 800 WG,NÃO INFORMADO,15511,LAGOA DA CONFUSÃO-TO,1711902,TO,NORTE,2026,2,PREÇO PAGO PELO PRODUTOR,75.0
STAM 800 WG,NÃO INFORMADO,15511,LAGOA DA CONFUSÃO-TO,1711902,TO,NORTE,2026,3,PREÇO PAGO PELO PRODUTOR,75.0
SULFATO DE AMONIO,29 %,12585,NOVA BRASILÂNDIA D'OESTE-RO,1100148,RO,NORTE,2025,10,PREÇO PAGO PELO PRODUTOR,3.25
SULFATO DE AMONIO,NÃO INFORMADO,4566,LAGOA DA CONFUSÃO-TO,1711902,TO,NORTE,2025,11,PREÇO PAGO PELO PRODUTOR,1.95
SULFATO DE AMONIO,NÃO INFORMADO,4566,LAGOA DA CONFUSÃO-TO,1711902,TO,NORTE,2026,3,PREÇO PAGO PELO PRODUTOR,2.2
SULFATO DE MAGNESIO,NÃO INFORMADO,4569,NOVA BRASILÂNDIA D'OESTE-RO,1100148,RO,NORTE,2025,10,PREÇO PAGO PELO PRODUTOR,3.88
SULFATO DE ZINCO,20%,15437,NOVA BRASILÂNDIA D'OESTE-RO,1100148,RO,NORTE,2025,10,PREÇO PAGO PELO PRODUTOR,8.8
SUPERFOSFATO SIMPLES,NÃO INFORMADO,4573,MACHADINHO D'OESTE-RO,1100130,RO,NORTE,2025,10,PREÇO PAGO PELO PRODUTOR,3.82
SUPERFOSFATO SIMPLES,NÃO INFORMADO,4573,NOVA BRASILÂNDIA D'OESTE-RO,1100148,RO,NORTE,2025,10,PREÇO PAGO PELO PRODUTOR,3.5
TALISMAN,NÃO INFORMADO,10281,LAGOA DA CONFUSÃO-TO,1711902,TO,NORTE,2025,11,PREÇO PAGO PELO PRODUTOR,115.2
TALISMAN,NÃO INFORMADO,10281,LAGOA DA CONFUSÃO-TO,1711902,TO,NORTE,2026,2,PREÇO PAGO PELO PRODUTOR,115.2
TALISMAN,NÃO INFORMADO,10281,LAGOA DA CONFUSÃO-TO,1711902,TO,NORTE,2026,3,PREÇO PAGO PELO PRODUTOR,115.2
TANQUE DE COMBUSTIVEL,10.000 LITROS,14043,LAGOA DA CONFUSÃO-TO,1711902,TO,NORTE,2025,11,PREÇO PAGO PELO PRODUTOR,40000.0
TANQUE DE COMBUSTIVEL,10.000 LITROS,14043,LAGOA DA CONFUSÃO-TO,1711902,TO,NORTE,2026,2,PREÇO PAGO PELO PRODUTOR,40000.0
TANQUE DE COMBUSTIVEL,10.000 LITROS,14043,LAGOA DA CONFUSÃO-TO,1711902,TO,NORTE,2026,3,PREÇO PAGO PELO PRODUTOR,40000.0
TECIDO SINTETICO,NAPA,14943,SENA MADUREIRA-AC,1200500,AC,NORTE,2026,7,PREÇO PAGO PELO PRODUTOR,
TENIS,PARA SUBIR NO AÇAIZE,14096,LIMOEIRO DO AJURU-PA,1504000,PA,NORTE,2026,7,PREÇO PAGO PELO PRODUTOR,
TERRA NUA,NÃO INFORMADO,8981,IGARAPÉ-MIRI-PA,1503309,PA,NORTE,2025,9,PREÇO PAGO PELO PRODUTOR,
TERRA NUA,NÃO INFORMADO,8981,ÓBIDOS-PA,1505106,PA,NORTE,2025,9,PREÇO PAGO PELO PRODUTOR,
TERRA NUA,NÃO INFORMADO,8981,TUCUMÃ-PA,1508084,PA,NORTE,2025,9,PREÇO PAGO PELO PRODUTOR,
TERRA NUA,CAFÉ IRRIGADO,12477,MACHADINHO D'OESTE-RO,1100130,RO,NORTE,2025,10,PREÇO PAGO PELO PRODUTOR,
TERRA NUA,NÃO INFORMADO,8981,NOVA BRASILÂNDIA D'OESTE-RO,1100148,RO,NORTE,2025,10,PREÇO PAGO PELO PRODUTOR,
TERRA NUA,NÃO INFORMADO,8981,LAGOA DA CONFUSÃO-TO,1711902,TO,NORTE,2025,11,PREÇO PAGO PELO PRODUTOR,
TERRA NUA,NÃO INFORMADO,8981,PEDRO AFONSO-TO,1716505,TO,NORTE,2025,11,PREÇO PAGO PELO PRODUTOR,
TERRA NUA,NÃO INFORMADO,8981,LAGOA DA CONFUSÃO-TO,1711902,TO,NORTE,2026,2,PREÇO PAGO PELO PRODUTOR,
TERRA NUA,NÃO INFORMADO,8981,MANACAPURU-AM,1302504,AM,NORTE,2026,3,PREÇO PAGO PELO PRODUTOR,
TERRA NUA,NÃO INFORMADO,8981,FLORESTA DO ARAGUAIA-PA,1503044,PA,NORTE,2026,3,PREÇO PAGO PELO PRODUTOR,
TERRA NUA,NÃO INFORMADO,8981,MEDICILÂNDIA-PA,1504455,PA,NORTE,2026,3,PREÇO PAGO PELO PRODUTOR,
TERRA NUA,NÃO INFORMADO,8981,ÓBIDOS-PA,1505106,PA,NORTE,2026,3,PREÇO PAGO PELO PRODUTOR,
TERRA NUA,NÃO INFORMADO,8981,LAGOA DA CONFUSÃO-TO,1711902,TO,NORTE,2026,3,PREÇO PAGO PELO PRODUTOR,
TERRA NUA,NÃO INFORMADO,8981,PEDRO AFONSO-TO,1716505,TO,NORTE,2026,3,PREÇO PAGO PELO PRODUTOR,
TERRA NUA,NÃO INFORMADO,8981,IGARAPÉ-MIRI-PA,1503309,PA,NORTE,2026,5,PREÇO PAGO PELO PRODUTOR,
TERRA NUA,EXTRATIVISMO,12422,XAPURI-AC,1200708,AC,NORTE,2026,7,PREÇO PAGO PELO PRODUTOR,
TERRA NUA,NÃO INFORMADO,8981,BARCELOS-AM,1300409,AM,NORTE,2026,7,PREÇO PAGO PELO PRODUTOR,
TERRA NUA,NÃO INFORMADO,8981,BOCA DO ACRE-AM,1300706,AM,NORTE,2026,7,PREÇO PAGO PELO PRODUTOR,
TERRA NUA,NÃO INFORMADO,8981,CARAUARI-AM,1301001,AM,NORTE,2026,7,PREÇO PAGO PELO PRODUTOR,
TERRA NUA,NÃO INFORMADO,8981,COARI-AM,1301209,AM,NORTE,2026,7,PREÇO PAGO PELO PRODUTOR,
TERRA NUA,NÃO INFORMADO,8981,CODAJÁS-AM,1301308,AM,NORTE,2026,7,PREÇO PAGO PELO PRODUTOR,
TERRA NUA,NÃO INFORMADO,8981,LÁBREA-AM,1302405,AM,NORTE,2026,7,PREÇO PAGO PELO PRODUTOR,
TERRA NUA,NÃO INFORMADO,8981,MANICORÉ-AM,1302702,AM,NORTE,2026,7,PREÇO PAGO PELO PRODUTOR,
TERRA NUA,EXTRATIVISMO,12422,BELTERRA-PA,1501451,PA,NORTE,2026,7,PREÇO PAGO PELO PRODUTOR,
TERRA NUA,NÃO INFORMADO,8981,COLARES-PA,1502608,PA,NORTE,2026,7,PREÇO PAGO PELO PRODUTOR,
TERRA NUA,NÃO INFORMADO,8981,CURRALINHO-PA,1502806,PA,NORTE,2026,7,PREÇO PAGO PELO PRODUTOR,
TERRA NUA,NÃO INFORMADO,8981,IGARAPÉ-MIRI-PA,1503309,PA,NORTE,2026,7,PREÇO PAGO PELO PRODUTOR,
TERRA NUA,NÃO INFORMADO,8981,LIMOEIRO DO AJURU-PA,1504000,PA,NORTE,2026,7,PREÇO PAGO PELO PRODUTOR,
TERRA NUA,NÃO INFORMADO,8981,ORIXIMINÁ-PA,1505304,PA,NORTE,2026,7,PREÇO PAGO PELO PRODUTOR,
TIGER 100 EC,EC 100 G/L + 800 G/L,10323,PEDRO AFONSO-TO,1716505,TO,NORTE,2025,11,PREÇO PAGO PELO PRODUTOR,38.2
TIGER 100 EC,EC 100 G/L + 800 G/L,10323,PEDRO AFONSO-TO,1716505,TO,NORTE,2026,3,PREÇO PAGO PELO PRODUTOR,37.4
TOMATE,NÃO INFORMADO,4667,RIO BRANCO-AC,1200401,AC,NORTE,2025,9,VAREJO,8.66
TOMATE,NÃO INFORMADO,4667,MANAUS-AM,1302603,AM,NORTE,2025,9,VAREJO,8.55
TOMATE,NÃO INFORMADO,4667,MACAPÁ-AP,1600303,AP,NORTE,2025,9,VAREJO,10.19
TOMATE,NÃO INFORMADO,4667,BELÉM-PA,1501402,PA,NORTE,2025,9,VAREJO,8.56
TOMATE,NÃO INFORMADO,4667,PORTO VELHO-RO,1100205,RO,NORTE,2025,9,VAREJO,8.53
TOMATE,NÃO INFORMADO,4667,BOA VISTA-RR,1400100,RR,NORTE,2025,9,VAREJO,10.09
TOMATE,NÃO INFORMADO,4667,BOA VISTA-RR,1400100,RR,NORTE,2025,9,PREÇO RECEBIDO P/ PRODUTOR,13.26
TOMATE,NÃO INFORMADO,4667,PALMAS-TO,1721000,TO,NORTE,2025,9,VAREJO,5.37
TOMATE,NÃO INFORMADO,4667,RIO BRANCO-AC,1200401,AC,NORTE,2025,10,VAREJO,9.05
TOMATE,NÃO INFORMADO,4667,MANAUS-AM,1302603,AM,NORTE,2025,10,VAREJO,8.23
TOMATE,NÃO INFORMADO,4667,MACAPÁ-AP,1600303,AP,NORTE,2025,10,VAREJO,10.22
TOMATE,NÃO INFORMADO,4667,BELÉM-PA,1501402,PA,NORTE,2025,10,VAREJO,7.93
TOMATE,NÃO INFORMADO,4667,PORTO VELHO-RO,1100205,RO,NORTE,2025,10,VAREJO,8.3
TOMATE,NÃO INFORMADO,4667,BOA VISTA-RR,1400100,RR,NORTE,2025,10,VAREJO,9.96
TOMATE,NÃO INFORMADO,4667,BOA VISTA-RR,1400100,RR,NORTE,2025,10,PREÇO RECEBIDO P/ PRODUTOR,13.05
TOMATE,NÃO INFORMADO,4667,PALMAS-TO,1721000,TO,NORTE,2025,10,VAREJO,6.86
TOMATE,NÃO INFORMADO,4667,RIO BRANCO-AC,1200401,AC,NORTE,2025,11,VAREJO,9.06
TOMATE,NÃO INFORMADO,4667,MANAUS-AM,1302603,AM,NORTE,2025,11,VAREJO,7.94
TOMATE,NÃO INFORMADO,4667,MACAPÁ-AP,1600303,AP,NORTE,2025,11,VAREJO,7.79
TOMATE,NÃO INFORMADO,4667,BELÉM-PA,1501402,PA,NORTE,2025,11,VAREJO,7.62
TOMATE,NÃO INFORMADO,4667,PORTO VELHO-RO,1100205,RO,NORTE,2025,11,VAREJO,7.84
TOMATE,NÃO INFORMADO,4667,BOA VISTA-RR,1400100,RR,NORTE,2025,11,VAREJO,9.64
TOMATE,NÃO INFORMADO,4667,BOA VISTA-RR,1400100,RR,NORTE,2025,11,PREÇO RECEBIDO P/ PRODUTOR,10.99
TOMATE,NÃO INFORMADO,4667,PALMAS-TO,1721000,TO,NORTE,2025,11,VAREJO,5.75
TOMATE,NÃO INFORMADO,4667,RIO BRANCO-AC,1200401,AC,NORTE,2025,12,VAREJO,8.27
TOMATE,NÃO INFORMADO,4667,MANAUS-AM,1302603,AM,NORTE,2025,12,VAREJO,7.22
TOMATE,NÃO INFORMADO,4667,MACAPÁ-AP,1600303,AP,NORTE,2025,12,VAREJO,7.99
TOMATE,NÃO INFORMADO,4667,BELÉM-PA,1501402,PA,NORTE,2025,12,VAREJO,7.26
TOMATE,NÃO INFORMADO,4667,PORTO VELHO-RO,1100205,RO,NORTE,2025,12,VAREJO,5.82
TOMATE,NÃO INFORMADO,4667,BOA VISTA-RR,1400100,RR,NORTE,2025,12,VAREJO,8.86
TOMATE,NÃO INFORMADO,4667,BOA VISTA-RR,1400100,RR,NORTE,2025,12,PREÇO RECEBIDO P/ PRODUTOR,11.2
TOMATE,NÃO INFORMADO,4667,PALMAS-TO,1721000,TO,NORTE,2025,12,VAREJO,5.62
TOMATE,NÃO INFORMADO,4667,RIO BRANCO-AC,1200401,AC,NORTE,2026,1,VAREJO,8.6
TOMATE,NÃO INFORMADO,4667,MANAUS-AM,1302603,AM,NORTE,2026,1,VAREJO,8.8
TOMATE,NÃO INFORMADO,4667,MACAPÁ-AP,1600303,AP,NORTE,2026,1,VAREJO,8.56
TOMATE,NÃO INFORMADO,4667,BELÉM-PA,1501402,PA,NORTE,2026,1,VAREJO,8.14
TOMATE,NÃO INFORMADO,4667,PORTO VELHO-RO,1100205,RO,NORTE,2026,1,VAREJO,7.29
TOMATE,NÃO INFORMADO,4667,BOA VISTA-RR,1400100,RR,NORTE,2026,1,VAREJO,9.47
TOMATE,NÃO INFORMADO,4667,PALMAS-TO,1721000,TO,NORTE,2026,1,VAREJO,7.87
TOMATE,NÃO INFORMADO,4667,RIO BRANCO-AC,1200401,AC,NORTE,2026,2,VAREJO,8.68
TOMATE,NÃO INFORMADO,4667,MANAUS-AM,1302603,AM,NORTE,2026,2,VAREJO,8.16
TOMATE,NÃO INFORMADO,4667,MACAPÁ-AP,1600303,AP,NORTE,2026,2,VAREJO,8.4
TOMATE,NÃO INFORMADO,4667,BELÉM-PA,1501402,PA,NORTE,2026,2,VAREJO,7.87
TOMATE,NÃO INFORMADO,4667,PORTO VELHO-RO,1100205,RO,NORTE,2026,2,VAREJO,7.18
TOMATE,NÃO INFORMADO,4667,BOA VISTA-RR,1400100,RR,NORTE,2026,2,VAREJO,9.48
TOMATE,NÃO INFORMADO,4667,PALMAS-TO,1721000,TO,NORTE,2026,2,VAREJO,8.23
TOMATE,NÃO INFORMADO,4667,RIO BRANCO-AC,1200401,AC,NORTE,2026,3,VAREJO,9.23
TOMATE,NÃO INFORMADO,4667,MANAUS-AM,1302603,AM,NORTE,2026,3,VAREJO,11.2
TOMATE,NÃO INFORMADO,4667,MACAPÁ-AP,1600303,AP,NORTE,2026,3,VAREJO,9.05
TOMATE,NÃO INFORMADO,4667,BELÉM-PA,1501402,PA,NORTE,2026,3,VAREJO,9.09
TOMATE,NÃO INFORMADO,4667,PORTO VELHO-RO,1100205,RO,NORTE,2026,3,VAREJO,8.35
TOMATE,NÃO INFORMADO,4667,BOA VISTA-RR,1400100,RR,NORTE,2026,3,VAREJO,10.69
TOMATE,NÃO INFORMADO,4667,PALMAS-TO,1721000,TO,NORTE,2026,3,VAREJO,9.13
TOMATE,NÃO INFORMADO,4667,RIO BRANCO-AC,1200401,AC,NORTE,2026,4,VAREJO,10.16
TOMATE,NÃO INFORMADO,4667,MANAUS-AM,1302603,AM,NORTE,2026,4,VAREJO,12.36
TOMATE,NÃO INFORMADO,4667,MACAPÁ-AP,1600303,AP,NORTE,2026,4,VAREJO,10.2
TOMATE,NÃO INFORMADO,4667,BELÉM-PA,1501402,PA,NORTE,2026,4,VAREJO,10.4
TOMATE,NÃO INFORMADO,4667,PORTO VELHO-RO,1100205,RO,NORTE,2026,4,VAREJO,10.19
TOMATE,NÃO INFORMADO,4667,BOA VISTA-RR,1400100,RR,NORTE,2026,4,VAREJO,12.23
TOMATE,NÃO INFORMADO,4667,PALMAS-TO,1721000,TO,NORTE,2026,4,VAREJO,9.42
TOMATE,NÃO INFORMADO,4667,RIO BRANCO-AC,1200401,AC,NORTE,2026,5,VAREJO,12.02
TOMATE,NÃO INFORMADO,4667,MANAUS-AM,1302603,AM,NORTE,2026,5,VAREJO,13.59
TOMATE,NÃO INFORMADO,4667,MACAPÁ-AP,1600303,AP,NORTE,2026,5,VAREJO,10.98
TOMATE,NÃO INFORMADO,4667,BELÉM-PA,1501402,PA,NORTE,2026,5,VAREJO,12.29
TOMATE,NÃO INFORMADO,4667,PORTO VELHO-RO,1100205,RO,NORTE,2026,5,VAREJO,11.9
TOMATE,NÃO INFORMADO,4667,BOA VISTA-RR,1400100,RR,NORTE,2026,5,VAREJO,13.54
TOMATE,NÃO INFORMADO,4667,PALMAS-TO,1721000,TO,NORTE,2026,5,VAREJO,11.25
TOMATE,NÃO INFORMADO,4667,RIO BRANCO-AC,1200401,AC,NORTE,2026,6,VAREJO,12.71
TOMATE,NÃO INFORMADO,4667,MANAUS-AM,1302603,AM,NORTE,2026,6,VAREJO,13.51
TOMATE,NÃO INFORMADO,4667,MACAPÁ-AP,1600303,AP,NORTE,2026,6,VAREJO,11.04
TOMATE,NÃO INFORMADO,4667,BELÉM-PA,1501402,PA,NORTE,2026,6,VAREJO,12.45
TOMATE,NÃO INFORMADO,4667,PORTO VELHO-RO,1100205,RO,NORTE,2026,6,VAREJO,12.46
TOMATE,NÃO INFORMADO,4667,BOA VISTA-RR,1400100,RR,NORTE,2026,6,VAREJO,14.22
TOMATE,NÃO INFORMADO,4667,PALMAS-TO,1721000,TO,NORTE,2026,6,VAREJO,12.36
TOMATE,NÃO INFORMADO,4667,RIO BRANCO-AC,1200401,AC,NORTE,2026,7,VAREJO,11.61
TOMATE,NÃO INFORMADO,4667,MANAUS-AM,1302603,AM,NORTE,2026,7,VAREJO,10.3
TOMATE,NÃO INFORMADO,4667,MACAPÁ-AP,1600303,AP,NORTE,2026,7,VAREJO,10.71
TOMATE,NÃO INFORMADO,4667,BELÉM-PA,1501402,PA,NORTE,2026,7,VAREJO,9.61
TOMATE,NÃO INFORMADO,4667,PORTO VELHO-RO,1100205,RO,NORTE,2026,7,VAREJO,10.87
TOMATE,NÃO INFORMADO,4667,BOA VISTA-RR,1400100,RR,NORTE,2026,7,VAREJO,11.95
TOMATE,NÃO INFORMADO,4667,PALMAS-TO,1721000,TO,NORTE,2026,7,VAREJO,7.47
TOMATE,NÃO INFORMADO,4667,RIO BRANCO-AC,1200401,AC,NORTE,2026,8,VAREJO,8.6
TOMATE,NÃO INFORMADO,4667,MANAUS-AM,1302603,AM,NORTE,2026,8,VAREJO,7.52
TOMATE,NÃO INFORMADO,4667,MACAPÁ-AP,1600303,AP,NORTE,2026,8,VAREJO,10.19
TOMATE,NÃO INFORMADO,4667,BELÉM-PA,1501402,PA,NORTE,2026,8,VAREJO,8.07
TOMATE,NÃO INFORMADO,4667,PORTO VELHO-RO,1100205,RO,NORTE,2026,8,VAREJO,9.02
TOMATE,NÃO INFORMADO,4667,BOA VISTA-RR,1400100,RR,NORTE,2026,8,VAREJO,9.72
TOMATE,NÃO INFORMADO,4667,PALMAS-TO,1721000,TO,NORTE,2026,8,VAREJO,6.27
TRANSPORTE DA AMOSTRA DE,NÃO INFORMADO,12885,MEDICILÂNDIA-PA,1504455,PA,NORTE,2026,3,PREÇO PAGO PELO PRODUTOR,98.0
TRANSPORTE DE MUDAS,CAFÉ,14406,NOVA BRASILÂNDIA D'OESTE-RO,1100148,RO,NORTE,2025,10,PREÇO PAGO PELO PRODUTOR,
TRANSPORTE DE MUDAS,NÃO INFORMADO,8654,FLORESTA DO ARAGUAIA-PA,1503044,PA,NORTE,2026,3,PREÇO PAGO PELO PRODUTOR,
TRANSPORTE DE PESSOAS,PASSAGEM COARI ATÉ M,12292,COARI-AM,1301209,AM,NORTE,2026,7,PREÇO PAGO PELO PRODUTOR,100.0
TRANSPORTE EXTERNO,RAIO 80 KM,12101,TUCUMÃ-PA,1508084,PA,NORTE,2025,9,PREÇO PAGO PELO PRODUTOR,0.06
TRANSPORTE EXTERNO,NÃO INFORMADO,6196,LAGOA DA CONFUSÃO-TO,1711902,TO,NORTE,2025,11,PREÇO PAGO PELO PRODUTOR,0.07
TRANSPORTE EXTERNO,RAIO 30 KM,6212,PEDRO AFONSO-TO,1716505,TO,NORTE,2025,11,PREÇO PAGO PELO PRODUTOR,0.06
TRANSPORTE EXTERNO,NÃO INFORMADO,6196,LAGOA DA CONFUSÃO-TO,1711902,TO,NORTE,2026,2,PREÇO PAGO PELO PRODUTOR,0.07
TRANSPORTE EXTERNO,NÃO INFORMADO,6196,LAGOA DA CONFUSÃO-TO,1711902,TO,NORTE,2026,3,PREÇO PAGO PELO PRODUTOR,0.07
TRANSPORTE EXTERNO,RAIO 30 KM,6212,PEDRO AFONSO-TO,1716505,TO,NORTE,2026,3,PREÇO PAGO PELO PRODUTOR,0.06
TRANSPORTE EXTERNO,BORRACHA,14946,SENA MADUREIRA-AC,1200500,AC,NORTE,2026,7,PREÇO PAGO PELO PRODUTOR,2.5
TRANSPORTE EXTERNO,CASTANHA DO BRASIL,11674,SENA MADUREIRA-AC,1200500,AC,NORTE,2026,7,PREÇO PAGO PELO PRODUTOR,0.5
TRANSPORTE EXTERNO,CACAU COARI ATÉ MANA,12293,COARI-AM,1301209,AM,NORTE,2026,7,PREÇO PAGO PELO PRODUTOR,0.17
TRANSPORTE EXTERNO,NÃO INFORMADO,6196,CODAJÁS-AM,1301308,AM,NORTE,2026,7,PREÇO PAGO PELO PRODUTOR,0.21
TRANSPORTE EXTERNO,AÇAÍ DE BARCO,15329,CODAJÁS-AM,1301308,AM,NORTE,2026,7,PREÇO PAGO PELO PRODUTOR,0.4
TRANSPORTE EXTERNO,AÇAÍ DE MOTOCICLETA,15330,CODAJÁS-AM,1301308,AM,NORTE,2026,7,PREÇO PAGO PELO PRODUTOR,0.2
TRANSPORTE EXTERNO,ANDIROBA DA COMUNIDA,13896,BELTERRA-PA,1501451,PA,NORTE,2026,7,PREÇO PAGO PELO PRODUTOR,
TRANSPORTE EXTERNO,NÃO INFORMADO,6196,IGARAPÉ-MIRI-PA,1503309,PA,NORTE,2026,7,PREÇO PAGO PELO PRODUTOR,0.21
TRANSPORTE INTERNO,NÃO INFORMADO,4617,MACHADINHO D'OESTE-RO,1100130,RO,NORTE,2025,10,PREÇO PAGO PELO PRODUTOR,
TRAPICHO,COM COBERTURA,14088,CURRALINHO-PA,1502806,PA,NORTE,2026,7,PREÇO PAGO PELO PRODUTOR,
TRAPICHO,COMPRIMENTO 7 METROS,15571,IGARAPÉ-MIRI-PA,1503309,PA,NORTE,2026,7,PREÇO PAGO PELO PRODUTOR,20000.0
TRAPICHO,COM COBERTURA,14088,LIMOEIRO DO AJURU-PA,1504000,PA,NORTE,2026,7,PREÇO PAGO PELO PRODUTOR,
TRATOR,105,14524,TUCUMÃ-PA,1508084,PA,NORTE,2025,9,PREÇO PAGO PELO PRODUTOR,390000.0
TRATOR,180 4X4 NEW HOLLAND,13971,LAGOA DA CONFUSÃO-TO,1711902,TO,NORTE,2025,11,PREÇO PAGO PELO PRODUTOR,795000.0
TRATOR,"110 CABINADO, COM GP",13967,LAGOA DA CONFUSÃO-TO,1711902,TO,NORTE,2025,11,PREÇO PAGO PELO PRODUTOR,368000.0
TRATOR,140 4X4 NEW HOLLAND,5138,LAGOA DA CONFUSÃO-TO,1711902,TO,NORTE,2025,11,PREÇO PAGO PELO PRODUTOR,530000.0
TRATOR,110 4X4 NEW HOLLAND,14011,PEDRO AFONSO-TO,1716505,TO,NORTE,2025,11,PREÇO PAGO PELO PRODUTOR,358300.0
TRATOR,205,14012,PEDRO AFONSO-TO,1716505,TO,NORTE,2025,11,PREÇO PAGO PELO PRODUTOR,798000.0
TRATOR,126 4X4 MASSEY FERGU,10973,PEDRO AFONSO-TO,1716505,TO,NORTE,2025,11,PREÇO PAGO PELO PRODUTOR,431800.0
TRATOR,"110 CABINADO, COM GP",13967,LAGOA DA CONFUSÃO-TO,1711902,TO,NORTE,2026,2,PREÇO PAGO PELO PRODUTOR,500000.0
TRATOR,140 4X4 NEW HOLLAND,5138,LAGOA DA CONFUSÃO-TO,1711902,TO,NORTE,2026,2,PREÇO PAGO PELO PRODUTOR,680000.0
TRATOR,125 4X4 NEW HOLLAND,5137,LAGOA DA CONFUSÃO-TO,1711902,TO,NORTE,2026,2,PREÇO PAGO PELO PRODUTOR,530000.0
TRATOR,180 4X4 NEW HOLLAND,13971,LAGOA DA CONFUSÃO-TO,1711902,TO,NORTE,2026,3,PREÇO PAGO PELO PRODUTOR,795000.0
TRATOR,"110 CABINADO, COM GP",13967,LAGOA DA CONFUSÃO-TO,1711902,TO,NORTE,2026,3,PREÇO PAGO PELO PRODUTOR,500000.0
TRATOR,140 4X4 NEW HOLLAND,5138,LAGOA DA CONFUSÃO-TO,1711902,TO,NORTE,2026,3,PREÇO PAGO PELO PRODUTOR,680000.0
TRATOR,110 4X4 NEW HOLLAND,14011,PEDRO AFONSO-TO,1716505,TO,NORTE,2026,3,PREÇO PAGO PELO PRODUTOR,360500.0
TRATOR,205,14012,PEDRO AFONSO-TO,1716505,TO,NORTE,2026,3,PREÇO PAGO PELO PRODUTOR,710000.0
TRATOR,126 4X4 MASSEY FERGU,10973,PEDRO AFONSO-TO,1716505,TO,NORTE,2026,3,PREÇO PAGO PELO PRODUTOR,425000.0
TRATORISTA,NÃO INFORMADO,9084,BOCA DO ACRE-AM,1300706,AM,NORTE,2026,7,PREÇO PAGO PELO PRODUTOR,
TRATORISTA SEM ENCARGOS,NÃO INFORMADO,9253,IGARAPÉ-MIRI-PA,1503309,PA,NORTE,2025,9,PREÇO PAGO PELO PRODUTOR,
TRATORISTA SEM ENCARGOS,NÃO INFORMADO,9253,ÓBIDOS-PA,1505106,PA,NORTE,2025,9,PREÇO PAGO PELO PRODUTOR,
TRATORISTA SEM ENCARGOS,NÃO INFORMADO,9253,TUCUMÃ-PA,1508084,PA,NORTE,2025,9,PREÇO PAGO PELO PRODUTOR,
TRATORISTA SEM ENCARGOS,AGRICULTURA FAMILIAR,11494,MACHADINHO D'OESTE-RO,1100130,RO,NORTE,2025,10,PREÇO PAGO PELO PRODUTOR,
TRATORISTA SEM ENCARGOS,NÃO INFORMADO,9253,NOVA BRASILÂNDIA D'OESTE-RO,1100148,RO,NORTE,2025,10,PREÇO PAGO PELO PRODUTOR,
TRATORISTA SEM ENCARGOS,NÃO INFORMADO,9253,LAGOA DA CONFUSÃO-TO,1711902,TO,NORTE,2025,11,PREÇO PAGO PELO PRODUTOR,
TRATORISTA SEM ENCARGOS,NÃO INFORMADO,9253,PEDRO AFONSO-TO,1716505,TO,NORTE,2025,11,PREÇO PAGO PELO PRODUTOR,
TRATORISTA SEM ENCARGOS,NÃO INFORMADO,9253,LAGOA DA CONFUSÃO-TO,1711902,TO,NORTE,2026,2,PREÇO PAGO PELO PRODUTOR,
TRATORISTA SEM ENCARGOS,NÃO INFORMADO,9253,MANACAPURU-AM,1302504,AM,NORTE,2026,3,PREÇO PAGO PELO PRODUTOR,
TRATORISTA SEM ENCARGOS,AGRICULTURA FAMILIAR,11494,FLORESTA DO ARAGUAIA-PA,1503044,PA,NORTE,2026,3,PREÇO PAGO PELO PRODUTOR,
TRATORISTA SEM ENCARGOS,NÃO INFORMADO,9253,MEDICILÂNDIA-PA,1504455,PA,NORTE,2026,3,PREÇO PAGO PELO PRODUTOR,
TRATORISTA SEM ENCARGOS,NÃO INFORMADO,9253,ÓBIDOS-PA,1505106,PA,NORTE,2026,3,PREÇO PAGO PELO PRODUTOR,
TRATORISTA SEM ENCARGOS,NÃO INFORMADO,9253,LAGOA DA CONFUSÃO-TO,1711902,TO,NORTE,2026,3,PREÇO PAGO PELO PRODUTOR,
TRATORISTA SEM ENCARGOS,NÃO INFORMADO,9253,PEDRO AFONSO-TO,1716505,TO,NORTE,2026,3,PREÇO PAGO PELO PRODUTOR,
TRATORISTA SEM ENCARGOS,NÃO INFORMADO,9253,IGARAPÉ-MIRI-PA,1503309,PA,NORTE,2026,5,PREÇO PAGO PELO PRODUTOR,
TRATORISTA SEM ENCARGOS,NÃO INFORMADO,9253,SENA MADUREIRA-AC,1200500,AC,NORTE,2026,7,PREÇO PAGO PELO PRODUTOR,
TRATORISTA SEM ENCARGOS,AGRICULTURA FAMILIAR,11494,XAPURI-AC,1200708,AC,NORTE,2026,7,PREÇO PAGO PELO PRODUTOR,
TRATORISTA SEM ENCARGOS,NÃO INFORMADO,9253,BARCELOS-AM,1300409,AM,NORTE,2026,7,PREÇO PAGO PELO PRODUTOR,
TRATORISTA SEM ENCARGOS,NÃO INFORMADO,9253,CARAUARI-AM,1301001,AM,NORTE,2026,7,PREÇO PAGO PELO PRODUTOR,
TRATORISTA SEM ENCARGOS,NÃO INFORMADO,9253,COARI-AM,1301209,AM,NORTE,2026,7,PREÇO PAGO PELO PRODUTOR,
TRATORISTA SEM ENCARGOS,NÃO INFORMADO,9253,CODAJÁS-AM,1301308,AM,NORTE,2026,7,PREÇO PAGO PELO PRODUTOR,
TRATORISTA SEM ENCARGOS,NÃO INFORMADO,9253,LÁBREA-AM,1302405,AM,NORTE,2026,7,PREÇO PAGO PELO PRODUTOR,
TRATORISTA SEM ENCARGOS,NÃO INFORMADO,9253,MANICORÉ-AM,1302702,AM,NORTE,2026,7,PREÇO PAGO PELO PRODUTOR,
TRATORISTA SEM ENCARGOS,NÃO INFORMADO,9253,ALTAMIRA-PA,1500602,PA,NORTE,2026,7,PREÇO PAGO PELO PRODUTOR,
TRATORISTA SEM ENCARGOS,NÃO INFORMADO,9253,BELTERRA-PA,1501451,PA,NORTE,2026,7,PREÇO PAGO PELO PRODUTOR,
TRATORISTA SEM ENCARGOS,NÃO INFORMADO,9253,COLARES-PA,1502608,PA,NORTE,2026,7,PREÇO PAGO PELO PRODUTOR,
TRATORISTA SEM ENCARGOS,NÃO INFORMADO,9253,CURRALINHO-PA,1502806,PA,NORTE,2026,7,PREÇO PAGO PELO PRODUTOR,
TRATORISTA SEM ENCARGOS,NÃO INFORMADO,9253,IGARAPÉ-MIRI-PA,1503309,PA,NORTE,2026,7,PREÇO PAGO PELO PRODUTOR,
TRATORISTA SEM ENCARGOS,NÃO INFORMADO,9253,LIMOEIRO DO AJURU-PA,1504000,PA,NORTE,2026,7,PREÇO PAGO PELO PRODUTOR,
TRATORISTA SEM ENCARGOS,NÃO INFORMADO,9253,ORIXIMINÁ-PA,1505304,PA,NORTE,2026,7,PREÇO PAGO PELO PRODUTOR,
TULHA DE MADEIRA,NÃO INFORMADO,4407,MACHADINHO D'OESTE-RO,1100130,RO,NORTE,2025,10,PREÇO PAGO PELO PRODUTOR,
UREIA,NÃO INFORMADO,4579,NOVA BRASILÂNDIA D'OESTE-RO,1100148,RO,NORTE,2025,10,PREÇO PAGO PELO PRODUTOR,10.28
UREIA,PARA COBERTURA,13565,LAGOA DA CONFUSÃO-TO,1711902,TO,NORTE,2025,11,PREÇO PAGO PELO PRODUTOR,2.98
UREIA,PARA COBERTURA,13565,LAGOA DA CONFUSÃO-TO,1711902,TO,NORTE,2026,2,PREÇO PAGO PELO PRODUTOR,3.3
UREIA,PARA COBERTURA,13565,LAGOA DA CONFUSÃO-TO,1711902,TO,NORTE,2026,3,PREÇO PAGO PELO PRODUTOR,3.3
UREIA 45,NÃO INFORMADO,4580,FLORESTA DO ARAGUAIA-PA,1503044,PA,NORTE,2026,3,PREÇO PAGO PELO PRODUTOR,5.0
VALETADEIRA,"ROTATIVA - COMP. 2,1",15506,LAGOA DA CONFUSÃO-TO,1711902,TO,NORTE,2026,2,PREÇO PAGO PELO PRODUTOR,35000.0
VALETADEIRA,"ROTATIVA - COMP. 2,1",15506,LAGOA DA CONFUSÃO-TO,1711902,TO,NORTE,2026,3,PREÇO PAGO PELO PRODUTOR,35000.0
VARA,10 M,13913,MANACAPURU-AM,1302504,AM,NORTE,2026,3,PREÇO PAGO PELO PRODUTOR,55.0
VEGET OIL,NÃO INFORMADO,7161,LAGOA DA CONFUSÃO-TO,1711902,TO,NORTE,2025,11,PREÇO PAGO PELO PRODUTOR,27.05
VEGET OIL,NÃO INFORMADO,7161,LAGOA DA CONFUSÃO-TO,1711902,TO,NORTE,2026,2,PREÇO PAGO PELO PRODUTOR,66.0
VEGET OIL,OIL 930 G/L ÓLEO MIN,7162,LAGOA DA CONFUSÃO-TO,1711902,TO,NORTE,2026,2,PREÇO PAGO PELO PRODUTOR,66.0
VEGET OIL,OIL 930 G/L ÓLEO MIN,7162,LAGOA DA CONFUSÃO-TO,1711902,TO,NORTE,2026,3,PREÇO PAGO PELO PRODUTOR,66.0
VEGET OIL,NÃO INFORMADO,7161,LAGOA DA CONFUSÃO-TO,1711902,TO,NORTE,2026,3,PREÇO PAGO PELO PRODUTOR,66.0
VERDADERO,600 WG 300 G/KG TIAM,8480,NOVA BRASILÂNDIA D'OESTE-RO,1100148,RO,NORTE,2025,10,PREÇO PAGO PELO PRODUTOR,535.0
VITAPHIX POWER,NÃO INFORMADO,15510,LAGOA DA CONFUSÃO-TO,1711902,TO,NORTE,2026,2,PREÇO PAGO PELO PRODUTOR,97.0
VITAPHIX POWER,NÃO INFORMADO,15510,LAGOA DA CONFUSÃO-TO,1711902,TO,NORTE,2026,3,PREÇO PAGO PELO PRODUTOR,97.0
ZAPP QI 620,NÃO INFORMADO,10589,PEDRO AFONSO-TO,1716505,TO,NORTE,2025,11,PREÇO PAGO PELO PRODUTOR,24.15
ZAPP QI 620,NÃO INFORMADO,10589,PEDRO AFONSO-TO,1716505,TO,NORTE,2026,3,PREÇO PAGO PELO PRODUTOR,23.5
ZARTAN,NÃO INFORMADO,11817,LAGOA DA CONFUSÃO-TO,1711902,TO,NORTE,2025,11,PREÇO PAGO PELO PRODUTOR,631.4
ZARTAN,NÃO INFORMADO,11817,LAGOA DA CONFUSÃO-TO,1711902,TO,NORTE,2026,2,PREÇO PAGO PELO PRODUTOR,631.4
ZARTAN,NÃO INFORMADO,11817,LAGOA DA CONFUSÃO-TO,1711902,TO,NORTE,2026,3,PREÇO PAGO PELO PRODUTOR,631.4
ZINCO AGRICHEM,NÃO INFORMADO,13979,LAGOA DA CONFUSÃO-TO,1711902,TO,NORTE,2025,11,PREÇO PAGO PELO PRODUTOR,95.7
ZINCO AGRICHEM,NÃO INFORMADO,13979,LAGOA DA CONFUSÃO-TO,1711902,TO,NORTE,2026,2,PREÇO PAGO PELO PRODUTOR,95.7
ZINCO AGRICHEM,NÃO INFORMADO,13979,LAGOA DA CONFUSÃO-TO,1711902,TO,NORTE,2026,3,PREÇO PAGO PELO PRODUTOR,95.7
