descricao_produto_preco_minimo,id_produto,uf,regionalizacao,ano_inicio_vigencia,mes_incio_vigencia,ano_termino_vigencia,mes_termino_vigencia,preco,dsc_unidade_comercializacao,nome_normativo,url
AÇAÍ (FRUTO) - PRODUTO EXTRATIVO,6331,AC,AC,2014,7,2015,6,1.11,kg,"PORTARIA  Nº  190,  DE  9  DE",NI
AÇAÍ (FRUTO) - PRODUTO EXTRATIVO,6331,AC,AC,2015,7,2016,6,1.18,kg,"PORTARIA  Nº  190,  DE  9  DE",NI
AÇAÍ (FRUTO) - PRODUTO EXTRATIVO,6331,AC,AC,2016,7,2017,6,1.29,kg,"PORTARIA Nº 123, DE 5 DE JULHO",http://biblioteca.conab.gov.br/phl82/pdf/legislacao/2016_PRT_123.pdf
AÇAÍ (FRUTO) - PRODUTO EXTRATIVO,6331,AC,AC,2017,7,2017,12,1.29,kg,"PORTARIA Nº 1.577, DE 17 DE JU",http://biblioteca.conab.gov.br/phl82/pdf/legislacao/2017_PRT_1577.pdf
AÇAÍ (FRUTO) - PRODUTO EXTRATIVO,6331,AC,AC,2018,1,2018,12,1.6,kg,"PORTARIA Nº 14, DE 3 DE JANEIR",http://biblioteca.conab.gov.br/phl82/pdf/legislacao/2018_PRT_14.pdf
AÇAÍ (FRUTO) - PRODUTO EXTRATIVO,6331,AC,AC,2019,1,2019,12,1.63,kg,"PORTARIA Nº 141, DE 8 DE JANEI",http://biblioteca.conab.gov.br/phl82/pdf/legislacao/2019_PRT_141.pdf
AÇAÍ (FRUTO) - PRODUTO EXTRATIVO,6331,AC,AC,2020,1,2020,12,1.41,kg,"PORTARIA Nº 313, DE 30 DE DEZE",http://biblioteca.conab.gov.br/phl82/pdf/legislacao/2019_PRT_313.pdf
AÇAÍ (FRUTO) - PRODUTO EXTRATIVO,6331,AC,AC,2021,1,2021,12,1.41,kg,PREÇOS MÍNIMOS DOS PRODUTOS DE,http://biblioteca.conab.gov.br/phl82/pdf/legislacao/2021_PRT_18.pdf
AÇAÍ (FRUTO) - PRODUTO EXTRATIVO,6331,AC,AC,2022,1,2022,12,1.63,kg,"PORTARIA MAPA Nº 376, DE 22 DE",http://biblioteca.conab.gov.br/phl82/pdf/legislacao/2021_PRT_376.pdf
AÇAÍ (FRUTO) - PRODUTO EXTRATIVO,6331,AC,AC,2023,1,2023,12,1.81,kg,"PORTARIA MAPA Nº 534, DE 19 DE",https://www.in.gov.br/en/web/dou/-/portaria-mapa-n-534-de-19-de-dezembro-de-2022-452020932
AÇAÍ (FRUTO) - PRODUTO EXTRATIVO,6331,AC,AC,2024,1,2024,12,1.98,kg,"PORTARIA MDA N° 41, DE 29 DE D",https://www.in.gov.br/web/dou/-/portaria-mda-n-41-de-29-de-dezembro-de-2023-535311884
AÇAÍ (FRUTO) - PRODUTO EXTRATIVO,6331,AC,AC,2025,1,2025,12,1.98,kg,"PORTARIA MAPA Nº 750, DE 24 DE",https://www.in.gov.br/en/web/dou/-/portaria-mapa-n-750-de-24-de-dezembro-de-2024-604348255
AÇAÍ (FRUTO) - PRODUTO EXTRATIVO,6331,AC,AC,2026,1,2026,12,2.28,kg,"PORTARIA MAPA Nº 868, DE 1º DE",https://in.gov.br/en/web/dou/-/portaria-mapa-n-868-de-1-de-dezembro-de-2025-672624071
AÇAÍ (FRUTO) - PRODUTO EXTRATIVO,6331,AM,AM,2014,7,2015,6,1.11,kg,"PORTARIA  Nº  190,  DE  9  DE",NI
AÇAÍ (FRUTO) - PRODUTO EXTRATIVO,6331,AM,AM,2015,7,2016,6,1.18,kg,"PORTARIA  Nº  190,  DE  9  DE",NI
AÇAÍ (FRUTO) - PRODUTO EXTRATIVO,6331,AM,AM,2016,7,2017,6,1.29,kg,"PORTARIA Nº 123, DE 5 DE JULHO",http://biblioteca.conab.gov.br/phl82/pdf/legislacao/2016_PRT_123.pdf
AÇAÍ (FRUTO) - PRODUTO EXTRATIVO,6331,AM,AM,2017,7,2017,12,1.29,kg,"PORTARIA Nº 1.577, DE 17 DE JU",http://biblioteca.conab.gov.br/phl82/pdf/legislacao/2017_PRT_1577.pdf
AÇAÍ (FRUTO) - PRODUTO EXTRATIVO,6331,AM,AM,2018,1,2018,12,1.6,kg,"PORTARIA Nº 14, DE 3 DE JANEIR",http://biblioteca.conab.gov.br/phl82/pdf/legislacao/2018_PRT_14.pdf
AÇAÍ (FRUTO) - PRODUTO EXTRATIVO,6331,AM,AM,2019,1,2019,12,1.63,kg,"PORTARIA Nº 141, DE 8 DE JANEI",http://biblioteca.conab.gov.br/phl82/pdf/legislacao/2019_PRT_141.pdf
AÇAÍ (FRUTO) - PRODUTO EXTRATIVO,6331,AM,AM,2020,1,2020,12,1.41,kg,"PORTARIA Nº 313, DE 30 DE DEZE",http://biblioteca.conab.gov.br/phl82/pdf/legislacao/2019_PRT_313.pdf
AÇAÍ (FRUTO) - PRODUTO EXTRATIVO,6331,AM,AM,2021,1,2021,12,1.41,kg,PREÇOS MÍNIMOS DOS PRODUTOS DE,http://biblioteca.conab.gov.br/phl82/pdf/legislacao/2021_PRT_18.pdf
AÇAÍ (FRUTO) - PRODUTO EXTRATIVO,6331,AM,AM,2022,1,2022,12,1.63,kg,"PORTARIA MAPA Nº 376, DE 22 DE",http://biblioteca.conab.gov.br/phl82/pdf/legislacao/2021_PRT_376.pdf
AÇAÍ (FRUTO) - PRODUTO EXTRATIVO,6331,AM,AM,2023,1,2023,12,1.81,kg,"PORTARIA MAPA Nº 534, DE 19 DE",https://www.in.gov.br/en/web/dou/-/portaria-mapa-n-534-de-19-de-dezembro-de-2022-452020932
AÇAÍ (FRUTO) - PRODUTO EXTRATIVO,6331,AM,AM,2024,1,2024,12,1.98,kg,"PORTARIA MDA N° 41, DE 29 DE D",https://www.in.gov.br/web/dou/-/portaria-mda-n-41-de-29-de-dezembro-de-2023-535311884
AÇAÍ (FRUTO) - PRODUTO EXTRATIVO,6331,AM,AM,2025,1,2025,12,1.98,kg,"PORTARIA MAPA Nº 750, DE 24 DE",https://www.in.gov.br/en/web/dou/-/portaria-mapa-n-750-de-24-de-dezembro-de-2024-604348255
AÇAÍ (FRUTO) - PRODUTO EXTRATIVO,6331,AM,AM,2026,1,2026,12,2.28,kg,"PORTARIA MAPA Nº 868, DE 1º DE",https://in.gov.br/en/web/dou/-/portaria-mapa-n-868-de-1-de-dezembro-de-2025-672624071
AÇAÍ (FRUTO) - PRODUTO EXTRATIVO,6331,AP,AP,2014,7,2015,6,1.11,kg,"PORTARIA  Nº  190,  DE  9  DE",NI
AÇAÍ (FRUTO) - PRODUTO EXTRATIVO,6331,AP,AP,2015,7,2016,6,1.18,kg,"PORTARIA  Nº  190,  DE  9  DE",NI
AÇAÍ (FRUTO) - PRODUTO EXTRATIVO,6331,AP,AP,2016,7,2017,6,1.29,kg,"PORTARIA Nº 123, DE 5 DE JULHO",http://biblioteca.conab.gov.br/phl82/pdf/legislacao/2016_PRT_123.pdf
AÇAÍ (FRUTO) - PRODUTO EXTRATIVO,6331,AP,AP,2017,7,2017,12,1.29,kg,"PORTARIA Nº 1.577, DE 17 DE JU",http://biblioteca.conab.gov.br/phl82/pdf/legislacao/2017_PRT_1577.pdf
AÇAÍ (FRUTO) - PRODUTO EXTRATIVO,6331,AP,AP,2018,1,2018,12,1.6,kg,"PORTARIA Nº 14, DE 3 DE JANEIR",http://biblioteca.conab.gov.br/phl82/pdf/legislacao/2018_PRT_14.pdf
AÇAÍ (FRUTO) - PRODUTO EXTRATIVO,6331,AP,AP,2019,1,2019,12,1.63,kg,"PORTARIA Nº 141, DE 8 DE JANEI",http://biblioteca.conab.gov.br/phl82/pdf/legislacao/2019_PRT_141.pdf
AÇAÍ (FRUTO) - PRODUTO EXTRATIVO,6331,AP,AP,2020,1,2020,12,1.41,kg,"PORTARIA Nº 313, DE 30 DE DEZE",http://biblioteca.conab.gov.br/phl82/pdf/legislacao/2019_PRT_313.pdf
AÇAÍ (FRUTO) - PRODUTO EXTRATIVO,6331,AP,AP,2021,1,2021,12,1.41,kg,PREÇOS MÍNIMOS DOS PRODUTOS DE,http://biblioteca.conab.gov.br/phl82/pdf/legislacao/2021_PRT_18.pdf
AÇAÍ (FRUTO) - PRODUTO EXTRATIVO,6331,AP,AP,2022,1,2022,12,1.63,kg,"PORTARIA MAPA Nº 376, DE 22 DE",http://biblioteca.conab.gov.br/phl82/pdf/legislacao/2021_PRT_376.pdf
AÇAÍ (FRUTO) - PRODUTO EXTRATIVO,6331,AP,AP,2023,1,2023,12,1.81,kg,"PORTARIA MAPA Nº 534, DE 19 DE",https://www.in.gov.br/en/web/dou/-/portaria-mapa-n-534-de-19-de-dezembro-de-2022-452020932
AÇAÍ (FRUTO) - PRODUTO EXTRATIVO,6331,AP,AP,2024,1,2024,12,1.98,kg,"PORTARIA MDA N° 41, DE 29 DE D",https://www.in.gov.br/web/dou/-/portaria-mda-n-41-de-29-de-dezembro-de-2023-535311884
AÇAÍ (FRUTO) - PRODUTO EXTRATIVO,6331,AP,AP,2025,1,2025,12,1.98,kg,"PORTARIA MAPA Nº 750, DE 24 DE",https://www.in.gov.br/en/web/dou/-/portaria-mapa-n-750-de-24-de-dezembro-de-2024-604348255
AÇAÍ (FRUTO) - PRODUTO EXTRATIVO,6331,AP,AP,2026,1,2026,12,2.28,kg,"PORTARIA MAPA Nº 868, DE 1º DE",https://in.gov.br/en/web/dou/-/portaria-mapa-n-868-de-1-de-dezembro-de-2025-672624071
AÇAÍ (FRUTO) - PRODUTO EXTRATIVO,6331,PA,PA,2014,7,2015,6,1.11,kg,"PORTARIA  Nº  190,  DE  9  DE",NI
AÇAÍ (FRUTO) - PRODUTO EXTRATIVO,6331,PA,PA,2015,7,2016,6,1.18,kg,"PORTARIA  Nº  190,  DE  9  DE",NI
AÇAÍ (FRUTO) - PRODUTO EXTRATIVO,6331,PA,PA,2016,7,2017,6,1.29,kg,"PORTARIA Nº 123, DE 5 DE JULHO",http://biblioteca.conab.gov.br/phl82/pdf/legislacao/2016_PRT_123.pdf
AÇAÍ (FRUTO) - PRODUTO EXTRATIVO,6331,PA,PA,2017,7,2017,12,1.29,kg,"PORTARIA Nº 1.577, DE 17 DE JU",http://biblioteca.conab.gov.br/phl82/pdf/legislacao/2017_PRT_1577.pdf
AÇAÍ (FRUTO) - PRODUTO EXTRATIVO,6331,PA,PA,2018,1,2018,12,1.6,kg,"PORTARIA Nº 14, DE 3 DE JANEIR",http://biblioteca.conab.gov.br/phl82/pdf/legislacao/2018_PRT_14.pdf
AÇAÍ (FRUTO) - PRODUTO EXTRATIVO,6331,PA,PA,2019,1,2019,12,1.63,kg,"PORTARIA Nº 141, DE 8 DE JANEI",http://biblioteca.conab.gov.br/phl82/pdf/legislacao/2019_PRT_141.pdf
AÇAÍ (FRUTO) - PRODUTO EXTRATIVO,6331,PA,PA,2020,1,2020,12,1.41,kg,"PORTARIA Nº 313, DE 30 DE DEZE",http://biblioteca.conab.gov.br/phl82/pdf/legislacao/2019_PRT_313.pdf
AÇAÍ (FRUTO) - PRODUTO EXTRATIVO,6331,PA,PA,2021,1,2021,12,1.41,kg,PREÇOS MÍNIMOS DOS PRODUTOS DE,http://biblioteca.conab.gov.br/phl82/pdf/legislacao/2021_PRT_18.pdf
AÇAÍ (FRUTO) - PRODUTO EXTRATIVO,6331,PA,PA,2022,1,2022,12,1.63,kg,"PORTARIA MAPA Nº 376, DE 22 DE",http://biblioteca.conab.gov.br/phl82/pdf/legislacao/2021_PRT_376.pdf
AÇAÍ (FRUTO) - PRODUTO EXTRATIVO,6331,PA,PA,2023,1,2023,12,1.81,kg,"PORTARIA MAPA Nº 534, DE 19 DE",https://www.in.gov.br/en/web/dou/-/portaria-mapa-n-534-de-19-de-dezembro-de-2022-452020932
AÇAÍ (FRUTO) - PRODUTO EXTRATIVO,6331,PA,PA,2024,1,2024,12,1.98,kg,"PORTARIA MDA N° 41, DE 29 DE D",https://www.in.gov.br/web/dou/-/portaria-mda-n-41-de-29-de-dezembro-de-2023-535311884
AÇAÍ (FRUTO) - PRODUTO EXTRATIVO,6331,PA,PA,2025,1,2025,12,1.98,kg,"PORTARIA MAPA Nº 750, DE 24 DE",https://www.in.gov.br/en/web/dou/-/portaria-mapa-n-750-de-24-de-dezembro-de-2024-604348255
AÇAÍ (FRUTO) - PRODUTO EXTRATIVO,6331,PA,PA,2026,1,2026,12,2.28,kg,"PORTARIA MAPA Nº 868, DE 1º DE",https://in.gov.br/en/web/dou/-/portaria-mapa-n-868-de-1-de-dezembro-de-2025-672624071
AÇAÍ (FRUTO) - PRODUTO EXTRATIVO,6331,RO,RO,2014,7,2015,6,1.11,kg,"PORTARIA  Nº  190,  DE  9  DE",NI
AÇAÍ (FRUTO) - PRODUTO EXTRATIVO,6331,RO,RO,2015,7,2016,6,1.18,kg,"PORTARIA  Nº  190,  DE  9  DE",NI
AÇAÍ (FRUTO) - PRODUTO EXTRATIVO,6331,RO,RO,2016,7,2017,6,1.29,kg,"PORTARIA Nº 123, DE 5 DE JULHO",http://biblioteca.conab.gov.br/phl82/pdf/legislacao/2016_PRT_123.pdf
AÇAÍ (FRUTO) - PRODUTO EXTRATIVO,6331,RO,RO,2017,7,2017,12,1.29,kg,"PORTARIA Nº 1.577, DE 17 DE JU",http://biblioteca.conab.gov.br/phl82/pdf/legislacao/2017_PRT_1577.pdf
AÇAÍ (FRUTO) - PRODUTO EXTRATIVO,6331,RO,RO,2018,1,2018,12,1.6,kg,"PORTARIA Nº 14, DE 3 DE JANEIR",http://biblioteca.conab.gov.br/phl82/pdf/legislacao/2018_PRT_14.pdf
AÇAÍ (FRUTO) - PRODUTO EXTRATIVO,6331,RO,RO,2019,1,2019,12,1.63,kg,"PORTARIA Nº 141, DE 8 DE JANEI",http://biblioteca.conab.gov.br/phl82/pdf/legislacao/2019_PRT_141.pdf
AÇAÍ (FRUTO) - PRODUTO EXTRATIVO,6331,RO,RO,2020,1,2020,12,1.41,kg,"PORTARIA Nº 313, DE 30 DE DEZE",http://biblioteca.conab.gov.br/phl82/pdf/legislacao/2019_PRT_313.pdf
AÇAÍ (FRUTO) - PRODUTO EXTRATIVO,6331,RO,RO,2021,1,2021,12,1.41,kg,PREÇOS MÍNIMOS DOS PRODUTOS DE,http://biblioteca.conab.gov.br/phl82/pdf/legislacao/2021_PRT_18.pdf
AÇAÍ (FRUTO) - PRODUTO EXTRATIVO,6331,RO,RO,2022,1,2022,12,1.63,kg,"PORTARIA MAPA Nº 376, DE 22 DE",http://biblioteca.conab.gov.br/phl82/pdf/legislacao/2021_PRT_376.pdf
AÇAÍ (FRUTO) - PRODUTO EXTRATIVO,6331,RO,RO,2023,1,2023,12,1.81,kg,"PORTARIA MAPA Nº 534, DE 19 DE",https://www.in.gov.br/en/web/dou/-/portaria-mapa-n-534-de-19-de-dezembro-de-2022-452020932
AÇAÍ (FRUTO) - PRODUTO EXTRATIVO,6331,RO,RO,2024,1,2024,12,1.98,kg,"PORTARIA MDA N° 41, DE 29 DE D",https://www.in.gov.br/web/dou/-/portaria-mda-n-41-de-29-de-dezembro-de-2023-535311884
AÇAÍ (FRUTO) - PRODUTO EXTRATIVO,6331,RO,RO,2025,1,2025,12,1.98,kg,"PORTARIA MAPA Nº 750, DE 24 DE",https://www.in.gov.br/en/web/dou/-/portaria-mapa-n-750-de-24-de-dezembro-de-2024-604348255
AÇAÍ (FRUTO) - PRODUTO EXTRATIVO,6331,RO,RO,2026,1,2026,12,2.28,kg,"PORTARIA MAPA Nº 868, DE 1º DE",https://in.gov.br/en/web/dou/-/portaria-mapa-n-868-de-1-de-dezembro-de-2025-672624071
AÇAÍ (FRUTO) - PRODUTO EXTRATIVO,6331,RR,RR,2014,7,2015,6,1.11,kg,"PORTARIA  Nº  190,  DE  9  DE",NI
AÇAÍ (FRUTO) - PRODUTO EXTRATIVO,6331,RR,RR,2015,7,2016,6,1.18,kg,"PORTARIA  Nº  190,  DE  9  DE",NI
AÇAÍ (FRUTO) - PRODUTO EXTRATIVO,6331,RR,RR,2016,7,2017,6,1.29,kg,"PORTARIA Nº 123, DE 5 DE JULHO",http://biblioteca.conab.gov.br/phl82/pdf/legislacao/2016_PRT_123.pdf
AÇAÍ (FRUTO) - PRODUTO EXTRATIVO,6331,RR,RR,2017,7,2017,12,1.29,kg,"PORTARIA Nº 1.577, DE 17 DE JU",http://biblioteca.conab.gov.br/phl82/pdf/legislacao/2017_PRT_1577.pdf
AÇAÍ (FRUTO) - PRODUTO EXTRATIVO,6331,RR,RR,2018,1,2018,12,1.6,kg,"PORTARIA Nº 14, DE 3 DE JANEIR",http://biblioteca.conab.gov.br/phl82/pdf/legislacao/2018_PRT_14.pdf
AÇAÍ (FRUTO) - PRODUTO EXTRATIVO,6331,RR,RR,2019,1,2019,12,1.63,kg,"PORTARIA Nº 141, DE 8 DE JANEI",http://biblioteca.conab.gov.br/phl82/pdf/legislacao/2019_PRT_141.pdf
AÇAÍ (FRUTO) - PRODUTO EXTRATIVO,6331,RR,RR,2020,1,2020,12,1.41,kg,"PORTARIA Nº 313, DE 30 DE DEZE",http://biblioteca.conab.gov.br/phl82/pdf/legislacao/2019_PRT_313.pdf
AÇAÍ (FRUTO) - PRODUTO EXTRATIVO,6331,RR,RR,2021,1,2021,12,1.41,kg,PREÇOS MÍNIMOS DOS PRODUTOS DE,http://biblioteca.conab.gov.br/phl82/pdf/legislacao/2021_PRT_18.pdf
AÇAÍ (FRUTO) - PRODUTO EXTRATIVO,6331,RR,RR,2022,1,2022,12,1.63,kg,"PORTARIA MAPA Nº 376, DE 22 DE",http://biblioteca.conab.gov.br/phl82/pdf/legislacao/2021_PRT_376.pdf
AÇAÍ (FRUTO) - PRODUTO EXTRATIVO,6331,RR,RR,2023,1,2023,12,1.81,kg,"PORTARIA MAPA Nº 534, DE 19 DE",HTTPS://WWW.IN.GOV.BR/EN/WEB/DOU/-/PORTARIA-MAPA-N-534-DE-19-DE-DEZEMBRO-DE-2022-452020932
AÇAÍ (FRUTO) - PRODUTO EXTRATIVO,6331,RR,RR,2024,1,2024,12,1.98,kg,"PORTARIA MDA N° 41, DE 29 DE D",https://www.in.gov.br/web/dou/-/portaria-mda-n-41-de-29-de-dezembro-de-2023-535311884
AÇAÍ (FRUTO) - PRODUTO EXTRATIVO,6331,RR,RR,2025,1,2025,12,1.98,kg,"PORTARIA MAPA Nº 750, DE 24 DE",https://www.in.gov.br/en/web/dou/-/portaria-mapa-n-750-de-24-de-dezembro-de-2024-604348255
AÇAÍ (FRUTO) - PRODUTO EXTRATIVO,6331,RR,RR,2026,1,2026,12,2.28,kg,"PORTARIA MAPA Nº 868, DE 1º DE",https://in.gov.br/en/web/dou/-/portaria-mapa-n-868-de-1-de-dezembro-de-2025-672624071
AÇAÍ (FRUTO) - PRODUTO EXTRATIVO,6331,TO,TO,2014,7,2015,6,1.11,kg,"PORTARIA  Nº  190,  DE  9  DE",NI
AÇAÍ (FRUTO) - PRODUTO EXTRATIVO,6331,TO,TO,2015,7,2016,6,1.18,kg,"PORTARIA  Nº  190,  DE  9  DE",NI
AÇAÍ (FRUTO) - PRODUTO EXTRATIVO,6331,TO,TO,2016,7,2017,6,1.29,kg,"PORTARIA Nº 123, DE 5 DE JULHO",http://biblioteca.conab.gov.br/phl82/pdf/legislacao/2016_PRT_123.pdf
AÇAÍ (FRUTO) - PRODUTO EXTRATIVO,6331,TO,TO,2017,7,2017,12,1.29,kg,"PORTARIA Nº 1.577, DE 17 DE JU",http://biblioteca.conab.gov.br/phl82/pdf/legislacao/2017_PRT_1577.pdf
AÇAÍ (FRUTO) - PRODUTO EXTRATIVO,6331,TO,TO,2018,1,2018,12,1.6,kg,"PORTARIA Nº 14, DE 3 DE JANEIR",http://biblioteca.conab.gov.br/phl82/pdf/legislacao/2018_PRT_14.pdf
AÇAÍ (FRUTO) - PRODUTO EXTRATIVO,6331,TO,TO,2019,1,2019,12,1.63,kg,"PORTARIA Nº 141, DE 8 DE JANEI",http://biblioteca.conab.gov.br/phl82/pdf/legislacao/2019_PRT_141.pdf
AÇAÍ (FRUTO) - PRODUTO EXTRATIVO,6331,TO,TO,2020,1,2020,12,1.41,kg,"PORTARIA Nº 313, DE 30 DE DEZE",http://biblioteca.conab.gov.br/phl82/pdf/legislacao/2019_PRT_313.pdf
AÇAÍ (FRUTO) - PRODUTO EXTRATIVO,6331,TO,TO,2021,1,2021,12,1.41,kg,PREÇOS MÍNIMOS DOS PRODUTOS DE,http://biblioteca.conab.gov.br/phl82/pdf/legislacao/2021_PRT_18.pdf
AÇAÍ (FRUTO) - PRODUTO EXTRATIVO,6331,TO,TO,2022,1,2022,12,1.63,kg,"PORTARIA MAPA Nº 376, DE 22 DE",http://biblioteca.conab.gov.br/phl82/pdf/legislacao/2021_PRT_376.pdf
AÇAÍ (FRUTO) - PRODUTO EXTRATIVO,6331,TO,TO,2023,1,2023,12,1.81,kg,"PORTARIA MAPA Nº 534, DE 19 DE",https://www.in.gov.br/en/web/dou/-/portaria-mapa-n-534-de-19-de-dezembro-de-2022-452020932
AÇAÍ (FRUTO) - PRODUTO EXTRATIVO,6331,TO,TO,2024,1,2024,12,1.98,kg,"PORTARIA MDA N° 41, DE 29 DE D",https://www.in.gov.br/web/dou/-/portaria-mda-n-41-de-29-de-dezembro-de-2023-535311884
AÇAÍ (FRUTO) - PRODUTO EXTRATIVO,6331,TO,TO,2025,1,2025,12,1.98,kg,"PORTARIA MAPA Nº 750, DE 24 DE",https://www.in.gov.br/en/web/dou/-/portaria-mapa-n-750-de-24-de-dezembro-de-2024-604348255
AÇAÍ (FRUTO) - PRODUTO EXTRATIVO,6331,TO,TO,2026,1,2026,12,2.28,kg,"PORTARIA MAPA Nº 868, DE 1º DE",https://in.gov.br/en/web/dou/-/portaria-mapa-n-868-de-1-de-dezembro-de-2025-672624071
ALGODÃO EM CAROÇO,4585,AC,AC,2014,7,2015,6,19.2,15 kg,"PORTARIA  Nº  190,  DE  9  DE",NI
ALGODÃO EM CAROÇO,4585,AC,AC,2015,7,2016,6,21.41,15 kg,"PORTARIA  Nº  190,  DE  9  DE",NI
ALGODÃO EM CAROÇO,4585,AC,AC,2016,7,2017,6,21.41,15 kg,"PORTARIA  Nº  190,  DE  9  DE",NI
ALGODÃO EM CAROÇO,4585,AC,AC,2017,7,2018,6,23.32,15 kg,"PORTARIA  Nº  190,  DE  9  DE",NI
ALGODÃO EM CAROÇO,4585,AC,AC,2018,7,2019,6,22.49,15 kg,"PORTARIA Nº 1.577, DE 17 DE JU",http://biblioteca.conab.gov.br/phl82/pdf/legislacao/2017_PRT_1577.pdf
ALGODÃO EM CAROÇO,4585,AC,AC,2019,7,2020,6,25.77,15 kg,"PORTARIA Nº 135, DE 12 DE JULH",http://biblioteca.conab.gov.br/phl82/pdf/legislacao/2018_PRT_935.pdf
ALGODÃO EM CAROÇO,4585,AC,AC,2020,7,2021,6,28.8,15 kg,"PORTARIA Nº 135, DE 12 DE JULH",http://biblioteca.conab.gov.br/phl82/pdf/legislacao/2019_PRT_135.pdf
ALGODÃO EM CAROÇO,4585,AC,AC,2021,7,2022,6,30.98,15 kg,"PORTARIA Nº 190, DE 9 DE JUNHO",http://biblioteca.conab.gov.br/phl82/pdf/legislacao/2020_PRT_190.pdf
ALGODÃO EM CAROÇO,4585,AC,AC,2022,7,2023,6,33.04,15 kg,"PORTARIA Nº 201, DE 1º DE JULH",http://biblioteca.conab.gov.br/phl82/pdf/legislacao/2021_PRT_201.pdf
ALGODÃO EM CAROÇO,4585,AC,AC,2023,7,2024,6,48.18,15 kg,"PORTARIA MAPA Nº 452, DE 4 DE",https://www.in.gov.br/en/web/dou/-/portaria-mapa-n-452-de-4-de-julho-de-2022-413234156
ALGODÃO EM CAROÇO,4585,AC,AC,2024,7,2025,6,47.63,15 kg,"PORTARIA MAPA Nº 612, DE 31 DE",https://www.in.gov.br/en/web/dou/-/portaria-mapa-n-612-de-31-de-agosto-de-2023-507003445
ALGODÃO EM CAROÇO,4585,AC,AC,2025,7,2026,6,45.83,15 kg,"PORTARIA MAPA Nº 700, DE 15 DE",https://www.in.gov.br/en/web/dou/-/portaria-mapa-n-700-de-15-de-julho-de-2024-572339980
ALGODÃO EM CAROÇO,4585,AC,AC,2026,7,2027,6,45.83,15 kg,"PORTARIA MAPA Nº 812, DE 7 DE",https://www.in.gov.br/en/web/dou/-/portaria-mapa-n-812-de-7-de-julho-de-2025-640776008
ALGODÃO EM CAROÇO,4585,AC,AC,2027,7,2028,6,47.65,15 kg,"PORTARIA MAPA Nº 934, DE 09 DE",https://www.in.gov.br/web/dou/-/portaria-mapa-n-934-de-9-de-julho-de-2026-718439459
ALGODÃO EM CAROÇO,4585,AM,AM,2014,7,2015,6,19.2,15 kg,"PORTARIA  Nº  190,  DE  9  DE",NI
ALGODÃO EM CAROÇO,4585,AM,AM,2015,7,2016,6,21.41,15 kg,"PORTARIA  Nº  190,  DE  9  DE",NI
ALGODÃO EM CAROÇO,4585,AM,AM,2016,7,2017,6,21.41,15 kg,"PORTARIA  Nº  190,  DE  9  DE",NI
ALGODÃO EM CAROÇO,4585,AM,AM,2017,7,2018,6,23.32,15 kg,"PORTARIA  Nº  190,  DE  9  DE",NI
ALGODÃO EM CAROÇO,4585,AM,AM,2018,7,2019,6,22.49,15 kg,"PORTARIA Nº 1.577, DE 17 DE JU",http://biblioteca.conab.gov.br/phl82/pdf/legislacao/2017_PRT_1577.pdf
ALGODÃO EM CAROÇO,4585,AM,AM,2019,7,2020,6,25.77,15 kg,"PORTARIA Nº 135, DE 12 DE JULH",http://biblioteca.conab.gov.br/phl82/pdf/legislacao/2018_PRT_935.pdf
ALGODÃO EM CAROÇO,4585,AM,AM,2020,7,2021,6,28.8,15 kg,"PORTARIA Nº 135, DE 12 DE JULH",http://biblioteca.conab.gov.br/phl82/pdf/legislacao/2019_PRT_135.pdf
ALGODÃO EM CAROÇO,4585,AM,AM,2021,7,2022,6,30.98,15 kg,"PORTARIA Nº 190, DE 9 DE JUNHO",http://biblioteca.conab.gov.br/phl82/pdf/legislacao/2020_PRT_190.pdf
ALGODÃO EM CAROÇO,4585,AM,AM,2022,7,2023,6,33.04,15 kg,"PORTARIA Nº 201, DE 1º DE JULH",http://biblioteca.conab.gov.br/phl82/pdf/legislacao/2021_PRT_201.pdf
ALGODÃO EM CAROÇO,4585,AM,AM,2023,7,2024,6,48.18,15 kg,"PORTARIA MAPA Nº 452, DE 4 DE",https://www.in.gov.br/en/web/dou/-/portaria-mapa-n-452-de-4-de-julho-de-2022-413234156
ALGODÃO EM CAROÇO,4585,AM,AM,2024,7,2025,6,47.63,15 kg,"PORTARIA MAPA Nº 612, DE 31 DE",https://www.in.gov.br/en/web/dou/-/portaria-mapa-n-612-de-31-de-agosto-de-2023-507003445
ALGODÃO EM CAROÇO,4585,AM,AM,2025,7,2026,6,45.83,15 kg,"PORTARIA MAPA Nº 700, DE 15 DE",https://www.in.gov.br/en/web/dou/-/portaria-mapa-n-700-de-15-de-julho-de-2024-572339980
ALGODÃO EM CAROÇO,4585,AM,AM,2026,7,2027,6,45.83,15 kg,"PORTARIA MAPA Nº 812, DE 7 DE",https://www.in.gov.br/en/web/dou/-/portaria-mapa-n-812-de-7-de-julho-de-2025-640776008
ALGODÃO EM CAROÇO,4585,AM,AM,2027,7,2028,6,47.65,15 kg,"PORTARIA MAPA Nº 934, DE 09 DE",https://www.in.gov.br/web/dou/-/portaria-mapa-n-934-de-9-de-julho-de-2026-718439459
ALGODÃO EM CAROÇO,4585,AP,AP,2014,7,2015,6,19.2,15 kg,"PORTARIA  Nº  190,  DE  9  DE",NI
ALGODÃO EM CAROÇO,4585,AP,AP,2015,7,2016,6,21.41,15 kg,"PORTARIA  Nº  190,  DE  9  DE",NI
ALGODÃO EM CAROÇO,4585,AP,AP,2016,7,2017,6,21.41,15 kg,"PORTARIA  Nº  190,  DE  9  DE",NI
ALGODÃO EM CAROÇO,4585,AP,AP,2017,7,2018,6,23.32,15 kg,"PORTARIA  Nº  190,  DE  9  DE",NI
ALGODÃO EM CAROÇO,4585,AP,AP,2018,7,2019,6,22.49,15 kg,"PORTARIA Nº 1.577, DE 17 DE JU",http://biblioteca.conab.gov.br/phl82/pdf/legislacao/2017_PRT_1577.pdf
ALGODÃO EM CAROÇO,4585,AP,AP,2019,7,2020,6,25.77,15 kg,"PORTARIA Nº 135, DE 12 DE JULH",http://biblioteca.conab.gov.br/phl82/pdf/legislacao/2018_PRT_935.pdf
ALGODÃO EM CAROÇO,4585,AP,AP,2020,7,2021,6,28.8,15 kg,"PORTARIA Nº 135, DE 12 DE JULH",HTTP://BIBLIOTECA.CONAB.GOV.BR/PHL82/PDF/LEGISLACAO/2019_PRT_135.PDF
ALGODÃO EM CAROÇO,4585,AP,AP,2021,7,2022,6,30.98,15 kg,"PORTARIA Nº 190, DE 9 DE JUNHO",http://biblioteca.conab.gov.br/phl82/pdf/legislacao/2020_PRT_190.pdf
ALGODÃO EM CAROÇO,4585,AP,AP,2022,7,2023,6,33.04,15 kg,"PORTARIA Nº 201, DE 1º DE JULH",http://biblioteca.conab.gov.br/phl82/pdf/legislacao/2021_PRT_201.pdf
ALGODÃO EM CAROÇO,4585,AP,AP,2023,7,2024,6,48.18,15 kg,"PORTARIA MAPA Nº 452, DE 4 DE",https://www.in.gov.br/en/web/dou/-/portaria-mapa-n-452-de-4-de-julho-de-2022-413234156
ALGODÃO EM CAROÇO,4585,AP,AP,2024,7,2025,6,47.63,15 kg,"PORTARIA MAPA Nº 612, DE 31 DE",https://www.in.gov.br/en/web/dou/-/portaria-mapa-n-612-de-31-de-agosto-de-2023-507003445
ALGODÃO EM CAROÇO,4585,AP,AP,2025,7,2026,6,45.83,15 kg,"PORTARIA MAPA Nº 700, DE 15 DE",https://www.in.gov.br/en/web/dou/-/portaria-mapa-n-700-de-15-de-julho-de-2024-572339980
ALGODÃO EM CAROÇO,4585,AP,AP,2026,7,2027,6,45.83,15 kg,"PORTARIA MAPA Nº 812, DE 7 DE",https://www.in.gov.br/en/web/dou/-/portaria-mapa-n-812-de-7-de-julho-de-2025-640776008
ALGODÃO EM CAROÇO,4585,AP,AP,2027,7,2028,6,47.65,15 kg,"PORTARIA MAPA Nº 934, DE 09 DE",https://www.in.gov.br/web/dou/-/portaria-mapa-n-934-de-9-de-julho-de-2026-718439459
ALGODÃO EM CAROÇO,4585,PA,PA,2014,7,2015,6,19.2,15 kg,"PORTARIA  Nº  190,  DE  9  DE",NI
ALGODÃO EM CAROÇO,4585,PA,PA,2015,7,2016,6,21.41,15 kg,"PORTARIA  Nº  190,  DE  9  DE",NI
ALGODÃO EM CAROÇO,4585,PA,PA,2016,7,2017,6,21.41,15 kg,"PORTARIA  Nº  190,  DE  9  DE",NI
ALGODÃO EM CAROÇO,4585,PA,PA,2017,7,2018,6,23.32,15 kg,"PORTARIA  Nº  190,  DE  9  DE",NI
ALGODÃO EM CAROÇO,4585,PA,PA,2018,7,2019,6,22.49,15 kg,"PORTARIA Nº 1.577, DE 17 DE JU",http://biblioteca.conab.gov.br/phl82/pdf/legislacao/2017_PRT_1577.pdf
ALGODÃO EM CAROÇO,4585,PA,PA,2019,7,2020,6,25.77,15 kg,"PORTARIA Nº 135, DE 12 DE JULH",http://biblioteca.conab.gov.br/phl82/pdf/legislacao/2018_PRT_935.pdf
ALGODÃO EM CAROÇO,4585,PA,PA,2020,7,2021,6,28.8,15 kg,"PORTARIA Nº 135, DE 12 DE JULH",http://biblioteca.conab.gov.br/phl82/pdf/legislacao/2019_PRT_135.pdf
ALGODÃO EM CAROÇO,4585,PA,PA,2021,7,2022,6,30.98,15 kg,"PORTARIA Nº 190, DE 9 DE JUNHO",http://biblioteca.conab.gov.br/phl82/pdf/legislacao/2020_PRT_190.pdf
ALGODÃO EM CAROÇO,4585,PA,PA,2022,7,2023,6,33.04,15 kg,"PORTARIA Nº 201, DE 1º DE JULH",http://biblioteca.conab.gov.br/phl82/pdf/legislacao/2021_PRT_201.pdf
ALGODÃO EM CAROÇO,4585,PA,PA,2023,7,2024,6,48.18,15 kg,"PORTARIA MAPA Nº 452, DE 4 DE",https://www.in.gov.br/en/web/dou/-/portaria-mapa-n-452-de-4-de-julho-de-2022-413234156
ALGODÃO EM CAROÇO,4585,PA,PA,2024,7,2025,6,47.63,15 kg,"PORTARIA MAPA Nº 612, DE 31 DE",https://www.in.gov.br/en/web/dou/-/portaria-mapa-n-612-de-31-de-agosto-de-2023-507003445
ALGODÃO EM CAROÇO,4585,PA,PA,2025,7,2026,6,45.83,15 kg,"PORTARIA MAPA Nº 700, DE 15 DE",https://www.in.gov.br/en/web/dou/-/portaria-mapa-n-700-de-15-de-julho-de-2024-572339980
ALGODÃO EM CAROÇO,4585,PA,PA,2026,7,2027,6,45.83,15 kg,"PORTARIA MAPA Nº 812, DE 7 DE",https://www.in.gov.br/en/web/dou/-/portaria-mapa-n-812-de-7-de-julho-de-2025-640776008
ALGODÃO EM CAROÇO,4585,PA,PA,2027,7,2028,6,47.65,15 kg,"PORTARIA MAPA Nº 934, DE 09 DE",https://www.in.gov.br/web/dou/-/portaria-mapa-n-934-de-9-de-julho-de-2026-718439459
ALGODÃO EM CAROÇO,4585,RO,RO,2014,7,2015,6,19.2,15 kg,"PORTARIA  Nº  190,  DE  9  DE",NI
ALGODÃO EM CAROÇO,4585,RO,RO,2015,7,2016,6,21.41,15 kg,"PORTARIA  Nº  190,  DE  9  DE",NI
ALGODÃO EM CAROÇO,4585,RO,RO,2016,7,2017,6,21.41,15 kg,"PORTARIA  Nº  190,  DE  9  DE",NI
ALGODÃO EM CAROÇO,4585,RO,RO,2017,7,2018,6,23.32,15 kg,"PORTARIA  Nº  190,  DE  9  DE",NI
ALGODÃO EM CAROÇO,4585,RO,RO,2018,7,2019,6,22.49,15 kg,"PORTARIA Nº 1.577, DE 17 DE JU",http://biblioteca.conab.gov.br/phl82/pdf/legislacao/2017_PRT_1577.pdf
ALGODÃO EM CAROÇO,4585,RO,RO,2019,7,2020,6,25.77,15 kg,"PORTARIA Nº 135, DE 12 DE JULH",http://biblioteca.conab.gov.br/phl82/pdf/legislacao/2018_PRT_935.pdf
ALGODÃO EM CAROÇO,4585,RO,RO,2020,7,2021,6,28.8,15 kg,"PORTARIA Nº 135, DE 12 DE JULH",http://biblioteca.conab.gov.br/phl82/pdf/legislacao/2019_PRT_135.pdf
ALGODÃO EM CAROÇO,4585,RO,RO,2021,7,2022,6,30.98,15 kg,"PORTARIA Nº 190, DE 9 DE JUNHO",http://biblioteca.conab.gov.br/phl82/pdf/legislacao/2020_PRT_190.pdf
ALGODÃO EM CAROÇO,4585,RO,RO,2022,7,2023,6,33.04,15 kg,"PORTARIA Nº 201, DE 1º DE JULH",http://biblioteca.conab.gov.br/phl82/pdf/legislacao/2021_PRT_201.pdf
ALGODÃO EM CAROÇO,4585,RO,RO,2023,7,2024,6,48.18,15 kg,"PORTARIA MAPA Nº 452, DE 4 DE",https://www.in.gov.br/en/web/dou/-/portaria-mapa-n-452-de-4-de-julho-de-2022-413234156
ALGODÃO EM CAROÇO,4585,RO,RO,2024,7,2025,6,47.63,15 kg,"PORTARIA MAPA Nº 612, DE 31 DE",https://www.in.gov.br/en/web/dou/-/portaria-mapa-n-612-de-31-de-agosto-de-2023-507003445
ALGODÃO EM CAROÇO,4585,RO,RO,2025,7,2026,6,45.83,15 kg,"PORTARIA MAPA Nº 700, DE 15 DE",https://www.in.gov.br/en/web/dou/-/portaria-mapa-n-700-de-15-de-julho-de-2024-572339980
ALGODÃO EM CAROÇO,4585,RO,RO,2026,7,2027,6,45.83,15 kg,"PORTARIA MAPA Nº 812, DE 7 DE",https://www.in.gov.br/en/web/dou/-/portaria-mapa-n-812-de-7-de-julho-de-2025-640776008
ALGODÃO EM CAROÇO,4585,RR,RR,2014,7,2015,6,19.2,15 kg,"PORTARIA  Nº  190,  DE  9  DE",NI
ALGODÃO EM CAROÇO,4585,RR,RR,2015,7,2016,6,21.41,15 kg,"PORTARIA  Nº  190,  DE  9  DE",NI
ALGODÃO EM CAROÇO,4585,RR,RR,2016,7,2017,6,21.41,15 kg,"PORTARIA  Nº  190,  DE  9  DE",NI
ALGODÃO EM CAROÇO,4585,RR,RR,2017,7,2018,6,23.32,15 kg,"PORTARIA  Nº  190,  DE  9  DE",NI
ALGODÃO EM CAROÇO,4585,RR,RR,2018,7,2019,6,22.49,15 kg,"PORTARIA Nº 1.577, DE 17 DE JU",http://biblioteca.conab.gov.br/phl82/pdf/legislacao/2017_PRT_1577.pdf
ALGODÃO EM CAROÇO,4585,RR,RR,2019,7,2020,6,25.77,15 kg,"PORTARIA Nº 135, DE 12 DE JULH",http://biblioteca.conab.gov.br/phl82/pdf/legislacao/2018_PRT_935.pdf
ALGODÃO EM CAROÇO,4585,RR,RR,2020,7,2021,6,28.8,15 kg,"PORTARIA Nº 135, DE 12 DE JULH",http://biblioteca.conab.gov.br/phl82/pdf/legislacao/2019_PRT_135.pdf
ALGODÃO EM CAROÇO,4585,RR,RR,2021,7,2022,6,30.98,15 kg,"PORTARIA Nº 190, DE 9 DE JUNHO",http://biblioteca.conab.gov.br/phl82/pdf/legislacao/2020_PRT_190.pdf
ALGODÃO EM CAROÇO,4585,RR,RR,2022,7,2023,6,33.04,15 kg,"PORTARIA Nº 201, DE 1º DE JULH",http://biblioteca.conab.gov.br/phl82/pdf/legislacao/2021_PRT_201.pdf
ALGODÃO EM CAROÇO,4585,RR,RR,2023,7,2024,6,48.18,15 kg,"PORTARIA MAPA Nº 452, DE 4 DE",https://www.in.gov.br/en/web/dou/-/portaria-mapa-n-452-de-4-de-julho-de-2022-413234156
ALGODÃO EM CAROÇO,4585,RR,RR,2024,7,2025,6,47.63,15 kg,"PORTARIA MAPA Nº 612, DE 31 DE",https://www.in.gov.br/en/web/dou/-/portaria-mapa-n-612-de-31-de-agosto-de-2023-507003445
ALGODÃO EM CAROÇO,4585,RR,RR,2025,7,2026,6,45.83,15 kg,"PORTARIA MAPA Nº 700, DE 15 DE",https://www.in.gov.br/en/web/dou/-/portaria-mapa-n-700-de-15-de-julho-de-2024-572339980
ALGODÃO EM CAROÇO,4585,RR,RR,2026,7,2027,6,45.83,15 kg,"PORTARIA MAPA Nº 812, DE 7 DE",https://www.in.gov.br/en/web/dou/-/portaria-mapa-n-812-de-7-de-julho-de-2025-640776008
ALGODÃO EM CAROÇO,4585,TO,TO,2014,7,2015,6,19.2,15 kg,"PORTARIA  Nº  190,  DE  9  DE",NI
ALGODÃO EM CAROÇO,4585,TO,TO,2015,7,2016,6,21.41,15 kg,"PORTARIA  Nº  190,  DE  9  DE",NI
ALGODÃO EM CAROÇO,4585,TO,TO,2016,7,2017,6,21.41,15 kg,"PORTARIA  Nº  190,  DE  9  DE",NI
ALGODÃO EM CAROÇO,4585,TO,TO,2017,7,2018,6,23.32,15 kg,"PORTARIA  Nº  190,  DE  9  DE",NI
ALGODÃO EM CAROÇO,4585,TO,TO,2018,7,2019,6,22.49,15 kg,"PORTARIA Nº 1.577, DE 17 DE JU",http://biblioteca.conab.gov.br/phl82/pdf/legislacao/2017_PRT_1577.pdf
ALGODÃO EM CAROÇO,4585,TO,TO,2019,7,2020,6,25.77,15 kg,"PORTARIA Nº 135, DE 12 DE JULH",http://biblioteca.conab.gov.br/phl82/pdf/legislacao/2018_PRT_935.pdf
ALGODÃO EM CAROÇO,4585,TO,TO,2020,7,2021,6,28.8,15 kg,"PORTARIA Nº 135, DE 12 DE JULH",http://biblioteca.conab.gov.br/phl82/pdf/legislacao/2019_PRT_135.pdf
ALGODÃO EM CAROÇO,4585,TO,TO,2021,7,2022,6,30.98,15 kg,"PORTARIA Nº 190, DE 9 DE JUNHO",http://biblioteca.conab.gov.br/phl82/pdf/legislacao/2020_PRT_190.pdf
ALGODÃO EM CAROÇO,4585,TO,TO,2022,7,2023,6,33.04,15 kg,"PORTARIA Nº 201, DE 1º DE JULH",http://biblioteca.conab.gov.br/phl82/pdf/legislacao/2021_PRT_201.pdf
ALGODÃO EM CAROÇO,4585,TO,TO,2023,7,2024,6,48.18,15 kg,"PORTARIA MAPA Nº 452, DE 4 DE",https://www.in.gov.br/en/web/dou/-/portaria-mapa-n-452-de-4-de-julho-de-2022-413234156
ALGODÃO EM CAROÇO,4585,TO,TO,2024,7,2025,6,47.63,15 kg,"PORTARIA MAPA Nº 612, DE 31 DE",https://www.in.gov.br/en/web/dou/-/portaria-mapa-n-612-de-31-de-agosto-de-2023-507003445
ALGODÃO EM CAROÇO,4585,TO,TO,2025,7,2026,6,45.83,15 kg,"PORTARIA MAPA Nº 700, DE 15 DE",https://www.in.gov.br/en/web/dou/-/portaria-mapa-n-700-de-15-de-julho-de-2024-572339980
ALGODÃO EM CAROÇO,4585,TO,TO,2026,7,2027,6,45.83,15 kg,"PORTARIA MAPA Nº 812, DE 7 DE",https://www.in.gov.br/en/web/dou/-/portaria-mapa-n-812-de-7-de-julho-de-2025-640776008
ALGODÃO EM PLUMA,4587,AC,AC,2014,7,2015,6,54.9,15 kg,"PORTARIA  Nº  190,  DE  9  DE",NI
ALGODÃO EM PLUMA,4587,AC,AC,2015,7,2016,6,54.9,15 kg,"PORTARIA  Nº  190,  DE  9  DE",NI
ALGODÃO EM PLUMA,4587,AC,AC,2016,7,2017,6,54.9,15 kg,"PORTARIA Nº 142, DE 8 DE JULHO",http://biblioteca.conab.gov.br/phl82/pdf/legislacao/2015_PRT_142.pdf
ALGODÃO EM PLUMA,4587,AC,AC,2017,7,2018,6,59.8,15 kg,"PORTARIA Nº 123, DE 5 DE JULHO",http://biblioteca.conab.gov.br/phl82/pdf/legislacao/2016_PRT_123.pdf
ALGODÃO EM PLUMA,4587,AC,AC,2018,7,2019,6,56.22,15 kg,"PORTARIA Nº 1.577, DE 17 DE JU",http://biblioteca.conab.gov.br/phl82/pdf/legislacao/2017_PRT_1577.pdf
ALGODÃO EM PLUMA,4587,AC,AC,2019,7,2020,6,64.42,15 kg,"PORTARIA Nº 135, DE 12 DE JULH",http://biblioteca.conab.gov.br/phl82/pdf/legislacao/2018_PRT_935.pdf
ALGODÃO EM PLUMA,4587,AC,AC,2020,7,2021,6,72.0,15 kg,"PORTARIA Nº 135, DE 12 DE JULH",http://biblioteca.conab.gov.br/phl82/pdf/legislacao/2019_PRT_135.pdf
ALGODÃO EM PLUMA,4587,AC,AC,2021,7,2022,6,77.45,15 kg,"PORTARIA Nº 190, DE 9 DE JUNHO",http://biblioteca.conab.gov.br/phl82/pdf/legislacao/2020_PRT_190.pdf
ALGODÃO EM PLUMA,4587,AC,AC,2022,7,2023,6,82.6,15 kg,"PORTARIA Nº 201, DE 1º DE JULH",http://biblioteca.conab.gov.br/phl82/pdf/legislacao/2021_PRT_201.pdf
ALGODÃO EM PLUMA,4587,AC,AC,2023,7,2024,6,120.45,15 kg,"PORTARIA MAPA Nº 452, DE 4 DE",https://biblioteca.conab.gov.br/phl82/pdf/legislacao/2022_PRT_452.pdf
ALGODÃO EM PLUMA,4587,AC,AC,2024,7,2025,6,119.09,15 kg,"PORTARIA MAPA Nº 612, DE 31 DE",https://www.in.gov.br/en/web/dou/-/portaria-mapa-n-612-de-31-de-agosto-de-2023-507003445
ALGODÃO EM PLUMA,4587,AC,AC,2025,7,2026,6,114.58,15 kg,"PORTARIA MAPA Nº 700, DE 15 DE",https://www.in.gov.br/en/web/dou/-/portaria-mapa-n-700-de-15-de-julho-de-2024-572339980
ALGODÃO EM PLUMA,4587,AC,AC,2026,7,2027,6,114.58,15 kg,"PORTARIA MAPA Nº 812, DE 7 DE",https://www.in.gov.br/en/web/dou/-/portaria-mapa-n-812-de-7-de-julho-de-2025-640776008
ALGODÃO EM PLUMA,4587,AC,AC,2027,7,2028,6,119.13,15 kg,"PORTARIA MAPA Nº 934, DE 09 DE",https://www.in.gov.br/web/dou/-/portaria-mapa-n-934-de-9-de-julho-de-2026-718439459
ALGODÃO EM PLUMA,4587,AM,AM,2014,7,2015,6,54.9,15 kg,"PORTARIA  Nº  190,  DE  9  DE",NI
ALGODÃO EM PLUMA,4587,AM,AM,2015,7,2016,6,54.9,15 kg,"PORTARIA  Nº  190,  DE  9  DE",NI
ALGODÃO EM PLUMA,4587,AM,AM,2016,7,2017,6,54.9,15 kg,"PORTARIA Nº 142, DE 8 DE JULHO",http://biblioteca.conab.gov.br/phl82/pdf/legislacao/2015_PRT_142.pdf
ALGODÃO EM PLUMA,4587,AM,AM,2017,7,2018,6,59.8,15 kg,"PORTARIA Nº 123, DE 5 DE JULHO",http://biblioteca.conab.gov.br/phl82/pdf/legislacao/2016_PRT_123.pdf
ALGODÃO EM PLUMA,4587,AM,AM,2018,7,2019,6,56.22,15 kg,"PORTARIA Nº 1.577, DE 17 DE JU",http://biblioteca.conab.gov.br/phl82/pdf/legislacao/2017_PRT_1577.pdf
ALGODÃO EM PLUMA,4587,AM,AM,2019,7,2020,6,64.42,15 kg,"PORTARIA Nº 135, DE 12 DE JULH",http://biblioteca.conab.gov.br/phl82/pdf/legislacao/2018_PRT_935.pdf
ALGODÃO EM PLUMA,4587,AM,AM,2020,7,2021,6,72.0,15 kg,"PORTARIA Nº 135, DE 12 DE JULH",http://biblioteca.conab.gov.br/phl82/pdf/legislacao/2019_PRT_135.pdf
ALGODÃO EM PLUMA,4587,AM,AM,2021,7,2022,6,77.45,15 kg,"PORTARIA Nº 190, DE 9 DE JUNHO",http://biblioteca.conab.gov.br/phl82/pdf/legislacao/2020_PRT_190.pdf
ALGODÃO EM PLUMA,4587,AM,AM,2022,7,2023,6,82.6,15 kg,"PORTARIA Nº 201, DE 1º DE JULH",http://biblioteca.conab.gov.br/phl82/pdf/legislacao/2021_PRT_201.pdf
ALGODÃO EM PLUMA,4587,AM,AM,2023,7,2024,6,120.45,15 kg,"PORTARIA MAPA Nº 452, DE 4 DE",https://biblioteca.conab.gov.br/phl82/pdf/legislacao/2022_PRT_452.pdf
ALGODÃO EM PLUMA,4587,AM,AM,2024,7,2025,6,119.09,15 kg,"PORTARIA MAPA Nº 612, DE 31 DE",https://www.in.gov.br/en/web/dou/-/portaria-mapa-n-612-de-31-de-agosto-de-2023-507003445
ALGODÃO EM PLUMA,4587,AM,AM,2025,7,2026,6,114.58,15 kg,"PORTARIA MAPA Nº 700, DE 15 DE",https://www.in.gov.br/en/web/dou/-/portaria-mapa-n-700-de-15-de-julho-de-2024-572339980
ALGODÃO EM PLUMA,4587,AM,AM,2026,7,2027,6,114.58,15 kg,"PORTARIA MAPA Nº 812, DE 7 DE",https://www.in.gov.br/en/web/dou/-/portaria-mapa-n-812-de-7-de-julho-de-2025-640776008
ALGODÃO EM PLUMA,4587,AM,AM,2027,7,2028,6,119.13,15 kg,"PORTARIA MAPA Nº 934, DE 09 DE",https://www.in.gov.br/web/dou/-/portaria-mapa-n-934-de-9-de-julho-de-2026-718439459
ALGODÃO EM PLUMA,4587,AP,AP,2014,7,2015,6,54.9,15 kg,"PORTARIA  Nº  190,  DE  9  DE",NI
ALGODÃO EM PLUMA,4587,AP,AP,2015,7,2016,6,54.9,15 kg,"PORTARIA  Nº  190,  DE  9  DE",NI
ALGODÃO EM PLUMA,4587,AP,AP,2016,7,2017,6,54.9,15 kg,"PORTARIA Nº 142, DE 8 DE JULHO",http://biblioteca.conab.gov.br/phl82/pdf/legislacao/2015_PRT_142.pdf
ALGODÃO EM PLUMA,4587,AP,AP,2017,7,2018,6,59.8,15 kg,"PORTARIA Nº 123, DE 5 DE JULHO",http://biblioteca.conab.gov.br/phl82/pdf/legislacao/2016_PRT_123.pdf
ALGODÃO EM PLUMA,4587,AP,AP,2018,7,2019,6,56.22,15 kg,"PORTARIA Nº 1.577, DE 17 DE JU",http://biblioteca.conab.gov.br/phl82/pdf/legislacao/2017_PRT_1577.pdf
ALGODÃO EM PLUMA,4587,AP,AP,2019,7,2020,6,64.42,15 kg,"PORTARIA Nº 135, DE 12 DE JULH",http://biblioteca.conab.gov.br/phl82/pdf/legislacao/2018_PRT_935.pdf
ALGODÃO EM PLUMA,4587,AP,AP,2020,7,2021,6,72.0,15 kg,"PORTARIA Nº 135, DE 12 DE JULH",http://biblioteca.conab.gov.br/phl82/pdf/legislacao/2019_PRT_135.pdf
ALGODÃO EM PLUMA,4587,AP,AP,2021,7,2022,6,77.45,15 kg,"PORTARIA Nº 190, DE 9 DE JUNHO",http://biblioteca.conab.gov.br/phl82/pdf/legislacao/2020_PRT_190.pdf
ALGODÃO EM PLUMA,4587,AP,AP,2022,7,2023,6,82.6,15 kg,"PORTARIA Nº 201, DE 1º DE JULH",http://biblioteca.conab.gov.br/phl82/pdf/legislacao/2021_PRT_201.pdf
ALGODÃO EM PLUMA,4587,AP,AP,2023,7,2024,6,120.45,15 kg,"PORTARIA MAPA Nº 452, DE 4 DE",https://biblioteca.conab.gov.br/phl82/pdf/legislacao/2022_PRT_452.pdf
ALGODÃO EM PLUMA,4587,AP,AP,2024,7,2025,6,119.09,15 kg,"PORTARIA MAPA Nº 612, DE 31 DE",https://www.in.gov.br/en/web/dou/-/portaria-mapa-n-612-de-31-de-agosto-de-2023-507003445
ALGODÃO EM PLUMA,4587,AP,AP,2025,7,2026,6,114.58,15 kg,"PORTARIA MAPA Nº 700, DE 15 DE",https://www.in.gov.br/en/web/dou/-/portaria-mapa-n-700-de-15-de-julho-de-2024-572339980
ALGODÃO EM PLUMA,4587,AP,AP,2026,7,2027,6,114.58,15 kg,"PORTARIA MAPA Nº 812, DE 7 DE",https://www.in.gov.br/en/web/dou/-/portaria-mapa-n-812-de-7-de-julho-de-2025-640776008
ALGODÃO EM PLUMA,4587,AP,AP,2027,7,2028,6,119.13,15 kg,"PORTARIA MAPA Nº 934, DE 09 DE",https://www.in.gov.br/web/dou/-/portaria-mapa-n-934-de-9-de-julho-de-2026-718439459
ALGODÃO EM PLUMA,4587,PA,PA,2014,7,2015,6,54.9,15 kg,"PORTARIA  Nº  190,  DE  9  DE",NI
ALGODÃO EM PLUMA,4587,PA,PA,2015,7,2016,6,54.9,15 kg,"PORTARIA  Nº  190,  DE  9  DE",NI
ALGODÃO EM PLUMA,4587,PA,PA,2016,7,2017,6,54.9,15 kg,"PORTARIA Nº 142, DE 8 DE JULHO",http://biblioteca.conab.gov.br/phl82/pdf/legislacao/2015_PRT_142.pdf
ALGODÃO EM PLUMA,4587,PA,PA,2017,7,2018,6,59.8,15 kg,"PORTARIA Nº 123, DE 5 DE JULHO",http://biblioteca.conab.gov.br/phl82/pdf/legislacao/2016_PRT_123.pdf
ALGODÃO EM PLUMA,4587,PA,PA,2018,7,2019,6,56.22,15 kg,"PORTARIA Nº 1.577, DE 17 DE JU",http://biblioteca.conab.gov.br/phl82/pdf/legislacao/2017_PRT_1577.pdf
ALGODÃO EM PLUMA,4587,PA,PA,2019,7,2020,6,64.42,15 kg,"PORTARIA Nº 135, DE 12 DE JULH",http://biblioteca.conab.gov.br/phl82/pdf/legislacao/2018_PRT_935.pdf
ALGODÃO EM PLUMA,4587,PA,PA,2020,7,2021,6,72.0,15 kg,"PORTARIA Nº 135, DE 12 DE JULH",http://biblioteca.conab.gov.br/phl82/pdf/legislacao/2019_PRT_135.pdf
ALGODÃO EM PLUMA,4587,PA,PA,2021,7,2022,6,77.45,15 kg,"PORTARIA Nº 190, DE 9 DE JUNHO",http://biblioteca.conab.gov.br/phl82/pdf/legislacao/2020_PRT_190.pdf
ALGODÃO EM PLUMA,4587,PA,PA,2022,7,2023,6,82.6,15 kg,"PORTARIA Nº 201, DE 1º DE JULH",http://biblioteca.conab.gov.br/phl82/pdf/legislacao/2021_PRT_201.pdf
ALGODÃO EM PLUMA,4587,PA,PA,2023,7,2024,6,120.45,15 kg,"PORTARIA MAPA Nº 452, DE 4 DE",https://biblioteca.conab.gov.br/phl82/pdf/legislacao/2022_PRT_452.pdf
ALGODÃO EM PLUMA,4587,PA,PA,2024,7,2025,6,119.09,15 kg,"PORTARIA MAPA Nº 612, DE 31 DE",https://www.in.gov.br/en/web/dou/-/portaria-mapa-n-612-de-31-de-agosto-de-2023-507003445
ALGODÃO EM PLUMA,4587,PA,PA,2025,7,2026,6,114.58,15 kg,"PORTARIA MAPA Nº 700, DE 15 DE",https://www.in.gov.br/en/web/dou/-/portaria-mapa-n-700-de-15-de-julho-de-2024-572339980
ALGODÃO EM PLUMA,4587,PA,PA,2026,7,2027,6,114.58,15 kg,"PORTARIA MAPA Nº 812, DE 7 DE",https://www.in.gov.br/en/web/dou/-/portaria-mapa-n-812-de-7-de-julho-de-2025-640776008
ALGODÃO EM PLUMA,4587,PA,PA,2027,7,2028,6,119.13,15 kg,"PORTARIA MAPA Nº 934, DE 09 DE",https://www.in.gov.br/web/dou/-/portaria-mapa-n-934-de-9-de-julho-de-2026-718439459
ALGODÃO EM PLUMA,4587,RO,RO,2014,7,2015,6,54.9,15 kg,"PORTARIA  Nº  190,  DE  9  DE",NI
ALGODÃO EM PLUMA,4587,RO,RO,2015,7,2016,6,54.9,15 kg,"PORTARIA  Nº  190,  DE  9  DE",NI
ALGODÃO EM PLUMA,4587,RO,RO,2016,7,2017,6,54.9,15 kg,"PORTARIA Nº 142, DE 8 DE JULHO",http://biblioteca.conab.gov.br/phl82/pdf/legislacao/2015_PRT_142.pdf
ALGODÃO EM PLUMA,4587,RO,RO,2017,7,2018,6,59.8,15 kg,"PORTARIA Nº 123, DE 5 DE JULHO",http://biblioteca.conab.gov.br/phl82/pdf/legislacao/2016_PRT_123.pdf
ALGODÃO EM PLUMA,4587,RO,RO,2018,7,2019,6,56.22,15 kg,"PORTARIA Nº 1.577, DE 17 DE JU",http://biblioteca.conab.gov.br/phl82/pdf/legislacao/2017_PRT_1577.pdf
ALGODÃO EM PLUMA,4587,RO,RO,2019,7,2020,6,64.42,15 kg,"PORTARIA Nº 135, DE 12 DE JULH",http://biblioteca.conab.gov.br/phl82/pdf/legislacao/2018_PRT_935.pdf
ALGODÃO EM PLUMA,4587,RO,RO,2020,7,2021,6,72.0,15 kg,"PORTARIA Nº 135, DE 12 DE JULH",http://biblioteca.conab.gov.br/phl82/pdf/legislacao/2019_PRT_135.pdf
ALGODÃO EM PLUMA,4587,RO,RO,2021,7,2022,6,77.45,15 kg,"PORTARIA Nº 190, DE 9 DE JUNHO",http://biblioteca.conab.gov.br/phl82/pdf/legislacao/2020_PRT_190.pdf
ALGODÃO EM PLUMA,4587,RO,RO,2022,7,2023,6,82.6,15 kg,"PORTARIA Nº 201, DE 1º DE JULH",http://biblioteca.conab.gov.br/phl82/pdf/legislacao/2021_PRT_201.pdf
ALGODÃO EM PLUMA,4587,RO,RO,2023,7,2024,6,120.45,15 kg,"PORTARIA MAPA Nº 452, DE 4 DE",https://biblioteca.conab.gov.br/phl82/pdf/legislacao/2022_PRT_452.pdf
ALGODÃO EM PLUMA,4587,RO,RO,2024,7,2025,6,119.09,15 kg,"PORTARIA MAPA Nº 612, DE 31 DE",https://www.in.gov.br/en/web/dou/-/portaria-mapa-n-612-de-31-de-agosto-de-2023-507003445
ALGODÃO EM PLUMA,4587,RO,RO,2025,7,2026,6,114.58,15 kg,"PORTARIA MAPA Nº 700, DE 15 DE",https://www.in.gov.br/en/web/dou/-/portaria-mapa-n-700-de-15-de-julho-de-2024-572339980
ALGODÃO EM PLUMA,4587,RO,RO,2026,7,2027,6,114.58,15 kg,"PORTARIA MAPA Nº 812, DE 7 DE",https://www.in.gov.br/en/web/dou/-/portaria-mapa-n-812-de-7-de-julho-de-2025-640776008
ALGODÃO EM PLUMA,4587,RO,RO,2027,7,2028,6,119.13,15 kg,"PORTARIA MAPA Nº 934, DE 09 DE",https://www.in.gov.br/web/dou/-/portaria-mapa-n-934-de-9-de-julho-de-2026-718439459
ALGODÃO EM PLUMA,4587,RR,RR,2014,7,2015,6,54.9,15 kg,"PORTARIA  Nº  190,  DE  9  DE",NI
ALGODÃO EM PLUMA,4587,RR,RR,2015,7,2016,6,54.9,15 kg,"PORTARIA  Nº  190,  DE  9  DE",NI
ALGODÃO EM PLUMA,4587,RR,RR,2016,7,2017,6,54.9,15 kg,"PORTARIA Nº 142, DE 8 DE JULHO",http://biblioteca.conab.gov.br/phl82/pdf/legislacao/2015_PRT_142.pdf
ALGODÃO EM PLUMA,4587,RR,RR,2017,7,2018,6,59.8,15 kg,"PORTARIA Nº 123, DE 5 DE JULHO",http://biblioteca.conab.gov.br/phl82/pdf/legislacao/2016_PRT_123.pdf
ALGODÃO EM PLUMA,4587,RR,RR,2018,7,2019,6,56.22,15 kg,"PORTARIA Nº 1.577, DE 17 DE JU",http://biblioteca.conab.gov.br/phl82/pdf/legislacao/2017_PRT_1577.pdf
ALGODÃO EM PLUMA,4587,RR,RR,2019,7,2020,6,64.42,15 kg,"PORTARIA Nº 135, DE 12 DE JULH",http://biblioteca.conab.gov.br/phl82/pdf/legislacao/2018_PRT_935.pdf
ALGODÃO EM PLUMA,4587,RR,RR,2020,7,2021,6,72.0,15 kg,"PORTARIA Nº 135, DE 12 DE JULH",http://biblioteca.conab.gov.br/phl82/pdf/legislacao/2019_PRT_135.pdf
ALGODÃO EM PLUMA,4587,RR,RR,2021,7,2022,6,77.45,15 kg,"PORTARIA Nº 190, DE 9 DE JUNHO",http://biblioteca.conab.gov.br/phl82/pdf/legislacao/2020_PRT_190.pdf
ALGODÃO EM PLUMA,4587,RR,RR,2022,7,2023,6,82.6,15 kg,"PORTARIA Nº 201, DE 1º DE JULH",http://biblioteca.conab.gov.br/phl82/pdf/legislacao/2021_PRT_201.pdf
ALGODÃO EM PLUMA,4587,RR,RR,2023,7,2024,6,120.45,15 kg,"PORTARIA MAPA Nº 452, DE 4 DE",https://biblioteca.conab.gov.br/phl82/pdf/legislacao/2022_PRT_452.pdf
ALGODÃO EM PLUMA,4587,RR,RR,2024,7,2025,6,119.09,15 kg,"PORTARIA MAPA Nº 612, DE 31 DE",https://www.in.gov.br/en/web/dou/-/portaria-mapa-n-612-de-31-de-agosto-de-2023-507003445
ALGODÃO EM PLUMA,4587,RR,RR,2025,7,2026,6,114.58,15 kg,"PORTARIA MAPA Nº 700, DE 15 DE",https://www.in.gov.br/en/web/dou/-/portaria-mapa-n-700-de-15-de-julho-de-2024-572339980
ALGODÃO EM PLUMA,4587,RR,RR,2026,7,2027,6,114.58,15 kg,"PORTARIA MAPA Nº 812, DE 7 DE",https://www.in.gov.br/en/web/dou/-/portaria-mapa-n-812-de-7-de-julho-de-2025-640776008
ALGODÃO EM PLUMA,4587,RR,RR,2027,7,2028,6,119.13,15 kg,"PORTARIA MAPA Nº 934, DE 09 DE",https://www.in.gov.br/web/dou/-/portaria-mapa-n-934-de-9-de-julho-de-2026-718439459
ALGODÃO EM PLUMA,4587,TO,TO,2014,7,2015,6,54.9,15 kg,"PORTARIA  Nº  190,  DE  9  DE",NI
ALGODÃO EM PLUMA,4587,TO,TO,2015,7,2016,6,54.9,15 kg,"PORTARIA  Nº  190,  DE  9  DE",NI
ALGODÃO EM PLUMA,4587,TO,TO,2016,7,2017,6,54.9,15 kg,"PORTARIA Nº 142, DE 8 DE JULHO",http://biblioteca.conab.gov.br/phl82/pdf/legislacao/2015_PRT_142.pdf
ALGODÃO EM PLUMA,4587,TO,TO,2017,7,2018,6,59.8,15 kg,"PORTARIA Nº 123, DE 5 DE JULHO",http://biblioteca.conab.gov.br/phl82/pdf/legislacao/2016_PRT_123.pdf
ALGODÃO EM PLUMA,4587,TO,TO,2018,7,2019,6,56.22,15 kg,"PORTARIA Nº 1.577, DE 17 DE JU",http://biblioteca.conab.gov.br/phl82/pdf/legislacao/2017_PRT_1577.pdf
ALGODÃO EM PLUMA,4587,TO,TO,2019,7,2020,6,64.42,15 kg,"PORTARIA Nº 135, DE 12 DE JULH",http://biblioteca.conab.gov.br/phl82/pdf/legislacao/2018_PRT_935.pdf
ALGODÃO EM PLUMA,4587,TO,TO,2020,7,2021,6,72.0,15 kg,"PORTARIA Nº 135, DE 12 DE JULH",http://biblioteca.conab.gov.br/phl82/pdf/legislacao/2019_PRT_135.pdf
ALGODÃO EM PLUMA,4587,TO,TO,2021,7,2022,6,77.45,15 kg,"PORTARIA Nº 190, DE 9 DE JUNHO",http://biblioteca.conab.gov.br/phl82/pdf/legislacao/2020_PRT_190.pdf
ALGODÃO EM PLUMA,4587,TO,TO,2022,7,2023,6,82.6,15 kg,"PORTARIA Nº 201, DE 1º DE JULH",http://biblioteca.conab.gov.br/phl82/pdf/legislacao/2021_PRT_201.pdf
ALGODÃO EM PLUMA,4587,TO,TO,2023,7,2024,6,120.45,15 kg,"PORTARIA MAPA Nº 452, DE 4 DE",https://biblioteca.conab.gov.br/phl82/pdf/legislacao/2022_PRT_452.pdf
ALGODÃO EM PLUMA,4587,TO,TO,2024,7,2025,6,119.09,15 kg,"PORTARIA MAPA Nº 612, DE 31 DE",https://www.in.gov.br/en/web/dou/-/portaria-mapa-n-612-de-31-de-agosto-de-2023-507003445
ALGODÃO EM PLUMA,4587,TO,TO,2025,7,2026,6,114.58,15 kg,"PORTARIA MAPA Nº 700, DE 15 DE",https://www.in.gov.br/en/web/dou/-/portaria-mapa-n-700-de-15-de-julho-de-2024-572339980
ALGODÃO EM PLUMA,4587,TO,TO,2026,7,2027,6,114.58,15 kg,"PORTARIA MAPA Nº 812, DE 7 DE",https://www.in.gov.br/en/web/dou/-/portaria-mapa-n-812-de-7-de-julho-de-2025-640776008
ALGODÃO EM PLUMA,4587,TO,TO,2027,7,2028,6,119.13,15 kg,"PORTARIA MAPA Nº 934, DE 09 DE",https://www.in.gov.br/web/dou/-/portaria-mapa-n-934-de-9-de-julho-de-2026-718439459
ANDIROBA (AMÊNDOA) - PRODUTO EXTRATIVO,10211,AC,AC,2014,7,2015,6,1.29,kg,"PORTARIA  Nº  190,  DE  9  DE",NI
ANDIROBA (AMÊNDOA) - PRODUTO EXTRATIVO,10211,AC,AC,2015,7,2016,6,1.29,kg,"PORTARIA  Nº  190,  DE  9  DE",NI
ANDIROBA (AMÊNDOA) - PRODUTO EXTRATIVO,10211,AC,AC,2016,7,2017,6,1.43,kg,"PORTARIA Nº 123, DE 5 DE JULHO",http://biblioteca.conab.gov.br/phl82/pdf/legislacao/2016_PRT_123.pdf
ANDIROBA (AMÊNDOA) - PRODUTO EXTRATIVO,10211,AC,AC,2017,7,2017,12,1.43,kg,"PORTARIA Nº 1.577, DE 17 DE JU",http://biblioteca.conab.gov.br/phl82/pdf/legislacao/2017_PRT_1577.pdf
ANDIROBA (AMÊNDOA) - PRODUTO EXTRATIVO,10211,AC,AC,2018,1,2018,12,1.6,kg,"PORTARIA Nº 14, DE 3 DE JANEIR",http://biblioteca.conab.gov.br/phl82/pdf/legislacao/2018_PRT_14.pdf
ANDIROBA (AMÊNDOA) - PRODUTO EXTRATIVO,10211,AC,AC,2019,1,2019,12,2.1,kg,"PORTARIA Nº 141, DE 8 DE JANEI",http://biblioteca.conab.gov.br/phl82/pdf/legislacao/2019_PRT_141.pdf
ANDIROBA (AMÊNDOA) - PRODUTO EXTRATIVO,10211,AC,AC,2020,1,2020,12,0.94,kg,"PORTARIA Nº 313, DE 30 DE DEZE",http://biblioteca.conab.gov.br/phl82/pdf/legislacao/2019_PRT_313.pdf
ANDIROBA (AMÊNDOA) - PRODUTO EXTRATIVO,10211,AC,AC,2021,1,2021,12,0.94,kg,PREÇOS MÍNIMOS DOS PRODUTOS DE,http://biblioteca.conab.gov.br/phl82/pdf/legislacao/2021_PRT_18.pdf
ANDIROBA (AMÊNDOA) - PRODUTO EXTRATIVO,10211,AC,AC,2022,1,2022,12,1.42,kg,"PORTARIA MAPA Nº 376, DE 22 DE",http://biblioteca.conab.gov.br/phl82/pdf/legislacao/2021_PRT_376.pdf
ANDIROBA (AMÊNDOA) - PRODUTO EXTRATIVO,10211,AC,AC,2023,1,2023,12,2.36,kg,"PORTARIA MAPA Nº 534, DE 19 DE",https://www.in.gov.br/en/web/dou/-/portaria-mapa-n-534-de-19-de-dezembro-de-2022-452020932
ANDIROBA (AMÊNDOA) - PRODUTO EXTRATIVO,10211,AC,AC,2024,1,2024,12,2.37,kg,"PORTARIA MDA N° 41, DE 29 DE D",https://www.in.gov.br/web/dou/-/portaria-mda-n-41-de-29-de-dezembro-de-2023-535311884
ANDIROBA (AMÊNDOA) - PRODUTO EXTRATIVO,10211,AC,AC,2025,1,2025,12,2.86,kg,"PORTARIA MAPA Nº 750, DE 24 DE",https://www.in.gov.br/en/web/dou/-/portaria-mapa-n-750-de-24-de-dezembro-de-2024-604348255
ANDIROBA (AMÊNDOA) - PRODUTO EXTRATIVO,10211,AC,AC,2026,1,2026,12,2.86,kg,"PORTARIA MAPA Nº 868, DE 1º DE",https://in.gov.br/en/web/dou/-/portaria-mapa-n-868-de-1-de-dezembro-de-2025-672624071
ANDIROBA (AMÊNDOA) - PRODUTO EXTRATIVO,10211,AM,AM,2014,7,2015,6,1.29,kg,"PORTARIA  Nº  190,  DE  9  DE",NI
ANDIROBA (AMÊNDOA) - PRODUTO EXTRATIVO,10211,AM,AM,2015,7,2016,6,1.29,kg,"PORTARIA  Nº  190,  DE  9  DE",NI
ANDIROBA (AMÊNDOA) - PRODUTO EXTRATIVO,10211,AM,AM,2016,7,2017,6,1.43,kg,"PORTARIA Nº 123, DE 5 DE JULHO",http://biblioteca.conab.gov.br/phl82/pdf/legislacao/2016_PRT_123.pdf
ANDIROBA (AMÊNDOA) - PRODUTO EXTRATIVO,10211,AM,AM,2017,7,2017,12,1.43,kg,"PORTARIA Nº 1.577, DE 17 DE JU",http://biblioteca.conab.gov.br/phl82/pdf/legislacao/2017_PRT_1577.pdf
ANDIROBA (AMÊNDOA) - PRODUTO EXTRATIVO,10211,AM,AM,2018,1,2018,12,1.6,kg,"PORTARIA Nº 14, DE 3 DE JANEIR",http://biblioteca.conab.gov.br/phl82/pdf/legislacao/2018_PRT_14.pdf
ANDIROBA (AMÊNDOA) - PRODUTO EXTRATIVO,10211,AM,AM,2019,1,2019,12,2.1,kg,"PORTARIA Nº 141, DE 8 DE JANEI",http://biblioteca.conab.gov.br/phl82/pdf/legislacao/2019_PRT_141.pdf
ANDIROBA (AMÊNDOA) - PRODUTO EXTRATIVO,10211,AM,AM,2020,1,2020,12,0.94,kg,"PORTARIA Nº 313, DE 30 DE DEZE",http://biblioteca.conab.gov.br/phl82/pdf/legislacao/2019_PRT_313.pdf
ANDIROBA (AMÊNDOA) - PRODUTO EXTRATIVO,10211,AM,AM,2021,1,2021,12,0.94,kg,PREÇOS MÍNIMOS DOS PRODUTOS DE,http://biblioteca.conab.gov.br/phl82/pdf/legislacao/2021_PRT_18.pdf
ANDIROBA (AMÊNDOA) - PRODUTO EXTRATIVO,10211,AM,AM,2022,1,2022,12,1.42,kg,"PORTARIA MAPA Nº 376, DE 22 DE",http://biblioteca.conab.gov.br/phl82/pdf/legislacao/2021_PRT_376.pdf
ANDIROBA (AMÊNDOA) - PRODUTO EXTRATIVO,10211,AM,AM,2023,1,2023,12,2.36,kg,"PORTARIA MAPA Nº 534, DE 19 DE",https://www.in.gov.br/en/web/dou/-/portaria-mapa-n-534-de-19-de-dezembro-de-2022-452020932
ANDIROBA (AMÊNDOA) - PRODUTO EXTRATIVO,10211,AM,AM,2024,1,2024,12,2.37,kg,"PORTARIA MDA N° 41, DE 29 DE D",https://www.in.gov.br/web/dou/-/portaria-mda-n-41-de-29-de-dezembro-de-2023-535311884
ANDIROBA (AMÊNDOA) - PRODUTO EXTRATIVO,10211,AM,AM,2025,1,2025,12,2.86,kg,"PORTARIA MAPA Nº 750, DE 24 DE",https://www.in.gov.br/en/web/dou/-/portaria-mapa-n-750-de-24-de-dezembro-de-2024-604348255
ANDIROBA (AMÊNDOA) - PRODUTO EXTRATIVO,10211,AM,AM,2026,1,2026,12,2.86,kg,"PORTARIA MAPA Nº 868, DE 1º DE",https://in.gov.br/en/web/dou/-/portaria-mapa-n-868-de-1-de-dezembro-de-2025-672624071
ANDIROBA (AMÊNDOA) - PRODUTO EXTRATIVO,10211,AP,AP,2014,7,2015,6,1.29,kg,"PORTARIA  Nº  190,  DE  9  DE",NI
ANDIROBA (AMÊNDOA) - PRODUTO EXTRATIVO,10211,AP,AP,2015,7,2016,6,1.29,kg,"PORTARIA  Nº  190,  DE  9  DE",NI
ANDIROBA (AMÊNDOA) - PRODUTO EXTRATIVO,10211,AP,AP,2016,7,2017,6,1.43,kg,"PORTARIA Nº 123, DE 5 DE JULHO",http://biblioteca.conab.gov.br/phl82/pdf/legislacao/2016_PRT_123.pdf
ANDIROBA (AMÊNDOA) - PRODUTO EXTRATIVO,10211,AP,AP,2017,7,2017,12,1.43,kg,"PORTARIA Nº 1.577, DE 17 DE JU",http://biblioteca.conab.gov.br/phl82/pdf/legislacao/2017_PRT_1577.pdf
ANDIROBA (AMÊNDOA) - PRODUTO EXTRATIVO,10211,AP,AP,2018,1,2018,12,1.6,kg,"PORTARIA Nº 14, DE 3 DE JANEIR",http://biblioteca.conab.gov.br/phl82/pdf/legislacao/2018_PRT_14.pdf
ANDIROBA (AMÊNDOA) - PRODUTO EXTRATIVO,10211,AP,AP,2019,1,2019,12,2.1,kg,"PORTARIA Nº 141, DE 8 DE JANEI",http://biblioteca.conab.gov.br/phl82/pdf/legislacao/2019_PRT_141.pdf
ANDIROBA (AMÊNDOA) - PRODUTO EXTRATIVO,10211,AP,AP,2020,1,2020,12,0.94,kg,"PORTARIA Nº 313, DE 30 DE DEZE",http://biblioteca.conab.gov.br/phl82/pdf/legislacao/2019_PRT_313.pdf
ANDIROBA (AMÊNDOA) - PRODUTO EXTRATIVO,10211,AP,AP,2021,1,2021,12,0.94,kg,PREÇOS MÍNIMOS DOS PRODUTOS DE,http://biblioteca.conab.gov.br/phl82/pdf/legislacao/2021_PRT_18.pdf
ANDIROBA (AMÊNDOA) - PRODUTO EXTRATIVO,10211,AP,AP,2022,1,2022,12,1.42,kg,"PORTARIA MAPA Nº 376, DE 22 DE",http://biblioteca.conab.gov.br/phl82/pdf/legislacao/2021_PRT_376.pdf
ANDIROBA (AMÊNDOA) - PRODUTO EXTRATIVO,10211,AP,AP,2023,1,2023,12,2.36,kg,"PORTARIA MAPA Nº 534, DE 19 DE",https://www.in.gov.br/en/web/dou/-/portaria-mapa-n-534-de-19-de-dezembro-de-2022-452020932
ANDIROBA (AMÊNDOA) - PRODUTO EXTRATIVO,10211,AP,AP,2024,1,2024,12,2.37,kg,"PORTARIA MDA N° 41, DE 29 DE D",https://www.in.gov.br/web/dou/-/portaria-mda-n-41-de-29-de-dezembro-de-2023-535311884
ANDIROBA (AMÊNDOA) - PRODUTO EXTRATIVO,10211,AP,AP,2025,1,2025,12,2.86,kg,"PORTARIA MAPA Nº 750, DE 24 DE",https://www.in.gov.br/en/web/dou/-/portaria-mapa-n-750-de-24-de-dezembro-de-2024-604348255
ANDIROBA (AMÊNDOA) - PRODUTO EXTRATIVO,10211,AP,AP,2026,1,2026,12,2.86,kg,"PORTARIA MAPA Nº 868, DE 1º DE",https://in.gov.br/en/web/dou/-/portaria-mapa-n-868-de-1-de-dezembro-de-2025-672624071
ANDIROBA (AMÊNDOA) - PRODUTO EXTRATIVO,10211,PA,PA,2014,7,2015,6,1.29,kg,"PORTARIA  Nº  190,  DE  9  DE",NI
ANDIROBA (AMÊNDOA) - PRODUTO EXTRATIVO,10211,PA,PA,2015,7,2016,6,1.29,kg,"PORTARIA  Nº  190,  DE  9  DE",NI
ANDIROBA (AMÊNDOA) - PRODUTO EXTRATIVO,10211,PA,PA,2016,7,2017,6,1.43,kg,"PORTARIA Nº 123, DE 5 DE JULHO",http://biblioteca.conab.gov.br/phl82/pdf/legislacao/2016_PRT_123.pdf
ANDIROBA (AMÊNDOA) - PRODUTO EXTRATIVO,10211,PA,PA,2017,7,2017,12,1.43,kg,"PORTARIA Nº 1.577, DE 17 DE JU",http://biblioteca.conab.gov.br/phl82/pdf/legislacao/2017_PRT_1577.pdf
ANDIROBA (AMÊNDOA) - PRODUTO EXTRATIVO,10211,PA,PA,2018,1,2018,12,1.6,kg,"PORTARIA Nº 14, DE 3 DE JANEIR",http://biblioteca.conab.gov.br/phl82/pdf/legislacao/2018_PRT_14.pdf
ANDIROBA (AMÊNDOA) - PRODUTO EXTRATIVO,10211,PA,PA,2019,1,2019,12,2.1,kg,"PORTARIA Nº 141, DE 8 DE JANEI",http://biblioteca.conab.gov.br/phl82/pdf/legislacao/2019_PRT_141.pdf
ANDIROBA (AMÊNDOA) - PRODUTO EXTRATIVO,10211,PA,PA,2020,1,2020,12,0.94,kg,"PORTARIA Nº 313, DE 30 DE DEZE",http://biblioteca.conab.gov.br/phl82/pdf/legislacao/2019_PRT_313.pdf
ANDIROBA (AMÊNDOA) - PRODUTO EXTRATIVO,10211,PA,PA,2021,1,2021,12,0.94,kg,PREÇOS MÍNIMOS DOS PRODUTOS DE,http://biblioteca.conab.gov.br/phl82/pdf/legislacao/2021_PRT_18.pdf
ANDIROBA (AMÊNDOA) - PRODUTO EXTRATIVO,10211,PA,PA,2022,1,2022,12,1.42,kg,"PORTARIA MAPA Nº 376, DE 22 DE",http://biblioteca.conab.gov.br/phl82/pdf/legislacao/2021_PRT_376.pdf
ANDIROBA (AMÊNDOA) - PRODUTO EXTRATIVO,10211,PA,PA,2023,1,2023,12,2.36,kg,"PORTARIA MAPA Nº 534, DE 19 DE",https://www.in.gov.br/en/web/dou/-/portaria-mapa-n-534-de-19-de-dezembro-de-2022-452020932
ANDIROBA (AMÊNDOA) - PRODUTO EXTRATIVO,10211,PA,PA,2024,1,2024,12,2.37,kg,"PORTARIA MDA N° 41, DE 29 DE D",https://www.in.gov.br/web/dou/-/portaria-mda-n-41-de-29-de-dezembro-de-2023-535311884
ANDIROBA (AMÊNDOA) - PRODUTO EXTRATIVO,10211,PA,PA,2025,1,2025,12,2.86,kg,"PORTARIA MAPA Nº 750, DE 24 DE",https://www.in.gov.br/en/web/dou/-/portaria-mapa-n-750-de-24-de-dezembro-de-2024-604348255
ANDIROBA (AMÊNDOA) - PRODUTO EXTRATIVO,10211,PA,PA,2026,1,2026,12,2.86,kg,"PORTARIA MAPA Nº 868, DE 1º DE",https://in.gov.br/en/web/dou/-/portaria-mapa-n-868-de-1-de-dezembro-de-2025-672624071
ANDIROBA (AMÊNDOA) - PRODUTO EXTRATIVO,10211,RO,RO,2014,7,2015,6,1.29,kg,"PORTARIA  Nº  190,  DE  9  DE",NI
ANDIROBA (AMÊNDOA) - PRODUTO EXTRATIVO,10211,RO,RO,2015,7,2016,6,1.29,kg,"PORTARIA  Nº  190,  DE  9  DE",NI
ANDIROBA (AMÊNDOA) - PRODUTO EXTRATIVO,10211,RO,RO,2016,7,2017,6,1.43,kg,"PORTARIA Nº 123, DE 5 DE JULHO",http://biblioteca.conab.gov.br/phl82/pdf/legislacao/2016_PRT_123.pdf
ANDIROBA (AMÊNDOA) - PRODUTO EXTRATIVO,10211,RO,RO,2017,7,2017,12,1.43,kg,"PORTARIA Nº 1.577, DE 17 DE JU",http://biblioteca.conab.gov.br/phl82/pdf/legislacao/2017_PRT_1577.pdf
ANDIROBA (AMÊNDOA) - PRODUTO EXTRATIVO,10211,RO,RO,2018,1,2018,12,1.6,kg,"PORTARIA Nº 14, DE 3 DE JANEIR",http://biblioteca.conab.gov.br/phl82/pdf/legislacao/2018_PRT_14.pdf
ANDIROBA (AMÊNDOA) - PRODUTO EXTRATIVO,10211,RO,RO,2019,1,2019,12,2.1,kg,"PORTARIA Nº 141, DE 8 DE JANEI",http://biblioteca.conab.gov.br/phl82/pdf/legislacao/2019_PRT_141.pdf
ANDIROBA (AMÊNDOA) - PRODUTO EXTRATIVO,10211,RO,RO,2020,1,2020,12,0.94,kg,"PORTARIA Nº 313, DE 30 DE DEZE",http://biblioteca.conab.gov.br/phl82/pdf/legislacao/2019_PRT_313.pdf
ANDIROBA (AMÊNDOA) - PRODUTO EXTRATIVO,10211,RO,RO,2021,1,2021,12,0.94,kg,PREÇOS MÍNIMOS DOS PRODUTOS DE,http://biblioteca.conab.gov.br/phl82/pdf/legislacao/2021_PRT_18.pdf
ANDIROBA (AMÊNDOA) - PRODUTO EXTRATIVO,10211,RO,RO,2022,1,2022,12,1.42,kg,"PORTARIA MAPA Nº 376, DE 22 DE",http://biblioteca.conab.gov.br/phl82/pdf/legislacao/2021_PRT_376.pdf
ANDIROBA (AMÊNDOA) - PRODUTO EXTRATIVO,10211,RO,RO,2023,1,2023,12,2.36,kg,"PORTARIA MAPA Nº 534, DE 19 DE",https://www.in.gov.br/en/web/dou/-/portaria-mapa-n-534-de-19-de-dezembro-de-2022-452020932
ANDIROBA (AMÊNDOA) - PRODUTO EXTRATIVO,10211,RO,RO,2024,1,2024,12,2.37,kg,"PORTARIA MDA N° 41, DE 29 DE D",https://www.in.gov.br/web/dou/-/portaria-mda-n-41-de-29-de-dezembro-de-2023-535311884
ANDIROBA (AMÊNDOA) - PRODUTO EXTRATIVO,10211,RO,RO,2025,1,2025,12,2.86,kg,"PORTARIA MAPA Nº 750, DE 24 DE",https://www.in.gov.br/en/web/dou/-/portaria-mapa-n-750-de-24-de-dezembro-de-2024-604348255
ANDIROBA (AMÊNDOA) - PRODUTO EXTRATIVO,10211,RO,RO,2026,1,2026,12,2.86,kg,"PORTARIA MAPA Nº 868, DE 1º DE",https://in.gov.br/en/web/dou/-/portaria-mapa-n-868-de-1-de-dezembro-de-2025-672624071
ANDIROBA (AMÊNDOA) - PRODUTO EXTRATIVO,10211,RR,RR,2014,7,2015,6,1.29,kg,"PORTARIA  Nº  190,  DE  9  DE",NI
ANDIROBA (AMÊNDOA) - PRODUTO EXTRATIVO,10211,RR,RR,2015,7,2016,6,1.29,kg,"PORTARIA  Nº  190,  DE  9  DE",NI
ANDIROBA (AMÊNDOA) - PRODUTO EXTRATIVO,10211,RR,RR,2016,7,2017,6,1.43,kg,"PORTARIA Nº 123, DE 5 DE JULHO",http://biblioteca.conab.gov.br/phl82/pdf/legislacao/2016_PRT_123.pdf
ANDIROBA (AMÊNDOA) - PRODUTO EXTRATIVO,10211,RR,RR,2017,7,2017,12,1.43,kg,"PORTARIA Nº 1.577, DE 17 DE JU",http://biblioteca.conab.gov.br/phl82/pdf/legislacao/2017_PRT_1577.pdf
ANDIROBA (AMÊNDOA) - PRODUTO EXTRATIVO,10211,RR,RR,2018,1,2018,12,1.6,kg,"PORTARIA Nº 14, DE 3 DE JANEIR",http://biblioteca.conab.gov.br/phl82/pdf/legislacao/2018_PRT_14.pdf
ANDIROBA (AMÊNDOA) - PRODUTO EXTRATIVO,10211,RR,RR,2019,1,2019,12,2.1,kg,"PORTARIA Nº 141, DE 8 DE JANEI",http://biblioteca.conab.gov.br/phl82/pdf/legislacao/2019_PRT_141.pdf
ANDIROBA (AMÊNDOA) - PRODUTO EXTRATIVO,10211,RR,RR,2020,1,2020,12,0.94,kg,"PORTARIA Nº 313, DE 30 DE DEZE",http://biblioteca.conab.gov.br/phl82/pdf/legislacao/2019_PRT_313.pdf
ANDIROBA (AMÊNDOA) - PRODUTO EXTRATIVO,10211,RR,RR,2021,1,2021,12,0.94,kg,PREÇOS MÍNIMOS DOS PRODUTOS DE,http://biblioteca.conab.gov.br/phl82/pdf/legislacao/2021_PRT_18.pdf
ANDIROBA (AMÊNDOA) - PRODUTO EXTRATIVO,10211,RR,RR,2022,1,2022,12,1.42,kg,"PORTARIA MAPA Nº 376, DE 22 DE",http://biblioteca.conab.gov.br/phl82/pdf/legislacao/2021_PRT_376.pdf
ANDIROBA (AMÊNDOA) - PRODUTO EXTRATIVO,10211,RR,RR,2023,1,2023,12,2.36,kg,"PORTARIA MAPA Nº 534, DE 19 DE",https://www.in.gov.br/en/web/dou/-/portaria-mapa-n-534-de-19-de-dezembro-de-2022-452020932
ANDIROBA (AMÊNDOA) - PRODUTO EXTRATIVO,10211,RR,RR,2024,1,2024,12,2.37,kg,"PORTARIA MDA N° 41, DE 29 DE D",https://www.in.gov.br/web/dou/-/portaria-mda-n-41-de-29-de-dezembro-de-2023-535311884
ANDIROBA (AMÊNDOA) - PRODUTO EXTRATIVO,10211,RR,RR,2025,1,2025,12,2.86,kg,"PORTARIA MAPA Nº 750, DE 24 DE",https://www.in.gov.br/en/web/dou/-/portaria-mapa-n-750-de-24-de-dezembro-de-2024-604348255
ANDIROBA (AMÊNDOA) - PRODUTO EXTRATIVO,10211,RR,RR,2026,1,2026,12,2.86,kg,"PORTARIA MAPA Nº 868, DE 1º DE",https://in.gov.br/en/web/dou/-/portaria-mapa-n-868-de-1-de-dezembro-de-2025-672624071
ANDIROBA (AMÊNDOA) - PRODUTO EXTRATIVO,10211,TO,TO,2014,7,2015,6,1.29,kg,"PORTARIA  Nº  190,  DE  9  DE",NI
ANDIROBA (AMÊNDOA) - PRODUTO EXTRATIVO,10211,TO,TO,2015,7,2016,6,1.29,kg,"PORTARIA  Nº  190,  DE  9  DE",NI
ANDIROBA (AMÊNDOA) - PRODUTO EXTRATIVO,10211,TO,TO,2016,7,2017,6,1.43,kg,"PORTARIA Nº 123, DE 5 DE JULHO",http://biblioteca.conab.gov.br/phl82/pdf/legislacao/2016_PRT_123.pdf
ANDIROBA (AMÊNDOA) - PRODUTO EXTRATIVO,10211,TO,TO,2017,7,2017,12,1.43,kg,"PORTARIA Nº 1.577, DE 17 DE JU",http://biblioteca.conab.gov.br/phl82/pdf/legislacao/2017_PRT_1577.pdf
ANDIROBA (AMÊNDOA) - PRODUTO EXTRATIVO,10211,TO,TO,2018,1,2018,12,1.6,kg,"PORTARIA Nº 14, DE 3 DE JANEIR",http://biblioteca.conab.gov.br/phl82/pdf/legislacao/2018_PRT_14.pdf
ANDIROBA (AMÊNDOA) - PRODUTO EXTRATIVO,10211,TO,TO,2019,1,2019,12,2.1,kg,"PORTARIA Nº 141, DE 8 DE JANEI",http://biblioteca.conab.gov.br/phl82/pdf/legislacao/2019_PRT_141.pdf
ANDIROBA (AMÊNDOA) - PRODUTO EXTRATIVO,10211,TO,TO,2020,1,2020,12,0.94,kg,"PORTARIA Nº 313, DE 30 DE DEZE",http://biblioteca.conab.gov.br/phl82/pdf/legislacao/2019_PRT_313.pdf
ANDIROBA (AMÊNDOA) - PRODUTO EXTRATIVO,10211,TO,TO,2021,1,2021,12,0.94,kg,PREÇOS MÍNIMOS DOS PRODUTOS DE,http://biblioteca.conab.gov.br/phl82/pdf/legislacao/2021_PRT_18.pdf
ANDIROBA (AMÊNDOA) - PRODUTO EXTRATIVO,10211,TO,TO,2022,1,2022,12,1.42,kg,"PORTARIA MAPA Nº 376, DE 22 DE",http://biblioteca.conab.gov.br/phl82/pdf/legislacao/2021_PRT_376.pdf
ANDIROBA (AMÊNDOA) - PRODUTO EXTRATIVO,10211,TO,TO,2023,1,2023,12,2.36,kg,"PORTARIA MAPA Nº 534, DE 19 DE",https://www.in.gov.br/en/web/dou/-/portaria-mapa-n-534-de-19-de-dezembro-de-2022-452020932
ANDIROBA (AMÊNDOA) - PRODUTO EXTRATIVO,10211,TO,TO,2024,1,2024,12,2.37,kg,"PORTARIA MDA N° 41, DE 29 DE D",https://www.in.gov.br/web/dou/-/portaria-mda-n-41-de-29-de-dezembro-de-2023-535311884
ANDIROBA (AMÊNDOA) - PRODUTO EXTRATIVO,10211,TO,TO,2025,1,2025,12,2.86,kg,"PORTARIA MAPA Nº 750, DE 24 DE",https://www.in.gov.br/en/web/dou/-/portaria-mapa-n-750-de-24-de-dezembro-de-2024-604348255
ANDIROBA (AMÊNDOA) - PRODUTO EXTRATIVO,10211,TO,TO,2026,1,2026,12,2.86,kg,"PORTARIA MAPA Nº 868, DE 1º DE",https://in.gov.br/en/web/dou/-/portaria-mapa-n-868-de-1-de-dezembro-de-2025-672624071
ARROZ LONGO EM CASCA,4686,AC,AC,2014,2,2015,1,24.45,60 kg,"PORTARIA  Nº  190,  DE  9  DE",NI
ARROZ LONGO EM CASCA,4686,AC,AC,2015,2,2016,1,24.45,60 kg,"PORTARIA  Nº  190,  DE  9  DE",NI
ARROZ LONGO EM CASCA,4686,AC,AC,2016,2,2017,1,24.45,60 kg,"PORTARIA Nº 142, DE 8 DE JULHO",http://biblioteca.conab.gov.br/phl82/pdf/legislacao/2015_PRT_142.pdf
ARROZ LONGO EM CASCA,4686,AC,AC,2017,2,2018,1,24.45,60 kg,"PORTARIA Nº 123, DE 5 DE JULHO",http://biblioteca.conab.gov.br/phl82/pdf/legislacao/2016_PRT_123.pdf
ARROZ LONGO EM CASCA,4686,AC,AC,2018,2,2019,1,24.45,60 kg,"PORTARIA Nº 1.577, DE 17 DE JU",http://biblioteca.conab.gov.br/phl82/pdf/legislacao/2017_PRT_1577.pdf
ARROZ LONGO EM CASCA,4686,AC,AC,2019,2,2020,1,24.45,60 kg,"PORTARIA Nº 135, DE 12 DE JULH",http://biblioteca.conab.gov.br/phl82/pdf/legislacao/2018_PRT_935.pdf
ARROZ LONGO EM CASCA,4686,AC,AC,2020,2,2021,1,26.9,60 kg,"PORTARIA Nº 190, DE 9 DE JUNHO",http://biblioteca.conab.gov.br/phl82/pdf/legislacao/2020_PRT_190.pdf
ARROZ LONGO EM CASCA,4686,AC,AC,2021,2,2022,1,26.9,60 kg,"PORTARIA Nº 190, DE 9 DE JUNHO",http://biblioteca.conab.gov.br/phl82/pdf/legislacao/2020_PRT_190.pdf
ARROZ LONGO EM CASCA,4686,AC,AC,2022,2,2023,1,26.9,60 kg,"PORTARIA Nº 201, DE 1º DE JULH",http://biblioteca.conab.gov.br/phl82/pdf/legislacao/2021_PRT_201.pdf
ARROZ LONGO EM CASCA,4686,AC,AC,2023,2,2024,1,26.9,60 kg,"PORTARIA MAPA Nº 452, DE 4 DE",https://biblioteca.conab.gov.br/phl82/pdf/legislacao/2022_PRT_452.pdf
ARROZ LONGO EM CASCA,4686,AC,AC,2024,2,2025,1,26.9,60 kg,"PORTARIA MAPA Nº 612, DE 31 DE",https://www.in.gov.br/en/web/dou/-/portaria-mapa-n-612-de-31-de-agosto-de-2023-507003445
ARROZ LONGO EM CASCA,4686,AC,AC,2025,2,2026,1,29.59,60 kg,"PORTARIA MAPA Nº 700, DE 15 DE",https://www.in.gov.br/en/web/dou/-/portaria-mapa-n-700-de-15-de-julho-de-2024-572339980
ARROZ LONGO EM CASCA,4686,AM,AM,2014,2,2015,1,24.45,60 kg,"PORTARIA  Nº  190,  DE  9  DE",NI
ARROZ LONGO EM CASCA,4686,AM,AM,2015,2,2016,1,24.45,60 kg,"PORTARIA  Nº  190,  DE  9  DE",NI
ARROZ LONGO EM CASCA,4686,AM,AM,2016,2,2017,1,24.45,60 kg,"PORTARIA Nº 142, DE 8 DE JULHO",http://biblioteca.conab.gov.br/phl82/pdf/legislacao/2015_PRT_142.pdf
ARROZ LONGO EM CASCA,4686,AM,AM,2017,2,2018,1,24.45,60 kg,"PORTARIA Nº 123, DE 5 DE JULHO",http://biblioteca.conab.gov.br/phl82/pdf/legislacao/2016_PRT_123.pdf
ARROZ LONGO EM CASCA,4686,AM,AM,2018,2,2019,1,24.45,60 kg,"PORTARIA Nº 1.577, DE 17 DE JU",http://biblioteca.conab.gov.br/phl82/pdf/legislacao/2017_PRT_1577.pdf
ARROZ LONGO EM CASCA,4686,AM,AM,2019,2,2020,1,24.45,60 kg,"PORTARIA Nº 135, DE 12 DE JULH",http://biblioteca.conab.gov.br/phl82/pdf/legislacao/2018_PRT_935.pdf
ARROZ LONGO EM CASCA,4686,AM,AM,2020,2,2021,1,26.9,60 kg,"PORTARIA Nº 190, DE 9 DE JUNHO",http://biblioteca.conab.gov.br/phl82/pdf/legislacao/2020_PRT_190.pdf
ARROZ LONGO EM CASCA,4686,AM,AM,2021,2,2022,1,26.9,60 kg,"PORTARIA Nº 190, DE 9 DE JUNHO",http://biblioteca.conab.gov.br/phl82/pdf/legislacao/2020_PRT_190.pdf
ARROZ LONGO EM CASCA,4686,AM,AM,2022,2,2023,1,26.9,60 kg,"PORTARIA Nº 201, DE 1º DE JULH",http://biblioteca.conab.gov.br/phl82/pdf/legislacao/2021_PRT_201.pdf
ARROZ LONGO EM CASCA,4686,AM,AM,2023,2,2024,1,26.9,60 kg,"PORTARIA MAPA Nº 452, DE 4 DE",https://biblioteca.conab.gov.br/phl82/pdf/legislacao/2022_PRT_452.pdf
ARROZ LONGO EM CASCA,4686,AM,AM,2024,2,2025,1,26.9,60 kg,"PORTARIA MAPA Nº 612, DE 31 DE",https://www.in.gov.br/en/web/dou/-/portaria-mapa-n-612-de-31-de-agosto-de-2023-507003445
ARROZ LONGO EM CASCA,4686,AM,AM,2025,2,2026,1,29.59,60 kg,"PORTARIA MAPA Nº 700, DE 15 DE",https://www.in.gov.br/en/web/dou/-/portaria-mapa-n-700-de-15-de-julho-de-2024-572339980
ARROZ LONGO EM CASCA,4686,AP,AP,2014,2,2015,1,24.45,60 kg,"PORTARIA  Nº  190,  DE  9  DE",NI
ARROZ LONGO EM CASCA,4686,AP,AP,2015,2,2016,1,24.45,60 kg,"PORTARIA  Nº  190,  DE  9  DE",NI
ARROZ LONGO EM CASCA,4686,AP,AP,2016,2,2017,1,24.45,60 kg,"PORTARIA Nº 142, DE 8 DE JULHO",http://biblioteca.conab.gov.br/phl82/pdf/legislacao/2015_PRT_142.pdf
ARROZ LONGO EM CASCA,4686,AP,AP,2017,2,2018,1,24.45,60 kg,"PORTARIA Nº 123, DE 5 DE JULHO",http://biblioteca.conab.gov.br/phl82/pdf/legislacao/2016_PRT_123.pdf
ARROZ LONGO EM CASCA,4686,AP,AP,2018,2,2019,1,24.45,60 kg,"PORTARIA Nº 1.577, DE 17 DE JU",http://biblioteca.conab.gov.br/phl82/pdf/legislacao/2017_PRT_1577.pdf
ARROZ LONGO EM CASCA,4686,AP,AP,2019,2,2020,1,24.45,60 kg,"PORTARIA Nº 135, DE 12 DE JULH",http://biblioteca.conab.gov.br/phl82/pdf/legislacao/2018_PRT_935.pdf
ARROZ LONGO EM CASCA,4686,AP,AP,2020,2,2021,1,26.9,60 kg,"PORTARIA Nº 190, DE 9 DE JUNHO",http://biblioteca.conab.gov.br/phl82/pdf/legislacao/2020_PRT_190.pdf
ARROZ LONGO EM CASCA,4686,AP,AP,2021,2,2022,1,26.9,60 kg,"PORTARIA Nº 190, DE 9 DE JUNHO",http://biblioteca.conab.gov.br/phl82/pdf/legislacao/2020_PRT_190.pdf
ARROZ LONGO EM CASCA,4686,AP,AP,2022,2,2023,1,26.9,60 kg,"PORTARIA Nº 201, DE 1º DE JULH",http://biblioteca.conab.gov.br/phl82/pdf/legislacao/2021_PRT_201.pdf
ARROZ LONGO EM CASCA,4686,AP,AP,2023,2,2024,1,26.9,60 kg,"PORTARIA MAPA Nº 452, DE 4 DE",https://biblioteca.conab.gov.br/phl82/pdf/legislacao/2022_PRT_452.pdf
ARROZ LONGO EM CASCA,4686,AP,AP,2024,2,2025,1,26.9,60 kg,"PORTARIA MAPA Nº 612, DE 31 DE",https://www.in.gov.br/en/web/dou/-/portaria-mapa-n-612-de-31-de-agosto-de-2023-507003445
ARROZ LONGO EM CASCA,4686,AP,AP,2025,2,2026,1,29.59,60 kg,"PORTARIA MAPA Nº 700, DE 15 DE",https://www.in.gov.br/en/web/dou/-/portaria-mapa-n-700-de-15-de-julho-de-2024-572339980
ARROZ LONGO EM CASCA,4686,PA,PA,2014,2,2015,1,24.45,60 kg,"PORTARIA  Nº  190,  DE  9  DE",NI
ARROZ LONGO EM CASCA,4686,PA,PA,2015,2,2016,1,24.45,60 kg,"PORTARIA  Nº  190,  DE  9  DE",NI
ARROZ LONGO EM CASCA,4686,PA,PA,2016,2,2017,1,24.45,60 kg,"PORTARIA Nº 142, DE 8 DE JULHO",http://biblioteca.conab.gov.br/phl82/pdf/legislacao/2015_PRT_142.pdf
ARROZ LONGO EM CASCA,4686,PA,PA,2017,2,2018,1,24.45,60 kg,"PORTARIA Nº 123, DE 5 DE JULHO",http://biblioteca.conab.gov.br/phl82/pdf/legislacao/2016_PRT_123.pdf
ARROZ LONGO EM CASCA,4686,PA,PA,2018,2,2019,1,24.45,60 kg,"PORTARIA Nº 1.577, DE 17 DE JU",http://biblioteca.conab.gov.br/phl82/pdf/legislacao/2017_PRT_1577.pdf
ARROZ LONGO EM CASCA,4686,PA,PA,2019,2,2020,1,24.45,60 kg,"PORTARIA Nº 135, DE 12 DE JULH",http://biblioteca.conab.gov.br/phl82/pdf/legislacao/2018_PRT_935.pdf
ARROZ LONGO EM CASCA,4686,PA,PA,2020,2,2021,1,26.9,60 kg,"PORTARIA Nº 190, DE 9 DE JUNHO",http://biblioteca.conab.gov.br/phl82/pdf/legislacao/2020_PRT_190.pdf
ARROZ LONGO EM CASCA,4686,PA,PA,2021,2,2022,1,26.9,60 kg,"PORTARIA Nº 190, DE 9 DE JUNHO",http://biblioteca.conab.gov.br/phl82/pdf/legislacao/2020_PRT_190.pdf
ARROZ LONGO EM CASCA,4686,PA,PA,2022,2,2023,1,26.9,60 kg,"PORTARIA Nº 201, DE 1º DE JULH",http://biblioteca.conab.gov.br/phl82/pdf/legislacao/2021_PRT_201.pdf
ARROZ LONGO EM CASCA,4686,PA,PA,2023,2,2024,1,26.9,60 kg,"PORTARIA MAPA Nº 452, DE 4 DE",https://biblioteca.conab.gov.br/phl82/pdf/legislacao/2022_PRT_452.pdf
ARROZ LONGO EM CASCA,4686,PA,PA,2024,2,2025,1,26.9,60 kg,"PORTARIA MAPA Nº 612, DE 31 DE",https://www.in.gov.br/en/web/dou/-/portaria-mapa-n-612-de-31-de-agosto-de-2023-507003445
ARROZ LONGO EM CASCA,4686,PA,PA,2025,2,2026,1,29.59,60 kg,"PORTARIA MAPA Nº 700, DE 15 DE",https://www.in.gov.br/en/web/dou/-/portaria-mapa-n-700-de-15-de-julho-de-2024-572339980
ARROZ LONGO EM CASCA,4686,RO,RO,2014,2,2015,1,24.45,60 kg,"PORTARIA  Nº  190,  DE  9  DE",NI
ARROZ LONGO EM CASCA,4686,RO,RO,2015,2,2016,1,24.45,60 kg,"PORTARIA  Nº  190,  DE  9  DE",NI
ARROZ LONGO EM CASCA,4686,RO,RO,2016,2,2017,1,24.45,60 kg,"PORTARIA Nº 142, DE 8 DE JULHO",http://biblioteca.conab.gov.br/phl82/pdf/legislacao/2015_PRT_142.pdf
ARROZ LONGO EM CASCA,4686,RO,RO,2017,2,2018,1,24.45,60 kg,"PORTARIA Nº 123, DE 5 DE JULHO",http://biblioteca.conab.gov.br/phl82/pdf/legislacao/2016_PRT_123.pdf
ARROZ LONGO EM CASCA,4686,RO,RO,2018,2,2019,1,24.45,60 kg,"PORTARIA Nº 1.577, DE 17 DE JU",http://biblioteca.conab.gov.br/phl82/pdf/legislacao/2017_PRT_1577.pdf
ARROZ LONGO EM CASCA,4686,RO,RO,2019,2,2020,1,24.45,60 kg,"PORTARIA Nº 135, DE 12 DE JULH",http://biblioteca.conab.gov.br/phl82/pdf/legislacao/2018_PRT_935.pdf
ARROZ LONGO EM CASCA,4686,RO,RO,2020,2,2021,1,26.9,60 kg,"PORTARIA Nº 190, DE 9 DE JUNHO",http://biblioteca.conab.gov.br/phl82/pdf/legislacao/2020_PRT_190.pdf
ARROZ LONGO EM CASCA,4686,RO,RO,2021,2,2022,1,26.9,60 kg,"PORTARIA Nº 190, DE 9 DE JUNHO",http://biblioteca.conab.gov.br/phl82/pdf/legislacao/2020_PRT_190.pdf
ARROZ LONGO EM CASCA,4686,RO,RO,2022,2,2023,1,26.9,60 kg,"PORTARIA Nº 201, DE 1º DE JULH",http://biblioteca.conab.gov.br/phl82/pdf/legislacao/2021_PRT_201.pdf
ARROZ LONGO EM CASCA,4686,RO,RO,2023,2,2024,1,26.9,60 kg,"PORTARIA MAPA Nº 452, DE 4 DE",https://biblioteca.conab.gov.br/phl82/pdf/legislacao/2022_PRT_452.pdf
ARROZ LONGO EM CASCA,4686,RO,RO,2024,2,2025,1,26.9,60 kg,"PORTARIA MAPA Nº 612, DE 31 DE",https://www.in.gov.br/en/web/dou/-/portaria-mapa-n-612-de-31-de-agosto-de-2023-507003445
ARROZ LONGO EM CASCA,4686,RO,RO,2025,2,2026,1,29.59,60 kg,"PORTARIA MAPA Nº 700, DE 15 DE",https://www.in.gov.br/en/web/dou/-/portaria-mapa-n-700-de-15-de-julho-de-2024-572339980
ARROZ LONGO FINO EM CASCA,4685,AC,AC,2014,2,2015,1,31.86,60 kg,"PORTARIA  Nº  190,  DE  9  DE",NI
ARROZ LONGO FINO EM CASCA,4685,AC,AC,2015,2,2016,1,32.7,60 kg,"PORTARIA  Nº  190,  DE  9  DE",NI
ARROZ LONGO FINO EM CASCA,4685,AC,AC,2016,2,2017,1,35.6,60 kg,"PORTARIA Nº 142, DE 8 DE JULHO",http://biblioteca.conab.gov.br/phl82/pdf/legislacao/2015_PRT_142.pdf
ARROZ LONGO FINO EM CASCA,4685,AC,AC,2017,2,2018,1,41.97,60 kg,"PORTARIA Nº 123, DE 5 DE JULHO",http://biblioteca.conab.gov.br/phl82/pdf/legislacao/2016_PRT_123.pdf
ARROZ LONGO FINO EM CASCA,4685,AC,AC,2018,2,2019,1,43.21,60 kg,"PORTARIA Nº 1.577, DE 17 DE JU",http://biblioteca.conab.gov.br/phl82/pdf/legislacao/2017_PRT_1577.pdf
ARROZ LONGO FINO EM CASCA,4685,AC,AC,2019,2,2020,1,43.21,60 kg,"PORTARIA Nº 135, DE 12 DE JULH",http://biblioteca.conab.gov.br/phl82/pdf/legislacao/2018_PRT_935.pdf
ARROZ LONGO FINO EM CASCA,4685,AC,AC,2020,2,2021,1,47.55,60 kg,"PORTARIA Nº 135, DE 12 DE JULH",http://biblioteca.conab.gov.br/phl82/pdf/legislacao/2019_PRT_135.pdf
ARROZ LONGO FINO EM CASCA,4685,AC,AC,2021,2,2022,1,50.55,60 kg,"PORTARIA Nº 190, DE 9 DE JUNHO",http://biblioteca.conab.gov.br/phl82/pdf/legislacao/2020_PRT_190.pdf
ARROZ LONGO FINO EM CASCA,4685,AC,AC,2022,2,2023,1,62.34,60 kg,"PORTARIA Nº 201, DE 1º DE JULH",http://biblioteca.conab.gov.br/phl82/pdf/legislacao/2021_PRT_201.pdf
ARROZ LONGO FINO EM CASCA,4685,AC,AC,2023,2,2024,1,78.57,60 kg,,
ARROZ LONGO FINO EM CASCA,4685,AC,AC,2024,2,2025,1,72.73,60 kg,"PORTARIA MAPA Nº 612, DE 31 DE",https://www.in.gov.br/en/web/dou/-/portaria-mapa-n-612-de-31-de-agosto-de-2023-507003445
ARROZ LONGO FINO EM CASCA,4685,AC,AC,2025,2,2026,1,80.0,60 kg,"PORTARIA MAPA Nº 700, DE 15 DE",https://www.in.gov.br/en/web/dou/-/portaria-mapa-n-700-de-15-de-julho-de-2024-572339980
ARROZ LONGO FINO EM CASCA,4685,AC,AC,2026,2,2027,1,80.0,60 kg,"PORTARIA MAPA Nº 812, DE 7 DE",https://www.in.gov.br/en/web/dou/-/portaria-mapa-n-812-de-7-de-julho-de-2025-640776008
ARROZ LONGO FINO EM CASCA,4685,AC,AC,2027,2,2028,1,88.44,60 kg,"PORTARIA MAPA Nº 934, DE 09 DE",https://www.in.gov.br/web/dou/-/portaria-mapa-n-934-de-9-de-julho-de-2026-718439459
ARROZ LONGO FINO EM CASCA,4685,AM,AM,2014,2,2015,1,31.86,60 kg,"PORTARIA  Nº  190,  DE  9  DE",NI
ARROZ LONGO FINO EM CASCA,4685,AM,AM,2015,2,2016,1,32.7,60 kg,"PORTARIA  Nº  190,  DE  9  DE",NI
ARROZ LONGO FINO EM CASCA,4685,AM,AM,2016,2,2017,1,35.6,60 kg,"PORTARIA Nº 142, DE 8 DE JULHO",http://biblioteca.conab.gov.br/phl82/pdf/legislacao/2015_PRT_142.pdf
ARROZ LONGO FINO EM CASCA,4685,AM,AM,2017,2,2018,1,41.97,60 kg,"PORTARIA Nº 123, DE 5 DE JULHO",http://biblioteca.conab.gov.br/phl82/pdf/legislacao/2016_PRT_123.pdf
ARROZ LONGO FINO EM CASCA,4685,AM,AM,2018,2,2019,1,43.21,60 kg,"PORTARIA Nº 1.577, DE 17 DE JU",http://biblioteca.conab.gov.br/phl82/pdf/legislacao/2017_PRT_1577.pdf
ARROZ LONGO FINO EM CASCA,4685,AM,AM,2019,2,2020,1,43.21,60 kg,"PORTARIA Nº 135, DE 12 DE JULH",http://biblioteca.conab.gov.br/phl82/pdf/legislacao/2018_PRT_935.pdf
ARROZ LONGO FINO EM CASCA,4685,AM,AM,2020,2,2021,1,47.55,60 kg,"PORTARIA Nº 135, DE 12 DE JULH",http://biblioteca.conab.gov.br/phl82/pdf/legislacao/2019_PRT_135.pdf
ARROZ LONGO FINO EM CASCA,4685,AM,AM,2021,2,2022,1,50.55,60 kg,"PORTARIA Nº 190, DE 9 DE JUNHO",http://biblioteca.conab.gov.br/phl82/pdf/legislacao/2020_PRT_190.pdf
ARROZ LONGO FINO EM CASCA,4685,AM,AM,2022,2,2023,1,62.34,60 kg,"PORTARIA Nº 201, DE 1º DE JULH",http://biblioteca.conab.gov.br/phl82/pdf/legislacao/2021_PRT_201.pdf
ARROZ LONGO FINO EM CASCA,4685,AM,AM,2023,2,2024,1,78.57,60 kg,,
ARROZ LONGO FINO EM CASCA,4685,AM,AM,2024,2,2025,1,72.73,60 kg,"PORTARIA MAPA Nº 612, DE 31 DE",https://www.in.gov.br/en/web/dou/-/portaria-mapa-n-612-de-31-de-agosto-de-2023-507003445
ARROZ LONGO FINO EM CASCA,4685,AM,AM,2025,2,2026,1,80.0,60 kg,"PORTARIA MAPA Nº 700, DE 15 DE",https://www.in.gov.br/en/web/dou/-/portaria-mapa-n-700-de-15-de-julho-de-2024-572339980
ARROZ LONGO FINO EM CASCA,4685,AM,AM,2026,2,2027,1,80.0,60 kg,"PORTARIA MAPA Nº 812, DE 7 DE",https://www.in.gov.br/en/web/dou/-/portaria-mapa-n-812-de-7-de-julho-de-2025-640776008
ARROZ LONGO FINO EM CASCA,4685,AM,AM,2027,2,2028,1,88.44,60 kg,"PORTARIA MAPA Nº 934, DE 09 DE",https://www.in.gov.br/web/dou/-/portaria-mapa-n-934-de-9-de-julho-de-2026-718439459
ARROZ LONGO FINO EM CASCA,4685,AP,AP,2014,2,2015,1,31.86,60 kg,"PORTARIA  Nº  190,  DE  9  DE",NI
ARROZ LONGO FINO EM CASCA,4685,AP,AP,2015,2,2016,1,32.7,60 kg,"PORTARIA  Nº  190,  DE  9  DE",NI
ARROZ LONGO FINO EM CASCA,4685,AP,AP,2016,2,2017,1,35.6,60 kg,"PORTARIA Nº 142, DE 8 DE JULHO",http://biblioteca.conab.gov.br/phl82/pdf/legislacao/2015_PRT_142.pdf
ARROZ LONGO FINO EM CASCA,4685,AP,AP,2017,2,2018,1,41.97,60 kg,"PORTARIA Nº 123, DE 5 DE JULHO",http://biblioteca.conab.gov.br/phl82/pdf/legislacao/2016_PRT_123.pdf
ARROZ LONGO FINO EM CASCA,4685,AP,AP,2018,2,2019,1,43.21,60 kg,"PORTARIA Nº 1.577, DE 17 DE JU",http://biblioteca.conab.gov.br/phl82/pdf/legislacao/2017_PRT_1577.pdf
ARROZ LONGO FINO EM CASCA,4685,AP,AP,2019,2,2020,1,43.21,60 kg,"PORTARIA Nº 135, DE 12 DE JULH",http://biblioteca.conab.gov.br/phl82/pdf/legislacao/2018_PRT_935.pdf
ARROZ LONGO FINO EM CASCA,4685,AP,AP,2020,2,2021,1,47.55,60 kg,"PORTARIA Nº 135, DE 12 DE JULH",http://biblioteca.conab.gov.br/phl82/pdf/legislacao/2019_PRT_135.pdf
ARROZ LONGO FINO EM CASCA,4685,AP,AP,2021,2,2022,1,50.55,60 kg,"PORTARIA Nº 190, DE 9 DE JUNHO",http://biblioteca.conab.gov.br/phl82/pdf/legislacao/2020_PRT_190.pdf
ARROZ LONGO FINO EM CASCA,4685,AP,AP,2022,2,2023,1,62.34,60 kg,"PORTARIA Nº 201, DE 1º DE JULH",http://biblioteca.conab.gov.br/phl82/pdf/legislacao/2021_PRT_201.pdf
ARROZ LONGO FINO EM CASCA,4685,AP,AP,2023,2,2024,1,78.57,60 kg,,
ARROZ LONGO FINO EM CASCA,4685,AP,AP,2024,2,2025,1,72.73,60 kg,"PORTARIA MAPA Nº 612, DE 31 DE",https://www.in.gov.br/en/web/dou/-/portaria-mapa-n-612-de-31-de-agosto-de-2023-507003445
ARROZ LONGO FINO EM CASCA,4685,AP,AP,2025,2,2026,1,80.0,60 kg,"PORTARIA MAPA Nº 700, DE 15 DE",https://www.in.gov.br/en/web/dou/-/portaria-mapa-n-700-de-15-de-julho-de-2024-572339980
ARROZ LONGO FINO EM CASCA,4685,AP,AP,2026,2,2027,1,80.0,60 kg,"PORTARIA MAPA Nº 812, DE 7 DE",https://www.in.gov.br/en/web/dou/-/portaria-mapa-n-812-de-7-de-julho-de-2025-640776008
ARROZ LONGO FINO EM CASCA,4685,AP,AP,2027,2,2028,1,88.44,60 kg,"PORTARIA MAPA Nº 934, DE 09 DE",https://www.in.gov.br/web/dou/-/portaria-mapa-n-934-de-9-de-julho-de-2026-718439459
ARROZ LONGO FINO EM CASCA,4685,PA,PA,2014,2,2015,1,31.86,60 kg,"PORTARIA  Nº  190,  DE  9  DE",NI
ARROZ LONGO FINO EM CASCA,4685,PA,PA,2015,2,2016,1,32.7,60 kg,"PORTARIA  Nº  190,  DE  9  DE",NI
ARROZ LONGO FINO EM CASCA,4685,PA,PA,2016,2,2017,1,35.6,60 kg,"PORTARIA Nº 142, DE 8 DE JULHO",http://biblioteca.conab.gov.br/phl82/pdf/legislacao/2015_PRT_142.pdf
ARROZ LONGO FINO EM CASCA,4685,PA,PA,2017,2,2018,1,41.97,60 kg,"PORTARIA Nº 123, DE 5 DE JULHO",http://biblioteca.conab.gov.br/phl82/pdf/legislacao/2016_PRT_123.pdf
ARROZ LONGO FINO EM CASCA,4685,PA,PA,2018,2,2019,1,43.21,60 kg,"PORTARIA Nº 1.577, DE 17 DE JU",http://biblioteca.conab.gov.br/phl82/pdf/legislacao/2017_PRT_1577.pdf
ARROZ LONGO FINO EM CASCA,4685,PA,PA,2019,2,2020,1,43.21,60 kg,"PORTARIA Nº 135, DE 12 DE JULH",http://biblioteca.conab.gov.br/phl82/pdf/legislacao/2018_PRT_935.pdf
ARROZ LONGO FINO EM CASCA,4685,PA,PA,2020,2,2021,1,47.55,60 kg,"PORTARIA Nº 135, DE 12 DE JULH",http://biblioteca.conab.gov.br/phl82/pdf/legislacao/2019_PRT_135.pdf
ARROZ LONGO FINO EM CASCA,4685,PA,PA,2021,2,2022,1,50.55,60 kg,"PORTARIA Nº 190, DE 9 DE JUNHO",http://biblioteca.conab.gov.br/phl82/pdf/legislacao/2020_PRT_190.pdf
ARROZ LONGO FINO EM CASCA,4685,PA,PA,2022,2,2023,1,62.34,60 kg,"PORTARIA Nº 201, DE 1º DE JULH",http://biblioteca.conab.gov.br/phl82/pdf/legislacao/2021_PRT_201.pdf
ARROZ LONGO FINO EM CASCA,4685,PA,PA,2023,2,2024,1,78.57,60 kg,,
ARROZ LONGO FINO EM CASCA,4685,PA,PA,2024,2,2025,1,72.73,60 kg,"PORTARIA MAPA Nº 612, DE 31 DE",https://www.in.gov.br/en/web/dou/-/portaria-mapa-n-612-de-31-de-agosto-de-2023-507003445
ARROZ LONGO FINO EM CASCA,4685,PA,PA,2025,2,2026,1,80.0,60 kg,"PORTARIA MAPA Nº 700, DE 15 DE",https://www.in.gov.br/en/web/dou/-/portaria-mapa-n-700-de-15-de-julho-de-2024-572339980
ARROZ LONGO FINO EM CASCA,4685,PA,PA,2026,2,2027,1,80.0,60 kg,"PORTARIA MAPA Nº 812, DE 7 DE",https://www.in.gov.br/en/web/dou/-/portaria-mapa-n-812-de-7-de-julho-de-2025-640776008
ARROZ LONGO FINO EM CASCA,4685,PA,PA,2027,2,2028,1,88.44,60 kg,"PORTARIA MAPA Nº 934, DE 09 DE",https://www.in.gov.br/web/dou/-/portaria-mapa-n-934-de-9-de-julho-de-2026-718439459
ARROZ LONGO FINO EM CASCA,4685,RO,RO,2014,2,2015,1,31.86,60 kg,"PORTARIA  Nº  190,  DE  9  DE",NI
ARROZ LONGO FINO EM CASCA,4685,RO,RO,2015,2,2016,1,32.7,60 kg,"PORTARIA  Nº  190,  DE  9  DE",NI
ARROZ LONGO FINO EM CASCA,4685,RO,RO,2016,2,2017,1,35.6,60 kg,"PORTARIA Nº 142, DE 8 DE JULHO",http://biblioteca.conab.gov.br/phl82/pdf/legislacao/2015_PRT_142.pdf
ARROZ LONGO FINO EM CASCA,4685,RO,RO,2017,2,2018,1,41.97,60 kg,"PORTARIA Nº 123, DE 5 DE JULHO",http://biblioteca.conab.gov.br/phl82/pdf/legislacao/2016_PRT_123.pdf
ARROZ LONGO FINO EM CASCA,4685,RO,RO,2018,2,2019,1,43.21,60 kg,"PORTARIA Nº 1.577, DE 17 DE JU",http://biblioteca.conab.gov.br/phl82/pdf/legislacao/2017_PRT_1577.pdf
ARROZ LONGO FINO EM CASCA,4685,RO,RO,2019,2,2020,1,43.21,60 kg,"PORTARIA Nº 135, DE 12 DE JULH",http://biblioteca.conab.gov.br/phl82/pdf/legislacao/2018_PRT_935.pdf
ARROZ LONGO FINO EM CASCA,4685,RO,RO,2020,2,2021,1,47.55,60 kg,"PORTARIA Nº 135, DE 12 DE JULH",http://biblioteca.conab.gov.br/phl82/pdf/legislacao/2019_PRT_135.pdf
ARROZ LONGO FINO EM CASCA,4685,RO,RO,2021,2,2022,1,50.55,60 kg,"PORTARIA Nº 190, DE 9 DE JUNHO",http://biblioteca.conab.gov.br/phl82/pdf/legislacao/2020_PRT_190.pdf
ARROZ LONGO FINO EM CASCA,4685,RO,RO,2022,2,2023,1,62.34,60 kg,"PORTARIA Nº 201, DE 1º DE JULH",http://biblioteca.conab.gov.br/phl82/pdf/legislacao/2021_PRT_201.pdf
ARROZ LONGO FINO EM CASCA,4685,RO,RO,2023,2,2024,1,78.57,60 kg,,
ARROZ LONGO FINO EM CASCA,4685,RO,RO,2024,2,2025,1,72.73,60 kg,"PORTARIA MAPA Nº 612, DE 31 DE",https://www.in.gov.br/en/web/dou/-/portaria-mapa-n-612-de-31-de-agosto-de-2023-507003445
ARROZ LONGO FINO EM CASCA,4685,RO,RO,2025,2,2026,1,80.0,60 kg,"PORTARIA MAPA Nº 700, DE 15 DE",https://www.in.gov.br/en/web/dou/-/portaria-mapa-n-700-de-15-de-julho-de-2024-572339980
ARROZ LONGO FINO EM CASCA,4685,RO,RO,2026,2,2027,1,80.0,60 kg,"PORTARIA MAPA Nº 812, DE 7 DE",https://www.in.gov.br/en/web/dou/-/portaria-mapa-n-812-de-7-de-julho-de-2025-640776008
ARROZ LONGO FINO EM CASCA,4685,RO,RO,2027,2,2028,1,88.44,60 kg,"PORTARIA MAPA Nº 934, DE 09 DE",https://www.in.gov.br/web/dou/-/portaria-mapa-n-934-de-9-de-julho-de-2026-718439459
ARROZ LONGO FINO EM CASCA,4685,RR,RR,2014,2,2015,1,31.86,60 kg,"PORTARIA  Nº  190,  DE  9  DE",NI
ARROZ LONGO FINO EM CASCA,4685,RR,RR,2015,2,2016,1,32.7,60 kg,"PORTARIA  Nº  190,  DE  9  DE",NI
ARROZ LONGO FINO EM CASCA,4685,RR,RR,2016,2,2017,1,35.6,60 kg,"PORTARIA Nº 142, DE 8 DE JULHO",http://biblioteca.conab.gov.br/phl82/pdf/legislacao/2015_PRT_142.pdf
ARROZ LONGO FINO EM CASCA,4685,RR,RR,2017,2,2018,1,41.97,60 kg,"PORTARIA Nº 123, DE 5 DE JULHO",http://biblioteca.conab.gov.br/phl82/pdf/legislacao/2016_PRT_123.pdf
ARROZ LONGO FINO EM CASCA,4685,RR,RR,2018,2,2019,1,43.21,60 kg,"PORTARIA Nº 1.577, DE 17 DE JU",http://biblioteca.conab.gov.br/phl82/pdf/legislacao/2017_PRT_1577.pdf
ARROZ LONGO FINO EM CASCA,4685,RR,RR,2019,2,2020,1,43.21,60 kg,"PORTARIA Nº 135, DE 12 DE JULH",http://biblioteca.conab.gov.br/phl82/pdf/legislacao/2018_PRT_935.pdf
ARROZ LONGO FINO EM CASCA,4685,RR,RR,2020,2,2021,1,47.55,60 kg,"PORTARIA Nº 135, DE 12 DE JULH",http://biblioteca.conab.gov.br/phl82/pdf/legislacao/2019_PRT_135.pdf
ARROZ LONGO FINO EM CASCA,4685,RR,RR,2021,2,2022,1,50.55,60 kg,"PORTARIA Nº 190, DE 9 DE JUNHO",http://biblioteca.conab.gov.br/phl82/pdf/legislacao/2020_PRT_190.pdf
ARROZ LONGO FINO EM CASCA,4685,RR,RR,2022,2,2023,1,62.34,60 kg,"PORTARIA Nº 201, DE 1º DE JULH",http://biblioteca.conab.gov.br/phl82/pdf/legislacao/2021_PRT_201.pdf
ARROZ LONGO FINO EM CASCA,4685,RR,RR,2023,2,2024,1,78.57,60 kg,,
ARROZ LONGO FINO EM CASCA,4685,RR,RR,2024,2,2025,1,72.73,60 kg,"PORTARIA MAPA Nº 612, DE 31 DE",https://www.in.gov.br/en/web/dou/-/portaria-mapa-n-612-de-31-de-agosto-de-2023-507003445
ARROZ LONGO FINO EM CASCA,4685,RR,RR,2025,2,2026,1,80.0,60 kg,"PORTARIA MAPA Nº 700, DE 15 DE",https://www.in.gov.br/en/web/dou/-/portaria-mapa-n-700-de-15-de-julho-de-2024-572339980
ARROZ LONGO FINO EM CASCA,4685,RR,RR,2026,2,2027,1,80.0,60 kg,"PORTARIA MAPA Nº 812, DE 7 DE",https://www.in.gov.br/en/web/dou/-/portaria-mapa-n-812-de-7-de-julho-de-2025-640776008
ARROZ LONGO FINO EM CASCA,4685,RR,RR,2027,2,2028,1,88.44,60 kg,"PORTARIA MAPA Nº 934, DE 09 DE",https://www.in.gov.br/web/dou/-/portaria-mapa-n-934-de-9-de-julho-de-2026-718439459
ARROZ LONGO FINO EM CASCA,4685,TO,TO,2014,2,2015,1,31.86,60 kg,"PORTARIA  Nº  190,  DE  9  DE",NI
ARROZ LONGO FINO EM CASCA,4685,TO,TO,2015,2,2016,1,32.7,60 kg,"PORTARIA  Nº  190,  DE  9  DE",NI
ARROZ LONGO FINO EM CASCA,4685,TO,TO,2016,2,2017,1,35.6,60 kg,"PORTARIA Nº 142, DE 8 DE JULHO",http://biblioteca.conab.gov.br/phl82/pdf/legislacao/2015_PRT_142.pdf
ARROZ LONGO FINO EM CASCA,4685,TO,TO,2017,2,2018,1,41.97,60 kg,"PORTARIA Nº 123, DE 5 DE JULHO",http://biblioteca.conab.gov.br/phl82/pdf/legislacao/2016_PRT_123.pdf
ARROZ LONGO FINO EM CASCA,4685,TO,TO,2018,2,2019,1,43.21,60 kg,"PORTARIA Nº 1.577, DE 17 DE JU",http://biblioteca.conab.gov.br/phl82/pdf/legislacao/2017_PRT_1577.pdf
ARROZ LONGO FINO EM CASCA,4685,TO,TO,2019,2,2020,1,43.21,60 kg,"PORTARIA Nº 135, DE 12 DE JULH",http://biblioteca.conab.gov.br/phl82/pdf/legislacao/2018_PRT_935.pdf
ARROZ LONGO FINO EM CASCA,4685,TO,TO,2020,2,2021,1,47.55,60 kg,"PORTARIA Nº 135, DE 12 DE JULH",http://biblioteca.conab.gov.br/phl82/pdf/legislacao/2019_PRT_135.pdf
ARROZ LONGO FINO EM CASCA,4685,TO,TO,2021,2,2022,1,50.55,60 kg,"PORTARIA Nº 190, DE 9 DE JUNHO",http://biblioteca.conab.gov.br/phl82/pdf/legislacao/2020_PRT_190.pdf
ARROZ LONGO FINO EM CASCA,4685,TO,TO,2022,2,2023,1,62.34,60 kg,"PORTARIA Nº 201, DE 1º DE JULH",http://biblioteca.conab.gov.br/phl82/pdf/legislacao/2021_PRT_201.pdf
ARROZ LONGO FINO EM CASCA,4685,TO,TO,2023,2,2024,1,78.57,60 kg,,
ARROZ LONGO FINO EM CASCA,4685,TO,TO,2024,2,2025,1,72.73,60 kg,"PORTARIA MAPA Nº 612, DE 31 DE",https://www.in.gov.br/en/web/dou/-/portaria-mapa-n-612-de-31-de-agosto-de-2023-507003445
ARROZ LONGO FINO EM CASCA,4685,TO,TO,2025,2,2026,1,80.0,60 kg,"PORTARIA MAPA Nº 700, DE 15 DE",https://www.in.gov.br/en/web/dou/-/portaria-mapa-n-700-de-15-de-julho-de-2024-572339980
ARROZ LONGO FINO EM CASCA,4685,TO,TO,2026,2,2027,1,80.0,60 kg,"PORTARIA MAPA Nº 812, DE 7 DE",https://www.in.gov.br/en/web/dou/-/portaria-mapa-n-812-de-7-de-julho-de-2025-640776008
ARROZ LONGO FINO EM CASCA,4685,TO,TO,2027,2,2028,1,88.44,60 kg,"PORTARIA MAPA Nº 934, DE 09 DE",https://www.in.gov.br/web/dou/-/portaria-mapa-n-934-de-9-de-julho-de-2026-718439459
BABAÇU (AMÊNDOA) - PRODUTO EXTRATIVO,7995,AC,AC,2014,7,2015,6,2.49,kg,"PORTARIA  Nº  190,  DE  9  DE",NI
BABAÇU (AMÊNDOA) - PRODUTO EXTRATIVO,7995,AC,AC,2015,7,2016,6,2.49,kg,"PORTARIA  Nº  190,  DE  9  DE",NI
BABAÇU (AMÊNDOA) - PRODUTO EXTRATIVO,7995,AC,AC,2016,7,2017,6,2.87,kg,"PORTARIA Nº 123, DE 5 DE JULHO",http://biblioteca.conab.gov.br/phl82/pdf/legislacao/2016_PRT_123.pdf
BABAÇU (AMÊNDOA) - PRODUTO EXTRATIVO,7995,AC,AC,2017,7,2017,12,2.87,kg,"PORTARIA Nº 1.577, DE 17 DE JU",http://biblioteca.conab.gov.br/phl82/pdf/legislacao/2017_PRT_1577.pdf
BABAÇU (AMÊNDOA) - PRODUTO EXTRATIVO,7995,AC,AC,2018,1,2018,12,3.04,kg,"PORTARIA Nº 14, DE 3 DE JANEIR",http://biblioteca.conab.gov.br/phl82/pdf/legislacao/2018_PRT_14.pdf
BABAÇU (AMÊNDOA) - PRODUTO EXTRATIVO,7995,AC,AC,2019,1,2019,12,3.04,kg,"PORTARIA Nº 141, DE 8 DE JANEI",http://biblioteca.conab.gov.br/phl82/pdf/legislacao/2019_PRT_141.pdf
BABAÇU (AMÊNDOA) - PRODUTO EXTRATIVO,7995,AC,AC,2020,1,2020,12,3.82,kg,"PORTARIA Nº 313, DE 30 DE DEZE",http://biblioteca.conab.gov.br/phl82/pdf/legislacao/2019_PRT_313.pdf
BABAÇU (AMÊNDOA) - PRODUTO EXTRATIVO,7995,AC,AC,2021,1,2021,12,3.82,kg,PREÇOS MÍNIMOS DOS PRODUTOS DE,http://biblioteca.conab.gov.br/phl82/pdf/legislacao/2021_PRT_18.pdf
BABAÇU (AMÊNDOA) - PRODUTO EXTRATIVO,7995,AC,AC,2022,1,2022,12,4.28,kg,"PORTARIA MAPA Nº 376, DE 22 DE",http://biblioteca.conab.gov.br/phl82/pdf/legislacao/2021_PRT_376.pdf
BABAÇU (AMÊNDOA) - PRODUTO EXTRATIVO,7995,AC,AC,2023,1,2023,12,5.34,kg,"PORTARIA MAPA Nº 534, DE 19 DE",https://www.in.gov.br/en/web/dou/-/portaria-mapa-n-534-de-19-de-dezembro-de-2022-452020932
BABAÇU (AMÊNDOA) - PRODUTO EXTRATIVO,7995,AC,AC,2024,1,2024,12,6.35,kg,"PORTARIA MDA N° 41, DE 29 DE D",https://www.in.gov.br/web/dou/-/portaria-mda-n-41-de-29-de-dezembro-de-2023-535311884
BABAÇU (AMÊNDOA) - PRODUTO EXTRATIVO,7995,AC,AC,2025,1,2025,12,6.35,kg,"PORTARIA MAPA Nº 750, DE 24 DE",https://www.in.gov.br/en/web/dou/-/portaria-mapa-n-750-de-24-de-dezembro-de-2024-604348255
BABAÇU (AMÊNDOA) - PRODUTO EXTRATIVO,7995,AC,AC,2026,1,2026,12,7.0,kg,"PORTARIA MAPA Nº 868, DE 1º DE",https://in.gov.br/en/web/dou/-/portaria-mapa-n-868-de-1-de-dezembro-de-2025-672624071
BABAÇU (AMÊNDOA) - PRODUTO EXTRATIVO,7995,AM,AM,2014,7,2015,6,2.49,kg,"PORTARIA  Nº  190,  DE  9  DE",NI
BABAÇU (AMÊNDOA) - PRODUTO EXTRATIVO,7995,AM,AM,2015,7,2016,6,2.49,kg,"PORTARIA  Nº  190,  DE  9  DE",NI
BABAÇU (AMÊNDOA) - PRODUTO EXTRATIVO,7995,AM,AM,2016,7,2017,6,2.87,kg,"PORTARIA Nº 123, DE 5 DE JULHO",http://biblioteca.conab.gov.br/phl82/pdf/legislacao/2016_PRT_123.pdf
BABAÇU (AMÊNDOA) - PRODUTO EXTRATIVO,7995,AM,AM,2017,7,2017,12,2.87,kg,"PORTARIA Nº 1.577, DE 17 DE JU",http://biblioteca.conab.gov.br/phl82/pdf/legislacao/2017_PRT_1577.pdf
BABAÇU (AMÊNDOA) - PRODUTO EXTRATIVO,7995,AM,AM,2018,1,2018,12,3.04,kg,"PORTARIA Nº 14, DE 3 DE JANEIR",http://biblioteca.conab.gov.br/phl82/pdf/legislacao/2018_PRT_14.pdf
BABAÇU (AMÊNDOA) - PRODUTO EXTRATIVO,7995,AM,AM,2019,1,2019,12,3.04,kg,"PORTARIA Nº 141, DE 8 DE JANEI",http://biblioteca.conab.gov.br/phl82/pdf/legislacao/2019_PRT_141.pdf
BABAÇU (AMÊNDOA) - PRODUTO EXTRATIVO,7995,AM,AM,2020,1,2020,12,3.82,kg,"PORTARIA Nº 313, DE 30 DE DEZE",http://biblioteca.conab.gov.br/phl82/pdf/legislacao/2019_PRT_313.pdf
BABAÇU (AMÊNDOA) - PRODUTO EXTRATIVO,7995,AM,AM,2021,1,2021,12,3.82,kg,PREÇOS MÍNIMOS DOS PRODUTOS DE,http://biblioteca.conab.gov.br/phl82/pdf/legislacao/2021_PRT_18.pdf
BABAÇU (AMÊNDOA) - PRODUTO EXTRATIVO,7995,AM,AM,2022,1,2022,12,4.28,kg,"PORTARIA MAPA Nº 376, DE 22 DE",http://biblioteca.conab.gov.br/phl82/pdf/legislacao/2021_PRT_376.pdf
BABAÇU (AMÊNDOA) - PRODUTO EXTRATIVO,7995,AM,AM,2023,1,2023,12,5.34,kg,"PORTARIA MAPA Nº 534, DE 19 DE",https://www.in.gov.br/en/web/dou/-/portaria-mapa-n-534-de-19-de-dezembro-de-2022-452020932
BABAÇU (AMÊNDOA) - PRODUTO EXTRATIVO,7995,AM,AM,2024,1,2024,12,6.35,kg,"PORTARIA MDA N° 41, DE 29 DE D",https://www.in.gov.br/web/dou/-/portaria-mda-n-41-de-29-de-dezembro-de-2023-535311884
BABAÇU (AMÊNDOA) - PRODUTO EXTRATIVO,7995,AM,AM,2025,1,2025,12,6.35,kg,"PORTARIA MAPA Nº 750, DE 24 DE",https://www.in.gov.br/en/web/dou/-/portaria-mapa-n-750-de-24-de-dezembro-de-2024-604348255
BABAÇU (AMÊNDOA) - PRODUTO EXTRATIVO,7995,AM,AM,2026,1,2026,12,7.0,kg,"PORTARIA MAPA Nº 868, DE 1º DE",https://in.gov.br/en/web/dou/-/portaria-mapa-n-868-de-1-de-dezembro-de-2025-672624071
BABAÇU (AMÊNDOA) - PRODUTO EXTRATIVO,7995,AP,AP,2014,7,2015,6,2.49,kg,"PORTARIA  Nº  190,  DE  9  DE",NI
BABAÇU (AMÊNDOA) - PRODUTO EXTRATIVO,7995,AP,AP,2015,7,2016,6,2.49,kg,"PORTARIA  Nº  190,  DE  9  DE",NI
BABAÇU (AMÊNDOA) - PRODUTO EXTRATIVO,7995,AP,AP,2016,7,2017,6,2.87,kg,"PORTARIA Nº 123, DE 5 DE JULHO",http://biblioteca.conab.gov.br/phl82/pdf/legislacao/2016_PRT_123.pdf
BABAÇU (AMÊNDOA) - PRODUTO EXTRATIVO,7995,AP,AP,2017,7,2017,12,2.87,kg,"PORTARIA Nº 1.577, DE 17 DE JU",http://biblioteca.conab.gov.br/phl82/pdf/legislacao/2017_PRT_1577.pdf
BABAÇU (AMÊNDOA) - PRODUTO EXTRATIVO,7995,AP,AP,2018,1,2018,12,3.04,kg,"PORTARIA Nº 14, DE 3 DE JANEIR",http://biblioteca.conab.gov.br/phl82/pdf/legislacao/2018_PRT_14.pdf
BABAÇU (AMÊNDOA) - PRODUTO EXTRATIVO,7995,AP,AP,2019,1,2019,12,3.04,kg,"PORTARIA Nº 141, DE 8 DE JANEI",http://biblioteca.conab.gov.br/phl82/pdf/legislacao/2019_PRT_141.pdf
BABAÇU (AMÊNDOA) - PRODUTO EXTRATIVO,7995,AP,AP,2020,1,2020,12,3.82,kg,"PORTARIA Nº 313, DE 30 DE DEZE",http://biblioteca.conab.gov.br/phl82/pdf/legislacao/2019_PRT_313.pdf
BABAÇU (AMÊNDOA) - PRODUTO EXTRATIVO,7995,AP,AP,2021,1,2021,12,3.82,kg,PREÇOS MÍNIMOS DOS PRODUTOS DE,http://biblioteca.conab.gov.br/phl82/pdf/legislacao/2021_PRT_18.pdf
BABAÇU (AMÊNDOA) - PRODUTO EXTRATIVO,7995,AP,AP,2022,1,2022,12,4.28,kg,"PORTARIA MAPA Nº 376, DE 22 DE",http://biblioteca.conab.gov.br/phl82/pdf/legislacao/2021_PRT_376.pdf
BABAÇU (AMÊNDOA) - PRODUTO EXTRATIVO,7995,AP,AP,2023,1,2023,12,5.43,kg,"PORTARIA MAPA Nº 534, DE 19 DE",https://www.in.gov.br/en/web/dou/-/portaria-mapa-n-534-de-19-de-dezembro-de-2022-452020932
BABAÇU (AMÊNDOA) - PRODUTO EXTRATIVO,7995,AP,AP,2024,1,2024,12,6.35,kg,"PORTARIA MDA N° 41, DE 29 DE D",https://www.in.gov.br/web/dou/-/portaria-mda-n-41-de-29-de-dezembro-de-2023-535311884
BABAÇU (AMÊNDOA) - PRODUTO EXTRATIVO,7995,AP,AP,2025,1,2025,12,6.35,kg,"PORTARIA MAPA Nº 750, DE 24 DE",https://www.in.gov.br/en/web/dou/-/portaria-mapa-n-750-de-24-de-dezembro-de-2024-604348255
BABAÇU (AMÊNDOA) - PRODUTO EXTRATIVO,7995,AP,AP,2026,1,2026,12,7.0,kg,"PORTARIA MAPA Nº 868, DE 1º DE",https://in.gov.br/en/web/dou/-/portaria-mapa-n-868-de-1-de-dezembro-de-2025-672624071
BABAÇU (AMÊNDOA) - PRODUTO EXTRATIVO,7995,PA,PA,2014,7,2015,6,2.49,kg,"PORTARIA  Nº  190,  DE  9  DE",NI
BABAÇU (AMÊNDOA) - PRODUTO EXTRATIVO,7995,PA,PA,2015,7,2016,6,2.49,kg,"PORTARIA  Nº  190,  DE  9  DE",NI
BABAÇU (AMÊNDOA) - PRODUTO EXTRATIVO,7995,PA,PA,2016,7,2017,6,2.87,kg,"PORTARIA Nº 123, DE 5 DE JULHO",http://biblioteca.conab.gov.br/phl82/pdf/legislacao/2016_PRT_123.pdf
BABAÇU (AMÊNDOA) - PRODUTO EXTRATIVO,7995,PA,PA,2017,7,2017,12,2.87,kg,"PORTARIA Nº 1.577, DE 17 DE JU",http://biblioteca.conab.gov.br/phl82/pdf/legislacao/2017_PRT_1577.pdf
BABAÇU (AMÊNDOA) - PRODUTO EXTRATIVO,7995,PA,PA,2018,1,2018,12,3.04,kg,"PORTARIA Nº 14, DE 3 DE JANEIR",http://biblioteca.conab.gov.br/phl82/pdf/legislacao/2018_PRT_14.pdf
BABAÇU (AMÊNDOA) - PRODUTO EXTRATIVO,7995,PA,PA,2019,1,2019,12,3.04,kg,"PORTARIA Nº 141, DE 8 DE JANEI",http://biblioteca.conab.gov.br/phl82/pdf/legislacao/2019_PRT_141.pdf
BABAÇU (AMÊNDOA) - PRODUTO EXTRATIVO,7995,PA,PA,2020,1,2020,12,3.82,kg,"PORTARIA Nº 313, DE 30 DE DEZE",http://biblioteca.conab.gov.br/phl82/pdf/legislacao/2019_PRT_313.pdf
BABAÇU (AMÊNDOA) - PRODUTO EXTRATIVO,7995,PA,PA,2021,1,2021,12,3.82,kg,PREÇOS MÍNIMOS DOS PRODUTOS DE,http://biblioteca.conab.gov.br/phl82/pdf/legislacao/2021_PRT_18.pdf
BABAÇU (AMÊNDOA) - PRODUTO EXTRATIVO,7995,PA,PA,2022,1,2022,12,4.28,kg,"PORTARIA MAPA Nº 376, DE 22 DE",http://biblioteca.conab.gov.br/phl82/pdf/legislacao/2021_PRT_376.pdf
BABAÇU (AMÊNDOA) - PRODUTO EXTRATIVO,7995,PA,PA,2023,1,2023,12,5.34,kg,"PORTARIA MAPA Nº 534, DE 19 DE",https://www.in.gov.br/en/web/dou/-/portaria-mapa-n-534-de-19-de-dezembro-de-2022-452020932
BABAÇU (AMÊNDOA) - PRODUTO EXTRATIVO,7995,PA,PA,2024,1,2024,12,6.35,kg,"PORTARIA MDA N° 41, DE 29 DE D",https://www.in.gov.br/web/dou/-/portaria-mda-n-41-de-29-de-dezembro-de-2023-535311884
BABAÇU (AMÊNDOA) - PRODUTO EXTRATIVO,7995,PA,PA,2025,1,2025,12,6.35,kg,"PORTARIA MAPA Nº 750, DE 24 DE",https://www.in.gov.br/en/web/dou/-/portaria-mapa-n-750-de-24-de-dezembro-de-2024-604348255
BABAÇU (AMÊNDOA) - PRODUTO EXTRATIVO,7995,PA,PA,2026,1,2026,12,7.0,kg,"PORTARIA MAPA Nº 868, DE 1º DE",https://in.gov.br/en/web/dou/-/portaria-mapa-n-868-de-1-de-dezembro-de-2025-672624071
BABAÇU (AMÊNDOA) - PRODUTO EXTRATIVO,7995,RO,RO,2014,7,2015,6,2.49,kg,"PORTARIA  Nº  190,  DE  9  DE",NI
BABAÇU (AMÊNDOA) - PRODUTO EXTRATIVO,7995,RO,RO,2015,7,2016,6,2.49,kg,"PORTARIA  Nº  190,  DE  9  DE",NI
BABAÇU (AMÊNDOA) - PRODUTO EXTRATIVO,7995,RO,RO,2016,7,2017,6,2.87,kg,"PORTARIA Nº 123, DE 5 DE JULHO",http://biblioteca.conab.gov.br/phl82/pdf/legislacao/2016_PRT_123.pdf
BABAÇU (AMÊNDOA) - PRODUTO EXTRATIVO,7995,RO,RO,2017,7,2017,12,2.87,kg,"PORTARIA Nº 1.577, DE 17 DE JU",http://biblioteca.conab.gov.br/phl82/pdf/legislacao/2017_PRT_1577.pdf
BABAÇU (AMÊNDOA) - PRODUTO EXTRATIVO,7995,RO,RO,2018,1,2018,12,3.04,kg,"PORTARIA Nº 14, DE 3 DE JANEIR",http://biblioteca.conab.gov.br/phl82/pdf/legislacao/2018_PRT_14.pdf
BABAÇU (AMÊNDOA) - PRODUTO EXTRATIVO,7995,RO,RO,2019,1,2019,12,3.04,kg,"PORTARIA Nº 141, DE 8 DE JANEI",http://biblioteca.conab.gov.br/phl82/pdf/legislacao/2019_PRT_141.pdf
BABAÇU (AMÊNDOA) - PRODUTO EXTRATIVO,7995,RO,RO,2020,1,2020,12,3.82,kg,"PORTARIA Nº 313, DE 30 DE DEZE",http://biblioteca.conab.gov.br/phl82/pdf/legislacao/2019_PRT_313.pdf
BABAÇU (AMÊNDOA) - PRODUTO EXTRATIVO,7995,RO,RO,2021,1,2021,12,3.82,kg,PREÇOS MÍNIMOS DOS PRODUTOS DE,http://biblioteca.conab.gov.br/phl82/pdf/legislacao/2021_PRT_18.pdf
BABAÇU (AMÊNDOA) - PRODUTO EXTRATIVO,7995,RO,RO,2022,1,2022,12,4.28,kg,"PORTARIA MAPA Nº 376, DE 22 DE",http://biblioteca.conab.gov.br/phl82/pdf/legislacao/2021_PRT_376.pdf
BABAÇU (AMÊNDOA) - PRODUTO EXTRATIVO,7995,RO,RO,2023,1,2023,12,5.34,kg,"PORTARIA MAPA Nº 534, DE 19 DE",https://www.in.gov.br/en/web/dou/-/portaria-mapa-n-534-de-19-de-dezembro-de-2022-452020932
BABAÇU (AMÊNDOA) - PRODUTO EXTRATIVO,7995,RO,RO,2024,1,2024,12,6.35,kg,"PORTARIA MDA N° 41, DE 29 DE D",https://www.in.gov.br/web/dou/-/portaria-mda-n-41-de-29-de-dezembro-de-2023-535311884
BABAÇU (AMÊNDOA) - PRODUTO EXTRATIVO,7995,RO,RO,2025,1,2025,12,6.35,kg,"PORTARIA MAPA Nº 750, DE 24 DE",https://www.in.gov.br/en/web/dou/-/portaria-mapa-n-750-de-24-de-dezembro-de-2024-604348255
BABAÇU (AMÊNDOA) - PRODUTO EXTRATIVO,7995,RO,RO,2026,1,2026,12,7.0,kg,"PORTARIA MAPA Nº 868, DE 1º DE",https://in.gov.br/en/web/dou/-/portaria-mapa-n-868-de-1-de-dezembro-de-2025-672624071
BABAÇU (AMÊNDOA) - PRODUTO EXTRATIVO,7995,RR,RR,2014,7,2015,6,2.49,kg,"PORTARIA  Nº  190,  DE  9  DE",NI
BABAÇU (AMÊNDOA) - PRODUTO EXTRATIVO,7995,RR,RR,2015,7,2016,6,2.49,kg,"PORTARIA  Nº  190,  DE  9  DE",NI
BABAÇU (AMÊNDOA) - PRODUTO EXTRATIVO,7995,RR,RR,2016,7,2017,6,2.87,kg,"PORTARIA Nº 123, DE 5 DE JULHO",http://biblioteca.conab.gov.br/phl82/pdf/legislacao/2016_PRT_123.pdf
BABAÇU (AMÊNDOA) - PRODUTO EXTRATIVO,7995,RR,RR,2017,7,2017,12,2.87,kg,"PORTARIA Nº 1.577, DE 17 DE JU",http://biblioteca.conab.gov.br/phl82/pdf/legislacao/2017_PRT_1577.pdf
BABAÇU (AMÊNDOA) - PRODUTO EXTRATIVO,7995,RR,RR,2018,1,2018,12,3.04,kg,"PORTARIA Nº 14, DE 3 DE JANEIR",http://biblioteca.conab.gov.br/phl82/pdf/legislacao/2018_PRT_14.pdf
BABAÇU (AMÊNDOA) - PRODUTO EXTRATIVO,7995,RR,RR,2019,1,2019,12,3.04,kg,"PORTARIA Nº 141, DE 8 DE JANEI",http://biblioteca.conab.gov.br/phl82/pdf/legislacao/2019_PRT_141.pdf
BABAÇU (AMÊNDOA) - PRODUTO EXTRATIVO,7995,RR,RR,2020,1,2020,12,3.82,kg,"PORTARIA Nº 313, DE 30 DE DEZE",http://biblioteca.conab.gov.br/phl82/pdf/legislacao/2019_PRT_313.pdf
BABAÇU (AMÊNDOA) - PRODUTO EXTRATIVO,7995,RR,RR,2021,1,2021,12,3.82,kg,PREÇOS MÍNIMOS DOS PRODUTOS DE,http://biblioteca.conab.gov.br/phl82/pdf/legislacao/2021_PRT_18.pdf
BABAÇU (AMÊNDOA) - PRODUTO EXTRATIVO,7995,RR,RR,2022,1,2022,12,4.28,kg,"PORTARIA MAPA Nº 376, DE 22 DE",http://biblioteca.conab.gov.br/phl82/pdf/legislacao/2021_PRT_376.pdf
BABAÇU (AMÊNDOA) - PRODUTO EXTRATIVO,7995,RR,RR,2023,1,2023,12,5.34,kg,"PORTARIA MAPA Nº 534, DE 19 DE",https://www.in.gov.br/en/web/dou/-/portaria-mapa-n-534-de-19-de-dezembro-de-2022-452020932
BABAÇU (AMÊNDOA) - PRODUTO EXTRATIVO,7995,RR,RR,2024,1,2024,12,6.35,kg,"PORTARIA MDA N° 41, DE 29 DE D",https://www.in.gov.br/web/dou/-/portaria-mda-n-41-de-29-de-dezembro-de-2023-535311884
BABAÇU (AMÊNDOA) - PRODUTO EXTRATIVO,7995,RR,RR,2025,1,2025,12,6.35,kg,"PORTARIA MAPA Nº 750, DE 24 DE",https://www.in.gov.br/en/web/dou/-/portaria-mapa-n-750-de-24-de-dezembro-de-2024-604348255
BABAÇU (AMÊNDOA) - PRODUTO EXTRATIVO,7995,RR,RR,2026,1,2026,12,7.0,kg,"PORTARIA MAPA Nº 868, DE 1º DE",https://in.gov.br/en/web/dou/-/portaria-mapa-n-868-de-1-de-dezembro-de-2025-672624071
BABAÇU (AMÊNDOA) - PRODUTO EXTRATIVO,7995,TO,TO,2014,7,2015,6,2.49,kg,"PORTARIA  Nº  190,  DE  9  DE",NI
BABAÇU (AMÊNDOA) - PRODUTO EXTRATIVO,7995,TO,TO,2015,7,2016,6,2.49,kg,"PORTARIA  Nº  190,  DE  9  DE",NI
BABAÇU (AMÊNDOA) - PRODUTO EXTRATIVO,7995,TO,TO,2016,7,2017,6,2.87,kg,"PORTARIA Nº 123, DE 5 DE JULHO",http://biblioteca.conab.gov.br/phl82/pdf/legislacao/2016_PRT_123.pdf
BABAÇU (AMÊNDOA) - PRODUTO EXTRATIVO,7995,TO,TO,2017,7,2017,12,2.87,kg,"PORTARIA Nº 1.577, DE 17 DE JU",http://biblioteca.conab.gov.br/phl82/pdf/legislacao/2017_PRT_1577.pdf
BABAÇU (AMÊNDOA) - PRODUTO EXTRATIVO,7995,TO,TO,2018,1,2018,12,3.04,kg,"PORTARIA Nº 14, DE 3 DE JANEIR",http://biblioteca.conab.gov.br/phl82/pdf/legislacao/2018_PRT_14.pdf
BABAÇU (AMÊNDOA) - PRODUTO EXTRATIVO,7995,TO,TO,2019,1,2019,12,3.04,kg,"PORTARIA Nº 141, DE 8 DE JANEI",http://biblioteca.conab.gov.br/phl82/pdf/legislacao/2019_PRT_141.pdf
BABAÇU (AMÊNDOA) - PRODUTO EXTRATIVO,7995,TO,TO,2020,1,2020,12,3.82,kg,"PORTARIA Nº 313, DE 30 DE DEZE",http://biblioteca.conab.gov.br/phl82/pdf/legislacao/2019_PRT_313.pdf
BABAÇU (AMÊNDOA) - PRODUTO EXTRATIVO,7995,TO,TO,2021,1,2021,12,3.82,kg,PREÇOS MÍNIMOS DOS PRODUTOS DE,http://biblioteca.conab.gov.br/phl82/pdf/legislacao/2021_PRT_18.pdf
BABAÇU (AMÊNDOA) - PRODUTO EXTRATIVO,7995,TO,TO,2022,1,2022,12,4.28,kg,"PORTARIA MAPA Nº 376, DE 22 DE",http://biblioteca.conab.gov.br/phl82/pdf/legislacao/2021_PRT_376.pdf
BABAÇU (AMÊNDOA) - PRODUTO EXTRATIVO,7995,TO,TO,2023,1,2023,12,5.34,kg,"PORTARIA MAPA Nº 534, DE 19 DE",https://www.in.gov.br/en/web/dou/-/portaria-mapa-n-534-de-19-de-dezembro-de-2022-452020932
BABAÇU (AMÊNDOA) - PRODUTO EXTRATIVO,7995,TO,TO,2024,1,2024,12,6.35,kg,"PORTARIA MDA N° 41, DE 29 DE D",https://www.in.gov.br/web/dou/-/portaria-mda-n-41-de-29-de-dezembro-de-2023-535311884
BABAÇU (AMÊNDOA) - PRODUTO EXTRATIVO,7995,TO,TO,2025,1,2025,12,6.35,kg,"PORTARIA MAPA Nº 750, DE 24 DE",https://www.in.gov.br/en/web/dou/-/portaria-mapa-n-750-de-24-de-dezembro-de-2024-604348255
BABAÇU (AMÊNDOA) - PRODUTO EXTRATIVO,7995,TO,TO,2026,1,2026,12,7.0,kg,"PORTARIA MAPA Nº 868, DE 1º DE",https://in.gov.br/en/web/dou/-/portaria-mapa-n-868-de-1-de-dezembro-de-2025-672624071
BARU (AMÊNDOA) - PRODUTO EXTRATIVO,9597,TO,TO,2015,7,2016,6,12.05,kg,"PORTARIA  Nº  190,  DE  9  DE",NI
BARU (AMÊNDOA) - PRODUTO EXTRATIVO,9597,TO,TO,2016,7,2017,6,13.22,kg,"PORTARIA Nº 123, DE 5 DE JULHO",http://biblioteca.conab.gov.br/phl82/pdf/legislacao/2016_PRT_123.pdf
BARU (AMÊNDOA) - PRODUTO EXTRATIVO,9597,TO,TO,2017,7,2017,12,13.22,kg,"PORTARIA Nº 1.577, DE 17 DE JU",http://biblioteca.conab.gov.br/phl82/pdf/legislacao/2017_PRT_1577.pdf
BARU (AMÊNDOA) - PRODUTO EXTRATIVO,9597,TO,TO,2018,1,2018,12,15.64,kg,"PORTARIA Nº 14, DE 3 DE JANEIR",http://biblioteca.conab.gov.br/phl82/pdf/legislacao/2018_PRT_14.pdf
BARU (AMÊNDOA) - PRODUTO EXTRATIVO,9597,TO,TO,2019,1,2019,12,16.11,kg,"PORTARIA Nº 141, DE 8 DE JANEI",http://biblioteca.conab.gov.br/phl82/pdf/legislacao/2019_PRT_141.pdf
BARU (AMÊNDOA) - PRODUTO EXTRATIVO,9597,TO,TO,2020,1,2020,12,25.5,kg,"PORTARIA Nº 313, DE 30 DE DEZE",http://biblioteca.conab.gov.br/phl82/pdf/legislacao/2019_PRT_313.pdf
BARU (AMÊNDOA) - PRODUTO EXTRATIVO,9597,TO,TO,2021,1,2021,12,25.5,kg,PREÇOS MÍNIMOS DOS PRODUTOS DE,http://biblioteca.conab.gov.br/phl82/pdf/legislacao/2021_PRT_18.pdf
BARU (AMÊNDOA) - PRODUTO EXTRATIVO,9597,TO,TO,2022,1,2022,12,26.68,kg,"PORTARIA MAPA Nº 376, DE 22 DE",http://biblioteca.conab.gov.br/phl82/pdf/legislacao/2021_PRT_376.pdf
BARU (AMÊNDOA) - PRODUTO EXTRATIVO,9597,TO,TO,2023,1,2023,12,40.52,kg,"PORTARIA MAPA Nº 534, DE 19 DE",https://www.in.gov.br/en/web/dou/-/portaria-mapa-n-534-de-19-de-dezembro-de-2022-452020932
BARU (AMÊNDOA) - PRODUTO EXTRATIVO,9597,TO,TO,2024,1,2024,12,35.29,kg,"PORTARIA MDA N° 41, DE 29 DE D",https://www.in.gov.br/web/dou/-/portaria-mda-n-41-de-29-de-dezembro-de-2023-535311884
BARU (AMÊNDOA) - PRODUTO EXTRATIVO,9597,TO,TO,2025,1,2025,12,35.29,kg,"PORTARIA MAPA Nº 750, DE 24 DE",https://www.in.gov.br/en/web/dou/-/portaria-mapa-n-750-de-24-de-dezembro-de-2024-604348255
BARU (AMÊNDOA) - PRODUTO EXTRATIVO,9597,TO,TO,2026,1,2026,12,35.29,kg,"PORTARIA MAPA Nº 868, DE 1º DE",https://in.gov.br/en/web/dou/-/portaria-mapa-n-868-de-1-de-dezembro-de-2025-672624071
BORRACHA NATURAL (CERNAMBI) - PRODUTO EX,7998,AC,AC,2014,7,2015,6,4.9,kg,"PORTARIA  Nº  190,  DE  9  DE",NI
BORRACHA NATURAL (CERNAMBI) - PRODUTO EX,7998,AC,AC,2015,7,2016,6,4.9,kg,"PORTARIA  Nº  190,  DE  9  DE",NI
BORRACHA NATURAL (CERNAMBI) - PRODUTO EX,7998,AC,AC,2016,7,2017,6,5.42,kg,"PORTARIA Nº 123, DE 5 DE JULHO",http://biblioteca.conab.gov.br/phl82/pdf/legislacao/2016_PRT_123.pdf
BORRACHA NATURAL (CERNAMBI) - PRODUTO EX,7998,AC,AC,2017,7,2017,12,5.42,kg,"PORTARIA Nº 1.577, DE 17 DE JU",http://biblioteca.conab.gov.br/phl82/pdf/legislacao/2017_PRT_1577.pdf
BORRACHA NATURAL (CERNAMBI) - PRODUTO EX,7998,AC,AC,2018,1,2018,12,5.42,kg,"PORTARIA Nº 14, DE 3 DE JANEIR",http://biblioteca.conab.gov.br/phl82/pdf/legislacao/2018_PRT_14.pdf
BORRACHA NATURAL (CERNAMBI) - PRODUTO EX,7998,AC,AC,2019,1,2019,12,5.58,kg,"PORTARIA Nº 141, DE 8 DE JANEI",http://biblioteca.conab.gov.br/phl82/pdf/legislacao/2019_PRT_141.pdf
BORRACHA NATURAL (CERNAMBI) - PRODUTO EX,7998,AC,AC,2020,1,2020,12,5.58,kg,"PORTARIA Nº 313, DE 30 DE DEZE",http://biblioteca.conab.gov.br/phl82/pdf/legislacao/2019_PRT_313.pdf
BORRACHA NATURAL (CERNAMBI) - PRODUTO EX,7998,AC,AC,2021,1,2021,12,5.58,kg,PREÇOS MÍNIMOS DOS PRODUTOS DE,http://biblioteca.conab.gov.br/phl82/pdf/legislacao/2021_PRT_18.pdf
BORRACHA NATURAL (CERNAMBI) - PRODUTO EX,7998,AC,AC,2022,1,2022,12,5.82,kg,"PORTARIA MAPA Nº 376, DE 22 DE",http://biblioteca.conab.gov.br/phl82/pdf/legislacao/2021_PRT_376.pdf
BORRACHA NATURAL (CERNAMBI) - PRODUTO EX,7998,AC,AC,2023,1,2023,12,7.18,kg,"PORTARIA MAPA Nº 534, DE 19 DE",https://www.in.gov.br/en/web/dou/-/portaria-mapa-n-534-de-19-de-dezembro-de-2022-452020932
BORRACHA NATURAL (CERNAMBI) - PRODUTO EX,7998,AC,AC,2024,1,2024,12,7.41,kg,"PORTARIA MDA N° 41, DE 29 DE D",https://www.in.gov.br/web/dou/-/portaria-mda-n-41-de-29-de-dezembro-de-2023-535311884
BORRACHA NATURAL (CERNAMBI) - PRODUTO EX,7998,AC,AC,2025,1,2025,12,7.41,kg,"PORTARIA MAPA Nº 750, DE 24 DE",https://www.in.gov.br/en/web/dou/-/portaria-mapa-n-750-de-24-de-dezembro-de-2024-604348255
BORRACHA NATURAL (CERNAMBI) - PRODUTO EX,7998,AC,AC,2026,1,2026,12,7.96,kg,"PORTARIA MAPA Nº 868, DE 1º DE",https://in.gov.br/en/web/dou/-/portaria-mapa-n-868-de-1-de-dezembro-de-2025-672624071
BORRACHA NATURAL (CERNAMBI) - PRODUTO EX,7998,AM,AM,2014,7,2015,6,4.9,kg,"PORTARIA  Nº  190,  DE  9  DE",NI
BORRACHA NATURAL (CERNAMBI) - PRODUTO EX,7998,AM,AM,2015,7,2016,6,4.9,kg,"PORTARIA  Nº  190,  DE  9  DE",NI
BORRACHA NATURAL (CERNAMBI) - PRODUTO EX,7998,AM,AM,2016,7,2017,6,5.42,kg,"PORTARIA Nº 123, DE 5 DE JULHO",http://biblioteca.conab.gov.br/phl82/pdf/legislacao/2016_PRT_123.pdf
BORRACHA NATURAL (CERNAMBI) - PRODUTO EX,7998,AM,AM,2017,7,2017,12,5.42,kg,"PORTARIA Nº 1.577, DE 17 DE JU",http://biblioteca.conab.gov.br/phl82/pdf/legislacao/2017_PRT_1577.pdf
BORRACHA NATURAL (CERNAMBI) - PRODUTO EX,7998,AM,AM,2018,1,2018,12,5.42,kg,"PORTARIA Nº 14, DE 3 DE JANEIR",http://biblioteca.conab.gov.br/phl82/pdf/legislacao/2018_PRT_14.pdf
BORRACHA NATURAL (CERNAMBI) - PRODUTO EX,7998,AM,AM,2019,1,2019,12,5.58,kg,"PORTARIA Nº 141, DE 8 DE JANEI",http://biblioteca.conab.gov.br/phl82/pdf/legislacao/2019_PRT_141.pdf
BORRACHA NATURAL (CERNAMBI) - PRODUTO EX,7998,AM,AM,2020,1,2020,12,5.58,kg,"PORTARIA Nº 313, DE 30 DE DEZE",http://biblioteca.conab.gov.br/phl82/pdf/legislacao/2019_PRT_313.pdf
BORRACHA NATURAL (CERNAMBI) - PRODUTO EX,7998,AM,AM,2021,1,2021,12,5.58,kg,PREÇOS MÍNIMOS DOS PRODUTOS DE,http://biblioteca.conab.gov.br/phl82/pdf/legislacao/2021_PRT_18.pdf
BORRACHA NATURAL (CERNAMBI) - PRODUTO EX,7998,AM,AM,2022,1,2022,12,5.82,kg,"PORTARIA MAPA Nº 376, DE 22 DE",http://biblioteca.conab.gov.br/phl82/pdf/legislacao/2021_PRT_376.pdf
BORRACHA NATURAL (CERNAMBI) - PRODUTO EX,7998,AM,AM,2023,1,2023,12,7.18,kg,"PORTARIA MAPA Nº 534, DE 19 DE",https://www.in.gov.br/en/web/dou/-/portaria-mapa-n-534-de-19-de-dezembro-de-2022-452020932
BORRACHA NATURAL (CERNAMBI) - PRODUTO EX,7998,AM,AM,2024,1,2024,12,7.41,kg,"PORTARIA MDA N° 41, DE 29 DE D",https://www.in.gov.br/web/dou/-/portaria-mda-n-41-de-29-de-dezembro-de-2023-535311884
BORRACHA NATURAL (CERNAMBI) - PRODUTO EX,7998,AM,AM,2025,1,2025,12,7.41,kg,"PORTARIA MAPA Nº 750, DE 24 DE",https://www.in.gov.br/en/web/dou/-/portaria-mapa-n-750-de-24-de-dezembro-de-2024-604348255
BORRACHA NATURAL (CERNAMBI) - PRODUTO EX,7998,AM,AM,2026,1,2026,12,7.96,kg,"PORTARIA MAPA Nº 868, DE 1º DE",https://in.gov.br/en/web/dou/-/portaria-mapa-n-868-de-1-de-dezembro-de-2025-672624071
BORRACHA NATURAL (CERNAMBI) - PRODUTO EX,7998,AP,AP,2014,7,2015,6,4.9,kg,"PORTARIA  Nº  190,  DE  9  DE",NI
BORRACHA NATURAL (CERNAMBI) - PRODUTO EX,7998,AP,AP,2015,7,2016,6,4.9,kg,"PORTARIA  Nº  190,  DE  9  DE",NI
BORRACHA NATURAL (CERNAMBI) - PRODUTO EX,7998,AP,AP,2016,7,2017,6,5.42,kg,"PORTARIA Nº 123, DE 5 DE JULHO",http://biblioteca.conab.gov.br/phl82/pdf/legislacao/2016_PRT_123.pdf
BORRACHA NATURAL (CERNAMBI) - PRODUTO EX,7998,AP,AP,2017,7,2017,12,5.42,kg,"PORTARIA Nº 1.577, DE 17 DE JU",http://biblioteca.conab.gov.br/phl82/pdf/legislacao/2017_PRT_1577.pdf
BORRACHA NATURAL (CERNAMBI) - PRODUTO EX,7998,AP,AP,2018,1,2018,12,5.42,kg,"PORTARIA Nº 14, DE 3 DE JANEIR",http://biblioteca.conab.gov.br/phl82/pdf/legislacao/2018_PRT_14.pdf
BORRACHA NATURAL (CERNAMBI) - PRODUTO EX,7998,AP,AP,2019,1,2019,12,5.58,kg,"PORTARIA Nº 141, DE 8 DE JANEI",http://biblioteca.conab.gov.br/phl82/pdf/legislacao/2019_PRT_141.pdf
BORRACHA NATURAL (CERNAMBI) - PRODUTO EX,7998,AP,AP,2020,1,2020,12,5.58,kg,"PORTARIA Nº 313, DE 30 DE DEZE",http://biblioteca.conab.gov.br/phl82/pdf/legislacao/2019_PRT_313.pdf
BORRACHA NATURAL (CERNAMBI) - PRODUTO EX,7998,AP,AP,2021,1,2021,12,5.58,kg,PREÇOS MÍNIMOS DOS PRODUTOS DE,http://biblioteca.conab.gov.br/phl82/pdf/legislacao/2021_PRT_18.pdf
BORRACHA NATURAL (CERNAMBI) - PRODUTO EX,7998,AP,AP,2022,1,2022,12,5.82,kg,"PORTARIA MAPA Nº 376, DE 22 DE",http://biblioteca.conab.gov.br/phl82/pdf/legislacao/2021_PRT_376.pdf
BORRACHA NATURAL (CERNAMBI) - PRODUTO EX,7998,AP,AP,2023,1,2023,12,7.18,kg,"PORTARIA MAPA Nº 534, DE 19 DE",https://www.in.gov.br/en/web/dou/-/portaria-mapa-n-534-de-19-de-dezembro-de-2022-452020932
BORRACHA NATURAL (CERNAMBI) - PRODUTO EX,7998,AP,AP,2024,1,2024,12,7.41,kg,"PORTARIA MDA N° 41, DE 29 DE D",https://www.in.gov.br/web/dou/-/portaria-mda-n-41-de-29-de-dezembro-de-2023-535311884
BORRACHA NATURAL (CERNAMBI) - PRODUTO EX,7998,AP,AP,2025,1,2025,12,7.41,kg,"PORTARIA MAPA Nº 750, DE 24 DE",https://www.in.gov.br/en/web/dou/-/portaria-mapa-n-750-de-24-de-dezembro-de-2024-604348255
BORRACHA NATURAL (CERNAMBI) - PRODUTO EX,7998,AP,AP,2026,1,2026,12,7.96,kg,"PORTARIA MAPA Nº 868, DE 1º DE",https://in.gov.br/en/web/dou/-/portaria-mapa-n-868-de-1-de-dezembro-de-2025-672624071
BORRACHA NATURAL (CERNAMBI) - PRODUTO EX,7998,PA,PA,2014,7,2015,6,4.9,kg,"PORTARIA  Nº  190,  DE  9  DE",NI
BORRACHA NATURAL (CERNAMBI) - PRODUTO EX,7998,PA,PA,2015,7,2016,6,4.9,kg,"PORTARIA  Nº  190,  DE  9  DE",NI
BORRACHA NATURAL (CERNAMBI) - PRODUTO EX,7998,PA,PA,2016,7,2017,6,5.42,kg,"PORTARIA Nº 123, DE 5 DE JULHO",http://biblioteca.conab.gov.br/phl82/pdf/legislacao/2016_PRT_123.pdf
BORRACHA NATURAL (CERNAMBI) - PRODUTO EX,7998,PA,PA,2017,7,2017,12,5.42,kg,"PORTARIA Nº 1.577, DE 17 DE JU",http://biblioteca.conab.gov.br/phl82/pdf/legislacao/2017_PRT_1577.pdf
BORRACHA NATURAL (CERNAMBI) - PRODUTO EX,7998,PA,PA,2018,1,2018,12,5.42,kg,"PORTARIA Nº 14, DE 3 DE JANEIR",http://biblioteca.conab.gov.br/phl82/pdf/legislacao/2018_PRT_14.pdf
BORRACHA NATURAL (CERNAMBI) - PRODUTO EX,7998,PA,PA,2019,1,2019,12,5.58,kg,"PORTARIA Nº 141, DE 8 DE JANEI",http://biblioteca.conab.gov.br/phl82/pdf/legislacao/2019_PRT_141.pdf
BORRACHA NATURAL (CERNAMBI) - PRODUTO EX,7998,PA,PA,2020,1,2020,12,5.58,kg,"PORTARIA Nº 313, DE 30 DE DEZE",http://biblioteca.conab.gov.br/phl82/pdf/legislacao/2019_PRT_313.pdf
BORRACHA NATURAL (CERNAMBI) - PRODUTO EX,7998,PA,PA,2021,1,2021,12,5.58,kg,PREÇOS MÍNIMOS DOS PRODUTOS DE,http://biblioteca.conab.gov.br/phl82/pdf/legislacao/2021_PRT_18.pdf
BORRACHA NATURAL (CERNAMBI) - PRODUTO EX,7998,PA,PA,2022,1,2022,12,5.82,kg,"PORTARIA MAPA Nº 376, DE 22 DE",http://biblioteca.conab.gov.br/phl82/pdf/legislacao/2021_PRT_376.pdf
BORRACHA NATURAL (CERNAMBI) - PRODUTO EX,7998,PA,PA,2023,1,2023,12,7.18,kg,"PORTARIA MAPA Nº 534, DE 19 DE",https://www.in.gov.br/en/web/dou/-/portaria-mapa-n-534-de-19-de-dezembro-de-2022-452020932
BORRACHA NATURAL (CERNAMBI) - PRODUTO EX,7998,PA,PA,2024,1,2024,12,7.41,kg,"PORTARIA MDA N° 41, DE 29 DE D",https://www.in.gov.br/web/dou/-/portaria-mda-n-41-de-29-de-dezembro-de-2023-535311884
BORRACHA NATURAL (CERNAMBI) - PRODUTO EX,7998,PA,PA,2025,1,2025,12,7.41,kg,"PORTARIA MAPA Nº 750, DE 24 DE",https://www.in.gov.br/en/web/dou/-/portaria-mapa-n-750-de-24-de-dezembro-de-2024-604348255
BORRACHA NATURAL (CERNAMBI) - PRODUTO EX,7998,PA,PA,2026,1,2026,12,7.96,kg,"PORTARIA MAPA Nº 868, DE 1º DE",https://in.gov.br/en/web/dou/-/portaria-mapa-n-868-de-1-de-dezembro-de-2025-672624071
BORRACHA NATURAL (CERNAMBI) - PRODUTO EX,7998,RO,RO,2014,7,2015,6,4.9,kg,"PORTARIA  Nº  190,  DE  9  DE",NI
BORRACHA NATURAL (CERNAMBI) - PRODUTO EX,7998,RO,RO,2015,7,2016,6,4.9,kg,"PORTARIA  Nº  190,  DE  9  DE",NI
BORRACHA NATURAL (CERNAMBI) - PRODUTO EX,7998,RO,RO,2016,7,2017,6,5.42,kg,"PORTARIA Nº 123, DE 5 DE JULHO",http://biblioteca.conab.gov.br/phl82/pdf/legislacao/2016_PRT_123.pdf
BORRACHA NATURAL (CERNAMBI) - PRODUTO EX,7998,RO,RO,2017,7,2017,12,5.42,kg,"PORTARIA Nº 1.577, DE 17 DE JU",http://biblioteca.conab.gov.br/phl82/pdf/legislacao/2017_PRT_1577.pdf
BORRACHA NATURAL (CERNAMBI) - PRODUTO EX,7998,RO,RO,2018,1,2018,12,5.42,kg,"PORTARIA Nº 14, DE 3 DE JANEIR",http://biblioteca.conab.gov.br/phl82/pdf/legislacao/2018_PRT_14.pdf
BORRACHA NATURAL (CERNAMBI) - PRODUTO EX,7998,RO,RO,2019,1,2019,12,5.58,kg,"PORTARIA Nº 141, DE 8 DE JANEI",http://biblioteca.conab.gov.br/phl82/pdf/legislacao/2019_PRT_141.pdf
BORRACHA NATURAL (CERNAMBI) - PRODUTO EX,7998,RO,RO,2020,1,2020,12,5.58,kg,"PORTARIA Nº 313, DE 30 DE DEZE",http://biblioteca.conab.gov.br/phl82/pdf/legislacao/2019_PRT_313.pdf
BORRACHA NATURAL (CERNAMBI) - PRODUTO EX,7998,RO,RO,2021,1,2021,12,5.58,kg,PREÇOS MÍNIMOS DOS PRODUTOS DE,http://biblioteca.conab.gov.br/phl82/pdf/legislacao/2021_PRT_18.pdf
BORRACHA NATURAL (CERNAMBI) - PRODUTO EX,7998,RO,RO,2022,1,2022,12,5.82,kg,"PORTARIA MAPA Nº 376, DE 22 DE",http://biblioteca.conab.gov.br/phl82/pdf/legislacao/2021_PRT_376.pdf
BORRACHA NATURAL (CERNAMBI) - PRODUTO EX,7998,RO,RO,2023,1,2023,12,7.18,kg,"PORTARIA MAPA Nº 534, DE 19 DE",https://www.in.gov.br/en/web/dou/-/portaria-mapa-n-534-de-19-de-dezembro-de-2022-452020932
BORRACHA NATURAL (CERNAMBI) - PRODUTO EX,7998,RO,RO,2024,1,2024,12,7.41,kg,"PORTARIA MDA N° 41, DE 29 DE D",https://www.in.gov.br/web/dou/-/portaria-mda-n-41-de-29-de-dezembro-de-2023-535311884
BORRACHA NATURAL (CERNAMBI) - PRODUTO EX,7998,RO,RO,2025,1,2025,12,7.41,kg,"PORTARIA MAPA Nº 750, DE 24 DE",https://www.in.gov.br/en/web/dou/-/portaria-mapa-n-750-de-24-de-dezembro-de-2024-604348255
BORRACHA NATURAL (CERNAMBI) - PRODUTO EX,7998,RO,RO,2026,1,2026,12,7.96,kg,"PORTARIA MAPA Nº 868, DE 1º DE",https://in.gov.br/en/web/dou/-/portaria-mapa-n-868-de-1-de-dezembro-de-2025-672624071
BORRACHA NATURAL (CERNAMBI) - PRODUTO EX,7998,RR,RR,2014,7,2015,6,4.9,kg,"PORTARIA  Nº  190,  DE  9  DE",NI
BORRACHA NATURAL (CERNAMBI) - PRODUTO EX,7998,RR,RR,2015,7,2016,6,4.9,kg,"PORTARIA  Nº  190,  DE  9  DE",NI
BORRACHA NATURAL (CERNAMBI) - PRODUTO EX,7998,RR,RR,2016,7,2017,6,5.42,kg,"PORTARIA Nº 123, DE 5 DE JULHO",http://biblioteca.conab.gov.br/phl82/pdf/legislacao/2016_PRT_123.pdf
BORRACHA NATURAL (CERNAMBI) - PRODUTO EX,7998,RR,RR,2017,7,2017,12,5.42,kg,"PORTARIA Nº 1.577, DE 17 DE JU",http://biblioteca.conab.gov.br/phl82/pdf/legislacao/2017_PRT_1577.pdf
BORRACHA NATURAL (CERNAMBI) - PRODUTO EX,7998,RR,RR,2018,1,2018,12,5.42,kg,"PORTARIA Nº 14, DE 3 DE JANEIR",http://biblioteca.conab.gov.br/phl82/pdf/legislacao/2018_PRT_14.pdf
BORRACHA NATURAL (CERNAMBI) - PRODUTO EX,7998,RR,RR,2019,1,2019,12,5.58,kg,"PORTARIA Nº 141, DE 8 DE JANEI",http://biblioteca.conab.gov.br/phl82/pdf/legislacao/2019_PRT_141.pdf
BORRACHA NATURAL (CERNAMBI) - PRODUTO EX,7998,RR,RR,2020,1,2020,12,5.58,kg,"PORTARIA Nº 313, DE 30 DE DEZE",http://biblioteca.conab.gov.br/phl82/pdf/legislacao/2019_PRT_313.pdf
BORRACHA NATURAL (CERNAMBI) - PRODUTO EX,7998,RR,RR,2021,1,2021,12,5.58,kg,PREÇOS MÍNIMOS DOS PRODUTOS DE,http://biblioteca.conab.gov.br/phl82/pdf/legislacao/2021_PRT_18.pdf
BORRACHA NATURAL (CERNAMBI) - PRODUTO EX,7998,RR,RR,2022,1,2022,12,5.82,kg,"PORTARIA MAPA Nº 376, DE 22 DE",http://biblioteca.conab.gov.br/phl82/pdf/legislacao/2021_PRT_376.pdf
BORRACHA NATURAL (CERNAMBI) - PRODUTO EX,7998,RR,RR,2023,1,2023,12,7.18,kg,"PORTARIA MAPA Nº 534, DE 19 DE",https://www.in.gov.br/en/web/dou/-/portaria-mapa-n-534-de-19-de-dezembro-de-2022-452020932
BORRACHA NATURAL (CERNAMBI) - PRODUTO EX,7998,RR,RR,2024,1,2024,12,7.41,kg,"PORTARIA MDA N° 41, DE 29 DE D",https://www.in.gov.br/web/dou/-/portaria-mda-n-41-de-29-de-dezembro-de-2023-535311884
BORRACHA NATURAL (CERNAMBI) - PRODUTO EX,7998,RR,RR,2025,1,2025,12,7.41,kg,"PORTARIA MAPA Nº 750, DE 24 DE",https://www.in.gov.br/en/web/dou/-/portaria-mapa-n-750-de-24-de-dezembro-de-2024-604348255
BORRACHA NATURAL (CERNAMBI) - PRODUTO EX,7998,RR,RR,2026,1,2026,12,7.96,kg,"PORTARIA MAPA Nº 868, DE 1º DE",https://in.gov.br/en/web/dou/-/portaria-mapa-n-868-de-1-de-dezembro-de-2025-672624071
BORRACHA NATURAL CULTIVADA,7537,AC,AC,2014,1,2014,12,2.0,kg,"PORTARIA  Nº  190,  DE  9  DE",NI
BORRACHA NATURAL CULTIVADA,7537,AC,AC,2015,1,2015,12,2.0,kg,"PORTARIA  Nº  190,  DE  9  DE",NI
BORRACHA NATURAL CULTIVADA,7537,AC,AC,2016,7,2017,6,2.0,kg,,
BORRACHA NATURAL CULTIVADA,7537,AC,AC,2016,1,2016,6,2.0,kg,,
BORRACHA NATURAL CULTIVADA,7537,AC,AC,2017,7,2018,6,2.0,kg,,
BORRACHA NATURAL CULTIVADA,7537,AC,AC,2018,7,2019,6,2.16,kg,"PORTARIA Nº 135, DE 12 DE JULH",http://biblioteca.conab.gov.br/phl82/pdf/legislacao/2018_PRT_935.pdf
BORRACHA NATURAL CULTIVADA,7537,AC,AC,2019,7,2020,6,2.02,kg,"PORTARIA Nº 135, DE 12 DE JULH",http://biblioteca.conab.gov.br/phl82/pdf/legislacao/2019_PRT_135.pdf
BORRACHA NATURAL CULTIVADA,7537,AC,AC,2020,7,2021,6,2.4,kg,"PORTARIA Nº 190, DE 9 DE JUNHO",http://biblioteca.conab.gov.br/phl82/pdf/legislacao/2020_PRT_190.pdf
BORRACHA NATURAL CULTIVADA,7537,AC,AC,2021,7,2022,6,3.41,kg,"PORTARIA Nº 201, DE 1º DE JULH",http://biblioteca.conab.gov.br/phl82/pdf/legislacao/2021_PRT_201.pdf
BORRACHA NATURAL CULTIVADA,7537,AC,AC,2022,7,2023,6,4.46,kg,,
BORRACHA NATURAL CULTIVADA,7537,AC,AC,2023,7,2024,6,4.3,kg,"PORTARIA MAPA Nº 595, DE 4 DE",https://www.in.gov.br/web/dou/-/portaria-mapa-n-595-de-4-de-julho-de-2023-494540705
BORRACHA NATURAL CULTIVADA,7537,AC,AC,2024,7,2025,6,4.05,kg,"PORTARIA MAPA Nº 700, DE 15 DE",https://www.in.gov.br/en/web/dou/-/portaria-mapa-n-700-de-15-de-julho-de-2024-572339980
BORRACHA NATURAL CULTIVADA,7537,AC,AC,2025,7,2026,6,4.56,kg,"PORTARIA MAPA Nº 812, DE 7 DE",https://www.in.gov.br/en/web/dou/-/portaria-mapa-n-812-de-7-de-julho-de-2025-640776008
BORRACHA NATURAL CULTIVADA,7537,AC,AC,2026,7,2027,6,4.87,kg,"PORTARIA MAPA Nº 934, DE 09 DE",https://www.in.gov.br/web/dou/-/portaria-mapa-n-934-de-9-de-julho-de-2026-718439459
BORRACHA NATURAL CULTIVADA,7537,AM,AM,2014,1,2014,12,2.0,kg,"PORTARIA  Nº  190,  DE  9  DE",NI
BORRACHA NATURAL CULTIVADA,7537,AM,AM,2015,1,2015,12,2.0,kg,"PORTARIA  Nº  190,  DE  9  DE",NI
BORRACHA NATURAL CULTIVADA,7537,AM,AM,2016,1,2016,6,2.0,kg,"PORTARIA  Nº  190,  DE  9  DE",NI
BORRACHA NATURAL CULTIVADA,7537,AM,AM,2016,7,2017,6,2.0,kg,"PORTARIA  Nº  190,  DE  9  DE",NI
BORRACHA NATURAL CULTIVADA,7537,AM,AM,2017,7,2018,6,2.0,kg,"PORTARIA  Nº  190,  DE  9  DE",NI
BORRACHA NATURAL CULTIVADA,7537,AM,AM,2018,7,2019,6,2.16,kg,"PORTARIA Nº 135, DE 12 DE JULH",http://biblioteca.conab.gov.br/phl82/pdf/legislacao/2018_PRT_935.pdf
BORRACHA NATURAL CULTIVADA,7537,AM,AM,2019,7,2020,6,2.02,kg,"PORTARIA Nº 135, DE 12 DE JULH",http://biblioteca.conab.gov.br/phl82/pdf/legislacao/2019_PRT_135.pdf
BORRACHA NATURAL CULTIVADA,7537,AM,AM,2020,7,2021,6,2.4,kg,"PORTARIA Nº 190, DE 9 DE JUNHO",http://biblioteca.conab.gov.br/phl82/pdf/legislacao/2020_PRT_190.pdf
BORRACHA NATURAL CULTIVADA,7537,AM,AM,2021,7,2022,6,3.41,kg,"PORTARIA Nº 201, DE 1º DE JULH",http://biblioteca.conab.gov.br/phl82/pdf/legislacao/2021_PRT_201.pdf
BORRACHA NATURAL CULTIVADA,7537,AM,AM,2022,7,2023,6,4.46,kg,,
BORRACHA NATURAL CULTIVADA,7537,AM,AM,2023,7,2024,6,4.3,kg,"PORTARIA MAPA Nº 595, DE 4 DE",https://www.in.gov.br/web/dou/-/portaria-mapa-n-595-de-4-de-julho-de-2023-494540705
BORRACHA NATURAL CULTIVADA,7537,AM,AM,2024,7,2025,6,4.05,kg,"PORTARIA MAPA Nº 700, DE 15 DE",https://www.in.gov.br/en/web/dou/-/portaria-mapa-n-700-de-15-de-julho-de-2024-572339980
BORRACHA NATURAL CULTIVADA,7537,AM,AM,2025,7,2026,6,4.56,kg,"PORTARIA MAPA Nº 812, DE 7 DE",https://www.in.gov.br/en/web/dou/-/portaria-mapa-n-812-de-7-de-julho-de-2025-640776008
BORRACHA NATURAL CULTIVADA,7537,AM,AM,2026,7,2027,6,4.87,kg,"PORTARIA MAPA Nº 934, DE 09 DE",https://www.in.gov.br/web/dou/-/portaria-mapa-n-934-de-9-de-julho-de-2026-718439459
BORRACHA NATURAL CULTIVADA,7537,AP,AP,2014,1,2014,12,2.0,kg,"PORTARIA  Nº  190,  DE  9  DE",NI
BORRACHA NATURAL CULTIVADA,7537,AP,AP,2015,1,2015,12,2.0,kg,"PORTARIA  Nº  190,  DE  9  DE",NI
BORRACHA NATURAL CULTIVADA,7537,AP,AP,2016,7,2017,6,2.0,kg,"PORTARIA  Nº  190,  DE  9  DE",NI
BORRACHA NATURAL CULTIVADA,7537,AP,AP,2016,1,2016,6,2.0,kg,"PORTARIA  Nº  190,  DE  9  DE",NI
BORRACHA NATURAL CULTIVADA,7537,AP,AP,2017,7,2018,6,2.0,kg,"PORTARIA  Nº  190,  DE  9  DE",NI
BORRACHA NATURAL CULTIVADA,7537,AP,AP,2018,7,2019,6,2.16,kg,"PORTARIA Nº 135, DE 12 DE JULH",http://biblioteca.conab.gov.br/phl82/pdf/legislacao/2018_PRT_935.pdf
BORRACHA NATURAL CULTIVADA,7537,AP,AP,2019,7,2020,6,2.02,kg,"PORTARIA Nº 135, DE 12 DE JULH",http://biblioteca.conab.gov.br/phl82/pdf/legislacao/2019_PRT_135.pdf
BORRACHA NATURAL CULTIVADA,7537,AP,AP,2020,7,2021,6,2.4,kg,"PORTARIA Nº 190, DE 9 DE JUNHO",http://biblioteca.conab.gov.br/phl82/pdf/legislacao/2020_PRT_190.pdf
BORRACHA NATURAL CULTIVADA,7537,AP,AP,2021,7,2022,6,3.41,kg,"PORTARIA Nº 201, DE 1º DE JULH",http://biblioteca.conab.gov.br/phl82/pdf/legislacao/2021_PRT_201.pdf
BORRACHA NATURAL CULTIVADA,7537,AP,AP,2022,7,2023,6,4.46,kg,,
BORRACHA NATURAL CULTIVADA,7537,AP,AP,2023,7,2024,6,4.3,kg,"PORTARIA MAPA Nº 595, DE 4 DE",https://www.in.gov.br/web/dou/-/portaria-mapa-n-595-de-4-de-julho-de-2023-494540705
BORRACHA NATURAL CULTIVADA,7537,AP,AP,2024,7,2025,6,4.05,kg,"PORTARIA MAPA Nº 700, DE 15 DE",https://www.in.gov.br/en/web/dou/-/portaria-mapa-n-700-de-15-de-julho-de-2024-572339980
BORRACHA NATURAL CULTIVADA,7537,AP,AP,2025,7,2026,6,4.56,kg,"PORTARIA MAPA Nº 812, DE 7 DE",https://www.in.gov.br/en/web/dou/-/portaria-mapa-n-812-de-7-de-julho-de-2025-640776008
BORRACHA NATURAL CULTIVADA,7537,AP,AP,2026,7,2027,6,4.87,kg,"PORTARIA MAPA Nº 934, DE 09 DE",https://www.in.gov.br/web/dou/-/portaria-mapa-n-934-de-9-de-julho-de-2026-718439459
BORRACHA NATURAL CULTIVADA,7537,PA,PA,2014,1,2014,12,2.0,kg,"PORTARIA  Nº  190,  DE  9  DE",NI
BORRACHA NATURAL CULTIVADA,7537,PA,PA,2015,1,2015,12,2.0,kg,"PORTARIA  Nº  190,  DE  9  DE",NI
BORRACHA NATURAL CULTIVADA,7537,PA,PA,2016,7,2017,6,2.0,kg,"PORTARIA  Nº  190,  DE  9  DE",NI
BORRACHA NATURAL CULTIVADA,7537,PA,PA,2016,1,2016,6,2.0,kg,"PORTARIA  Nº  190,  DE  9  DE",NI
BORRACHA NATURAL CULTIVADA,7537,PA,PA,2017,7,2018,6,2.0,kg,"PORTARIA  Nº  190,  DE  9  DE",NI
BORRACHA NATURAL CULTIVADA,7537,PA,PA,2018,7,2019,6,2.16,kg,"PORTARIA Nº 135, DE 12 DE JULH",http://biblioteca.conab.gov.br/phl82/pdf/legislacao/2018_PRT_935.pdf
BORRACHA NATURAL CULTIVADA,7537,PA,PA,2019,7,2020,6,2.02,kg,"PORTARIA Nº 135, DE 12 DE JULH",http://biblioteca.conab.gov.br/phl82/pdf/legislacao/2019_PRT_135.pdf
BORRACHA NATURAL CULTIVADA,7537,PA,PA,2020,7,2021,6,2.4,kg,"PORTARIA Nº 190, DE 9 DE JUNHO",http://biblioteca.conab.gov.br/phl82/pdf/legislacao/2020_PRT_190.pdf
BORRACHA NATURAL CULTIVADA,7537,PA,PA,2021,7,2022,6,3.41,kg,"PORTARIA Nº 201, DE 1º DE JULH",http://biblioteca.conab.gov.br/phl82/pdf/legislacao/2021_PRT_201.pdf
BORRACHA NATURAL CULTIVADA,7537,PA,PA,2022,7,2023,6,4.46,kg,,
BORRACHA NATURAL CULTIVADA,7537,PA,PA,2023,7,2024,6,4.3,kg,"PORTARIA MAPA Nº 595, DE 4 DE",https://www.in.gov.br/web/dou/-/portaria-mapa-n-595-de-4-de-julho-de-2023-494540705
BORRACHA NATURAL CULTIVADA,7537,PA,PA,2024,7,2025,6,4.05,kg,"PORTARIA MAPA Nº 700, DE 15 DE",https://www.in.gov.br/en/web/dou/-/portaria-mapa-n-700-de-15-de-julho-de-2024-572339980
BORRACHA NATURAL CULTIVADA,7537,PA,PA,2025,7,2026,6,4.56,kg,"PORTARIA MAPA Nº 812, DE 7 DE",https://www.in.gov.br/en/web/dou/-/portaria-mapa-n-812-de-7-de-julho-de-2025-640776008
BORRACHA NATURAL CULTIVADA,7537,PA,PA,2026,7,2027,6,4.87,kg,"PORTARIA MAPA Nº 934, DE 09 DE",https://www.in.gov.br/web/dou/-/portaria-mapa-n-934-de-9-de-julho-de-2026-718439459
BORRACHA NATURAL CULTIVADA,7537,RO,RO,2014,1,2014,12,2.0,kg,"PORTARIA  Nº  190,  DE  9  DE",NI
BORRACHA NATURAL CULTIVADA,7537,RO,RO,2015,1,2015,12,2.0,kg,"PORTARIA  Nº  190,  DE  9  DE",NI
BORRACHA NATURAL CULTIVADA,7537,RO,RO,2016,1,2016,6,2.0,kg,"PORTARIA  Nº  190,  DE  9  DE",NI
BORRACHA NATURAL CULTIVADA,7537,RO,RO,2016,7,2017,6,2.0,kg,"PORTARIA  Nº  190,  DE  9  DE",NI
BORRACHA NATURAL CULTIVADA,7537,RO,RO,2017,7,2018,6,2.0,kg,"PORTARIA  Nº  190,  DE  9  DE",NI
BORRACHA NATURAL CULTIVADA,7537,RO,RO,2018,7,2019,6,2.16,kg,"PORTARIA Nº 135, DE 12 DE JULH",http://biblioteca.conab.gov.br/phl82/pdf/legislacao/2018_PRT_935.pdf
BORRACHA NATURAL CULTIVADA,7537,RO,RO,2019,7,2020,6,2.02,kg,"PORTARIA Nº 135, DE 12 DE JULH",http://biblioteca.conab.gov.br/phl82/pdf/legislacao/2019_PRT_135.pdf
BORRACHA NATURAL CULTIVADA,7537,RO,RO,2020,7,2021,6,2.4,kg,"PORTARIA Nº 190, DE 9 DE JUNHO",http://biblioteca.conab.gov.br/phl82/pdf/legislacao/2020_PRT_190.pdf
BORRACHA NATURAL CULTIVADA,7537,RO,RO,2021,7,2022,6,3.41,kg,"PORTARIA Nº 201, DE 1º DE JULH",http://biblioteca.conab.gov.br/phl82/pdf/legislacao/2021_PRT_201.pdf
BORRACHA NATURAL CULTIVADA,7537,RO,RO,2022,7,2023,6,4.46,kg,,
BORRACHA NATURAL CULTIVADA,7537,RO,RO,2023,7,2024,6,4.3,kg,"PORTARIA MAPA Nº 595, DE 4 DE",https://www.in.gov.br/web/dou/-/portaria-mapa-n-595-de-4-de-julho-de-2023-494540705
BORRACHA NATURAL CULTIVADA,7537,RO,RO,2024,7,2025,6,4.05,kg,"PORTARIA MAPA Nº 700, DE 15 DE",https://www.in.gov.br/en/web/dou/-/portaria-mapa-n-700-de-15-de-julho-de-2024-572339980
BORRACHA NATURAL CULTIVADA,7537,RO,RO,2025,7,2026,6,4.56,kg,"PORTARIA MAPA Nº 812, DE 7 DE",https://www.in.gov.br/en/web/dou/-/portaria-mapa-n-812-de-7-de-julho-de-2025-640776008
BORRACHA NATURAL CULTIVADA,7537,RO,RO,2026,7,2027,6,4.87,kg,"PORTARIA MAPA Nº 934, DE 09 DE",https://www.in.gov.br/web/dou/-/portaria-mapa-n-934-de-9-de-julho-de-2026-718439459
BORRACHA NATURAL CULTIVADA,7537,RR,RR,2014,1,2014,12,2.0,kg,"PORTARIA  Nº  190,  DE  9  DE",NI
BORRACHA NATURAL CULTIVADA,7537,RR,RR,2015,1,2015,12,2.0,kg,"PORTARIA  Nº  190,  DE  9  DE",NI
BORRACHA NATURAL CULTIVADA,7537,RR,RR,2016,1,2016,6,2.0,kg,"PORTARIA  Nº  190,  DE  9  DE",NI
BORRACHA NATURAL CULTIVADA,7537,RR,RR,2016,7,2017,6,2.0,kg,"PORTARIA  Nº  190,  DE  9  DE",NI
BORRACHA NATURAL CULTIVADA,7537,RR,RR,2017,7,2018,6,2.0,kg,"PORTARIA  Nº  190,  DE  9  DE",NI
BORRACHA NATURAL CULTIVADA,7537,RR,RR,2018,7,2019,6,2.16,kg,"PORTARIA Nº 135, DE 12 DE JULH",http://biblioteca.conab.gov.br/phl82/pdf/legislacao/2018_PRT_935.pdf
BORRACHA NATURAL CULTIVADA,7537,RR,RR,2019,7,2020,6,2.02,kg,"PORTARIA Nº 135, DE 12 DE JULH",http://biblioteca.conab.gov.br/phl82/pdf/legislacao/2019_PRT_135.pdf
BORRACHA NATURAL CULTIVADA,7537,RR,RR,2020,7,2021,6,2.4,kg,"PORTARIA Nº 190, DE 9 DE JUNHO",http://biblioteca.conab.gov.br/phl82/pdf/legislacao/2020_PRT_190.pdf
BORRACHA NATURAL CULTIVADA,7537,RR,RR,2021,7,2022,6,3.41,kg,"PORTARIA Nº 201, DE 1º DE JULH",http://biblioteca.conab.gov.br/phl82/pdf/legislacao/2021_PRT_201.pdf
BORRACHA NATURAL CULTIVADA,7537,RR,RR,2022,7,2023,6,4.46,kg,,
BORRACHA NATURAL CULTIVADA,7537,RR,RR,2023,7,2024,6,4.3,kg,"PORTARIA MAPA Nº 595, DE 4 DE",https://www.in.gov.br/web/dou/-/portaria-mapa-n-595-de-4-de-julho-de-2023-494540705
BORRACHA NATURAL CULTIVADA,7537,RR,RR,2024,7,2025,6,4.05,kg,"PORTARIA MAPA Nº 700, DE 15 DE",https://www.in.gov.br/en/web/dou/-/portaria-mapa-n-700-de-15-de-julho-de-2024-572339980
BORRACHA NATURAL CULTIVADA,7537,RR,RR,2025,7,2026,6,4.56,kg,"PORTARIA MAPA Nº 812, DE 7 DE",https://www.in.gov.br/en/web/dou/-/portaria-mapa-n-812-de-7-de-julho-de-2025-640776008
BORRACHA NATURAL CULTIVADA,7537,RR,RR,2026,7,2027,6,4.87,kg,"PORTARIA MAPA Nº 934, DE 09 DE",https://www.in.gov.br/web/dou/-/portaria-mapa-n-934-de-9-de-julho-de-2026-718439459
BORRACHA NATURAL CULTIVADA,7537,TO,TO,2014,1,2014,12,2.0,kg,"PORTARIA  Nº  190,  DE  9  DE",NI
BORRACHA NATURAL CULTIVADA,7537,TO,TO,2015,1,2015,12,2.0,kg,"PORTARIA  Nº  190,  DE  9  DE",NI
BORRACHA NATURAL CULTIVADA,7537,TO,TO,2016,1,2016,6,2.0,kg,"PORTARIA  Nº  190,  DE  9  DE",NI
BORRACHA NATURAL CULTIVADA,7537,TO,TO,2016,7,2017,6,2.0,kg,"PORTARIA  Nº  190,  DE  9  DE",NI
BORRACHA NATURAL CULTIVADA,7537,TO,TO,2017,7,2018,6,2.0,kg,"PORTARIA  Nº  190,  DE  9  DE",NI
BORRACHA NATURAL CULTIVADA,7537,TO,TO,2018,7,2019,6,2.16,kg,"PORTARIA Nº 135, DE 12 DE JULH",http://biblioteca.conab.gov.br/phl82/pdf/legislacao/2018_PRT_935.pdf
BORRACHA NATURAL CULTIVADA,7537,TO,TO,2019,7,2020,6,2.02,kg,"PORTARIA Nº 135, DE 12 DE JULH",http://biblioteca.conab.gov.br/phl82/pdf/legislacao/2019_PRT_135.pdf
BORRACHA NATURAL CULTIVADA,7537,TO,TO,2020,7,2021,6,2.4,kg,"PORTARIA Nº 190, DE 9 DE JUNHO",http://biblioteca.conab.gov.br/phl82/pdf/legislacao/2020_PRT_190.pdf
BORRACHA NATURAL CULTIVADA,7537,TO,TO,2021,7,2022,6,3.41,kg,"PORTARIA Nº 201, DE 1º DE JULH",http://biblioteca.conab.gov.br/phl82/pdf/legislacao/2021_PRT_201.pdf
BORRACHA NATURAL CULTIVADA,7537,TO,TO,2022,7,2023,6,4.46,kg,,
BORRACHA NATURAL CULTIVADA,7537,TO,TO,2023,7,2024,6,4.3,kg,"PORTARIA MAPA Nº 595, DE 4 DE",https://www.in.gov.br/web/dou/-/portaria-mapa-n-595-de-4-de-julho-de-2023-494540705
BORRACHA NATURAL CULTIVADA,7537,TO,TO,2024,7,2025,6,4.05,kg,"PORTARIA MAPA Nº 700, DE 15 DE",https://www.in.gov.br/en/web/dou/-/portaria-mapa-n-700-de-15-de-julho-de-2024-572339980
BORRACHA NATURAL CULTIVADA,7537,TO,TO,2025,7,2026,6,4.56,kg,"PORTARIA MAPA Nº 812, DE 7 DE",https://www.in.gov.br/en/web/dou/-/portaria-mapa-n-812-de-7-de-julho-de-2025-640776008
BORRACHA NATURAL CULTIVADA,7537,TO,TO,2026,7,2027,6,4.87,kg,"PORTARIA MAPA Nº 934, DE 09 DE",https://www.in.gov.br/web/dou/-/portaria-mapa-n-934-de-9-de-julho-de-2026-718439459
BURITI (FRUTO) - PRODUTO EXTRATIVO,11117,AC,AC,2018,1,2018,12,1.16,kg,"PORTARIA Nº 14, DE 3 DE JANEIR",http://biblioteca.conab.gov.br/phl82/pdf/legislacao/2018_PRT_14.pdf
BURITI (FRUTO) - PRODUTO EXTRATIVO,11117,AC,AC,2019,1,2019,12,1.29,kg,"PORTARIA Nº 141, DE 8 DE JANEI",http://biblioteca.conab.gov.br/phl82/pdf/legislacao/2019_PRT_141.pdf
BURITI (FRUTO) - PRODUTO EXTRATIVO,11117,AC,AC,2020,1,2020,12,1.24,kg,"PORTARIA Nº 313, DE 30 DE DEZE",http://biblioteca.conab.gov.br/phl82/pdf/legislacao/2019_PRT_313.pdf
BURITI (FRUTO) - PRODUTO EXTRATIVO,11117,AC,AC,2021,1,2021,12,1.24,kg,PREÇOS MÍNIMOS DOS PRODUTOS DE,http://biblioteca.conab.gov.br/phl82/pdf/legislacao/2021_PRT_18.pdf
BURITI (FRUTO) - PRODUTO EXTRATIVO,11117,AC,AC,2022,1,2022,12,1.56,kg,"PORTARIA MAPA Nº 376, DE 22 DE",http://biblioteca.conab.gov.br/phl82/pdf/legislacao/2021_PRT_376.pdf
BURITI (FRUTO) - PRODUTO EXTRATIVO,11117,AC,AC,2023,1,2023,12,1.92,kg,"PORTARIA MAPA Nº 534, DE 19 DE",https://www.in.gov.br/en/web/dou/-/portaria-mapa-n-534-de-19-de-dezembro-de-2022-452020932
BURITI (FRUTO) - PRODUTO EXTRATIVO,11117,AC,AC,2024,1,2024,12,2.63,kg,"PORTARIA MDA N° 41, DE 29 DE D",https://www.in.gov.br/web/dou/-/portaria-mda-n-41-de-29-de-dezembro-de-2023-535311884
BURITI (FRUTO) - PRODUTO EXTRATIVO,11117,AC,AC,2025,1,2025,12,2.63,kg,"PORTARIA MAPA Nº 750, DE 24 DE",https://www.in.gov.br/en/web/dou/-/portaria-mapa-n-750-de-24-de-dezembro-de-2024-604348255
BURITI (FRUTO) - PRODUTO EXTRATIVO,11117,AC,AC,2026,1,2026,12,3.79,kg,"PORTARIA MAPA Nº 868, DE 1º DE",https://in.gov.br/en/web/dou/-/portaria-mapa-n-868-de-1-de-dezembro-de-2025-672624071
BURITI (FRUTO) - PRODUTO EXTRATIVO,11117,AM,AM,2018,1,2018,12,1.16,kg,"PORTARIA Nº 14, DE 3 DE JANEIR",http://biblioteca.conab.gov.br/phl82/pdf/legislacao/2018_PRT_14.pdf
BURITI (FRUTO) - PRODUTO EXTRATIVO,11117,AM,AM,2019,1,2019,12,1.29,kg,"PORTARIA Nº 141, DE 8 DE JANEI",http://biblioteca.conab.gov.br/phl82/pdf/legislacao/2019_PRT_141.pdf
BURITI (FRUTO) - PRODUTO EXTRATIVO,11117,AM,AM,2020,1,2020,12,1.24,kg,"PORTARIA Nº 313, DE 30 DE DEZE",http://biblioteca.conab.gov.br/phl82/pdf/legislacao/2019_PRT_313.pdf
BURITI (FRUTO) - PRODUTO EXTRATIVO,11117,AM,AM,2021,1,2021,12,1.24,kg,PREÇOS MÍNIMOS DOS PRODUTOS DE,http://biblioteca.conab.gov.br/phl82/pdf/legislacao/2021_PRT_18.pdf
BURITI (FRUTO) - PRODUTO EXTRATIVO,11117,AM,AM,2022,1,2022,12,1.56,kg,"PORTARIA MAPA Nº 376, DE 22 DE",http://biblioteca.conab.gov.br/phl82/pdf/legislacao/2021_PRT_376.pdf
BURITI (FRUTO) - PRODUTO EXTRATIVO,11117,AM,AM,2023,1,2023,12,1.92,kg,"PORTARIA MAPA Nº 534, DE 19 DE",https://www.in.gov.br/en/web/dou/-/portaria-mapa-n-534-de-19-de-dezembro-de-2022-452020932
BURITI (FRUTO) - PRODUTO EXTRATIVO,11117,AM,AM,2024,1,2024,12,2.63,kg,"PORTARIA MDA N° 41, DE 29 DE D",https://www.in.gov.br/web/dou/-/portaria-mda-n-41-de-29-de-dezembro-de-2023-535311884
BURITI (FRUTO) - PRODUTO EXTRATIVO,11117,AM,AM,2025,1,2025,12,2.63,kg,"PORTARIA MAPA Nº 750, DE 24 DE",https://www.in.gov.br/en/web/dou/-/portaria-mapa-n-750-de-24-de-dezembro-de-2024-604348255
BURITI (FRUTO) - PRODUTO EXTRATIVO,11117,AM,AM,2026,1,2026,12,3.79,kg,"PORTARIA MAPA Nº 868, DE 1º DE",https://in.gov.br/en/web/dou/-/portaria-mapa-n-868-de-1-de-dezembro-de-2025-672624071
BURITI (FRUTO) - PRODUTO EXTRATIVO,11117,AP,AP,2018,1,2018,12,1.16,kg,"PORTARIA Nº 14, DE 3 DE JANEIR",http://biblioteca.conab.gov.br/phl82/pdf/legislacao/2018_PRT_14.pdf
BURITI (FRUTO) - PRODUTO EXTRATIVO,11117,AP,AP,2019,1,2019,12,1.29,kg,"PORTARIA Nº 141, DE 8 DE JANEI",http://biblioteca.conab.gov.br/phl82/pdf/legislacao/2019_PRT_141.pdf
BURITI (FRUTO) - PRODUTO EXTRATIVO,11117,AP,AP,2020,1,2020,12,1.24,kg,"PORTARIA Nº 313, DE 30 DE DEZE",http://biblioteca.conab.gov.br/phl82/pdf/legislacao/2019_PRT_313.pdf
BURITI (FRUTO) - PRODUTO EXTRATIVO,11117,AP,AP,2021,1,2021,12,1.24,kg,PREÇOS MÍNIMOS DOS PRODUTOS DE,http://biblioteca.conab.gov.br/phl82/pdf/legislacao/2021_PRT_18.pdf
BURITI (FRUTO) - PRODUTO EXTRATIVO,11117,AP,AP,2022,1,2022,12,1.56,kg,"PORTARIA MAPA Nº 376, DE 22 DE",http://biblioteca.conab.gov.br/phl82/pdf/legislacao/2021_PRT_376.pdf
BURITI (FRUTO) - PRODUTO EXTRATIVO,11117,AP,AP,2023,1,2023,12,1.92,kg,"PORTARIA MAPA Nº 534, DE 19 DE",https://www.in.gov.br/en/web/dou/-/portaria-mapa-n-534-de-19-de-dezembro-de-2022-452020932
BURITI (FRUTO) - PRODUTO EXTRATIVO,11117,AP,AP,2024,1,2024,12,2.63,kg,"PORTARIA MDA N° 41, DE 29 DE D",https://www.in.gov.br/web/dou/-/portaria-mda-n-41-de-29-de-dezembro-de-2023-535311884
BURITI (FRUTO) - PRODUTO EXTRATIVO,11117,AP,AP,2025,1,2025,12,2.63,kg,"PORTARIA MAPA Nº 750, DE 24 DE",https://www.in.gov.br/en/web/dou/-/portaria-mapa-n-750-de-24-de-dezembro-de-2024-604348255
BURITI (FRUTO) - PRODUTO EXTRATIVO,11117,AP,AP,2026,1,2026,12,3.79,kg,"PORTARIA MAPA Nº 868, DE 1º DE",https://in.gov.br/en/web/dou/-/portaria-mapa-n-868-de-1-de-dezembro-de-2025-672624071
BURITI (FRUTO) - PRODUTO EXTRATIVO,11117,PA,PA,2018,1,2018,12,1.16,kg,"PORTARIA Nº 14, DE 3 DE JANEIR",http://biblioteca.conab.gov.br/phl82/pdf/legislacao/2018_PRT_14.pdf
BURITI (FRUTO) - PRODUTO EXTRATIVO,11117,PA,PA,2019,1,2019,12,1.29,kg,"PORTARIA Nº 141, DE 8 DE JANEI",http://biblioteca.conab.gov.br/phl82/pdf/legislacao/2019_PRT_141.pdf
BURITI (FRUTO) - PRODUTO EXTRATIVO,11117,PA,PA,2020,1,2020,12,1.24,kg,"PORTARIA Nº 313, DE 30 DE DEZE",http://biblioteca.conab.gov.br/phl82/pdf/legislacao/2019_PRT_313.pdf
BURITI (FRUTO) - PRODUTO EXTRATIVO,11117,PA,PA,2021,1,2021,12,1.24,kg,PREÇOS MÍNIMOS DOS PRODUTOS DE,http://biblioteca.conab.gov.br/phl82/pdf/legislacao/2021_PRT_18.pdf
BURITI (FRUTO) - PRODUTO EXTRATIVO,11117,PA,PA,2022,1,2022,12,1.56,kg,"PORTARIA MAPA Nº 376, DE 22 DE",http://biblioteca.conab.gov.br/phl82/pdf/legislacao/2021_PRT_376.pdf
BURITI (FRUTO) - PRODUTO EXTRATIVO,11117,PA,PA,2023,1,2023,12,1.92,kg,"PORTARIA MAPA Nº 534, DE 19 DE",https://www.in.gov.br/en/web/dou/-/portaria-mapa-n-534-de-19-de-dezembro-de-2022-452020932
BURITI (FRUTO) - PRODUTO EXTRATIVO,11117,PA,PA,2024,1,2024,12,2.63,kg,"PORTARIA MDA N° 41, DE 29 DE D",https://www.in.gov.br/web/dou/-/portaria-mda-n-41-de-29-de-dezembro-de-2023-535311884
BURITI (FRUTO) - PRODUTO EXTRATIVO,11117,PA,PA,2025,1,2025,12,2.63,kg,"PORTARIA MAPA Nº 750, DE 24 DE",https://www.in.gov.br/en/web/dou/-/portaria-mapa-n-750-de-24-de-dezembro-de-2024-604348255
BURITI (FRUTO) - PRODUTO EXTRATIVO,11117,PA,PA,2026,1,2026,12,3.79,kg,"PORTARIA MAPA Nº 868, DE 1º DE",https://in.gov.br/en/web/dou/-/portaria-mapa-n-868-de-1-de-dezembro-de-2025-672624071
BURITI (FRUTO) - PRODUTO EXTRATIVO,11117,RO,RO,2018,1,2018,12,1.16,kg,"PORTARIA Nº 14, DE 3 DE JANEIR",http://biblioteca.conab.gov.br/phl82/pdf/legislacao/2018_PRT_14.pdf
BURITI (FRUTO) - PRODUTO EXTRATIVO,11117,RO,RO,2019,1,2019,12,1.29,kg,"PORTARIA Nº 141, DE 8 DE JANEI",http://biblioteca.conab.gov.br/phl82/pdf/legislacao/2019_PRT_141.pdf
BURITI (FRUTO) - PRODUTO EXTRATIVO,11117,RO,RO,2020,1,2020,12,1.24,kg,"PORTARIA Nº 313, DE 30 DE DEZE",http://biblioteca.conab.gov.br/phl82/pdf/legislacao/2019_PRT_313.pdf
BURITI (FRUTO) - PRODUTO EXTRATIVO,11117,RO,RO,2021,1,2021,12,1.24,kg,PREÇOS MÍNIMOS DOS PRODUTOS DE,http://biblioteca.conab.gov.br/phl82/pdf/legislacao/2021_PRT_18.pdf
BURITI (FRUTO) - PRODUTO EXTRATIVO,11117,RO,RO,2022,1,2022,12,1.56,kg,"PORTARIA MAPA Nº 376, DE 22 DE",http://biblioteca.conab.gov.br/phl82/pdf/legislacao/2021_PRT_376.pdf
BURITI (FRUTO) - PRODUTO EXTRATIVO,11117,RO,RO,2023,1,2023,12,1.92,kg,"PORTARIA MAPA Nº 534, DE 19 DE",https://www.in.gov.br/en/web/dou/-/portaria-mapa-n-534-de-19-de-dezembro-de-2022-452020932
BURITI (FRUTO) - PRODUTO EXTRATIVO,11117,RO,RO,2024,1,2024,12,2.63,kg,"PORTARIA MDA N° 41, DE 29 DE D",https://www.in.gov.br/web/dou/-/portaria-mda-n-41-de-29-de-dezembro-de-2023-535311884
BURITI (FRUTO) - PRODUTO EXTRATIVO,11117,RO,RO,2025,1,2025,12,2.63,kg,"PORTARIA MAPA Nº 750, DE 24 DE",https://www.in.gov.br/en/web/dou/-/portaria-mapa-n-750-de-24-de-dezembro-de-2024-604348255
BURITI (FRUTO) - PRODUTO EXTRATIVO,11117,RO,RO,2026,1,2026,12,3.79,kg,"PORTARIA MAPA Nº 868, DE 1º DE",https://in.gov.br/en/web/dou/-/portaria-mapa-n-868-de-1-de-dezembro-de-2025-672624071
BURITI (FRUTO) - PRODUTO EXTRATIVO,11117,RR,RR,2018,1,2018,12,1.16,kg,"PORTARIA Nº 14, DE 3 DE JANEIR",http://biblioteca.conab.gov.br/phl82/pdf/legislacao/2018_PRT_14.pdf
BURITI (FRUTO) - PRODUTO EXTRATIVO,11117,RR,RR,2019,1,2019,12,1.29,kg,"PORTARIA Nº 141, DE 8 DE JANEI",http://biblioteca.conab.gov.br/phl82/pdf/legislacao/2019_PRT_141.pdf
BURITI (FRUTO) - PRODUTO EXTRATIVO,11117,RR,RR,2020,1,2020,12,1.24,kg,"PORTARIA Nº 313, DE 30 DE DEZE",http://biblioteca.conab.gov.br/phl82/pdf/legislacao/2019_PRT_313.pdf
BURITI (FRUTO) - PRODUTO EXTRATIVO,11117,RR,RR,2021,1,2021,12,1.24,kg,PREÇOS MÍNIMOS DOS PRODUTOS DE,http://biblioteca.conab.gov.br/phl82/pdf/legislacao/2021_PRT_18.pdf
BURITI (FRUTO) - PRODUTO EXTRATIVO,11117,RR,RR,2022,1,2022,12,1.56,kg,"PORTARIA MAPA Nº 376, DE 22 DE",http://biblioteca.conab.gov.br/phl82/pdf/legislacao/2021_PRT_376.pdf
BURITI (FRUTO) - PRODUTO EXTRATIVO,11117,RR,RR,2023,1,2023,12,1.92,kg,"PORTARIA MAPA Nº 534, DE 19 DE",https://www.in.gov.br/en/web/dou/-/portaria-mapa-n-534-de-19-de-dezembro-de-2022-452020932
BURITI (FRUTO) - PRODUTO EXTRATIVO,11117,RR,RR,2024,1,2024,12,2.63,kg,"PORTARIA MDA N° 41, DE 29 DE D",https://www.in.gov.br/web/dou/-/portaria-mda-n-41-de-29-de-dezembro-de-2023-535311884
BURITI (FRUTO) - PRODUTO EXTRATIVO,11117,RR,RR,2025,1,2025,12,2.63,kg,"PORTARIA MAPA Nº 750, DE 24 DE",https://www.in.gov.br/en/web/dou/-/portaria-mapa-n-750-de-24-de-dezembro-de-2024-604348255
BURITI (FRUTO) - PRODUTO EXTRATIVO,11117,RR,RR,2026,1,2026,12,3.79,kg,"PORTARIA MAPA Nº 868, DE 1º DE",https://in.gov.br/en/web/dou/-/portaria-mapa-n-868-de-1-de-dezembro-de-2025-672624071
BURITI (FRUTO) - PRODUTO EXTRATIVO,11117,TO,TO,2018,1,2018,12,1.16,kg,"PORTARIA Nº 14, DE 3 DE JANEIR",http://biblioteca.conab.gov.br/phl82/pdf/legislacao/2018_PRT_14.pdf
BURITI (FRUTO) - PRODUTO EXTRATIVO,11117,TO,TO,2019,1,2019,12,1.29,kg,"PORTARIA Nº 141, DE 8 DE JANEI",http://biblioteca.conab.gov.br/phl82/pdf/legislacao/2019_PRT_141.pdf
BURITI (FRUTO) - PRODUTO EXTRATIVO,11117,TO,TO,2020,1,2020,12,1.24,kg,"PORTARIA Nº 313, DE 30 DE DEZE",http://biblioteca.conab.gov.br/phl82/pdf/legislacao/2019_PRT_313.pdf
BURITI (FRUTO) - PRODUTO EXTRATIVO,11117,TO,TO,2021,1,2021,12,1.24,kg,PREÇOS MÍNIMOS DOS PRODUTOS DE,http://biblioteca.conab.gov.br/phl82/pdf/legislacao/2021_PRT_18.pdf
BURITI (FRUTO) - PRODUTO EXTRATIVO,11117,TO,TO,2022,1,2022,12,1.56,kg,"PORTARIA MAPA Nº 376, DE 22 DE",http://biblioteca.conab.gov.br/phl82/pdf/legislacao/2021_PRT_376.pdf
BURITI (FRUTO) - PRODUTO EXTRATIVO,11117,TO,TO,2023,1,2023,12,1.92,kg,"PORTARIA MAPA Nº 534, DE 19 DE",https://www.in.gov.br/en/web/dou/-/portaria-mapa-n-534-de-19-de-dezembro-de-2022-452020932
BURITI (FRUTO) - PRODUTO EXTRATIVO,11117,TO,TO,2024,1,2024,12,2.63,kg,"PORTARIA MDA N° 41, DE 29 DE D",https://www.in.gov.br/web/dou/-/portaria-mda-n-41-de-29-de-dezembro-de-2023-535311884
BURITI (FRUTO) - PRODUTO EXTRATIVO,11117,TO,TO,2025,1,2025,12,2.63,kg,"PORTARIA MAPA Nº 750, DE 24 DE",https://www.in.gov.br/en/web/dou/-/portaria-mapa-n-750-de-24-de-dezembro-de-2024-604348255
BURITI (FRUTO) - PRODUTO EXTRATIVO,11117,TO,TO,2026,1,2026,12,3.79,kg,"PORTARIA MAPA Nº 868, DE 1º DE",https://in.gov.br/en/web/dou/-/portaria-mapa-n-868-de-1-de-dezembro-de-2025-672624071
CACAU AMÊNDOA - PRODUTO EXTRATIVO,11331,AC,AC,2014,7,2015,6,5.54,kg,"PORTARIA  Nº  190,  DE  9  DE",NI
CACAU AMÊNDOA - PRODUTO EXTRATIVO,11331,AC,AC,2015,7,2016,6,5.54,kg,"PORTARIA  Nº  190,  DE  9  DE",NI
CACAU AMÊNDOA - PRODUTO EXTRATIVO,11331,AC,AC,2020,1,2020,12,7.79,kg,"PORTARIA Nº 313, DE 30 DE DEZE",http://biblioteca.conab.gov.br/phl82/pdf/legislacao/2019_PRT_313.pdf
CACAU AMÊNDOA - PRODUTO EXTRATIVO,11331,AC,AC,2021,1,2021,12,7.79,kg,PREÇOS MÍNIMOS DOS PRODUTOS DE,http://biblioteca.conab.gov.br/phl82/pdf/legislacao/2021_PRT_18.pdf
CACAU AMÊNDOA - PRODUTO EXTRATIVO,11331,AC,AC,2022,1,2022,12,9.12,kg,"PORTARIA MAPA Nº 376, DE 22 DE",http://biblioteca.conab.gov.br/phl82/pdf/legislacao/2021_PRT_376.pdf
CACAU AMÊNDOA - PRODUTO EXTRATIVO,11331,AC,AC,2023,1,2023,12,9.33,kg,"PORTARIA MAPA Nº 534, DE 19 DE",https://www.in.gov.br/en/web/dou/-/portaria-mapa-n-534-de-19-de-dezembro-de-2022-452020932
CACAU AMÊNDOA - PRODUTO EXTRATIVO,11331,AC,AC,2024,1,2024,12,9.75,kg,"PORTARIA MDA N° 41, DE 29 DE D",https://www.in.gov.br/web/dou/-/portaria-mda-n-41-de-29-de-dezembro-de-2023-535311884
CACAU AMÊNDOA - PRODUTO EXTRATIVO,11331,AC,AC,2025,1,2025,12,11.56,kg,"PORTARIA MAPA Nº 750, DE 24 DE",https://www.in.gov.br/en/web/dou/-/portaria-mapa-n-750-de-24-de-dezembro-de-2024-604348255
CACAU AMÊNDOA - PRODUTO EXTRATIVO,11331,AC,AC,2026,1,2026,12,11.56,kg,"PORTARIA MAPA Nº 868, DE 1º DE",https://in.gov.br/en/web/dou/-/portaria-mapa-n-868-de-1-de-dezembro-de-2025-672624071
CACAU AMÊNDOA - PRODUTO EXTRATIVO,11331,AM,AM,2014,7,2015,6,5.54,kg,"PORTARIA  Nº  190,  DE  9  DE",NI
CACAU AMÊNDOA - PRODUTO EXTRATIVO,11331,AM,AM,2015,7,2016,6,5.54,kg,"PORTARIA  Nº  190,  DE  9  DE",NI
CACAU AMÊNDOA - PRODUTO EXTRATIVO,11331,AM,AM,2016,7,2017,6,6.22,kg,"PORTARIA Nº 14, DE 3 DE JANEIR",http://biblioteca.conab.gov.br/phl82/pdf/legislacao/2018_PRT_14.pdf
CACAU AMÊNDOA - PRODUTO EXTRATIVO,11331,AM,AM,2017,7,2017,12,6.22,kg,"PORTARIA Nº 14, DE 3 DE JANEIR",http://biblioteca.conab.gov.br/phl82/pdf/legislacao/2018_PRT_14.pdf
CACAU AMÊNDOA - PRODUTO EXTRATIVO,11331,AM,AM,2018,1,2018,12,7.24,kg,"PORTARIA Nº 14, DE 3 DE JANEIR",http://biblioteca.conab.gov.br/phl82/pdf/legislacao/2018_PRT_14.pdf
CACAU AMÊNDOA - PRODUTO EXTRATIVO,11331,AM,AM,2019,1,2019,12,7.57,kg,"PORTARIA Nº 141, DE 8 DE JANEI",http://biblioteca.conab.gov.br/phl82/pdf/legislacao/2019_PRT_141.pdf
CACAU AMÊNDOA - PRODUTO EXTRATIVO,11331,AM,AM,2020,1,2020,12,7.79,kg,"PORTARIA Nº 313, DE 30 DE DEZE",http://biblioteca.conab.gov.br/phl82/pdf/legislacao/2019_PRT_313.pdf
CACAU AMÊNDOA - PRODUTO EXTRATIVO,11331,AM,AM,2021,1,2021,12,7.79,kg,PREÇOS MÍNIMOS DOS PRODUTOS DE,http://biblioteca.conab.gov.br/phl82/pdf/legislacao/2021_PRT_18.pdf
CACAU AMÊNDOA - PRODUTO EXTRATIVO,11331,AM,AM,2022,1,2022,12,9.12,kg,"PORTARIA MAPA Nº 376, DE 22 DE",http://biblioteca.conab.gov.br/phl82/pdf/legislacao/2021_PRT_376.pdf
CACAU AMÊNDOA - PRODUTO EXTRATIVO,11331,AM,AM,2023,1,2023,12,9.33,kg,"PORTARIA MAPA Nº 534, DE 19 DE",https://www.in.gov.br/en/web/dou/-/portaria-mapa-n-534-de-19-de-dezembro-de-2022-452020932
CACAU AMÊNDOA - PRODUTO EXTRATIVO,11331,AM,AM,2024,1,2024,12,9.75,kg,"PORTARIA MDA N° 41, DE 29 DE D",https://www.in.gov.br/web/dou/-/portaria-mda-n-41-de-29-de-dezembro-de-2023-535311884
CACAU AMÊNDOA - PRODUTO EXTRATIVO,11331,AM,AM,2025,1,2025,12,11.56,kg,"PORTARIA MAPA Nº 750, DE 24 DE",https://www.in.gov.br/en/web/dou/-/portaria-mapa-n-750-de-24-de-dezembro-de-2024-604348255
CACAU AMÊNDOA - PRODUTO EXTRATIVO,11331,AM,AM,2026,1,2026,12,11.56,kg,"PORTARIA MAPA Nº 868, DE 1º DE",https://in.gov.br/en/web/dou/-/portaria-mapa-n-868-de-1-de-dezembro-de-2025-672624071
CACAU AMÊNDOA - PRODUTO EXTRATIVO,11331,AP,AP,2014,7,2015,6,5.54,kg,"PORTARIA  Nº  190,  DE  9  DE",NI
CACAU AMÊNDOA - PRODUTO EXTRATIVO,11331,AP,AP,2015,7,2016,6,5.54,kg,"PORTARIA  Nº  190,  DE  9  DE",NI
CACAU AMÊNDOA - PRODUTO EXTRATIVO,11331,AP,AP,2018,1,2018,12,7.24,kg,"PORTARIA Nº 14, DE 3 DE JANEIR",http://biblioteca.conab.gov.br/phl82/pdf/legislacao/2018_PRT_14.pdf
CACAU AMÊNDOA - PRODUTO EXTRATIVO,11331,AP,AP,2019,1,2019,12,7.57,kg,"PORTARIA Nº 141, DE 8 DE JANEI",http://biblioteca.conab.gov.br/phl82/pdf/legislacao/2019_PRT_141.pdf
CACAU AMÊNDOA - PRODUTO EXTRATIVO,11331,AP,AP,2020,1,2020,12,7.79,kg,"PORTARIA Nº 313, DE 30 DE DEZE",http://biblioteca.conab.gov.br/phl82/pdf/legislacao/2019_PRT_313.pdf
CACAU AMÊNDOA - PRODUTO EXTRATIVO,11331,AP,AP,2021,1,2021,12,7.79,kg,PREÇOS MÍNIMOS DOS PRODUTOS DE,http://biblioteca.conab.gov.br/phl82/pdf/legislacao/2021_PRT_18.pdf
CACAU AMÊNDOA - PRODUTO EXTRATIVO,11331,AP,AP,2022,1,2022,12,9.12,kg,"PORTARIA MAPA Nº 376, DE 22 DE",http://biblioteca.conab.gov.br/phl82/pdf/legislacao/2021_PRT_376.pdf
CACAU AMÊNDOA - PRODUTO EXTRATIVO,11331,AP,AP,2023,1,2023,12,9.33,kg,"PORTARIA MAPA Nº 534, DE 19 DE",https://www.in.gov.br/en/web/dou/-/portaria-mapa-n-534-de-19-de-dezembro-de-2022-452020932
CACAU AMÊNDOA - PRODUTO EXTRATIVO,11331,AP,AP,2024,1,2024,12,9.75,kg,"PORTARIA MDA N° 41, DE 29 DE D",https://www.in.gov.br/web/dou/-/portaria-mda-n-41-de-29-de-dezembro-de-2023-535311884
CACAU AMÊNDOA - PRODUTO EXTRATIVO,11331,AP,AP,2025,1,2025,12,11.56,kg,"PORTARIA MAPA Nº 750, DE 24 DE",https://www.in.gov.br/en/web/dou/-/portaria-mapa-n-750-de-24-de-dezembro-de-2024-604348255
CACAU AMÊNDOA - PRODUTO EXTRATIVO,11331,AP,AP,2026,1,2026,12,11.56,kg,"PORTARIA MAPA Nº 868, DE 1º DE",https://in.gov.br/en/web/dou/-/portaria-mapa-n-868-de-1-de-dezembro-de-2025-672624071
CACAU AMÊNDOA - PRODUTO EXTRATIVO,11331,PA,PA,2014,7,2015,6,5.54,kg,"PORTARIA  Nº  190,  DE  9  DE",NI
CACAU AMÊNDOA - PRODUTO EXTRATIVO,11331,PA,PA,2015,7,2016,6,5.54,kg,"PORTARIA  Nº  190,  DE  9  DE",NI
CACAU AMÊNDOA - PRODUTO EXTRATIVO,11331,PA,PA,2020,1,2020,12,7.79,kg,"PORTARIA Nº 313, DE 30 DE DEZE",http://biblioteca.conab.gov.br/phl82/pdf/legislacao/2019_PRT_313.pdf
CACAU AMÊNDOA - PRODUTO EXTRATIVO,11331,PA,PA,2021,1,2021,12,7.79,kg,PREÇOS MÍNIMOS DOS PRODUTOS DE,http://biblioteca.conab.gov.br/phl82/pdf/legislacao/2021_PRT_18.pdf
CACAU AMÊNDOA - PRODUTO EXTRATIVO,11331,PA,PA,2022,1,2022,12,9.12,kg,"PORTARIA MAPA Nº 376, DE 22 DE",http://biblioteca.conab.gov.br/phl82/pdf/legislacao/2021_PRT_376.pdf
CACAU AMÊNDOA - PRODUTO EXTRATIVO,11331,PA,PA,2023,1,2023,12,9.33,kg,"PORTARIA MAPA Nº 534, DE 19 DE",https://www.in.gov.br/en/web/dou/-/portaria-mapa-n-534-de-19-de-dezembro-de-2022-452020932
CACAU AMÊNDOA - PRODUTO EXTRATIVO,11331,PA,PA,2024,1,2024,12,9.75,kg,"PORTARIA MDA N° 41, DE 29 DE D",https://www.in.gov.br/web/dou/-/portaria-mda-n-41-de-29-de-dezembro-de-2023-535311884
CACAU AMÊNDOA - PRODUTO EXTRATIVO,11331,PA,PA,2025,1,2025,12,11.56,kg,"PORTARIA MAPA Nº 750, DE 24 DE",https://www.in.gov.br/en/web/dou/-/portaria-mapa-n-750-de-24-de-dezembro-de-2024-604348255
CACAU AMÊNDOA - PRODUTO EXTRATIVO,11331,PA,PA,2026,1,2026,12,11.56,kg,"PORTARIA MAPA Nº 868, DE 1º DE",https://in.gov.br/en/web/dou/-/portaria-mapa-n-868-de-1-de-dezembro-de-2025-672624071
CACAU CULTIVADO (AMÊNDOA),9930,AC,AC,2014,7,2015,6,5.54,kg,"PORTARIA  Nº  190,  DE  9  DE",NI
CACAU CULTIVADO (AMÊNDOA),9930,AC,AC,2015,7,2016,6,4.74,kg,"PORTARIA  Nº  190,  DE  9  DE",NI
CACAU CULTIVADO (AMÊNDOA),9930,AC,AC,2016,7,2017,6,5.07,kg,"PORTARIA Nº 1.577, DE 17 DE JU",http://biblioteca.conab.gov.br/phl82/pdf/legislacao/2017_PRT_1577.pdf
CACAU CULTIVADO (AMÊNDOA),9930,AC,AC,2017,7,2018,6,5.45,kg,"PORTARIA Nº 1.577, DE 17 DE JU",http://biblioteca.conab.gov.br/phl82/pdf/legislacao/2017_PRT_1577.pdf
CACAU CULTIVADO (AMÊNDOA),9930,AC,AC,2018,7,2019,6,5.94,kg,"PORTARIA Nº 135, DE 12 DE JULH",http://biblioteca.conab.gov.br/phl82/pdf/legislacao/2018_PRT_935.pdf
CACAU CULTIVADO (AMÊNDOA),9930,AC,AC,2019,7,2020,6,5.11,kg,"PORTARIA Nº 135, DE 12 DE JULH",http://biblioteca.conab.gov.br/phl82/pdf/legislacao/2019_PRT_135.pdf
CACAU CULTIVADO (AMÊNDOA),9930,AC,AC,2020,7,2021,6,7.39,kg,"PORTARIA Nº 190, DE 9 DE JUNHO",http://biblioteca.conab.gov.br/phl82/pdf/legislacao/2020_PRT_190.pdf
CACAU CULTIVADO (AMÊNDOA),9930,AC,AC,2021,7,2022,6,9.14,kg,"PORTARIA Nº 201, DE 1º DE JULH",http://biblioteca.conab.gov.br/phl82/pdf/legislacao/2021_PRT_201.pdf
CACAU CULTIVADO (AMÊNDOA),9930,AC,AC,2022,7,2023,6,12.99,kg,"PORTARIA MAPA Nº 452, DE 4 DE",https://biblioteca.conab.gov.br/phl82/pdf/legislacao/2022_PRT_452.pdf
CACAU CULTIVADO (AMÊNDOA),9930,AC,AC,2023,7,2024,6,13.05,kg,"PORTARIA MAPA Nº 595, DE 4 DE",https://www.in.gov.br/web/dou/-/portaria-mapa-n-595-de-4-de-julho-de-2023-494540705
CACAU CULTIVADO (AMÊNDOA),9930,AC,AC,2024,7,2025,6,14.97,kg,"PORTARIA MAPA Nº 700, DE 15 DE",https://www.in.gov.br/en/web/dou/-/portaria-mapa-n-700-de-15-de-julho-de-2024-572339980
CACAU CULTIVADO (AMÊNDOA),9930,AC,AC,2025,7,2026,6,14.97,kg,"PORTARIA MAPA Nº 812, DE 7 DE",https://www.in.gov.br/en/web/dou/-/portaria-mapa-n-812-de-7-de-julho-de-2025-640776008
CACAU CULTIVADO (AMÊNDOA),9930,AC,AC,2026,7,2027,6,14.97,kg,"PORTARIA MAPA Nº 934, DE 09 DE",https://www.in.gov.br/web/dou/-/portaria-mapa-n-934-de-9-de-julho-de-2026-718439459
CACAU CULTIVADO (AMÊNDOA),9930,AM,AM,2014,7,2015,6,4.74,kg,"PORTARIA  Nº  190,  DE  9  DE",NI
CACAU CULTIVADO (AMÊNDOA),9930,AM,AM,2015,7,2016,6,4.74,kg,"PORTARIA  Nº  190,  DE  9  DE",NI
CACAU CULTIVADO (AMÊNDOA),9930,AM,AM,2016,7,2017,6,5.07,kg,"PORTARIA Nº 1.577, DE 17 DE JU",http://biblioteca.conab.gov.br/phl82/pdf/legislacao/2017_PRT_1577.pdf
CACAU CULTIVADO (AMÊNDOA),9930,AM,AM,2017,7,2018,6,5.45,kg,"PORTARIA Nº 1.577, DE 17 DE JU",http://biblioteca.conab.gov.br/phl82/pdf/legislacao/2017_PRT_1577.pdf
CACAU CULTIVADO (AMÊNDOA),9930,AM,AM,2018,7,2019,6,5.94,kg,"PORTARIA Nº 135, DE 12 DE JULH",http://biblioteca.conab.gov.br/phl82/pdf/legislacao/2018_PRT_935.pdf
CACAU CULTIVADO (AMÊNDOA),9930,AM,AM,2019,7,2020,6,5.11,kg,"PORTARIA Nº 135, DE 12 DE JULH",http://biblioteca.conab.gov.br/phl82/pdf/legislacao/2019_PRT_135.pdf
CACAU CULTIVADO (AMÊNDOA),9930,AM,AM,2020,7,2021,6,7.39,kg,"PORTARIA Nº 190, DE 9 DE JUNHO",http://biblioteca.conab.gov.br/phl82/pdf/legislacao/2020_PRT_190.pdf
CACAU CULTIVADO (AMÊNDOA),9930,AM,AM,2021,7,2022,6,9.14,kg,"PORTARIA Nº 201, DE 1º DE JULH",http://biblioteca.conab.gov.br/phl82/pdf/legislacao/2021_PRT_201.pdf
CACAU CULTIVADO (AMÊNDOA),9930,AM,AM,2022,7,2023,6,12.99,kg,"PORTARIA MAPA Nº 452, DE 4 DE",https://biblioteca.conab.gov.br/phl82/pdf/legislacao/2022_PRT_452.pdf
CACAU CULTIVADO (AMÊNDOA),9930,AM,AM,2023,7,2024,6,13.05,kg,"PORTARIA MAPA Nº 595, DE 4 DE",https://www.in.gov.br/web/dou/-/portaria-mapa-n-595-de-4-de-julho-de-2023-494540705
CACAU CULTIVADO (AMÊNDOA),9930,AM,AM,2024,7,2025,6,14.97,kg,"PORTARIA MAPA Nº 700, DE 15 DE",https://www.in.gov.br/en/web/dou/-/portaria-mapa-n-700-de-15-de-julho-de-2024-572339980
CACAU CULTIVADO (AMÊNDOA),9930,AM,AM,2025,7,2026,6,14.97,kg,"PORTARIA MAPA Nº 812, DE 7 DE",https://www.in.gov.br/en/web/dou/-/portaria-mapa-n-812-de-7-de-julho-de-2025-640776008
CACAU CULTIVADO (AMÊNDOA),9930,AM,AM,2026,7,2027,6,14.97,kg,"PORTARIA MAPA Nº 934, DE 09 DE",https://www.in.gov.br/web/dou/-/portaria-mapa-n-934-de-9-de-julho-de-2026-718439459
CACAU CULTIVADO (AMÊNDOA),9930,AP,AP,2014,7,2015,6,4.74,kg,"PORTARIA  Nº  190,  DE  9  DE",NI
CACAU CULTIVADO (AMÊNDOA),9930,AP,AP,2015,7,2016,6,4.74,kg,"PORTARIA  Nº  190,  DE  9  DE",NI
CACAU CULTIVADO (AMÊNDOA),9930,AP,AP,2016,7,2017,6,5.07,kg,"PORTARIA Nº 1.577, DE 17 DE JU",http://biblioteca.conab.gov.br/phl82/pdf/legislacao/2017_PRT_1577.pdf
CACAU CULTIVADO (AMÊNDOA),9930,AP,AP,2017,7,2018,6,5.45,kg,"PORTARIA Nº 1.577, DE 17 DE JU",http://biblioteca.conab.gov.br/phl82/pdf/legislacao/2017_PRT_1577.pdf
CACAU CULTIVADO (AMÊNDOA),9930,AP,AP,2018,7,2019,6,5.94,kg,"PORTARIA Nº 135, DE 12 DE JULH",http://biblioteca.conab.gov.br/phl82/pdf/legislacao/2018_PRT_935.pdf
CACAU CULTIVADO (AMÊNDOA),9930,AP,AP,2019,7,2020,6,5.11,kg,"PORTARIA Nº 135, DE 12 DE JULH",http://biblioteca.conab.gov.br/phl82/pdf/legislacao/2019_PRT_135.pdf
CACAU CULTIVADO (AMÊNDOA),9930,AP,AP,2020,7,2021,6,7.39,kg,"PORTARIA Nº 190, DE 9 DE JUNHO",http://biblioteca.conab.gov.br/phl82/pdf/legislacao/2020_PRT_190.pdf
CACAU CULTIVADO (AMÊNDOA),9930,AP,AP,2021,7,2022,6,9.14,kg,"PORTARIA Nº 201, DE 1º DE JULH",http://biblioteca.conab.gov.br/phl82/pdf/legislacao/2021_PRT_201.pdf
CACAU CULTIVADO (AMÊNDOA),9930,AP,AP,2022,7,2023,6,12.99,kg,"PORTARIA MAPA Nº 452, DE 4 DE",https://biblioteca.conab.gov.br/phl82/pdf/legislacao/2022_PRT_452.pdf
CACAU CULTIVADO (AMÊNDOA),9930,AP,AP,2023,7,2024,6,13.05,kg,"PORTARIA MAPA Nº 595, DE 4 DE",https://www.in.gov.br/web/dou/-/portaria-mapa-n-595-de-4-de-julho-de-2023-494540705
CACAU CULTIVADO (AMÊNDOA),9930,AP,AP,2024,7,2025,6,14.97,kg,"PORTARIA MAPA Nº 700, DE 15 DE",https://www.in.gov.br/en/web/dou/-/portaria-mapa-n-700-de-15-de-julho-de-2024-572339980
CACAU CULTIVADO (AMÊNDOA),9930,AP,AP,2025,7,2026,6,14.97,kg,"PORTARIA MAPA Nº 812, DE 7 DE",https://www.in.gov.br/en/web/dou/-/portaria-mapa-n-812-de-7-de-julho-de-2025-640776008
CACAU CULTIVADO (AMÊNDOA),9930,AP,AP,2026,7,2027,6,14.97,kg,"PORTARIA MAPA Nº 934, DE 09 DE",https://www.in.gov.br/web/dou/-/portaria-mapa-n-934-de-9-de-julho-de-2026-718439459
CACAU CULTIVADO (AMÊNDOA),9930,PA,PA,2014,7,2015,6,4.74,kg,"PORTARIA  Nº  190,  DE  9  DE",NI
CACAU CULTIVADO (AMÊNDOA),9930,PA,PA,2015,7,2016,6,4.74,kg,"PORTARIA  Nº  190,  DE  9  DE",NI
CACAU CULTIVADO (AMÊNDOA),9930,PA,PA,2016,7,2017,6,5.07,kg,"PORTARIA Nº 1.577, DE 17 DE JU",http://biblioteca.conab.gov.br/phl82/pdf/legislacao/2017_PRT_1577.pdf
CACAU CULTIVADO (AMÊNDOA),9930,PA,PA,2017,7,2018,6,5.45,kg,"PORTARIA Nº 1.577, DE 17 DE JU",http://biblioteca.conab.gov.br/phl82/pdf/legislacao/2017_PRT_1577.pdf
CACAU CULTIVADO (AMÊNDOA),9930,PA,PA,2018,7,2019,6,5.94,kg,"PORTARIA Nº 135, DE 12 DE JULH",http://biblioteca.conab.gov.br/phl82/pdf/legislacao/2018_PRT_935.pdf
CACAU CULTIVADO (AMÊNDOA),9930,PA,PA,2019,7,2020,6,5.11,kg,"PORTARIA Nº 135, DE 12 DE JULH",http://biblioteca.conab.gov.br/phl82/pdf/legislacao/2019_PRT_135.pdf
CACAU CULTIVADO (AMÊNDOA),9930,PA,PA,2020,7,2021,6,7.39,kg,"PORTARIA Nº 190, DE 9 DE JUNHO",http://biblioteca.conab.gov.br/phl82/pdf/legislacao/2020_PRT_190.pdf
CACAU CULTIVADO (AMÊNDOA),9930,PA,PA,2021,7,2022,6,9.14,kg,"PORTARIA Nº 201, DE 1º DE JULH",http://biblioteca.conab.gov.br/phl82/pdf/legislacao/2021_PRT_201.pdf
CACAU CULTIVADO (AMÊNDOA),9930,PA,PA,2022,7,2023,6,12.99,kg,"PORTARIA MAPA Nº 452, DE 4 DE",https://biblioteca.conab.gov.br/phl82/pdf/legislacao/2022_PRT_452.pdf
CACAU CULTIVADO (AMÊNDOA),9930,PA,PA,2023,7,2024,6,13.05,kg,"PORTARIA MAPA Nº 595, DE 4 DE",https://www.in.gov.br/web/dou/-/portaria-mapa-n-595-de-4-de-julho-de-2023-494540705
CACAU CULTIVADO (AMÊNDOA),9930,PA,PA,2024,7,2025,6,14.97,kg,"PORTARIA MAPA Nº 700, DE 15 DE",https://www.in.gov.br/en/web/dou/-/portaria-mapa-n-700-de-15-de-julho-de-2024-572339980
CACAU CULTIVADO (AMÊNDOA),9930,PA,PA,2025,7,2026,6,14.97,kg,"PORTARIA MAPA Nº 812, DE 7 DE",https://www.in.gov.br/en/web/dou/-/portaria-mapa-n-812-de-7-de-julho-de-2025-640776008
CACAU CULTIVADO (AMÊNDOA),9930,PA,PA,2026,7,2027,6,14.97,kg,"PORTARIA MAPA Nº 934, DE 09 DE",https://www.in.gov.br/web/dou/-/portaria-mapa-n-934-de-9-de-julho-de-2026-718439459
CACAU CULTIVADO (AMÊNDOA),9930,RO,RO,2014,7,2015,6,4.74,kg,"PORTARIA  Nº  190,  DE  9  DE",NI
CACAU CULTIVADO (AMÊNDOA),9930,RO,RO,2015,7,2016,6,4.74,kg,"PORTARIA  Nº  190,  DE  9  DE",NI
CACAU CULTIVADO (AMÊNDOA),9930,RO,RO,2016,7,2017,6,5.07,kg,"PORTARIA Nº 1.577, DE 17 DE JU",http://biblioteca.conab.gov.br/phl82/pdf/legislacao/2017_PRT_1577.pdf
CACAU CULTIVADO (AMÊNDOA),9930,RO,RO,2017,7,2018,6,5.45,kg,"PORTARIA Nº 1.577, DE 17 DE JU",http://biblioteca.conab.gov.br/phl82/pdf/legislacao/2017_PRT_1577.pdf
CACAU CULTIVADO (AMÊNDOA),9930,RO,RO,2018,7,2019,6,5.94,kg,"PORTARIA Nº 135, DE 12 DE JULH",http://biblioteca.conab.gov.br/phl82/pdf/legislacao/2018_PRT_935.pdf
CACAU CULTIVADO (AMÊNDOA),9930,RO,RO,2019,7,2020,6,5.11,kg,"PORTARIA Nº 135, DE 12 DE JULH",http://biblioteca.conab.gov.br/phl82/pdf/legislacao/2019_PRT_135.pdf
CACAU CULTIVADO (AMÊNDOA),9930,RO,RO,2020,7,2021,6,7.39,kg,"PORTARIA Nº 190, DE 9 DE JUNHO",http://biblioteca.conab.gov.br/phl82/pdf/legislacao/2020_PRT_190.pdf
CACAU CULTIVADO (AMÊNDOA),9930,RO,RO,2021,7,2022,6,9.14,kg,"PORTARIA Nº 201, DE 1º DE JULH",http://biblioteca.conab.gov.br/phl82/pdf/legislacao/2021_PRT_201.pdf
CACAU CULTIVADO (AMÊNDOA),9930,RO,RO,2022,7,2023,6,12.99,kg,"PORTARIA MAPA Nº 452, DE 4 DE",https://biblioteca.conab.gov.br/phl82/pdf/legislacao/2022_PRT_452.pdf
CACAU CULTIVADO (AMÊNDOA),9930,RO,RO,2023,7,2024,6,13.05,kg,"PORTARIA MAPA Nº 595, DE 4 DE",https://www.in.gov.br/web/dou/-/portaria-mapa-n-595-de-4-de-julho-de-2023-494540705
CACAU CULTIVADO (AMÊNDOA),9930,RO,RO,2024,7,2025,6,14.97,kg,"PORTARIA MAPA Nº 700, DE 15 DE",https://www.in.gov.br/en/web/dou/-/portaria-mapa-n-700-de-15-de-julho-de-2024-572339980
CACAU CULTIVADO (AMÊNDOA),9930,RO,RO,2025,7,2026,6,14.97,kg,"PORTARIA MAPA Nº 812, DE 7 DE",https://www.in.gov.br/en/web/dou/-/portaria-mapa-n-812-de-7-de-julho-de-2025-640776008
CACAU CULTIVADO (AMÊNDOA),9930,RO,RO,2026,7,2027,6,14.97,kg,"PORTARIA MAPA Nº 934, DE 09 DE",https://www.in.gov.br/web/dou/-/portaria-mapa-n-934-de-9-de-julho-de-2026-718439459
CACAU CULTIVADO (AMÊNDOA),9930,RR,RR,2014,7,2015,6,4.74,kg,"PORTARIA  Nº  190,  DE  9  DE",NI
CACAU CULTIVADO (AMÊNDOA),9930,RR,RR,2015,7,2016,6,4.74,kg,"PORTARIA  Nº  190,  DE  9  DE",NI
CACAU CULTIVADO (AMÊNDOA),9930,RR,RR,2016,7,2017,6,5.07,kg,"PORTARIA Nº 1.577, DE 17 DE JU",http://biblioteca.conab.gov.br/phl82/pdf/legislacao/2017_PRT_1577.pdf
CACAU CULTIVADO (AMÊNDOA),9930,RR,RR,2017,7,2018,6,5.45,kg,"PORTARIA Nº 1.577, DE 17 DE JU",http://biblioteca.conab.gov.br/phl82/pdf/legislacao/2017_PRT_1577.pdf
CACAU CULTIVADO (AMÊNDOA),9930,RR,RR,2018,7,2019,6,5.94,kg,"PORTARIA Nº 135, DE 12 DE JULH",http://biblioteca.conab.gov.br/phl82/pdf/legislacao/2018_PRT_935.pdf
CACAU CULTIVADO (AMÊNDOA),9930,RR,RR,2019,7,2020,6,5.11,kg,"PORTARIA Nº 135, DE 12 DE JULH",http://biblioteca.conab.gov.br/phl82/pdf/legislacao/2019_PRT_135.pdf
CACAU CULTIVADO (AMÊNDOA),9930,RR,RR,2020,7,2021,6,7.39,kg,"PORTARIA Nº 190, DE 9 DE JUNHO",http://biblioteca.conab.gov.br/phl82/pdf/legislacao/2020_PRT_190.pdf
CACAU CULTIVADO (AMÊNDOA),9930,RR,RR,2021,7,2022,6,9.14,kg,"PORTARIA Nº 201, DE 1º DE JULH",http://biblioteca.conab.gov.br/phl82/pdf/legislacao/2021_PRT_201.pdf
CACAU CULTIVADO (AMÊNDOA),9930,RR,RR,2022,7,2023,6,12.99,kg,"PORTARIA MAPA Nº 452, DE 4 DE",https://biblioteca.conab.gov.br/phl82/pdf/legislacao/2022_PRT_452.pdf
CACAU CULTIVADO (AMÊNDOA),9930,RR,RR,2023,7,2024,6,13.05,kg,"PORTARIA MAPA Nº 595, DE 4 DE",https://www.in.gov.br/web/dou/-/portaria-mapa-n-595-de-4-de-julho-de-2023-494540705
CACAU CULTIVADO (AMÊNDOA),9930,RR,RR,2024,7,2025,6,14.97,kg,"PORTARIA MAPA Nº 700, DE 15 DE",https://www.in.gov.br/en/web/dou/-/portaria-mapa-n-700-de-15-de-julho-de-2024-572339980
CACAU CULTIVADO (AMÊNDOA),9930,RR,RR,2025,7,2026,6,14.97,kg,"PORTARIA MAPA Nº 812, DE 7 DE",https://www.in.gov.br/en/web/dou/-/portaria-mapa-n-812-de-7-de-julho-de-2025-640776008
CACAU CULTIVADO (AMÊNDOA),9930,RR,RR,2026,7,2027,6,14.97,kg,"PORTARIA MAPA Nº 934, DE 09 DE",https://www.in.gov.br/web/dou/-/portaria-mapa-n-934-de-9-de-julho-de-2026-718439459
CACAU CULTIVADO (AMÊNDOA),9930,TO,TO,2014,7,2015,6,4.74,kg,"PORTARIA  Nº  190,  DE  9  DE",NI
CACAU CULTIVADO (AMÊNDOA),9930,TO,TO,2015,7,2016,6,4.74,kg,"PORTARIA  Nº  190,  DE  9  DE",NI
CACAU CULTIVADO (AMÊNDOA),9930,TO,TO,2016,7,2017,6,5.07,kg,"PORTARIA Nº 1.577, DE 17 DE JU",http://biblioteca.conab.gov.br/phl82/pdf/legislacao/2017_PRT_1577.pdf
CACAU CULTIVADO (AMÊNDOA),9930,TO,TO,2017,7,2018,6,5.45,kg,"PORTARIA Nº 1.577, DE 17 DE JU",http://biblioteca.conab.gov.br/phl82/pdf/legislacao/2017_PRT_1577.pdf
CACAU CULTIVADO (AMÊNDOA),9930,TO,TO,2018,7,2019,6,5.94,kg,"PORTARIA Nº 135, DE 12 DE JULH",http://biblioteca.conab.gov.br/phl82/pdf/legislacao/2018_PRT_935.pdf
CACAU CULTIVADO (AMÊNDOA),9930,TO,TO,2019,7,2020,6,5.11,kg,"PORTARIA Nº 135, DE 12 DE JULH",http://biblioteca.conab.gov.br/phl82/pdf/legislacao/2019_PRT_135.pdf
CACAU CULTIVADO (AMÊNDOA),9930,TO,TO,2020,7,2021,6,7.39,kg,"PORTARIA Nº 190, DE 9 DE JUNHO",http://biblioteca.conab.gov.br/phl82/pdf/legislacao/2020_PRT_190.pdf
CACAU CULTIVADO (AMÊNDOA),9930,TO,TO,2021,7,2022,6,9.14,kg,"PORTARIA Nº 201, DE 1º DE JULH",http://biblioteca.conab.gov.br/phl82/pdf/legislacao/2021_PRT_201.pdf
CACAU CULTIVADO (AMÊNDOA),9930,TO,TO,2022,7,2023,6,12.99,kg,"PORTARIA MAPA Nº 452, DE 4 DE",https://biblioteca.conab.gov.br/phl82/pdf/legislacao/2022_PRT_452.pdf
CACAU CULTIVADO (AMÊNDOA),9930,TO,TO,2023,7,2024,6,13.05,kg,"PORTARIA MAPA Nº 595, DE 4 DE",https://www.in.gov.br/web/dou/-/portaria-mapa-n-595-de-4-de-julho-de-2023-494540705
CACAU CULTIVADO (AMÊNDOA),9930,TO,TO,2024,7,2025,6,14.97,kg,"PORTARIA MAPA Nº 700, DE 15 DE",https://www.in.gov.br/en/web/dou/-/portaria-mapa-n-700-de-15-de-julho-de-2024-572339980
CACAU CULTIVADO (AMÊNDOA),9930,TO,TO,2025,7,2026,6,14.97,kg,"PORTARIA MAPA Nº 812, DE 7 DE",https://www.in.gov.br/en/web/dou/-/portaria-mapa-n-812-de-7-de-julho-de-2025-640776008
CACAU CULTIVADO (AMÊNDOA),9930,TO,TO,2026,7,2027,6,14.97,kg,"PORTARIA MAPA Nº 934, DE 09 DE",https://www.in.gov.br/web/dou/-/portaria-mapa-n-934-de-9-de-julho-de-2026-718439459
CAFÉ ARÁBICA,4710,AC,AC,2014,4,2015,3,307.0,60 kg,"PORTARIA  Nº  190,  DE  9  DE",NI
CAFÉ ARÁBICA,4710,AC,AC,2015,4,2016,3,307.0,60 kg,"PORTARIA  Nº  190,  DE  9  DE",NI
CAFÉ ARÁBICA,4710,AC,AC,2016,4,2017,3,330.24,60 kg,"PORTARIA Nº 438, DE 28 DE MARÇ",http://biblioteca.conab.gov.br/phl82/pdf/legislacao/2018_PRT_438.pdf
CAFÉ ARÁBICA,4710,AC,AC,2017,4,2018,3,333.03,60 kg,"PORTARIA Nº 840, DE 11 DE ABRI",http://biblioteca.conab.gov.br/phl82/pdf/legislacao/2017_PRT_840.pdf
CAFÉ ARÁBICA,4710,AC,AC,2018,4,2019,3,341.21,60 kg,"PORTARIA Nº 438, DE 28 DE MARÇ",http://biblioteca.conab.gov.br/phl82/pdf/legislacao/2018_PRT_438.pdf
CAFÉ ARÁBICA,4710,AC,AC,2019,4,2020,3,362.53,60 kg,"PORTARIA Nº 31, DE 11 DE MARÇO",http://biblioteca.conab.gov.br/phl82/pdf/legislacao/2019_PRT_31.pdf
CAFÉ ARÁBICA,4710,AC,AC,2020,4,2021,3,364.09,60 kg,"PORTARIA Nº 66, DE 3 DE MARÇO",http://biblioteca.conab.gov.br/phl82/pdf/legislacao/2020_PRT_66.pdf
CAFÉ ARÁBICA,4710,AC,AC,2021,4,2022,3,369.4,60 kg,"PORTARIA Nº 77, DE 7 DE ABRIL",http://biblioteca.conab.gov.br/phl82/pdf/legislacao/2021_PRT_77.pdf
CAFÉ ARÁBICA,4710,AC,AC,2022,4,2023,3,606.66,60 kg,"PORTARIA MAPA Nº 419, DE 30 DE",http://biblioteca.conab.gov.br/phl82/pdf/legislacao/2022_PRT_419.pdf
CAFÉ ARÁBICA,4710,AC,AC,2023,4,2024,3,684.16,60 kg,"PORTARIA MDA Nº 4, DE 3 DE ABR",https://www.in.gov.br/web/dou/-/portaria-mda-n-4-de-3-de-abril-de-2023-474880140
CAFÉ ARÁBICA,4710,AC,AC,2024,4,2025,3,637.91,60 kg,"PORTARIA MAPA Nº 669, DE 1º DE",https://www.in.gov.br/web/dou/-/portaria-mapa-n-669-de-1-de-abril-de-2024-551526105
CAFÉ ARÁBICA,4710,AC,AC,2025,4,2026,3,662.04,60 kg,PORTARIA MAPA 780 DE 10 DE MAR,https://www.in.gov.br/en/web/dou/-/portaria-mapa-n-780-de-10-de-marco-de-2025-616761039
CAFÉ ARÁBICA,4710,AC,AC,2026,4,2027,3,792.53,60 kg,"PORTARIA MAPA Nº 895, DE 25 DE",https://www.in.gov.br/web/dou/-/portaria-mapa-n-895-de-25-de-marco-de-2026-695323510
CAFÉ ARÁBICA,4710,AM,AM,2014,4,2015,3,307.0,60 kg,"PORTARIA  Nº  190,  DE  9  DE",NI
CAFÉ ARÁBICA,4710,AM,AM,2015,4,2016,3,307.0,60 kg,"PORTARIA  Nº  190,  DE  9  DE",NI
CAFÉ ARÁBICA,4710,AM,AM,2016,4,2017,3,330.24,60 kg,"PORTARIA Nº 438, DE 28 DE MARÇ",http://biblioteca.conab.gov.br/phl82/pdf/legislacao/2018_PRT_438.pdf
CAFÉ ARÁBICA,4710,AM,AM,2017,4,2018,3,333.03,60 kg,"PORTARIA Nº 840, DE 11 DE ABRI",http://biblioteca.conab.gov.br/phl82/pdf/legislacao/2017_PRT_840.pdf
CAFÉ ARÁBICA,4710,AM,AM,2018,4,2019,3,341.21,60 kg,"PORTARIA Nº 438, DE 28 DE MARÇ",http://biblioteca.conab.gov.br/phl82/pdf/legislacao/2018_PRT_438.pdf
CAFÉ ARÁBICA,4710,AM,AM,2019,4,2020,3,362.53,60 kg,"PORTARIA Nº 31, DE 11 DE MARÇO",http://biblioteca.conab.gov.br/phl82/pdf/legislacao/2019_PRT_31.pdf
CAFÉ ARÁBICA,4710,AM,AM,2020,4,2021,3,364.09,60 kg,"PORTARIA Nº 66, DE 3 DE MARÇO",http://biblioteca.conab.gov.br/phl82/pdf/legislacao/2020_PRT_66.pdf
CAFÉ ARÁBICA,4710,AM,AM,2021,4,2022,3,369.4,60 kg,"PORTARIA Nº 77, DE 7 DE ABRIL",http://biblioteca.conab.gov.br/phl82/pdf/legislacao/2021_PRT_77.pdf
CAFÉ ARÁBICA,4710,AM,AM,2022,4,2023,3,606.66,60 kg,"PORTARIA MAPA Nº 419, DE 30 DE",http://biblioteca.conab.gov.br/phl82/pdf/legislacao/2022_PRT_419.pdf
CAFÉ ARÁBICA,4710,AM,AM,2023,4,2024,3,684.16,60 kg,"PORTARIA MDA Nº 4, DE 3 DE ABR",https://www.in.gov.br/web/dou/-/portaria-mda-n-4-de-3-de-abril-de-2023-474880140
CAFÉ ARÁBICA,4710,AM,AM,2024,4,2025,3,637.91,60 kg,"PORTARIA MAPA Nº 669, DE 1º DE",https://www.in.gov.br/web/dou/-/portaria-mapa-n-669-de-1-de-abril-de-2024-551526105
CAFÉ ARÁBICA,4710,AM,AM,2025,4,2026,3,662.04,60 kg,PORTARIA MAPA 780 DE 10 DE MAR,https://www.in.gov.br/en/web/dou/-/portaria-mapa-n-780-de-10-de-marco-de-2025-616761039
CAFÉ ARÁBICA,4710,AM,AM,2026,4,2027,3,792.53,60 kg,"PORTARIA MAPA Nº 895, DE 25 DE",https://www.in.gov.br/web/dou/-/portaria-mapa-n-895-de-25-de-marco-de-2026-695323510
CAFÉ ARÁBICA,4710,AP,AP,2014,4,2015,3,307.0,60 kg,"PORTARIA  Nº  190,  DE  9  DE",NI
CAFÉ ARÁBICA,4710,AP,AP,2015,4,2016,3,307.0,60 kg,"PORTARIA  Nº  190,  DE  9  DE",NI
CAFÉ ARÁBICA,4710,AP,AP,2016,4,2017,3,330.24,60 kg,"PORTARIA Nº 438, DE 28 DE MARÇ",http://biblioteca.conab.gov.br/phl82/pdf/legislacao/2018_PRT_438.pdf
CAFÉ ARÁBICA,4710,AP,AP,2017,4,2018,3,333.03,60 kg,"PORTARIA Nº 840, DE 11 DE ABRI",http://biblioteca.conab.gov.br/phl82/pdf/legislacao/2017_PRT_840.pdf
CAFÉ ARÁBICA,4710,AP,AP,2018,4,2019,3,341.21,60 kg,"PORTARIA Nº 438, DE 28 DE MARÇ",http://biblioteca.conab.gov.br/phl82/pdf/legislacao/2018_PRT_438.pdf
CAFÉ ARÁBICA,4710,AP,AP,2019,4,2020,3,362.53,60 kg,"PORTARIA Nº 31, DE 11 DE MARÇO",http://biblioteca.conab.gov.br/phl82/pdf/legislacao/2019_PRT_31.pdf
CAFÉ ARÁBICA,4710,AP,AP,2020,4,2021,3,364.09,60 kg,"PORTARIA Nº 66, DE 3 DE MARÇO",http://biblioteca.conab.gov.br/phl82/pdf/legislacao/2020_PRT_66.pdf
CAFÉ ARÁBICA,4710,AP,AP,2021,4,2022,3,369.4,60 kg,"PORTARIA Nº 77, DE 7 DE ABRIL",http://biblioteca.conab.gov.br/phl82/pdf/legislacao/2021_PRT_77.pdf
CAFÉ ARÁBICA,4710,AP,AP,2022,4,2023,3,606.66,60 kg,"PORTARIA MAPA Nº 419, DE 30 DE",http://biblioteca.conab.gov.br/phl82/pdf/legislacao/2022_PRT_419.pdf
CAFÉ ARÁBICA,4710,AP,AP,2023,4,2024,3,684.16,60 kg,"PORTARIA MDA Nº 4, DE 3 DE ABR",https://www.in.gov.br/web/dou/-/portaria-mda-n-4-de-3-de-abril-de-2023-474880140
CAFÉ ARÁBICA,4710,AP,AP,2024,4,2025,3,637.91,60 kg,"PORTARIA MAPA Nº 669, DE 1º DE",https://www.in.gov.br/web/dou/-/portaria-mapa-n-669-de-1-de-abril-de-2024-551526105
CAFÉ ARÁBICA,4710,AP,AP,2025,4,2026,3,662.04,60 kg,PORTARIA MAPA 780 DE 10 DE MAR,https://www.in.gov.br/en/web/dou/-/portaria-mapa-n-780-de-10-de-marco-de-2025-616761039
CAFÉ ARÁBICA,4710,AP,AP,2026,4,2027,3,792.53,60 kg,"PORTARIA MAPA Nº 895, DE 25 DE",https://www.in.gov.br/web/dou/-/portaria-mapa-n-895-de-25-de-marco-de-2026-695323510
CAFÉ ARÁBICA,4710,PA,PA,2014,4,2015,3,307.0,60 kg,"PORTARIA  Nº  190,  DE  9  DE",NI
CAFÉ ARÁBICA,4710,PA,PA,2015,4,2016,3,307.0,60 kg,"PORTARIA  Nº  190,  DE  9  DE",NI
CAFÉ ARÁBICA,4710,PA,PA,2016,4,2017,3,330.24,60 kg,"PORTARIA Nº 438, DE 28 DE MARÇ",http://biblioteca.conab.gov.br/phl82/pdf/legislacao/2018_PRT_438.pdf
CAFÉ ARÁBICA,4710,PA,PA,2017,4,2018,3,333.03,60 kg,"PORTARIA Nº 840, DE 11 DE ABRI",http://biblioteca.conab.gov.br/phl82/pdf/legislacao/2017_PRT_840.pdf
CAFÉ ARÁBICA,4710,PA,PA,2018,4,2019,3,341.21,60 kg,"PORTARIA Nº 438, DE 28 DE MARÇ",http://biblioteca.conab.gov.br/phl82/pdf/legislacao/2018_PRT_438.pdf
CAFÉ ARÁBICA,4710,PA,PA,2019,4,2020,3,362.53,60 kg,"PORTARIA Nº 31, DE 11 DE MARÇO",http://biblioteca.conab.gov.br/phl82/pdf/legislacao/2019_PRT_31.pdf
CAFÉ ARÁBICA,4710,PA,PA,2020,4,2021,3,364.09,60 kg,"PORTARIA Nº 66, DE 3 DE MARÇO",http://biblioteca.conab.gov.br/phl82/pdf/legislacao/2020_PRT_66.pdf
CAFÉ ARÁBICA,4710,PA,PA,2021,4,2022,3,369.4,60 kg,"PORTARIA Nº 77, DE 7 DE ABRIL",http://biblioteca.conab.gov.br/phl82/pdf/legislacao/2021_PRT_77.pdf
CAFÉ ARÁBICA,4710,PA,PA,2022,4,2023,3,606.66,60 kg,"PORTARIA MAPA Nº 419, DE 30 DE",http://biblioteca.conab.gov.br/phl82/pdf/legislacao/2022_PRT_419.pdf
CAFÉ ARÁBICA,4710,PA,PA,2023,4,2024,3,684.16,60 kg,"PORTARIA MDA Nº 4, DE 3 DE ABR",https://www.in.gov.br/web/dou/-/portaria-mda-n-4-de-3-de-abril-de-2023-474880140
CAFÉ ARÁBICA,4710,PA,PA,2024,4,2025,3,637.91,60 kg,"PORTARIA MAPA Nº 669, DE 1º DE",https://www.in.gov.br/web/dou/-/portaria-mapa-n-669-de-1-de-abril-de-2024-551526105
CAFÉ ARÁBICA,4710,PA,PA,2025,4,2026,3,662.04,60 kg,PORTARIA MAPA 780 DE 10 DE MAR,https://www.in.gov.br/en/web/dou/-/portaria-mapa-n-780-de-10-de-marco-de-2025-616761039
CAFÉ ARÁBICA,4710,PA,PA,2026,4,2027,3,792.53,60 kg,"PORTARIA MAPA Nº 895, DE 25 DE",https://www.in.gov.br/web/dou/-/portaria-mapa-n-895-de-25-de-marco-de-2026-695323510
CAFÉ ARÁBICA,4710,RO,RO,2014,4,2015,3,307.0,60 kg,"PORTARIA  Nº  190,  DE  9  DE",NI
CAFÉ ARÁBICA,4710,RO,RO,2015,4,2016,3,307.0,60 kg,"PORTARIA  Nº  190,  DE  9  DE",NI
CAFÉ ARÁBICA,4710,RO,RO,2016,4,2017,3,330.24,60 kg,"PORTARIA Nº 438, DE 28 DE MARÇ",http://biblioteca.conab.gov.br/phl82/pdf/legislacao/2018_PRT_438.pdf
CAFÉ ARÁBICA,4710,RO,RO,2017,4,2018,3,333.03,60 kg,"PORTARIA Nº 840, DE 11 DE ABRI",http://biblioteca.conab.gov.br/phl82/pdf/legislacao/2017_PRT_840.pdf
CAFÉ ARÁBICA,4710,RO,RO,2018,4,2019,3,341.21,60 kg,"PORTARIA Nº 438, DE 28 DE MARÇ",http://biblioteca.conab.gov.br/phl82/pdf/legislacao/2018_PRT_438.pdf
CAFÉ ARÁBICA,4710,RO,RO,2019,4,2020,3,362.53,60 kg,"PORTARIA Nº 31, DE 11 DE MARÇO",http://biblioteca.conab.gov.br/phl82/pdf/legislacao/2019_PRT_31.pdf
CAFÉ ARÁBICA,4710,RO,RO,2020,4,2021,3,364.09,60 kg,"PORTARIA Nº 66, DE 3 DE MARÇO",http://biblioteca.conab.gov.br/phl82/pdf/legislacao/2020_PRT_66.pdf
CAFÉ ARÁBICA,4710,RO,RO,2021,4,2022,3,369.4,60 kg,"PORTARIA Nº 77, DE 7 DE ABRIL",http://biblioteca.conab.gov.br/phl82/pdf/legislacao/2021_PRT_77.pdf
CAFÉ ARÁBICA,4710,RO,RO,2022,4,2023,3,606.66,60 kg,"PORTARIA MAPA Nº 419, DE 30 DE",http://biblioteca.conab.gov.br/phl82/pdf/legislacao/2022_PRT_419.pdf
CAFÉ ARÁBICA,4710,RO,RO,2023,4,2024,3,684.16,60 kg,"PORTARIA MDA Nº 4, DE 3 DE ABR",https://www.in.gov.br/web/dou/-/portaria-mda-n-4-de-3-de-abril-de-2023-474880140
CAFÉ ARÁBICA,4710,RO,RO,2024,4,2025,3,637.91,60 kg,"PORTARIA MAPA Nº 669, DE 1º DE",https://www.in.gov.br/web/dou/-/portaria-mapa-n-669-de-1-de-abril-de-2024-551526105
CAFÉ ARÁBICA,4710,RO,RO,2025,4,2026,3,662.04,60 kg,PORTARIA MAPA 780 DE 10 DE MAR,https://www.in.gov.br/en/web/dou/-/portaria-mapa-n-780-de-10-de-marco-de-2025-616761039
CAFÉ ARÁBICA,4710,RO,RO,2026,4,2027,3,792.53,60 kg,"PORTARIA MAPA Nº 895, DE 25 DE",https://www.in.gov.br/web/dou/-/portaria-mapa-n-895-de-25-de-marco-de-2026-695323510
CAFÉ ARÁBICA,4710,RR,RR,2014,4,2015,3,307.0,60 kg,"PORTARIA  Nº  190,  DE  9  DE",NI
CAFÉ ARÁBICA,4710,RR,RR,2015,4,2016,3,307.0,60 kg,"PORTARIA  Nº  190,  DE  9  DE",NI
CAFÉ ARÁBICA,4710,RR,RR,2016,4,2017,3,330.24,60 kg,"PORTARIA Nº 438, DE 28 DE MARÇ",http://biblioteca.conab.gov.br/phl82/pdf/legislacao/2018_PRT_438.pdf
CAFÉ ARÁBICA,4710,RR,RR,2017,4,2018,3,333.03,60 kg,"PORTARIA Nº 840, DE 11 DE ABRI",http://biblioteca.conab.gov.br/phl82/pdf/legislacao/2017_PRT_840.pdf
CAFÉ ARÁBICA,4710,RR,RR,2018,4,2019,3,341.21,60 kg,"PORTARIA Nº 438, DE 28 DE MARÇ",http://biblioteca.conab.gov.br/phl82/pdf/legislacao/2018_PRT_438.pdf
CAFÉ ARÁBICA,4710,RR,RR,2019,4,2020,3,362.53,60 kg,"PORTARIA Nº 31, DE 11 DE MARÇO",http://biblioteca.conab.gov.br/phl82/pdf/legislacao/2019_PRT_31.pdf
CAFÉ ARÁBICA,4710,RR,RR,2020,4,2021,3,364.09,60 kg,"PORTARIA Nº 66, DE 3 DE MARÇO",http://biblioteca.conab.gov.br/phl82/pdf/legislacao/2020_PRT_66.pdf
CAFÉ ARÁBICA,4710,RR,RR,2021,4,2022,3,369.4,60 kg,"PORTARIA Nº 77, DE 7 DE ABRIL",http://biblioteca.conab.gov.br/phl82/pdf/legislacao/2021_PRT_77.pdf
CAFÉ ARÁBICA,4710,RR,RR,2022,4,2023,3,606.66,60 kg,"PORTARIA MAPA Nº 419, DE 30 DE",http://biblioteca.conab.gov.br/phl82/pdf/legislacao/2022_PRT_419.pdf
CAFÉ ARÁBICA,4710,RR,RR,2023,4,2024,3,684.16,60 kg,"PORTARIA MDA Nº 4, DE 3 DE ABR",https://www.in.gov.br/web/dou/-/portaria-mda-n-4-de-3-de-abril-de-2023-474880140
CAFÉ ARÁBICA,4710,RR,RR,2024,4,2025,3,637.91,60 kg,"PORTARIA MAPA Nº 669, DE 1º DE",https://www.in.gov.br/web/dou/-/portaria-mapa-n-669-de-1-de-abril-de-2024-551526105
CAFÉ ARÁBICA,4710,RR,RR,2025,4,2026,3,662.04,60 kg,PORTARIA MAPA 780 DE 10 DE MAR,https://www.in.gov.br/en/web/dou/-/portaria-mapa-n-780-de-10-de-marco-de-2025-616761039
CAFÉ ARÁBICA,4710,RR,RR,2026,4,2027,3,792.53,60 kg,"PORTARIA MAPA Nº 895, DE 25 DE",https://www.in.gov.br/web/dou/-/portaria-mapa-n-895-de-25-de-marco-de-2026-695323510
CAFÉ ARÁBICA,4710,TO,TO,2014,4,2015,3,307.0,60 kg,"PORTARIA  Nº  190,  DE  9  DE",NI
CAFÉ ARÁBICA,4710,TO,TO,2015,4,2016,3,307.0,60 kg,"PORTARIA  Nº  190,  DE  9  DE",NI
CAFÉ ARÁBICA,4710,TO,TO,2016,4,2017,3,330.24,60 kg,"PORTARIA Nº 438, DE 28 DE MARÇ",http://biblioteca.conab.gov.br/phl82/pdf/legislacao/2018_PRT_438.pdf
CAFÉ ARÁBICA,4710,TO,TO,2017,4,2018,3,333.03,60 kg,"PORTARIA Nº 840, DE 11 DE ABRI",http://biblioteca.conab.gov.br/phl82/pdf/legislacao/2017_PRT_840.pdf
CAFÉ ARÁBICA,4710,TO,TO,2018,4,2019,3,341.21,60 kg,"PORTARIA Nº 438, DE 28 DE MARÇ",http://biblioteca.conab.gov.br/phl82/pdf/legislacao/2018_PRT_438.pdf
CAFÉ ARÁBICA,4710,TO,TO,2019,4,2020,3,362.53,60 kg,"PORTARIA Nº 31, DE 11 DE MARÇO",http://biblioteca.conab.gov.br/phl82/pdf/legislacao/2019_PRT_31.pdf
CAFÉ ARÁBICA,4710,TO,TO,2020,4,2021,3,364.09,60 kg,"PORTARIA Nº 66, DE 3 DE MARÇO",http://biblioteca.conab.gov.br/phl82/pdf/legislacao/2020_PRT_66.pdf
CAFÉ ARÁBICA,4710,TO,TO,2021,4,2022,3,369.4,60 kg,"PORTARIA Nº 77, DE 7 DE ABRIL",http://biblioteca.conab.gov.br/phl82/pdf/legislacao/2021_PRT_77.pdf
CAFÉ ARÁBICA,4710,TO,TO,2022,4,2023,3,606.66,60 kg,"PORTARIA MAPA Nº 419, DE 30 DE",http://biblioteca.conab.gov.br/phl82/pdf/legislacao/2022_PRT_419.pdf
CAFÉ ARÁBICA,4710,TO,TO,2023,4,2024,3,684.16,60 kg,"PORTARIA MDA Nº 4, DE 3 DE ABR",https://www.in.gov.br/web/dou/-/portaria-mda-n-4-de-3-de-abril-de-2023-474880140
CAFÉ ARÁBICA,4710,TO,TO,2024,4,2025,3,637.91,60 kg,"PORTARIA MAPA Nº 669, DE 1º DE",https://www.in.gov.br/web/dou/-/portaria-mapa-n-669-de-1-de-abril-de-2024-551526105
CAFÉ ARÁBICA,4710,TO,TO,2025,4,2026,3,662.04,60 kg,PORTARIA MAPA 780 DE 10 DE MAR,https://www.in.gov.br/en/web/dou/-/portaria-mapa-n-780-de-10-de-marco-de-2025-616761039
CAFÉ ARÁBICA,4710,TO,TO,2026,4,2027,3,792.53,60 kg,"PORTARIA MAPA Nº 895, DE 25 DE",https://www.in.gov.br/web/dou/-/portaria-mapa-n-895-de-25-de-marco-de-2026-695323510
CAFÉ CONILON,4711,AC,AC,2014,4,2014,4,156.57,60 kg,"PORTARIA  Nº  190,  DE  9  DE",NI
CAFÉ CONILON,4711,AC,AC,2014,5,2015,3,180.8,60 kg,"PORTARIA  Nº  190,  DE  9  DE",NI
CAFÉ CONILON,4711,AC,AC,2015,4,2016,3,193.54,60 kg,"PORTARIA  Nº  190,  DE  9  DE",NI
CAFÉ CONILON,4711,AC,AC,2016,4,2017,3,208.19,60 kg,"PORTARIA Nº 438, DE 28 DE MARÇ",http://biblioteca.conab.gov.br/phl82/pdf/legislacao/2018_PRT_438.pdf
CAFÉ CONILON,4711,AC,AC,2017,4,2018,3,223.59,60 kg,"PORTARIA Nº 840, DE 11 DE ABRI",http://biblioteca.conab.gov.br/phl82/pdf/legislacao/2017_PRT_840.pdf
CAFÉ CONILON,4711,AC,AC,2018,4,2019,3,202.19,60 kg,"PORTARIA Nº 438, DE 28 DE MARÇ",http://biblioteca.conab.gov.br/phl82/pdf/legislacao/2018_PRT_438.pdf
CAFÉ CONILON,4711,AC,AC,2019,4,2020,3,210.13,60 kg,"PORTARIA Nº 31, DE 11 DE MARÇO",http://biblioteca.conab.gov.br/phl82/pdf/legislacao/2019_PRT_31.pdf
CAFÉ CONILON,4711,AC,AC,2020,4,2021,3,242.31,60 kg,"PORTARIA Nº 66, DE 3 DE MARÇO",http://biblioteca.conab.gov.br/phl82/pdf/legislacao/2020_PRT_66.pdf
CAFÉ CONILON,4711,AC,AC,2021,4,2022,3,263.93,60 kg,"PORTARIA Nº 77, DE 7 DE ABRIL",http://biblioteca.conab.gov.br/phl82/pdf/legislacao/2021_PRT_77.pdf
CAFÉ CONILON,4711,AC,AC,2022,4,2023,3,434.82,60 kg,"PORTARIA MAPA Nº 419, DE 30 DE",http://biblioteca.conab.gov.br/phl82/pdf/legislacao/2022_PRT_419.pdf
CAFÉ CONILON,4711,AC,AC,2023,4,2024,3,460.02,60 kg,"PORTARIA MDA Nº 4, DE 3 DE ABR",https://www.in.gov.br/web/dou/-/portaria-mda-n-4-de-3-de-abril-de-2023-474880140
CAFÉ CONILON,4711,AC,AC,2024,4,2025,3,423.08,60 kg,"PORTARIA MAPA Nº 669, DE 1º DE",https://www.in.gov.br/web/dou/-/portaria-mapa-n-669-de-1-de-abril-de-2024-551526105
CAFÉ CONILON,4711,AC,AC,2025,4,2026,3,498.79,60 kg,PORTARIA MAPA 780 DE 10 DE MAR,https://www.in.gov.br/en/web/dou/-/portaria-mapa-n-780-de-10-de-marco-de-2025-616761039
CAFÉ CONILON,4711,AC,AC,2026,4,2027,3,556.97,60 kg,"PORTARIA MAPA Nº 895, DE 25 DE",https://www.in.gov.br/web/dou/-/portaria-mapa-n-895-de-25-de-marco-de-2026-695323510
CAFÉ CONILON,4711,AM,AM,2014,5,2015,3,180.8,60 kg,"PORTARIA  Nº  190,  DE  9  DE",NI
CAFÉ CONILON,4711,AM,AM,2014,4,2014,4,156.57,60 kg,"PORTARIA  Nº  190,  DE  9  DE",NI
CAFÉ CONILON,4711,AM,AM,2015,4,2016,3,193.54,60 kg,"PORTARIA  Nº  190,  DE  9  DE",NI
CAFÉ CONILON,4711,AM,AM,2016,4,2017,3,208.19,60 kg,"PORTARIA Nº 438, DE 28 DE MARÇ",http://biblioteca.conab.gov.br/phl82/pdf/legislacao/2018_PRT_438.pdf
CAFÉ CONILON,4711,AM,AM,2017,4,2018,3,223.59,60 kg,"PORTARIA Nº 840, DE 11 DE ABRI",http://biblioteca.conab.gov.br/phl82/pdf/legislacao/2017_PRT_840.pdf
CAFÉ CONILON,4711,AM,AM,2018,4,2019,3,202.19,60 kg,"PORTARIA Nº 438, DE 28 DE MARÇ",http://biblioteca.conab.gov.br/phl82/pdf/legislacao/2018_PRT_438.pdf
CAFÉ CONILON,4711,AM,AM,2019,4,2020,3,210.13,60 kg,"PORTARIA Nº 31, DE 11 DE MARÇO",http://biblioteca.conab.gov.br/phl82/pdf/legislacao/2019_PRT_31.pdf
CAFÉ CONILON,4711,AM,AM,2020,4,2021,3,242.31,60 kg,"PORTARIA Nº 66, DE 3 DE MARÇO",http://biblioteca.conab.gov.br/phl82/pdf/legislacao/2020_PRT_66.pdf
CAFÉ CONILON,4711,AM,AM,2021,4,2022,3,263.93,60 kg,"PORTARIA Nº 77, DE 7 DE ABRIL",http://biblioteca.conab.gov.br/phl82/pdf/legislacao/2021_PRT_77.pdf
CAFÉ CONILON,4711,AM,AM,2022,4,2023,3,434.82,60 kg,"PORTARIA MAPA Nº 419, DE 30 DE",http://biblioteca.conab.gov.br/phl82/pdf/legislacao/2022_PRT_419.pdf
CAFÉ CONILON,4711,AM,AM,2023,4,2024,3,460.02,60 kg,"PORTARIA MDA Nº 4, DE 3 DE ABR",https://www.in.gov.br/web/dou/-/portaria-mda-n-4-de-3-de-abril-de-2023-474880140
CAFÉ CONILON,4711,AM,AM,2024,4,2025,3,423.08,60 kg,"PORTARIA MAPA Nº 669, DE 1º DE",https://www.in.gov.br/web/dou/-/portaria-mapa-n-669-de-1-de-abril-de-2024-551526105
CAFÉ CONILON,4711,AM,AM,2025,4,2026,3,498.79,60 kg,PORTARIA MAPA 780 DE 10 DE MAR,https://www.in.gov.br/en/web/dou/-/portaria-mapa-n-780-de-10-de-marco-de-2025-616761039
CAFÉ CONILON,4711,AM,AM,2026,4,2027,3,556.97,60 kg,"PORTARIA MAPA Nº 895, DE 25 DE",https://www.in.gov.br/web/dou/-/portaria-mapa-n-895-de-25-de-marco-de-2026-695323510
CAFÉ CONILON,4711,AP,AP,2014,4,2014,4,156.57,60 kg,"PORTARIA  Nº  190,  DE  9  DE",NI
CAFÉ CONILON,4711,AP,AP,2014,5,2015,3,180.8,60 kg,"PORTARIA  Nº  190,  DE  9  DE",NI
CAFÉ CONILON,4711,AP,AP,2015,4,2016,3,193.54,60 kg,"PORTARIA  Nº  190,  DE  9  DE",NI
CAFÉ CONILON,4711,AP,AP,2016,4,2017,3,208.19,60 kg,"PORTARIA Nº 438, DE 28 DE MARÇ",http://biblioteca.conab.gov.br/phl82/pdf/legislacao/2018_PRT_438.pdf
CAFÉ CONILON,4711,AP,AP,2017,4,2018,3,223.59,60 kg,"PORTARIA Nº 840, DE 11 DE ABRI",http://biblioteca.conab.gov.br/phl82/pdf/legislacao/2017_PRT_840.pdf
CAFÉ CONILON,4711,AP,AP,2018,4,2019,3,202.19,60 kg,"PORTARIA Nº 438, DE 28 DE MARÇ",http://biblioteca.conab.gov.br/phl82/pdf/legislacao/2018_PRT_438.pdf
CAFÉ CONILON,4711,AP,AP,2019,4,2020,3,210.13,60 kg,"PORTARIA Nº 31, DE 11 DE MARÇO",http://biblioteca.conab.gov.br/phl82/pdf/legislacao/2019_PRT_31.pdf
CAFÉ CONILON,4711,AP,AP,2020,4,2021,3,242.31,60 kg,"PORTARIA Nº 66, DE 3 DE MARÇO",http://biblioteca.conab.gov.br/phl82/pdf/legislacao/2020_PRT_66.pdf
CAFÉ CONILON,4711,AP,AP,2021,4,2022,3,263.93,60 kg,"PORTARIA Nº 77, DE 7 DE ABRIL",http://biblioteca.conab.gov.br/phl82/pdf/legislacao/2021_PRT_77.pdf
CAFÉ CONILON,4711,AP,AP,2022,4,2023,3,434.82,60 kg,"PORTARIA MAPA Nº 419, DE 30 DE",http://biblioteca.conab.gov.br/phl82/pdf/legislacao/2022_PRT_419.pdf
CAFÉ CONILON,4711,AP,AP,2023,4,2024,3,460.02,60 kg,"PORTARIA MDA Nº 4, DE 3 DE ABR",https://www.in.gov.br/web/dou/-/portaria-mda-n-4-de-3-de-abril-de-2023-474880140
CAFÉ CONILON,4711,AP,AP,2024,4,2025,3,423.08,60 kg,"PORTARIA MAPA Nº 669, DE 1º DE",https://www.in.gov.br/web/dou/-/portaria-mapa-n-669-de-1-de-abril-de-2024-551526105
CAFÉ CONILON,4711,AP,AP,2025,4,2026,3,498.79,60 kg,PORTARIA MAPA 780 DE 10 DE MAR,https://www.in.gov.br/en/web/dou/-/portaria-mapa-n-780-de-10-de-marco-de-2025-616761039
CAFÉ CONILON,4711,AP,AP,2026,4,2027,3,556.97,60 kg,"PORTARIA MAPA Nº 895, DE 25 DE",https://www.in.gov.br/web/dou/-/portaria-mapa-n-895-de-25-de-marco-de-2026-695323510
CAFÉ CONILON,4711,PA,PA,2014,4,2014,4,156.57,60 kg,"PORTARIA  Nº  190,  DE  9  DE",NI
CAFÉ CONILON,4711,PA,PA,2014,5,2015,3,180.8,60 kg,"PORTARIA  Nº  190,  DE  9  DE",NI
CAFÉ CONILON,4711,PA,PA,2015,4,2016,3,193.54,60 kg,"PORTARIA  Nº  190,  DE  9  DE",NI
CAFÉ CONILON,4711,PA,PA,2016,4,2017,3,208.19,60 kg,"PORTARIA Nº 438, DE 28 DE MARÇ",http://biblioteca.conab.gov.br/phl82/pdf/legislacao/2018_PRT_438.pdf
CAFÉ CONILON,4711,PA,PA,2017,4,2018,3,223.59,60 kg,"PORTARIA Nº 840, DE 11 DE ABRI",http://biblioteca.conab.gov.br/phl82/pdf/legislacao/2017_PRT_840.pdf
CAFÉ CONILON,4711,PA,PA,2018,4,2019,3,202.19,60 kg,"PORTARIA Nº 438, DE 28 DE MARÇ",http://biblioteca.conab.gov.br/phl82/pdf/legislacao/2018_PRT_438.pdf
CAFÉ CONILON,4711,PA,PA,2019,4,2020,3,210.13,60 kg,"PORTARIA Nº 31, DE 11 DE MARÇO",http://biblioteca.conab.gov.br/phl82/pdf/legislacao/2019_PRT_31.pdf
CAFÉ CONILON,4711,PA,PA,2020,4,2021,3,242.31,60 kg,"PORTARIA Nº 66, DE 3 DE MARÇO",http://biblioteca.conab.gov.br/phl82/pdf/legislacao/2020_PRT_66.pdf
CAFÉ CONILON,4711,PA,PA,2021,4,2022,3,263.93,60 kg,"PORTARIA Nº 77, DE 7 DE ABRIL",http://biblioteca.conab.gov.br/phl82/pdf/legislacao/2021_PRT_77.pdf
CAFÉ CONILON,4711,PA,PA,2022,4,2023,3,434.82,60 kg,"PORTARIA MAPA Nº 419, DE 30 DE",http://biblioteca.conab.gov.br/phl82/pdf/legislacao/2022_PRT_419.pdf
CAFÉ CONILON,4711,PA,PA,2023,4,2024,3,460.02,60 kg,"PORTARIA MDA Nº 4, DE 3 DE ABR",https://www.in.gov.br/web/dou/-/portaria-mda-n-4-de-3-de-abril-de-2023-474880140
CAFÉ CONILON,4711,PA,PA,2024,4,2025,3,423.08,60 kg,"PORTARIA MAPA Nº 669, DE 1º DE",https://www.in.gov.br/web/dou/-/portaria-mapa-n-669-de-1-de-abril-de-2024-551526105
CAFÉ CONILON,4711,PA,PA,2025,4,2026,3,498.79,60 kg,PORTARIA MAPA 780 DE 10 DE MAR,https://www.in.gov.br/en/web/dou/-/portaria-mapa-n-780-de-10-de-marco-de-2025-616761039
CAFÉ CONILON,4711,PA,PA,2026,4,2027,3,556.97,60 kg,"PORTARIA MAPA Nº 895, DE 25 DE",https://www.in.gov.br/web/dou/-/portaria-mapa-n-895-de-25-de-marco-de-2026-695323510
CAFÉ CONILON,4711,RO,RO,2014,5,2015,3,180.8,60 kg,"PORTARIA  Nº  190,  DE  9  DE",NI
CAFÉ CONILON,4711,RO,RO,2014,4,2014,4,156.57,60 kg,"PORTARIA  Nº  190,  DE  9  DE",NI
CAFÉ CONILON,4711,RO,RO,2015,4,2016,3,193.54,60 kg,"PORTARIA  Nº  190,  DE  9  DE",NI
CAFÉ CONILON,4711,RO,RO,2016,4,2017,3,208.19,60 kg,"PORTARIA Nº 438, DE 28 DE MARÇ",http://biblioteca.conab.gov.br/phl82/pdf/legislacao/2018_PRT_438.pdf
CAFÉ CONILON,4711,RO,RO,2017,4,2018,3,223.59,60 kg,"PORTARIA Nº 840, DE 11 DE ABRI",http://biblioteca.conab.gov.br/phl82/pdf/legislacao/2017_PRT_840.pdf
CAFÉ CONILON,4711,RO,RO,2018,4,2019,3,202.19,60 kg,"PORTARIA Nº 438, DE 28 DE MARÇ",http://biblioteca.conab.gov.br/phl82/pdf/legislacao/2018_PRT_438.pdf
CAFÉ CONILON,4711,RO,RO,2019,4,2020,3,210.13,60 kg,"PORTARIA Nº 31, DE 11 DE MARÇO",http://biblioteca.conab.gov.br/phl82/pdf/legislacao/2019_PRT_31.pdf
CAFÉ CONILON,4711,RO,RO,2020,4,2021,3,210.13,60 kg,"PORTARIA Nº 66, DE 3 DE MARÇO",http://biblioteca.conab.gov.br/phl82/pdf/legislacao/2020_PRT_66.pdf
CAFÉ CONILON,4711,RO,RO,2021,4,2022,3,263.93,60 kg,"PORTARIA Nº 77, DE 7 DE ABRIL",http://biblioteca.conab.gov.br/phl82/pdf/legislacao/2021_PRT_77.pdf
CAFÉ CONILON,4711,RO,RO,2022,4,2023,3,434.82,60 kg,"PORTARIA MAPA Nº 419, DE 30 DE",http://biblioteca.conab.gov.br/phl82/pdf/legislacao/2022_PRT_419.pdf
CAFÉ CONILON,4711,RO,RO,2023,4,2024,3,460.02,60 kg,"PORTARIA MDA Nº 4, DE 3 DE ABR",https://www.in.gov.br/web/dou/-/portaria-mda-n-4-de-3-de-abril-de-2023-474880140
CAFÉ CONILON,4711,RO,RO,2024,4,2025,3,423.08,60 kg,"PORTARIA MAPA Nº 669, DE 1º DE",https://www.in.gov.br/web/dou/-/portaria-mapa-n-669-de-1-de-abril-de-2024-551526105
CAFÉ CONILON,4711,RO,RO,2025,4,2026,3,498.79,60 kg,PORTARIA MAPA 780 DE 10 DE MAR,https://www.in.gov.br/en/web/dou/-/portaria-mapa-n-780-de-10-de-marco-de-2025-616761039
CAFÉ CONILON,4711,RO,RO,2026,4,2027,3,556.97,60 kg,"PORTARIA MAPA Nº 895, DE 25 DE",https://www.in.gov.br/web/dou/-/portaria-mapa-n-895-de-25-de-marco-de-2026-695323510
CAFÉ CONILON,4711,RR,RR,2014,5,2015,3,180.8,60 kg,"PORTARIA  Nº  190,  DE  9  DE",NI
CAFÉ CONILON,4711,RR,RR,2014,4,2014,4,156.57,60 kg,"PORTARIA  Nº  190,  DE  9  DE",NI
CAFÉ CONILON,4711,RR,RR,2015,4,2016,3,193.54,60 kg,"PORTARIA  Nº  190,  DE  9  DE",NI
CAFÉ CONILON,4711,RR,RR,2016,4,2017,3,208.19,60 kg,"PORTARIA Nº 438, DE 28 DE MARÇ",http://biblioteca.conab.gov.br/phl82/pdf/legislacao/2018_PRT_438.pdf
CAFÉ CONILON,4711,RR,RR,2017,4,2018,3,223.59,60 kg,"PORTARIA Nº 840, DE 11 DE ABRI",http://biblioteca.conab.gov.br/phl82/pdf/legislacao/2017_PRT_840.pdf
CAFÉ CONILON,4711,RR,RR,2018,4,2019,3,202.19,60 kg,"PORTARIA Nº 438, DE 28 DE MARÇ",http://biblioteca.conab.gov.br/phl82/pdf/legislacao/2018_PRT_438.pdf
CAFÉ CONILON,4711,RR,RR,2019,4,2020,3,210.13,60 kg,"PORTARIA Nº 31, DE 11 DE MARÇO",http://biblioteca.conab.gov.br/phl82/pdf/legislacao/2019_PRT_31.pdf
CAFÉ CONILON,4711,RR,RR,2020,4,2021,3,242.31,60 kg,"PORTARIA Nº 66, DE 3 DE MARÇO",http://biblioteca.conab.gov.br/phl82/pdf/legislacao/2020_PRT_66.pdf
CAFÉ CONILON,4711,RR,RR,2021,4,2022,3,263.93,60 kg,"PORTARIA Nº 77, DE 7 DE ABRIL",http://biblioteca.conab.gov.br/phl82/pdf/legislacao/2021_PRT_77.pdf
CAFÉ CONILON,4711,RR,RR,2022,4,2023,3,434.82,60 kg,"PORTARIA MAPA Nº 419, DE 30 DE",http://biblioteca.conab.gov.br/phl82/pdf/legislacao/2022_PRT_419.pdf
CAFÉ CONILON,4711,RR,RR,2023,4,2024,3,460.02,60 kg,"PORTARIA MDA Nº 4, DE 3 DE ABR",https://www.in.gov.br/web/dou/-/portaria-mda-n-4-de-3-de-abril-de-2023-474880140
CAFÉ CONILON,4711,RR,RR,2024,4,2025,3,423.08,60 kg,"PORTARIA MAPA Nº 669, DE 1º DE",https://www.in.gov.br/web/dou/-/portaria-mapa-n-669-de-1-de-abril-de-2024-551526105
CAFÉ CONILON,4711,RR,RR,2025,4,2026,3,498.79,60 kg,PORTARIA MAPA 780 DE 10 DE MAR,https://www.in.gov.br/en/web/dou/-/portaria-mapa-n-780-de-10-de-marco-de-2025-616761039
CAFÉ CONILON,4711,RR,RR,2026,4,2027,3,556.97,60 kg,"PORTARIA MAPA Nº 895, DE 25 DE",https://www.in.gov.br/web/dou/-/portaria-mapa-n-895-de-25-de-marco-de-2026-695323510
CAFÉ CONILON,4711,TO,TO,2014,4,2014,4,156.57,60 kg,"PORTARIA  Nº  190,  DE  9  DE",NI
CAFÉ CONILON,4711,TO,TO,2014,5,2015,3,180.8,60 kg,"PORTARIA  Nº  190,  DE  9  DE",NI
CAFÉ CONILON,4711,TO,TO,2015,4,2016,3,193.54,60 kg,"PORTARIA  Nº  190,  DE  9  DE",NI
CAFÉ CONILON,4711,TO,TO,2016,4,2017,3,208.19,60 kg,"PORTARIA Nº 438, DE 28 DE MARÇ",http://biblioteca.conab.gov.br/phl82/pdf/legislacao/2018_PRT_438.pdf
CAFÉ CONILON,4711,TO,TO,2017,4,2018,3,223.59,60 kg,"PORTARIA Nº 840, DE 11 DE ABRI",http://biblioteca.conab.gov.br/phl82/pdf/legislacao/2017_PRT_840.pdf
CAFÉ CONILON,4711,TO,TO,2018,4,2019,3,202.19,60 kg,"PORTARIA Nº 438, DE 28 DE MARÇ",http://biblioteca.conab.gov.br/phl82/pdf/legislacao/2018_PRT_438.pdf
CAFÉ CONILON,4711,TO,TO,2019,4,2020,3,210.13,60 kg,"PORTARIA Nº 31, DE 11 DE MARÇO",http://biblioteca.conab.gov.br/phl82/pdf/legislacao/2019_PRT_31.pdf
CAFÉ CONILON,4711,TO,TO,2020,4,2021,3,242.31,60 kg,"PORTARIA Nº 66, DE 3 DE MARÇO",http://biblioteca.conab.gov.br/phl82/pdf/legislacao/2020_PRT_66.pdf
CAFÉ CONILON,4711,TO,TO,2021,4,2022,3,263.93,60 kg,"PORTARIA Nº 77, DE 7 DE ABRIL",http://biblioteca.conab.gov.br/phl82/pdf/legislacao/2021_PRT_77.pdf
CAFÉ CONILON,4711,TO,TO,2022,4,2023,3,434.82,60 kg,"PORTARIA MAPA Nº 419, DE 30 DE",http://biblioteca.conab.gov.br/phl82/pdf/legislacao/2022_PRT_419.pdf
CAFÉ CONILON,4711,TO,TO,2023,4,2024,3,460.02,60 kg,"PORTARIA MDA Nº 4, DE 3 DE ABR",https://www.in.gov.br/web/dou/-/portaria-mda-n-4-de-3-de-abril-de-2023-474880140
CAFÉ CONILON,4711,TO,TO,2024,4,2025,3,423.08,60 kg,"PORTARIA MAPA Nº 669, DE 1º DE",https://www.in.gov.br/web/dou/-/portaria-mapa-n-669-de-1-de-abril-de-2024-551526105
CAFÉ CONILON,4711,TO,TO,2025,4,2026,3,498.79,60 kg,PORTARIA MAPA 780 DE 10 DE MAR,https://www.in.gov.br/en/web/dou/-/portaria-mapa-n-780-de-10-de-marco-de-2025-616761039
CAFÉ CONILON,4711,TO,TO,2026,4,2027,3,556.97,60 kg,"PORTARIA MAPA Nº 895, DE 25 DE",https://www.in.gov.br/web/dou/-/portaria-mapa-n-895-de-25-de-marco-de-2026-695323510
CAROÇO DE ALGODÃO,4724,AC,AC,2014,7,2015,6,3.15,15 kg,"PORTARIA  Nº  190,  DE  9  DE",NI
CAROÇO DE ALGODÃO,4724,AC,AC,2015,7,2016,6,3.15,15 kg,"PORTARIA  Nº  190,  DE  9  DE",NI
CAROÇO DE ALGODÃO,4724,AC,AC,2016,7,2017,6,3.15,15 kg,"PORTARIA Nº 142, DE 8 DE JULHO",http://biblioteca.conab.gov.br/phl82/pdf/legislacao/2015_PRT_142.pdf
CAROÇO DE ALGODÃO,4724,AC,AC,2017,7,2018,6,3.43,15 kg,"PORTARIA Nº 123, DE 5 DE JULHO",http://biblioteca.conab.gov.br/phl82/pdf/legislacao/2016_PRT_123.pdf
CAROÇO DE ALGODÃO,4724,AC,AC,2018,7,2019,6,3.31,15 kg,"PORTARIA Nº 1.577, DE 17 DE JU",http://biblioteca.conab.gov.br/phl82/pdf/legislacao/2017_PRT_1577.pdf
CAROÇO DE ALGODÃO,4724,AC,AC,2019,7,2020,6,3.79,15 kg,"PORTARIA Nº 135, DE 12 DE JULH",http://biblioteca.conab.gov.br/phl82/pdf/legislacao/2018_PRT_935.pdf
CAROÇO DE ALGODÃO,4724,AC,AC,2020,7,2021,6,4.23,15 kg,"PORTARIA Nº 135, DE 12 DE JULH",http://biblioteca.conab.gov.br/phl82/pdf/legislacao/2019_PRT_135.pdf
CAROÇO DE ALGODÃO,4724,AC,AC,2021,7,2022,6,4.55,15 kg,"PORTARIA Nº 190, DE 9 DE JUNHO",http://biblioteca.conab.gov.br/phl82/pdf/legislacao/2020_PRT_190.pdf
CAROÇO DE ALGODÃO,4724,AC,AC,2022,7,2023,6,4.85,15 kg,"PORTARIA Nº 201, DE 1º DE JULH",http://biblioteca.conab.gov.br/phl82/pdf/legislacao/2021_PRT_201.pdf
CAROÇO DE ALGODÃO,4724,AC,AC,2023,7,2024,6,7.07,15 kg,"PORTARIA MAPA Nº 452, DE 4 DE",https://biblioteca.conab.gov.br/phl82/pdf/legislacao/2022_PRT_452.pdf
CAROÇO DE ALGODÃO,4724,AC,AC,2024,7,2025,6,6.99,15 kg,"PORTARIA MAPA Nº 612, DE 31 DE",https://www.in.gov.br/en/web/dou/-/portaria-mapa-n-612-de-31-de-agosto-de-2023-507003445
CAROÇO DE ALGODÃO,4724,AC,AC,2025,7,2026,6,6.73,15 kg,"PORTARIA MAPA Nº 700, DE 15 DE",https://www.in.gov.br/en/web/dou/-/portaria-mapa-n-700-de-15-de-julho-de-2024-572339980
CAROÇO DE ALGODÃO,4724,AC,AC,2026,7,2027,6,6.73,15 kg,"PORTARIA MAPA Nº 812, DE 7 DE",https://www.in.gov.br/en/web/dou/-/portaria-mapa-n-812-de-7-de-julho-de-2025-640776008
CAROÇO DE ALGODÃO,4724,AC,AC,2027,7,2028,6,7.15,15 kg,"PORTARIA MAPA Nº 934, DE 09 DE",https://www.in.gov.br/web/dou/-/portaria-mapa-n-934-de-9-de-julho-de-2026-718439459
CAROÇO DE ALGODÃO,4724,AM,AM,2014,7,2015,6,3.15,15 kg,"PORTARIA  Nº  190,  DE  9  DE",NI
CAROÇO DE ALGODÃO,4724,AM,AM,2015,7,2016,6,3.15,15 kg,"PORTARIA  Nº  190,  DE  9  DE",NI
CAROÇO DE ALGODÃO,4724,AM,AM,2016,7,2017,6,3.15,15 kg,"PORTARIA Nº 142, DE 8 DE JULHO",http://biblioteca.conab.gov.br/phl82/pdf/legislacao/2015_PRT_142.pdf
CAROÇO DE ALGODÃO,4724,AM,AM,2017,7,2018,6,3.43,15 kg,"PORTARIA Nº 123, DE 5 DE JULHO",http://biblioteca.conab.gov.br/phl82/pdf/legislacao/2016_PRT_123.pdf
CAROÇO DE ALGODÃO,4724,AM,AM,2018,7,2019,6,3.31,15 kg,"PORTARIA Nº 1.577, DE 17 DE JU",http://biblioteca.conab.gov.br/phl82/pdf/legislacao/2017_PRT_1577.pdf
CAROÇO DE ALGODÃO,4724,AM,AM,2019,7,2020,6,3.79,15 kg,"PORTARIA Nº 135, DE 12 DE JULH",http://biblioteca.conab.gov.br/phl82/pdf/legislacao/2018_PRT_935.pdf
CAROÇO DE ALGODÃO,4724,AM,AM,2020,7,2021,6,4.23,15 kg,"PORTARIA Nº 135, DE 12 DE JULH",http://biblioteca.conab.gov.br/phl82/pdf/legislacao/2019_PRT_135.pdf
CAROÇO DE ALGODÃO,4724,AM,AM,2021,7,2022,6,4.55,15 kg,"PORTARIA Nº 190, DE 9 DE JUNHO",http://biblioteca.conab.gov.br/phl82/pdf/legislacao/2020_PRT_190.pdf
CAROÇO DE ALGODÃO,4724,AM,AM,2022,7,2023,6,4.85,15 kg,"PORTARIA Nº 201, DE 1º DE JULH",http://biblioteca.conab.gov.br/phl82/pdf/legislacao/2021_PRT_201.pdf
CAROÇO DE ALGODÃO,4724,AM,AM,2023,7,2024,6,7.07,15 kg,"PORTARIA MAPA Nº 452, DE 4 DE",https://biblioteca.conab.gov.br/phl82/pdf/legislacao/2022_PRT_452.pdf
CAROÇO DE ALGODÃO,4724,AM,AM,2024,7,2025,6,6.99,15 kg,"PORTARIA MAPA Nº 612, DE 31 DE",https://www.in.gov.br/en/web/dou/-/portaria-mapa-n-612-de-31-de-agosto-de-2023-507003445
CAROÇO DE ALGODÃO,4724,AM,AM,2025,7,2026,6,6.73,15 kg,"PORTARIA MAPA Nº 700, DE 15 DE",https://www.in.gov.br/en/web/dou/-/portaria-mapa-n-700-de-15-de-julho-de-2024-572339980
CAROÇO DE ALGODÃO,4724,AM,AM,2026,7,2027,6,6.73,15 kg,"PORTARIA MAPA Nº 812, DE 7 DE",https://www.in.gov.br/en/web/dou/-/portaria-mapa-n-812-de-7-de-julho-de-2025-640776008
CAROÇO DE ALGODÃO,4724,AM,AM,2027,7,2028,6,7.15,15 kg,"PORTARIA MAPA Nº 934, DE 09 DE",https://www.in.gov.br/web/dou/-/portaria-mapa-n-934-de-9-de-julho-de-2026-718439459
CAROÇO DE ALGODÃO,4724,AP,AP,2014,7,2015,6,3.15,15 kg,"PORTARIA  Nº  190,  DE  9  DE",NI
CAROÇO DE ALGODÃO,4724,AP,AP,2015,7,2016,6,3.15,15 kg,"PORTARIA  Nº  190,  DE  9  DE",NI
CAROÇO DE ALGODÃO,4724,AP,AP,2016,7,2017,6,3.15,15 kg,"PORTARIA Nº 142, DE 8 DE JULHO",http://biblioteca.conab.gov.br/phl82/pdf/legislacao/2015_PRT_142.pdf
CAROÇO DE ALGODÃO,4724,AP,AP,2017,7,2018,6,3.43,15 kg,"PORTARIA Nº 123, DE 5 DE JULHO",http://biblioteca.conab.gov.br/phl82/pdf/legislacao/2016_PRT_123.pdf
CAROÇO DE ALGODÃO,4724,AP,AP,2018,7,2019,6,3.31,15 kg,"PORTARIA Nº 1.577, DE 17 DE JU",http://biblioteca.conab.gov.br/phl82/pdf/legislacao/2017_PRT_1577.pdf
CAROÇO DE ALGODÃO,4724,AP,AP,2019,7,2020,6,3.79,15 kg,"PORTARIA Nº 135, DE 12 DE JULH",http://biblioteca.conab.gov.br/phl82/pdf/legislacao/2018_PRT_935.pdf
CAROÇO DE ALGODÃO,4724,AP,AP,2020,7,2021,6,4.23,15 kg,"PORTARIA Nº 135, DE 12 DE JULH",http://biblioteca.conab.gov.br/phl82/pdf/legislacao/2019_PRT_135.pdf
CAROÇO DE ALGODÃO,4724,AP,AP,2021,7,2022,6,4.55,15 kg,"PORTARIA Nº 190, DE 9 DE JUNHO",http://biblioteca.conab.gov.br/phl82/pdf/legislacao/2020_PRT_190.pdf
CAROÇO DE ALGODÃO,4724,AP,AP,2022,7,2023,6,4.85,15 kg,"PORTARIA Nº 201, DE 1º DE JULH",http://biblioteca.conab.gov.br/phl82/pdf/legislacao/2021_PRT_201.pdf
CAROÇO DE ALGODÃO,4724,AP,AP,2023,7,2024,6,7.07,15 kg,"PORTARIA MAPA Nº 452, DE 4 DE",https://biblioteca.conab.gov.br/phl82/pdf/legislacao/2022_PRT_452.pdf
CAROÇO DE ALGODÃO,4724,AP,AP,2024,7,2025,6,6.99,15 kg,"PORTARIA MAPA Nº 612, DE 31 DE",https://www.in.gov.br/en/web/dou/-/portaria-mapa-n-612-de-31-de-agosto-de-2023-507003445
CAROÇO DE ALGODÃO,4724,AP,AP,2025,7,2026,6,6.73,15 kg,"PORTARIA MAPA Nº 700, DE 15 DE",https://www.in.gov.br/en/web/dou/-/portaria-mapa-n-700-de-15-de-julho-de-2024-572339980
CAROÇO DE ALGODÃO,4724,AP,AP,2026,7,2027,6,6.73,15 kg,"PORTARIA MAPA Nº 812, DE 7 DE",https://www.in.gov.br/en/web/dou/-/portaria-mapa-n-812-de-7-de-julho-de-2025-640776008
CAROÇO DE ALGODÃO,4724,AP,AP,2027,7,2028,6,7.15,15 kg,"PORTARIA MAPA Nº 934, DE 09 DE",https://www.in.gov.br/web/dou/-/portaria-mapa-n-934-de-9-de-julho-de-2026-718439459
CAROÇO DE ALGODÃO,4724,PA,PA,2014,7,2015,6,3.15,15 kg,"PORTARIA  Nº  190,  DE  9  DE",NI
CAROÇO DE ALGODÃO,4724,PA,PA,2015,7,2016,6,3.15,15 kg,"PORTARIA  Nº  190,  DE  9  DE",NI
CAROÇO DE ALGODÃO,4724,PA,PA,2016,7,2017,6,3.15,15 kg,"PORTARIA Nº 142, DE 8 DE JULHO",http://biblioteca.conab.gov.br/phl82/pdf/legislacao/2015_PRT_142.pdf
CAROÇO DE ALGODÃO,4724,PA,PA,2017,7,2018,6,3.43,15 kg,"PORTARIA Nº 123, DE 5 DE JULHO",http://biblioteca.conab.gov.br/phl82/pdf/legislacao/2016_PRT_123.pdf
CAROÇO DE ALGODÃO,4724,PA,PA,2018,7,2019,6,3.31,15 kg,"PORTARIA Nº 1.577, DE 17 DE JU",http://biblioteca.conab.gov.br/phl82/pdf/legislacao/2017_PRT_1577.pdf
CAROÇO DE ALGODÃO,4724,PA,PA,2019,7,2020,6,3.79,15 kg,"PORTARIA Nº 135, DE 12 DE JULH",http://biblioteca.conab.gov.br/phl82/pdf/legislacao/2018_PRT_935.pdf
CAROÇO DE ALGODÃO,4724,PA,PA,2020,7,2021,6,4.23,15 kg,"PORTARIA Nº 135, DE 12 DE JULH",http://biblioteca.conab.gov.br/phl82/pdf/legislacao/2019_PRT_135.pdf
CAROÇO DE ALGODÃO,4724,PA,PA,2021,7,2022,6,4.55,15 kg,"PORTARIA Nº 190, DE 9 DE JUNHO",http://biblioteca.conab.gov.br/phl82/pdf/legislacao/2020_PRT_190.pdf
CAROÇO DE ALGODÃO,4724,PA,PA,2022,7,2023,6,4.85,15 kg,"PORTARIA Nº 201, DE 1º DE JULH",http://biblioteca.conab.gov.br/phl82/pdf/legislacao/2021_PRT_201.pdf
CAROÇO DE ALGODÃO,4724,PA,PA,2023,7,2024,6,7.07,15 kg,"PORTARIA MAPA Nº 452, DE 4 DE",https://biblioteca.conab.gov.br/phl82/pdf/legislacao/2022_PRT_452.pdf
CAROÇO DE ALGODÃO,4724,PA,PA,2024,7,2025,6,6.99,15 kg,"PORTARIA MAPA Nº 612, DE 31 DE",https://www.in.gov.br/en/web/dou/-/portaria-mapa-n-612-de-31-de-agosto-de-2023-507003445
CAROÇO DE ALGODÃO,4724,PA,PA,2025,7,2026,6,6.73,15 kg,"PORTARIA MAPA Nº 700, DE 15 DE",https://www.in.gov.br/en/web/dou/-/portaria-mapa-n-700-de-15-de-julho-de-2024-572339980
CAROÇO DE ALGODÃO,4724,PA,PA,2026,7,2027,6,6.73,15 kg,"PORTARIA MAPA Nº 812, DE 7 DE",https://www.in.gov.br/en/web/dou/-/portaria-mapa-n-812-de-7-de-julho-de-2025-640776008
CAROÇO DE ALGODÃO,4724,PA,PA,2027,7,2028,6,7.15,15 kg,"PORTARIA MAPA Nº 934, DE 09 DE",https://www.in.gov.br/web/dou/-/portaria-mapa-n-934-de-9-de-julho-de-2026-718439459
CAROÇO DE ALGODÃO,4724,RO,RO,2014,7,2015,6,3.15,15 kg,"PORTARIA  Nº  190,  DE  9  DE",NI
CAROÇO DE ALGODÃO,4724,RO,RO,2015,7,2016,6,3.15,15 kg,"PORTARIA  Nº  190,  DE  9  DE",NI
CAROÇO DE ALGODÃO,4724,RO,RO,2016,7,2017,6,3.15,15 kg,"PORTARIA Nº 142, DE 8 DE JULHO",http://biblioteca.conab.gov.br/phl82/pdf/legislacao/2015_PRT_142.pdf
CAROÇO DE ALGODÃO,4724,RO,RO,2017,7,2018,6,3.43,15 kg,"PORTARIA Nº 123, DE 5 DE JULHO",http://biblioteca.conab.gov.br/phl82/pdf/legislacao/2016_PRT_123.pdf
CAROÇO DE ALGODÃO,4724,RO,RO,2018,7,2019,6,3.31,15 kg,"PORTARIA Nº 1.577, DE 17 DE JU",http://biblioteca.conab.gov.br/phl82/pdf/legislacao/2017_PRT_1577.pdf
CAROÇO DE ALGODÃO,4724,RO,RO,2019,7,2020,6,3.79,15 kg,"PORTARIA Nº 135, DE 12 DE JULH",http://biblioteca.conab.gov.br/phl82/pdf/legislacao/2018_PRT_935.pdf
CAROÇO DE ALGODÃO,4724,RO,RO,2020,7,2021,6,4.23,15 kg,"PORTARIA Nº 135, DE 12 DE JULH",http://biblioteca.conab.gov.br/phl82/pdf/legislacao/2019_PRT_135.pdf
CAROÇO DE ALGODÃO,4724,RO,RO,2021,7,2022,6,4.55,15 kg,"PORTARIA Nº 190, DE 9 DE JUNHO",http://biblioteca.conab.gov.br/phl82/pdf/legislacao/2020_PRT_190.pdf
CAROÇO DE ALGODÃO,4724,RO,RO,2022,7,2023,6,4.85,15 kg,"PORTARIA Nº 201, DE 1º DE JULH",http://biblioteca.conab.gov.br/phl82/pdf/legislacao/2021_PRT_201.pdf
CAROÇO DE ALGODÃO,4724,RO,RO,2023,7,2024,6,7.07,15 kg,"PORTARIA MAPA Nº 452, DE 4 DE",https://biblioteca.conab.gov.br/phl82/pdf/legislacao/2022_PRT_452.pdf
CAROÇO DE ALGODÃO,4724,RO,RO,2024,7,2025,6,6.99,15 kg,"PORTARIA MAPA Nº 612, DE 31 DE",https://www.in.gov.br/en/web/dou/-/portaria-mapa-n-612-de-31-de-agosto-de-2023-507003445
CAROÇO DE ALGODÃO,4724,RO,RO,2025,7,2026,6,6.73,15 kg,"PORTARIA MAPA Nº 700, DE 15 DE",https://www.in.gov.br/en/web/dou/-/portaria-mapa-n-700-de-15-de-julho-de-2024-572339980
CAROÇO DE ALGODÃO,4724,RO,RO,2026,7,2027,6,6.73,15 kg,"PORTARIA MAPA Nº 812, DE 7 DE",https://www.in.gov.br/en/web/dou/-/portaria-mapa-n-812-de-7-de-julho-de-2025-640776008
CAROÇO DE ALGODÃO,4724,RO,RO,2027,7,2028,6,7.15,15 kg,"PORTARIA MAPA Nº 934, DE 09 DE",https://www.in.gov.br/web/dou/-/portaria-mapa-n-934-de-9-de-julho-de-2026-718439459
CAROÇO DE ALGODÃO,4724,RR,RR,2014,7,2015,6,3.15,15 kg,"PORTARIA  Nº  190,  DE  9  DE",NI
CAROÇO DE ALGODÃO,4724,RR,RR,2015,7,2016,6,3.15,15 kg,"PORTARIA  Nº  190,  DE  9  DE",NI
CAROÇO DE ALGODÃO,4724,RR,RR,2016,7,2017,6,3.15,15 kg,"PORTARIA Nº 142, DE 8 DE JULHO",http://biblioteca.conab.gov.br/phl82/pdf/legislacao/2015_PRT_142.pdf
CAROÇO DE ALGODÃO,4724,RR,RR,2017,7,2018,6,3.43,15 kg,"PORTARIA Nº 123, DE 5 DE JULHO",http://biblioteca.conab.gov.br/phl82/pdf/legislacao/2016_PRT_123.pdf
CAROÇO DE ALGODÃO,4724,RR,RR,2018,7,2019,6,3.31,15 kg,"PORTARIA Nº 1.577, DE 17 DE JU",http://biblioteca.conab.gov.br/phl82/pdf/legislacao/2017_PRT_1577.pdf
CAROÇO DE ALGODÃO,4724,RR,RR,2019,7,2020,6,3.79,15 kg,"PORTARIA Nº 135, DE 12 DE JULH",http://biblioteca.conab.gov.br/phl82/pdf/legislacao/2018_PRT_935.pdf
CAROÇO DE ALGODÃO,4724,RR,RR,2020,7,2021,6,4.23,15 kg,"PORTARIA Nº 135, DE 12 DE JULH",http://biblioteca.conab.gov.br/phl82/pdf/legislacao/2019_PRT_135.pdf
CAROÇO DE ALGODÃO,4724,RR,RR,2021,7,2022,6,4.55,15 kg,"PORTARIA Nº 190, DE 9 DE JUNHO",http://biblioteca.conab.gov.br/phl82/pdf/legislacao/2020_PRT_190.pdf
CAROÇO DE ALGODÃO,4724,RR,RR,2022,7,2023,6,4.85,15 kg,"PORTARIA Nº 201, DE 1º DE JULH",http://biblioteca.conab.gov.br/phl82/pdf/legislacao/2021_PRT_201.pdf
CAROÇO DE ALGODÃO,4724,RR,RR,2023,7,2024,6,7.07,15 kg,"PORTARIA MAPA Nº 452, DE 4 DE",https://biblioteca.conab.gov.br/phl82/pdf/legislacao/2022_PRT_452.pdf
CAROÇO DE ALGODÃO,4724,RR,RR,2024,7,2025,6,6.99,15 kg,"PORTARIA MAPA Nº 612, DE 31 DE",https://www.in.gov.br/en/web/dou/-/portaria-mapa-n-612-de-31-de-agosto-de-2023-507003445
CAROÇO DE ALGODÃO,4724,RR,RR,2025,7,2026,6,6.73,15 kg,"PORTARIA MAPA Nº 700, DE 15 DE",https://www.in.gov.br/en/web/dou/-/portaria-mapa-n-700-de-15-de-julho-de-2024-572339980
CAROÇO DE ALGODÃO,4724,RR,RR,2026,7,2027,6,6.73,15 kg,"PORTARIA MAPA Nº 812, DE 7 DE",https://www.in.gov.br/en/web/dou/-/portaria-mapa-n-812-de-7-de-julho-de-2025-640776008
CAROÇO DE ALGODÃO,4724,RR,RR,2027,7,2028,6,7.15,15 kg,"PORTARIA MAPA Nº 934, DE 09 DE",https://www.in.gov.br/web/dou/-/portaria-mapa-n-934-de-9-de-julho-de-2026-718439459
CAROÇO DE ALGODÃO,4724,TO,TO,2014,7,2015,6,3.15,15 kg,"PORTARIA  Nº  190,  DE  9  DE",NI
CAROÇO DE ALGODÃO,4724,TO,TO,2015,7,2016,6,3.15,15 kg,"PORTARIA  Nº  190,  DE  9  DE",NI
CAROÇO DE ALGODÃO,4724,TO,TO,2016,7,2017,6,3.15,15 kg,"PORTARIA Nº 142, DE 8 DE JULHO",http://biblioteca.conab.gov.br/phl82/pdf/legislacao/2015_PRT_142.pdf
CAROÇO DE ALGODÃO,4724,TO,TO,2017,7,2018,6,3.43,15 kg,"PORTARIA Nº 123, DE 5 DE JULHO",http://biblioteca.conab.gov.br/phl82/pdf/legislacao/2016_PRT_123.pdf
CAROÇO DE ALGODÃO,4724,TO,TO,2018,7,2019,6,3.31,15 kg,"PORTARIA Nº 1.577, DE 17 DE JU",http://biblioteca.conab.gov.br/phl82/pdf/legislacao/2017_PRT_1577.pdf
CAROÇO DE ALGODÃO,4724,TO,TO,2019,7,2020,6,3.79,15 kg,"PORTARIA Nº 135, DE 12 DE JULH",http://biblioteca.conab.gov.br/phl82/pdf/legislacao/2018_PRT_935.pdf
CAROÇO DE ALGODÃO,4724,TO,TO,2020,7,2021,6,4.23,15 kg,"PORTARIA Nº 135, DE 12 DE JULH",http://biblioteca.conab.gov.br/phl82/pdf/legislacao/2019_PRT_135.pdf
CAROÇO DE ALGODÃO,4724,TO,TO,2021,7,2022,6,4.55,15 kg,"PORTARIA Nº 190, DE 9 DE JUNHO",http://biblioteca.conab.gov.br/phl82/pdf/legislacao/2020_PRT_190.pdf
CAROÇO DE ALGODÃO,4724,TO,TO,2022,7,2023,6,4.85,15 kg,"PORTARIA Nº 201, DE 1º DE JULH",http://biblioteca.conab.gov.br/phl82/pdf/legislacao/2021_PRT_201.pdf
CAROÇO DE ALGODÃO,4724,TO,TO,2023,7,2024,6,7.07,15 kg,"PORTARIA MAPA Nº 452, DE 4 DE",https://biblioteca.conab.gov.br/phl82/pdf/legislacao/2022_PRT_452.pdf
CAROÇO DE ALGODÃO,4724,TO,TO,2024,7,2025,6,6.99,15 kg,"PORTARIA MAPA Nº 612, DE 31 DE",https://www.in.gov.br/en/web/dou/-/portaria-mapa-n-612-de-31-de-agosto-de-2023-507003445
CAROÇO DE ALGODÃO,4724,TO,TO,2025,7,2026,6,6.73,15 kg,"PORTARIA MAPA Nº 700, DE 15 DE",https://www.in.gov.br/en/web/dou/-/portaria-mapa-n-700-de-15-de-julho-de-2024-572339980
CAROÇO DE ALGODÃO,4724,TO,TO,2026,7,2027,6,6.73,15 kg,"PORTARIA MAPA Nº 812, DE 7 DE",https://www.in.gov.br/en/web/dou/-/portaria-mapa-n-812-de-7-de-julho-de-2025-640776008
CAROÇO DE ALGODÃO,4724,TO,TO,2027,7,2028,6,7.15,15 kg,"PORTARIA MAPA Nº 934, DE 09 DE",https://www.in.gov.br/web/dou/-/portaria-mapa-n-934-de-9-de-julho-de-2026-718439459
CASTANHA DO BRASIL COM CASCA - PRODUTO E,4178,AC,AC,2014,7,2015,6,1.18,kg,"PORTARIA  Nº  190,  DE  9  DE",NI
CASTANHA DO BRASIL COM CASCA - PRODUTO E,4178,AC,AC,2015,7,2016,6,1.18,kg,"PORTARIA  Nº  190,  DE  9  DE",NI
CASTANHA DO BRASIL COM CASCA - PRODUTO E,4178,AC,AC,2016,7,2017,6,1.27,kg,"PORTARIA Nº 123, DE 5 DE JULHO",http://biblioteca.conab.gov.br/phl82/pdf/legislacao/2016_PRT_123.pdf
CASTANHA DO BRASIL COM CASCA - PRODUTO E,4178,AC,AC,2017,7,2017,12,1.27,kg,"PORTARIA Nº 1.577, DE 17 DE JU",http://biblioteca.conab.gov.br/phl82/pdf/legislacao/2017_PRT_1577.pdf
CASTANHA DO BRASIL COM CASCA - PRODUTO E,4178,AC,AC,2018,1,2018,12,0.89,kg,"PORTARIA Nº 14, DE 3 DE JANEIR",http://biblioteca.conab.gov.br/phl82/pdf/legislacao/2018_PRT_14.pdf
CASTANHA DO BRASIL COM CASCA - PRODUTO E,4178,AC,AC,2019,1,2019,12,0.89,kg,"PORTARIA Nº 141, DE 8 DE JANEI",http://biblioteca.conab.gov.br/phl82/pdf/legislacao/2019_PRT_141.pdf
CASTANHA DO BRASIL COM CASCA - PRODUTO E,4178,AC,AC,2020,1,2020,12,1.75,kg,"PORTARIA Nº 313, DE 30 DE DEZE",http://biblioteca.conab.gov.br/phl82/pdf/legislacao/2019_PRT_313.pdf
CASTANHA DO BRASIL COM CASCA - PRODUTO E,4178,AC,AC,2021,1,2021,12,1.75,kg,PREÇOS MÍNIMOS DOS PRODUTOS DE,http://biblioteca.conab.gov.br/phl82/pdf/legislacao/2021_PRT_18.pdf
CASTANHA DO BRASIL COM CASCA - PRODUTO E,4178,AC,AC,2022,1,2022,12,2.9,kg,"PORTARIA MAPA Nº 376, DE 22 DE",http://biblioteca.conab.gov.br/phl82/pdf/legislacao/2021_PRT_376.pdf
CASTANHA DO BRASIL COM CASCA - PRODUTO E,4178,AC,AC,2023,1,2023,12,3.4,kg,"PORTARIA MAPA Nº 534, DE 19 DE",https://www.in.gov.br/en/web/dou/-/portaria-mapa-n-534-de-19-de-dezembro-de-2022-452020932
CASTANHA DO BRASIL COM CASCA - PRODUTO E,4178,AC,AC,2024,1,2024,12,3.66,kg,"PORTARIA MDA N° 41, DE 29 DE D",https://www.in.gov.br/web/dou/-/portaria-mda-n-41-de-29-de-dezembro-de-2023-535311884
CASTANHA DO BRASIL COM CASCA - PRODUTO E,4178,AC,AC,2025,1,2025,12,3.66,kg,"PORTARIA MAPA Nº 750, DE 24 DE",https://www.in.gov.br/en/web/dou/-/portaria-mapa-n-750-de-24-de-dezembro-de-2024-604348255
CASTANHA DO BRASIL COM CASCA - PRODUTO E,4178,AC,AC,2026,1,2026,12,3.67,kg,"PORTARIA MAPA Nº 868, DE 1º DE",https://in.gov.br/en/web/dou/-/portaria-mapa-n-868-de-1-de-dezembro-de-2025-672624071
CASTANHA DO BRASIL COM CASCA - PRODUTO E,4178,AM,AM,2014,7,2015,6,1.18,kg,"PORTARIA  Nº  190,  DE  9  DE",NI
CASTANHA DO BRASIL COM CASCA - PRODUTO E,4178,AM,AM,2015,7,2016,6,1.18,kg,"PORTARIA  Nº  190,  DE  9  DE",NI
CASTANHA DO BRASIL COM CASCA - PRODUTO E,4178,AM,AM,2016,7,2017,6,1.27,kg,"PORTARIA Nº 123, DE 5 DE JULHO",http://biblioteca.conab.gov.br/phl82/pdf/legislacao/2016_PRT_123.pdf
CASTANHA DO BRASIL COM CASCA - PRODUTO E,4178,AM,AM,2017,7,2017,12,1.27,kg,"PORTARIA Nº 1.577, DE 17 DE JU",http://biblioteca.conab.gov.br/phl82/pdf/legislacao/2017_PRT_1577.pdf
CASTANHA DO BRASIL COM CASCA - PRODUTO E,4178,AM,AM,2018,1,2018,12,0.89,kg,"PORTARIA Nº 14, DE 3 DE JANEIR",http://biblioteca.conab.gov.br/phl82/pdf/legislacao/2018_PRT_14.pdf
CASTANHA DO BRASIL COM CASCA - PRODUTO E,4178,AM,AM,2019,1,2019,12,0.89,kg,"PORTARIA Nº 141, DE 8 DE JANEI",http://biblioteca.conab.gov.br/phl82/pdf/legislacao/2019_PRT_141.pdf
CASTANHA DO BRASIL COM CASCA - PRODUTO E,4178,AM,AM,2020,1,2020,12,2.44,kg,"PORTARIA Nº 313, DE 30 DE DEZE",http://biblioteca.conab.gov.br/phl82/pdf/legislacao/2019_PRT_313.pdf
CASTANHA DO BRASIL COM CASCA - PRODUTO E,4178,AM,AM,2021,1,2021,12,2.44,kg,PREÇOS MÍNIMOS DOS PRODUTOS DE,http://biblioteca.conab.gov.br/phl82/pdf/legislacao/2021_PRT_18.pdf
CASTANHA DO BRASIL COM CASCA - PRODUTO E,4178,AM,AM,2022,1,2022,12,2.9,kg,"PORTARIA MAPA Nº 376, DE 22 DE",http://biblioteca.conab.gov.br/phl82/pdf/legislacao/2021_PRT_376.pdf
CASTANHA DO BRASIL COM CASCA - PRODUTO E,4178,AM,AM,2023,1,2023,12,3.61,kg,"PORTARIA MAPA Nº 534, DE 19 DE",https://www.in.gov.br/en/web/dou/-/portaria-mapa-n-534-de-19-de-dezembro-de-2022-452020932
CASTANHA DO BRASIL COM CASCA - PRODUTO E,4178,AM,AM,2024,1,2024,12,3.66,kg,"PORTARIA MDA N° 41, DE 29 DE D",https://www.in.gov.br/web/dou/-/portaria-mda-n-41-de-29-de-dezembro-de-2023-535311884
CASTANHA DO BRASIL COM CASCA - PRODUTO E,4178,AM,AM,2025,1,2025,12,3.66,kg,"PORTARIA MAPA Nº 750, DE 24 DE",https://www.in.gov.br/en/web/dou/-/portaria-mapa-n-750-de-24-de-dezembro-de-2024-604348255
CASTANHA DO BRASIL COM CASCA - PRODUTO E,4178,AM,AM,2026,1,2026,12,3.67,kg,"PORTARIA MAPA Nº 868, DE 1º DE",https://in.gov.br/en/web/dou/-/portaria-mapa-n-868-de-1-de-dezembro-de-2025-672624071
CASTANHA DO BRASIL COM CASCA - PRODUTO E,4178,AP,AP,2014,7,2015,6,1.18,kg,"PORTARIA  Nº  190,  DE  9  DE",NI
CASTANHA DO BRASIL COM CASCA - PRODUTO E,4178,AP,AP,2015,7,2016,6,1.18,kg,"PORTARIA  Nº  190,  DE  9  DE",NI
CASTANHA DO BRASIL COM CASCA - PRODUTO E,4178,AP,AP,2016,7,2017,6,1.27,kg,"PORTARIA Nº 123, DE 5 DE JULHO",http://biblioteca.conab.gov.br/phl82/pdf/legislacao/2016_PRT_123.pdf
CASTANHA DO BRASIL COM CASCA - PRODUTO E,4178,AP,AP,2017,7,2017,12,1.27,kg,"PORTARIA Nº 1.577, DE 17 DE JU",http://biblioteca.conab.gov.br/phl82/pdf/legislacao/2017_PRT_1577.pdf
CASTANHA DO BRASIL COM CASCA - PRODUTO E,4178,AP,AP,2018,1,2018,12,0.89,kg,"PORTARIA Nº 14, DE 3 DE JANEIR",http://biblioteca.conab.gov.br/phl82/pdf/legislacao/2018_PRT_14.pdf
CASTANHA DO BRASIL COM CASCA - PRODUTO E,4178,AP,AP,2019,1,2019,12,0.89,kg,"PORTARIA Nº 141, DE 8 DE JANEI",http://biblioteca.conab.gov.br/phl82/pdf/legislacao/2019_PRT_141.pdf
CASTANHA DO BRASIL COM CASCA - PRODUTO E,4178,AP,AP,2020,1,2020,12,1.75,kg,"PORTARIA Nº 313, DE 30 DE DEZE",http://biblioteca.conab.gov.br/phl82/pdf/legislacao/2019_PRT_313.pdf
CASTANHA DO BRASIL COM CASCA - PRODUTO E,4178,AP,AP,2021,1,2021,12,1.75,kg,PREÇOS MÍNIMOS DOS PRODUTOS DE,http://biblioteca.conab.gov.br/phl82/pdf/legislacao/2021_PRT_18.pdf
CASTANHA DO BRASIL COM CASCA - PRODUTO E,4178,AP,AP,2022,1,2022,12,1.23,kg,"PORTARIA MAPA Nº 376, DE 22 DE",http://biblioteca.conab.gov.br/phl82/pdf/legislacao/2021_PRT_376.pdf
CASTANHA DO BRASIL COM CASCA - PRODUTO E,4178,AP,AP,2023,1,2023,12,1.21,kg,"PORTARIA MAPA Nº 534, DE 19 DE",https://www.in.gov.br/en/web/dou/-/portaria-mapa-n-534-de-19-de-dezembro-de-2022-452020932
CASTANHA DO BRASIL COM CASCA - PRODUTO E,4178,AP,AP,2024,1,2024,12,3.66,kg,"PORTARIA MDA N° 41, DE 29 DE D",https://www.in.gov.br/web/dou/-/portaria-mda-n-41-de-29-de-dezembro-de-2023-535311884
CASTANHA DO BRASIL COM CASCA - PRODUTO E,4178,AP,AP,2025,1,2025,12,3.66,kg,"PORTARIA MAPA Nº 750, DE 24 DE",https://www.in.gov.br/en/web/dou/-/portaria-mapa-n-750-de-24-de-dezembro-de-2024-604348255
CASTANHA DO BRASIL COM CASCA - PRODUTO E,4178,AP,AP,2026,1,2026,12,3.67,kg,"PORTARIA MAPA Nº 868, DE 1º DE",https://in.gov.br/en/web/dou/-/portaria-mapa-n-868-de-1-de-dezembro-de-2025-672624071
CASTANHA DO BRASIL COM CASCA - PRODUTO E,4178,PA,PA,2014,7,2015,6,1.18,kg,"PORTARIA  Nº  190,  DE  9  DE",NI
CASTANHA DO BRASIL COM CASCA - PRODUTO E,4178,PA,PA,2015,7,2016,6,1.18,kg,"PORTARIA  Nº  190,  DE  9  DE",NI
CASTANHA DO BRASIL COM CASCA - PRODUTO E,4178,PA,PA,2016,7,2017,6,1.27,kg,"PORTARIA Nº 123, DE 5 DE JULHO",http://biblioteca.conab.gov.br/phl82/pdf/legislacao/2016_PRT_123.pdf
CASTANHA DO BRASIL COM CASCA - PRODUTO E,4178,PA,PA,2017,7,2017,12,1.27,kg,"PORTARIA Nº 1.577, DE 17 DE JU",http://biblioteca.conab.gov.br/phl82/pdf/legislacao/2017_PRT_1577.pdf
CASTANHA DO BRASIL COM CASCA - PRODUTO E,4178,PA,PA,2018,1,2018,12,0.89,kg,"PORTARIA Nº 14, DE 3 DE JANEIR",http://biblioteca.conab.gov.br/phl82/pdf/legislacao/2018_PRT_14.pdf
CASTANHA DO BRASIL COM CASCA - PRODUTO E,4178,PA,PA,2019,1,2019,12,0.89,kg,"PORTARIA Nº 141, DE 8 DE JANEI",http://biblioteca.conab.gov.br/phl82/pdf/legislacao/2019_PRT_141.pdf
CASTANHA DO BRASIL COM CASCA - PRODUTO E,4178,PA,PA,2020,1,2020,12,1.75,kg,"PORTARIA Nº 313, DE 30 DE DEZE",http://biblioteca.conab.gov.br/phl82/pdf/legislacao/2019_PRT_313.pdf
CASTANHA DO BRASIL COM CASCA - PRODUTO E,4178,PA,PA,2021,1,2021,12,1.75,kg,PREÇOS MÍNIMOS DOS PRODUTOS DE,http://biblioteca.conab.gov.br/phl82/pdf/legislacao/2021_PRT_18.pdf
CASTANHA DO BRASIL COM CASCA - PRODUTO E,4178,PA,PA,2022,1,2022,12,1.23,kg,"PORTARIA MAPA Nº 376, DE 22 DE",http://biblioteca.conab.gov.br/phl82/pdf/legislacao/2021_PRT_376.pdf
CASTANHA DO BRASIL COM CASCA - PRODUTO E,4178,PA,PA,2023,1,2023,12,1.21,kg,"PORTARIA MAPA Nº 534, DE 19 DE",https://www.in.gov.br/en/web/dou/-/portaria-mapa-n-534-de-19-de-dezembro-de-2022-452020932
CASTANHA DO BRASIL COM CASCA - PRODUTO E,4178,PA,PA,2024,1,2024,12,3.66,kg,"PORTARIA MDA N° 41, DE 29 DE D",https://www.in.gov.br/web/dou/-/portaria-mda-n-41-de-29-de-dezembro-de-2023-535311884
CASTANHA DO BRASIL COM CASCA - PRODUTO E,4178,PA,PA,2025,1,2025,12,3.66,kg,"PORTARIA MAPA Nº 750, DE 24 DE",https://www.in.gov.br/en/web/dou/-/portaria-mapa-n-750-de-24-de-dezembro-de-2024-604348255
CASTANHA DO BRASIL COM CASCA - PRODUTO E,4178,PA,PA,2026,1,2026,12,3.67,kg,"PORTARIA MAPA Nº 868, DE 1º DE",https://in.gov.br/en/web/dou/-/portaria-mapa-n-868-de-1-de-dezembro-de-2025-672624071
CASTANHA DO BRASIL COM CASCA - PRODUTO E,4178,RO,RO,2014,7,2015,6,1.18,kg,"PORTARIA  Nº  190,  DE  9  DE",NI
CASTANHA DO BRASIL COM CASCA - PRODUTO E,4178,RO,RO,2015,7,2016,6,1.18,kg,"PORTARIA  Nº  190,  DE  9  DE",NI
CASTANHA DO BRASIL COM CASCA - PRODUTO E,4178,RO,RO,2016,7,2017,6,1.27,kg,"PORTARIA Nº 123, DE 5 DE JULHO",http://biblioteca.conab.gov.br/phl82/pdf/legislacao/2016_PRT_123.pdf
CASTANHA DO BRASIL COM CASCA - PRODUTO E,4178,RO,RO,2017,7,2017,12,1.27,kg,"PORTARIA Nº 1.577, DE 17 DE JU",http://biblioteca.conab.gov.br/phl82/pdf/legislacao/2017_PRT_1577.pdf
CASTANHA DO BRASIL COM CASCA - PRODUTO E,4178,RO,RO,2018,1,2018,12,0.89,kg,"PORTARIA Nº 14, DE 3 DE JANEIR",http://biblioteca.conab.gov.br/phl82/pdf/legislacao/2018_PRT_14.pdf
CASTANHA DO BRASIL COM CASCA - PRODUTO E,4178,RO,RO,2019,1,2019,12,0.89,kg,"PORTARIA Nº 141, DE 8 DE JANEI",http://biblioteca.conab.gov.br/phl82/pdf/legislacao/2019_PRT_141.pdf
CASTANHA DO BRASIL COM CASCA - PRODUTO E,4178,RO,RO,2020,1,2020,12,1.75,kg,"PORTARIA Nº 313, DE 30 DE DEZE",http://biblioteca.conab.gov.br/phl82/pdf/legislacao/2019_PRT_313.pdf
CASTANHA DO BRASIL COM CASCA - PRODUTO E,4178,RO,RO,2021,1,2021,12,1.75,kg,PREÇOS MÍNIMOS DOS PRODUTOS DE,http://biblioteca.conab.gov.br/phl82/pdf/legislacao/2021_PRT_18.pdf
CASTANHA DO BRASIL COM CASCA - PRODUTO E,4178,RO,RO,2022,1,2022,12,1.23,kg,"PORTARIA MAPA Nº 376, DE 22 DE",http://biblioteca.conab.gov.br/phl82/pdf/legislacao/2021_PRT_376.pdf
CASTANHA DO BRASIL COM CASCA - PRODUTO E,4178,RO,RO,2023,1,2023,12,1.21,kg,"PORTARIA MAPA Nº 534, DE 19 DE",https://www.in.gov.br/en/web/dou/-/portaria-mapa-n-534-de-19-de-dezembro-de-2022-452020932
CASTANHA DO BRASIL COM CASCA - PRODUTO E,4178,RO,RO,2024,1,2024,12,3.66,kg,"PORTARIA MDA N° 41, DE 29 DE D",https://www.in.gov.br/web/dou/-/portaria-mda-n-41-de-29-de-dezembro-de-2023-535311884
CASTANHA DO BRASIL COM CASCA - PRODUTO E,4178,RO,RO,2025,1,2025,12,3.66,kg,"PORTARIA MAPA Nº 750, DE 24 DE",https://www.in.gov.br/en/web/dou/-/portaria-mapa-n-750-de-24-de-dezembro-de-2024-604348255
CASTANHA DO BRASIL COM CASCA - PRODUTO E,4178,RO,RO,2026,1,2026,12,3.67,kg,"PORTARIA MAPA Nº 868, DE 1º DE",https://in.gov.br/en/web/dou/-/portaria-mapa-n-868-de-1-de-dezembro-de-2025-672624071
CASTANHA DO BRASIL COM CASCA - PRODUTO E,4178,RR,RR,2014,7,2015,6,1.18,kg,"PORTARIA  Nº  190,  DE  9  DE",NI
CASTANHA DO BRASIL COM CASCA - PRODUTO E,4178,RR,RR,2015,7,2016,6,1.18,kg,"PORTARIA  Nº  190,  DE  9  DE",NI
CASTANHA DO BRASIL COM CASCA - PRODUTO E,4178,RR,RR,2016,7,2017,6,1.27,kg,"PORTARIA Nº 123, DE 5 DE JULHO",http://biblioteca.conab.gov.br/phl82/pdf/legislacao/2016_PRT_123.pdf
CASTANHA DO BRASIL COM CASCA - PRODUTO E,4178,RR,RR,2017,7,2017,12,1.27,kg,"PORTARIA Nº 1.577, DE 17 DE JU",http://biblioteca.conab.gov.br/phl82/pdf/legislacao/2017_PRT_1577.pdf
CASTANHA DO BRASIL COM CASCA - PRODUTO E,4178,RR,RR,2018,1,2018,12,0.89,kg,"PORTARIA Nº 14, DE 3 DE JANEIR",http://biblioteca.conab.gov.br/phl82/pdf/legislacao/2018_PRT_14.pdf
CASTANHA DO BRASIL COM CASCA - PRODUTO E,4178,RR,RR,2019,1,2019,12,0.89,kg,"PORTARIA Nº 141, DE 8 DE JANEI",http://biblioteca.conab.gov.br/phl82/pdf/legislacao/2019_PRT_141.pdf
CASTANHA DO BRASIL COM CASCA - PRODUTO E,4178,RR,RR,2020,1,2020,12,1.75,kg,"PORTARIA Nº 313, DE 30 DE DEZE",http://biblioteca.conab.gov.br/phl82/pdf/legislacao/2019_PRT_313.pdf
CASTANHA DO BRASIL COM CASCA - PRODUTO E,4178,RR,RR,2021,1,2021,12,1.75,kg,PREÇOS MÍNIMOS DOS PRODUTOS DE,http://biblioteca.conab.gov.br/phl82/pdf/legislacao/2021_PRT_18.pdf
CASTANHA DO BRASIL COM CASCA - PRODUTO E,4178,RR,RR,2022,1,2022,12,1.23,kg,"PORTARIA MAPA Nº 376, DE 22 DE",http://biblioteca.conab.gov.br/phl82/pdf/legislacao/2021_PRT_376.pdf
CASTANHA DO BRASIL COM CASCA - PRODUTO E,4178,RR,RR,2023,1,2023,12,1.21,kg,"PORTARIA MAPA Nº 534, DE 19 DE",https://www.in.gov.br/en/web/dou/-/portaria-mapa-n-534-de-19-de-dezembro-de-2022-452020932
CASTANHA DO BRASIL COM CASCA - PRODUTO E,4178,RR,RR,2024,1,2024,12,3.66,kg,"PORTARIA MDA N° 41, DE 29 DE D",https://www.in.gov.br/web/dou/-/portaria-mda-n-41-de-29-de-dezembro-de-2023-535311884
CASTANHA DO BRASIL COM CASCA - PRODUTO E,4178,RR,RR,2025,1,2025,12,3.66,kg,"PORTARIA MAPA Nº 750, DE 24 DE",https://www.in.gov.br/en/web/dou/-/portaria-mapa-n-750-de-24-de-dezembro-de-2024-604348255
CASTANHA DO BRASIL COM CASCA - PRODUTO E,4178,RR,RR,2026,1,2026,12,3.67,kg,"PORTARIA MAPA Nº 868, DE 1º DE",https://in.gov.br/en/web/dou/-/portaria-mapa-n-868-de-1-de-dezembro-de-2025-672624071
CASTANHA DO BRASIL COM CASCA - PRODUTO E,4178,TO,TO,2014,7,2015,6,1.18,kg,"PORTARIA  Nº  190,  DE  9  DE",NI
CASTANHA DO BRASIL COM CASCA - PRODUTO E,4178,TO,TO,2015,7,2016,6,1.18,kg,"PORTARIA  Nº  190,  DE  9  DE",NI
CASTANHA DO BRASIL COM CASCA - PRODUTO E,4178,TO,TO,2016,7,2017,6,1.27,kg,"PORTARIA Nº 123, DE 5 DE JULHO",http://biblioteca.conab.gov.br/phl82/pdf/legislacao/2016_PRT_123.pdf
CASTANHA DO BRASIL COM CASCA - PRODUTO E,4178,TO,TO,2017,7,2017,12,1.27,kg,"PORTARIA Nº 1.577, DE 17 DE JU",http://biblioteca.conab.gov.br/phl82/pdf/legislacao/2017_PRT_1577.pdf
CASTANHA DO BRASIL COM CASCA - PRODUTO E,4178,TO,TO,2018,1,2018,12,0.89,kg,"PORTARIA Nº 14, DE 3 DE JANEIR",http://biblioteca.conab.gov.br/phl82/pdf/legislacao/2018_PRT_14.pdf
CASTANHA DO BRASIL COM CASCA - PRODUTO E,4178,TO,TO,2019,1,2019,12,0.89,kg,"PORTARIA Nº 141, DE 8 DE JANEI",http://biblioteca.conab.gov.br/phl82/pdf/legislacao/2019_PRT_141.pdf
CASTANHA DO BRASIL COM CASCA - PRODUTO E,4178,TO,TO,2020,1,2020,12,1.75,kg,"PORTARIA Nº 313, DE 30 DE DEZE",http://biblioteca.conab.gov.br/phl82/pdf/legislacao/2019_PRT_313.pdf
CASTANHA DO BRASIL COM CASCA - PRODUTO E,4178,TO,TO,2021,1,2021,12,1.75,kg,PREÇOS MÍNIMOS DOS PRODUTOS DE,http://biblioteca.conab.gov.br/phl82/pdf/legislacao/2021_PRT_18.pdf
CASTANHA DO BRASIL COM CASCA - PRODUTO E,4178,TO,TO,2022,1,2022,12,1.23,kg,"PORTARIA MAPA Nº 376, DE 22 DE",http://biblioteca.conab.gov.br/phl82/pdf/legislacao/2021_PRT_376.pdf
CASTANHA DO BRASIL COM CASCA - PRODUTO E,4178,TO,TO,2023,1,2023,12,1.21,kg,"PORTARIA MAPA Nº 534, DE 19 DE",https://www.in.gov.br/en/web/dou/-/portaria-mapa-n-534-de-19-de-dezembro-de-2022-452020932
CASTANHA DO BRASIL COM CASCA - PRODUTO E,4178,TO,TO,2024,1,2024,12,3.66,kg,"PORTARIA MDA N° 41, DE 29 DE D",https://www.in.gov.br/web/dou/-/portaria-mda-n-41-de-29-de-dezembro-de-2023-535311884
CASTANHA DO BRASIL COM CASCA - PRODUTO E,4178,TO,TO,2025,1,2025,12,3.66,kg,"PORTARIA MAPA Nº 750, DE 24 DE",https://www.in.gov.br/en/web/dou/-/portaria-mapa-n-750-de-24-de-dezembro-de-2024-604348255
CASTANHA DO BRASIL COM CASCA - PRODUTO E,4178,TO,TO,2026,1,2026,12,3.67,kg,"PORTARIA MAPA Nº 868, DE 1º DE",https://in.gov.br/en/web/dou/-/portaria-mapa-n-868-de-1-de-dezembro-de-2025-672624071
FARINHA DE MANDIOCA,4442,AC,AC,2014,1,2014,12,0.9,kg,"PORTARIA  Nº  190,  DE  9  DE",NI
FARINHA DE MANDIOCA,4442,AC,AC,2015,1,2015,12,0.9,kg,"PORTARIA  Nº  190,  DE  9  DE",NI
FARINHA DE MANDIOCA,4442,AC,AC,2016,1,2016,12,0.96,kg,"PORTARIA  Nº  190,  DE  9  DE",NI
FARINHA DE MANDIOCA,4442,AC,AC,2017,1,2017,12,0.99,kg,"PORTARIA Nº 123, DE 5 DE JULHO",http://biblioteca.conab.gov.br/phl82/pdf/legislacao/2016_PRT_123.pdf
FARINHA DE MANDIOCA,4442,AC,AC,2018,1,2018,12,1.02,kg,"PORTARIA Nº 1.577, DE 17 DE JU",http://biblioteca.conab.gov.br/phl82/pdf/legislacao/2017_PRT_1577.pdf
FARINHA DE MANDIOCA,4442,AC,AC,2019,1,2019,12,1.11,kg,"PORTARIA Nº 135, DE 12 DE JULH",http://biblioteca.conab.gov.br/phl82/pdf/legislacao/2018_PRT_935.pdf
FARINHA DE MANDIOCA,4442,AC,AC,2020,1,2020,12,1.15,kg,"PORTARIA Nº 135, DE 12 DE JULH",http://biblioteca.conab.gov.br/phl82/pdf/legislacao/2019_PRT_135.pdf
FARINHA DE MANDIOCA,4442,AC,AC,2021,1,2021,12,1.15,kg,"PORTARIA Nº 190, DE 9 DE JUNHO",http://biblioteca.conab.gov.br/phl82/pdf/legislacao/2020_PRT_190.pdf
FARINHA DE MANDIOCA,4442,AC,AC,2022,1,2022,12,1.36,kg,"PORTARIA Nº 201, DE 1º DE JULH",http://biblioteca.conab.gov.br/phl82/pdf/legislacao/2021_PRT_201.pdf
FARINHA DE MANDIOCA,4442,AC,AC,2023,1,2023,12,1.6,kg,"PORTARIA MAPA Nº 452, DE 4 DE",https://biblioteca.conab.gov.br/phl82/pdf/legislacao/2022_PRT_452.pdf
FARINHA DE MANDIOCA,4442,AC,AC,2024,1,2024,12,1.91,kg,"PORTARIA MAPA Nº 612, DE 31 DE",https://www.in.gov.br/en/web/dou/-/portaria-mapa-n-612-de-31-de-agosto-de-2023-507003445
FARINHA DE MANDIOCA,4442,AC,AC,2025,1,2025,12,2.16,kg,"PORTARIA MAPA Nº 700, DE 15 DE",https://www.in.gov.br/en/web/dou/-/portaria-mapa-n-700-de-15-de-julho-de-2024-572339980
FARINHA DE MANDIOCA,4442,AC,AC,2026,1,2026,12,2.43,kg,"PORTARIA MAPA Nº 812, DE 7 DE",https://www.in.gov.br/en/web/dou/-/portaria-mapa-n-812-de-7-de-julho-de-2025-640776008
FARINHA DE MANDIOCA,4442,AC,AC,2027,1,2027,12,2.59,kg,"PORTARIA MAPA Nº 934, DE 09 DE",https://www.in.gov.br/web/dou/-/portaria-mapa-n-934-de-9-de-julho-de-2026-718439459
FARINHA DE MANDIOCA,4442,AM,AM,2014,1,2014,12,0.9,kg,"PORTARIA  Nº  190,  DE  9  DE",NI
FARINHA DE MANDIOCA,4442,AM,AM,2015,1,2015,12,0.9,kg,"PORTARIA  Nº  190,  DE  9  DE",NI
FARINHA DE MANDIOCA,4442,AM,AM,2016,1,2016,12,0.96,kg,"PORTARIA  Nº  190,  DE  9  DE",NI
FARINHA DE MANDIOCA,4442,AM,AM,2017,1,2017,12,0.99,kg,"PORTARIA Nº 123, DE 5 DE JULHO",http://biblioteca.conab.gov.br/phl82/pdf/legislacao/2016_PRT_123.pdf
FARINHA DE MANDIOCA,4442,AM,AM,2018,1,2018,12,1.02,kg,"PORTARIA Nº 1.577, DE 17 DE JU",http://biblioteca.conab.gov.br/phl82/pdf/legislacao/2017_PRT_1577.pdf
FARINHA DE MANDIOCA,4442,AM,AM,2019,1,2019,12,1.11,kg,"PORTARIA Nº 135, DE 12 DE JULH",http://biblioteca.conab.gov.br/phl82/pdf/legislacao/2018_PRT_935.pdf
FARINHA DE MANDIOCA,4442,AM,AM,2020,1,2020,12,1.15,kg,"PORTARIA Nº 135, DE 12 DE JULH",http://biblioteca.conab.gov.br/phl82/pdf/legislacao/2019_PRT_135.pdf
FARINHA DE MANDIOCA,4442,AM,AM,2021,1,2021,12,1.15,kg,"PORTARIA Nº 190, DE 9 DE JUNHO",http://biblioteca.conab.gov.br/phl82/pdf/legislacao/2020_PRT_190.pdf
FARINHA DE MANDIOCA,4442,AM,AM,2022,1,2022,12,1.36,kg,"PORTARIA Nº 201, DE 1º DE JULH",http://biblioteca.conab.gov.br/phl82/pdf/legislacao/2021_PRT_201.pdf
FARINHA DE MANDIOCA,4442,AM,AM,2023,1,2023,12,1.6,kg,"PORTARIA MAPA Nº 452, DE 4 DE",https://biblioteca.conab.gov.br/phl82/pdf/legislacao/2022_PRT_452.pdf
FARINHA DE MANDIOCA,4442,AM,AM,2024,1,2024,12,1.91,kg,"PORTARIA MAPA Nº 612, DE 31 DE",https://www.in.gov.br/en/web/dou/-/portaria-mapa-n-612-de-31-de-agosto-de-2023-507003445
FARINHA DE MANDIOCA,4442,AM,AM,2025,1,2025,12,2.16,kg,"PORTARIA MAPA Nº 700, DE 15 DE",https://www.in.gov.br/en/web/dou/-/portaria-mapa-n-700-de-15-de-julho-de-2024-572339980
FARINHA DE MANDIOCA,4442,AM,AM,2026,1,2026,12,2.43,kg,"PORTARIA MAPA Nº 812, DE 7 DE",https://www.in.gov.br/en/web/dou/-/portaria-mapa-n-812-de-7-de-julho-de-2025-640776008
FARINHA DE MANDIOCA,4442,AM,AM,2027,1,2027,12,2.59,kg,"PORTARIA MAPA Nº 934, DE 09 DE",https://www.in.gov.br/web/dou/-/portaria-mapa-n-934-de-9-de-julho-de-2026-718439459
FARINHA DE MANDIOCA,4442,AP,AP,2014,1,2014,12,0.9,kg,"PORTARIA  Nº  190,  DE  9  DE",NI
FARINHA DE MANDIOCA,4442,AP,AP,2015,1,2015,12,0.9,kg,"PORTARIA  Nº  190,  DE  9  DE",NI
FARINHA DE MANDIOCA,4442,AP,AP,2016,1,2016,12,0.96,kg,"PORTARIA  Nº  190,  DE  9  DE",NI
FARINHA DE MANDIOCA,4442,AP,AP,2017,1,2017,12,0.99,kg,"PORTARIA Nº 123, DE 5 DE JULHO",http://biblioteca.conab.gov.br/phl82/pdf/legislacao/2016_PRT_123.pdf
FARINHA DE MANDIOCA,4442,AP,AP,2018,1,2018,12,1.02,kg,"PORTARIA Nº 1.577, DE 17 DE JU",http://biblioteca.conab.gov.br/phl82/pdf/legislacao/2017_PRT_1577.pdf
FARINHA DE MANDIOCA,4442,AP,AP,2019,1,2019,12,1.11,kg,"PORTARIA Nº 135, DE 12 DE JULH",http://biblioteca.conab.gov.br/phl82/pdf/legislacao/2018_PRT_935.pdf
FARINHA DE MANDIOCA,4442,AP,AP,2020,1,2020,12,1.15,kg,"PORTARIA Nº 135, DE 12 DE JULH",http://biblioteca.conab.gov.br/phl82/pdf/legislacao/2019_PRT_135.pdf
FARINHA DE MANDIOCA,4442,AP,AP,2021,1,2021,12,1.15,kg,"PORTARIA Nº 190, DE 9 DE JUNHO",http://biblioteca.conab.gov.br/phl82/pdf/legislacao/2020_PRT_190.pdf
FARINHA DE MANDIOCA,4442,AP,AP,2022,1,2022,12,1.36,kg,"PORTARIA Nº 201, DE 1º DE JULH",http://biblioteca.conab.gov.br/phl82/pdf/legislacao/2021_PRT_201.pdf
FARINHA DE MANDIOCA,4442,AP,AP,2023,1,2023,12,1.6,kg,"PORTARIA MAPA Nº 452, DE 4 DE",https://biblioteca.conab.gov.br/phl82/pdf/legislacao/2022_PRT_452.pdf
FARINHA DE MANDIOCA,4442,AP,AP,2024,1,2024,12,1.91,kg,"PORTARIA MAPA Nº 612, DE 31 DE",https://www.in.gov.br/en/web/dou/-/portaria-mapa-n-612-de-31-de-agosto-de-2023-507003445
FARINHA DE MANDIOCA,4442,AP,AP,2025,1,2025,12,2.16,kg,"PORTARIA MAPA Nº 700, DE 15 DE",https://www.in.gov.br/en/web/dou/-/portaria-mapa-n-700-de-15-de-julho-de-2024-572339980
FARINHA DE MANDIOCA,4442,AP,AP,2026,1,2026,12,2.43,kg,"PORTARIA MAPA Nº 812, DE 7 DE",https://www.in.gov.br/en/web/dou/-/portaria-mapa-n-812-de-7-de-julho-de-2025-640776008
FARINHA DE MANDIOCA,4442,AP,AP,2027,1,2027,12,2.59,kg,"PORTARIA MAPA Nº 934, DE 09 DE",https://www.in.gov.br/web/dou/-/portaria-mapa-n-934-de-9-de-julho-de-2026-718439459
FARINHA DE MANDIOCA,4442,PA,PA,2014,1,2014,12,0.9,kg,"PORTARIA  Nº  190,  DE  9  DE",NI
FARINHA DE MANDIOCA,4442,PA,PA,2015,1,2015,12,0.9,kg,"PORTARIA  Nº  190,  DE  9  DE",NI
FARINHA DE MANDIOCA,4442,PA,PA,2016,1,2016,12,0.96,kg,"PORTARIA  Nº  190,  DE  9  DE",NI
FARINHA DE MANDIOCA,4442,PA,PA,2017,1,2017,12,0.99,kg,"PORTARIA Nº 123, DE 5 DE JULHO",http://biblioteca.conab.gov.br/phl82/pdf/legislacao/2016_PRT_123.pdf
FARINHA DE MANDIOCA,4442,PA,PA,2018,1,2018,12,1.02,kg,"PORTARIA Nº 1.577, DE 17 DE JU",http://biblioteca.conab.gov.br/phl82/pdf/legislacao/2017_PRT_1577.pdf
FARINHA DE MANDIOCA,4442,PA,PA,2019,1,2019,12,1.11,kg,"PORTARIA Nº 135, DE 12 DE JULH",http://biblioteca.conab.gov.br/phl82/pdf/legislacao/2018_PRT_935.pdf
FARINHA DE MANDIOCA,4442,PA,PA,2020,1,2020,12,1.15,kg,"PORTARIA Nº 135, DE 12 DE JULH",http://biblioteca.conab.gov.br/phl82/pdf/legislacao/2019_PRT_135.pdf
FARINHA DE MANDIOCA,4442,PA,PA,2021,1,2021,12,1.15,kg,"PORTARIA Nº 190, DE 9 DE JUNHO",http://biblioteca.conab.gov.br/phl82/pdf/legislacao/2020_PRT_190.pdf
FARINHA DE MANDIOCA,4442,PA,PA,2022,1,2022,12,1.36,kg,"PORTARIA Nº 201, DE 1º DE JULH",http://biblioteca.conab.gov.br/phl82/pdf/legislacao/2021_PRT_201.pdf
FARINHA DE MANDIOCA,4442,PA,PA,2023,1,2023,12,1.6,kg,"PORTARIA MAPA Nº 452, DE 4 DE",https://biblioteca.conab.gov.br/phl82/pdf/legislacao/2022_PRT_452.pdf
FARINHA DE MANDIOCA,4442,PA,PA,2024,1,2024,12,1.91,kg,"PORTARIA MAPA Nº 612, DE 31 DE",https://www.in.gov.br/en/web/dou/-/portaria-mapa-n-612-de-31-de-agosto-de-2023-507003445
FARINHA DE MANDIOCA,4442,PA,PA,2025,1,2025,12,2.16,kg,"PORTARIA MAPA Nº 700, DE 15 DE",https://www.in.gov.br/en/web/dou/-/portaria-mapa-n-700-de-15-de-julho-de-2024-572339980
FARINHA DE MANDIOCA,4442,PA,PA,2026,1,2026,12,2.43,kg,"PORTARIA MAPA Nº 812, DE 7 DE",https://www.in.gov.br/en/web/dou/-/portaria-mapa-n-812-de-7-de-julho-de-2025-640776008
FARINHA DE MANDIOCA,4442,PA,PA,2027,1,2027,12,2.59,kg,"PORTARIA MAPA Nº 934, DE 09 DE",https://www.in.gov.br/web/dou/-/portaria-mapa-n-934-de-9-de-julho-de-2026-718439459
FARINHA DE MANDIOCA,4442,RO,RO,2014,1,2014,12,0.9,kg,"PORTARIA  Nº  190,  DE  9  DE",NI
FARINHA DE MANDIOCA,4442,RO,RO,2015,1,2015,12,0.9,kg,"PORTARIA  Nº  190,  DE  9  DE",NI
FARINHA DE MANDIOCA,4442,RO,RO,2016,1,2016,12,0.96,kg,"PORTARIA  Nº  190,  DE  9  DE",NI
FARINHA DE MANDIOCA,4442,RO,RO,2017,1,2017,12,0.99,kg,"PORTARIA Nº 123, DE 5 DE JULHO",http://biblioteca.conab.gov.br/phl82/pdf/legislacao/2016_PRT_123.pdf
FARINHA DE MANDIOCA,4442,RO,RO,2018,1,2018,12,1.02,kg,"PORTARIA Nº 1.577, DE 17 DE JU",http://biblioteca.conab.gov.br/phl82/pdf/legislacao/2017_PRT_1577.pdf
FARINHA DE MANDIOCA,4442,RO,RO,2019,1,2019,12,1.11,kg,"PORTARIA Nº 135, DE 12 DE JULH",http://biblioteca.conab.gov.br/phl82/pdf/legislacao/2018_PRT_935.pdf
FARINHA DE MANDIOCA,4442,RO,RO,2020,1,2020,12,1.15,kg,"PORTARIA Nº 135, DE 12 DE JULH",http://biblioteca.conab.gov.br/phl82/pdf/legislacao/2019_PRT_135.pdf
FARINHA DE MANDIOCA,4442,RO,RO,2021,1,2021,12,1.15,kg,"PORTARIA Nº 190, DE 9 DE JUNHO",http://biblioteca.conab.gov.br/phl82/pdf/legislacao/2020_PRT_190.pdf
FARINHA DE MANDIOCA,4442,RO,RO,2022,1,2022,12,1.36,kg,"PORTARIA Nº 201, DE 1º DE JULH",http://biblioteca.conab.gov.br/phl82/pdf/legislacao/2021_PRT_201.pdf
FARINHA DE MANDIOCA,4442,RO,RO,2023,1,2023,12,1.6,kg,"PORTARIA MAPA Nº 452, DE 4 DE",https://biblioteca.conab.gov.br/phl82/pdf/legislacao/2022_PRT_452.pdf
FARINHA DE MANDIOCA,4442,RO,RO,2024,1,2024,12,1.91,kg,"PORTARIA MAPA Nº 612, DE 31 DE",https://www.in.gov.br/en/web/dou/-/portaria-mapa-n-612-de-31-de-agosto-de-2023-507003445
FARINHA DE MANDIOCA,4442,RO,RO,2025,1,2025,12,2.16,kg,"PORTARIA MAPA Nº 700, DE 15 DE",https://www.in.gov.br/en/web/dou/-/portaria-mapa-n-700-de-15-de-julho-de-2024-572339980
FARINHA DE MANDIOCA,4442,RO,RO,2026,1,2026,12,2.43,kg,"PORTARIA MAPA Nº 812, DE 7 DE",https://www.in.gov.br/en/web/dou/-/portaria-mapa-n-812-de-7-de-julho-de-2025-640776008
FARINHA DE MANDIOCA,4442,RO,RO,2027,1,2027,12,2.59,kg,"PORTARIA MAPA Nº 934, DE 09 DE",https://www.in.gov.br/web/dou/-/portaria-mapa-n-934-de-9-de-julho-de-2026-718439459
FARINHA DE MANDIOCA,4442,RR,RR,2014,1,2014,12,0.9,kg,"PORTARIA  Nº  190,  DE  9  DE",NI
FARINHA DE MANDIOCA,4442,RR,RR,2015,1,2015,12,0.9,kg,"PORTARIA  Nº  190,  DE  9  DE",NI
FARINHA DE MANDIOCA,4442,RR,RR,2016,1,2016,12,0.96,kg,"PORTARIA  Nº  190,  DE  9  DE",NI
FARINHA DE MANDIOCA,4442,RR,RR,2017,1,2017,12,0.99,kg,"PORTARIA Nº 123, DE 5 DE JULHO",http://biblioteca.conab.gov.br/phl82/pdf/legislacao/2016_PRT_123.pdf
FARINHA DE MANDIOCA,4442,RR,RR,2018,1,2018,12,1.02,kg,"PORTARIA Nº 1.577, DE 17 DE JU",http://biblioteca.conab.gov.br/phl82/pdf/legislacao/2017_PRT_1577.pdf
FARINHA DE MANDIOCA,4442,RR,RR,2019,1,2019,12,1.11,kg,"PORTARIA Nº 135, DE 12 DE JULH",http://biblioteca.conab.gov.br/phl82/pdf/legislacao/2018_PRT_935.pdf
FARINHA DE MANDIOCA,4442,RR,RR,2020,1,2020,12,1.15,kg,"PORTARIA Nº 135, DE 12 DE JULH",http://biblioteca.conab.gov.br/phl82/pdf/legislacao/2019_PRT_135.pdf
FARINHA DE MANDIOCA,4442,RR,RR,2021,1,2021,12,1.15,kg,"PORTARIA Nº 190, DE 9 DE JUNHO",http://biblioteca.conab.gov.br/phl82/pdf/legislacao/2020_PRT_190.pdf
FARINHA DE MANDIOCA,4442,RR,RR,2022,1,2022,12,1.36,kg,"PORTARIA Nº 201, DE 1º DE JULH",http://biblioteca.conab.gov.br/phl82/pdf/legislacao/2021_PRT_201.pdf
FARINHA DE MANDIOCA,4442,RR,RR,2023,1,2023,12,1.6,kg,"PORTARIA MAPA Nº 452, DE 4 DE",https://biblioteca.conab.gov.br/phl82/pdf/legislacao/2022_PRT_452.pdf
FARINHA DE MANDIOCA,4442,RR,RR,2024,1,2024,12,1.91,kg,"PORTARIA MAPA Nº 612, DE 31 DE",https://www.in.gov.br/en/web/dou/-/portaria-mapa-n-612-de-31-de-agosto-de-2023-507003445
FARINHA DE MANDIOCA,4442,RR,RR,2025,1,2025,12,2.16,kg,"PORTARIA MAPA Nº 700, DE 15 DE",https://www.in.gov.br/en/web/dou/-/portaria-mapa-n-700-de-15-de-julho-de-2024-572339980
FARINHA DE MANDIOCA,4442,RR,RR,2026,1,2026,12,2.43,kg,"PORTARIA MAPA Nº 812, DE 7 DE",https://www.in.gov.br/en/web/dou/-/portaria-mapa-n-812-de-7-de-julho-de-2025-640776008
FARINHA DE MANDIOCA,4442,RR,RR,2027,1,2027,12,2.59,kg,"PORTARIA MAPA Nº 934, DE 09 DE",https://www.in.gov.br/web/dou/-/portaria-mapa-n-934-de-9-de-julho-de-2026-718439459
FARINHA DE MANDIOCA,4442,TO,TO,2014,1,2014,12,0.9,kg,"PORTARIA  Nº  190,  DE  9  DE",NI
FARINHA DE MANDIOCA,4442,TO,TO,2015,1,2015,12,0.9,kg,"PORTARIA  Nº  190,  DE  9  DE",NI
FARINHA DE MANDIOCA,4442,TO,TO,2016,1,2016,12,0.96,kg,"PORTARIA  Nº  190,  DE  9  DE",NI
FARINHA DE MANDIOCA,4442,TO,TO,2017,1,2017,12,0.99,kg,"PORTARIA Nº 123, DE 5 DE JULHO",http://biblioteca.conab.gov.br/phl82/pdf/legislacao/2016_PRT_123.pdf
FARINHA DE MANDIOCA,4442,TO,TO,2018,1,2018,12,1.02,kg,"PORTARIA Nº 1.577, DE 17 DE JU",http://biblioteca.conab.gov.br/phl82/pdf/legislacao/2017_PRT_1577.pdf
FARINHA DE MANDIOCA,4442,TO,TO,2019,1,2019,12,1.11,kg,"PORTARIA Nº 135, DE 12 DE JULH",http://biblioteca.conab.gov.br/phl82/pdf/legislacao/2018_PRT_935.pdf
FARINHA DE MANDIOCA,4442,TO,TO,2020,1,2020,12,1.15,kg,"PORTARIA Nº 135, DE 12 DE JULH",http://biblioteca.conab.gov.br/phl82/pdf/legislacao/2019_PRT_135.pdf
FARINHA DE MANDIOCA,4442,TO,TO,2021,1,2021,12,1.15,kg,"PORTARIA Nº 190, DE 9 DE JUNHO",http://biblioteca.conab.gov.br/phl82/pdf/legislacao/2020_PRT_190.pdf
FARINHA DE MANDIOCA,4442,TO,TO,2022,1,2022,12,1.36,kg,"PORTARIA Nº 201, DE 1º DE JULH",http://biblioteca.conab.gov.br/phl82/pdf/legislacao/2021_PRT_201.pdf
FARINHA DE MANDIOCA,4442,TO,TO,2023,1,2023,12,1.6,kg,"PORTARIA MAPA Nº 452, DE 4 DE",https://biblioteca.conab.gov.br/phl82/pdf/legislacao/2022_PRT_452.pdf
FARINHA DE MANDIOCA,4442,TO,TO,2024,1,2024,12,1.91,kg,"PORTARIA MAPA Nº 612, DE 31 DE",https://www.in.gov.br/en/web/dou/-/portaria-mapa-n-612-de-31-de-agosto-de-2023-507003445
FARINHA DE MANDIOCA,4442,TO,TO,2025,1,2025,12,2.16,kg,"PORTARIA MAPA Nº 700, DE 15 DE",https://www.in.gov.br/en/web/dou/-/portaria-mapa-n-700-de-15-de-julho-de-2024-572339980
FARINHA DE MANDIOCA,4442,TO,TO,2026,1,2026,12,2.43,kg,"PORTARIA MAPA Nº 812, DE 7 DE",https://www.in.gov.br/en/web/dou/-/portaria-mapa-n-812-de-7-de-julho-de-2025-640776008
FARINHA DE MANDIOCA,4442,TO,TO,2027,1,2027,12,2.59,kg,"PORTARIA MAPA Nº 934, DE 09 DE",https://www.in.gov.br/web/dou/-/portaria-mapa-n-934-de-9-de-julho-de-2026-718439459
FEIJÃO CORES,8380,AC,AC,2014,1,2014,12,95.0,60 kg,"PORTARIA  Nº  190,  DE  9  DE",NI
FEIJÃO CORES,8380,AC,AC,2015,1,2015,12,95.0,60 kg,"PORTARIA  Nº  190,  DE  9  DE",NI
FEIJÃO CORES,8380,AC,AC,2016,1,2016,12,78.0,60 kg,"PORTARIA Nº 1.577, DE 17 DE JU",http://biblioteca.conab.gov.br/phl82/pdf/legislacao/2017_PRT_1577.pdf
FEIJÃO CORES,8380,AC,AC,2017,1,2017,12,84.6,60 kg,"PORTARIA Nº 123, DE 5 DE JULHO",http://biblioteca.conab.gov.br/phl82/pdf/legislacao/2016_PRT_123.pdf
FEIJÃO CORES,8380,AC,AC,2018,1,2018,12,82.96,60 kg,"PORTARIA Nº 1.577, DE 17 DE JU",http://biblioteca.conab.gov.br/phl82/pdf/legislacao/2017_PRT_1577.pdf
FEIJÃO CORES,8380,AC,AC,2019,1,2019,12,85.5,60 kg,"PORTARIA Nº 135, DE 12 DE JULH",http://biblioteca.conab.gov.br/phl82/pdf/legislacao/2018_PRT_935.pdf
FEIJÃO CORES,8380,AC,AC,2020,1,2020,12,94.2,60 kg,"PORTARIA Nº 135, DE 12 DE JULH",http://biblioteca.conab.gov.br/phl82/pdf/legislacao/2019_PRT_135.pdf
FEIJÃO CORES,8380,AC,AC,2021,1,2021,12,95.49,60 kg,"PORTARIA Nº 190, DE 9 DE JUNHO",http://biblioteca.conab.gov.br/phl82/pdf/legislacao/2020_PRT_190.pdf
FEIJÃO CORES,8380,AC,AC,2022,1,2022,12,116.75,60 kg,"PORTARIA Nº 201, DE 1º DE JULH",http://biblioteca.conab.gov.br/phl82/pdf/legislacao/2021_PRT_201.pdf
FEIJÃO CORES,8380,AC,AC,2023,1,2023,12,208.92,60 kg,"PORTARIA MAPA Nº 452, DE 4 DE",https://biblioteca.conab.gov.br/phl82/pdf/legislacao/2022_PRT_452.pdf
FEIJÃO CORES,8380,AC,AC,2024,1,2024,12,183.25,60 kg,"PORTARIA MAPA Nº 612, DE 31 DE",https://www.in.gov.br/en/web/dou/-/portaria-mapa-n-612-de-31-de-agosto-de-2023-507003445
FEIJÃO CORES,8380,AC,AC,2025,1,2025,12,181.23,60 kg,"PORTARIA MAPA Nº 700, DE 15 DE",https://www.in.gov.br/en/web/dou/-/portaria-mapa-n-700-de-15-de-julho-de-2024-572339980
FEIJÃO CORES,8380,AC,AC,2026,1,2026,12,181.23,60 kg,"PORTARIA MAPA Nº 812, DE 7 DE",https://www.in.gov.br/en/web/dou/-/portaria-mapa-n-812-de-7-de-julho-de-2025-640776008
FEIJÃO CORES,8380,AC,AC,2027,1,2027,12,186.84,60 kg,"PORTARIA MAPA Nº 934, DE 09 DE",https://www.in.gov.br/web/dou/-/portaria-mapa-n-934-de-9-de-julho-de-2026-718439459
FEIJÃO CORES,8380,AM,AM,2014,1,2014,12,95.0,60 kg,"PORTARIA  Nº  190,  DE  9  DE",NI
FEIJÃO CORES,8380,AM,AM,2015,1,2015,12,95.0,60 kg,"PORTARIA  Nº  190,  DE  9  DE",NI
FEIJÃO CORES,8380,AM,AM,2016,1,2016,12,78.0,60 kg,"PORTARIA Nº 1.577, DE 17 DE JU",http://biblioteca.conab.gov.br/phl82/pdf/legislacao/2017_PRT_1577.pdf
FEIJÃO CORES,8380,AM,AM,2017,1,2017,12,84.6,60 kg,"PORTARIA Nº 123, DE 5 DE JULHO",http://biblioteca.conab.gov.br/phl82/pdf/legislacao/2016_PRT_123.pdf
FEIJÃO CORES,8380,AM,AM,2018,1,2018,12,82.96,60 kg,"PORTARIA Nº 1.577, DE 17 DE JU",http://biblioteca.conab.gov.br/phl82/pdf/legislacao/2017_PRT_1577.pdf
FEIJÃO CORES,8380,AM,AM,2019,1,2019,12,85.5,60 kg,"PORTARIA Nº 135, DE 12 DE JULH",http://biblioteca.conab.gov.br/phl82/pdf/legislacao/2018_PRT_935.pdf
FEIJÃO CORES,8380,AM,AM,2020,1,2020,12,94.2,60 kg,"PORTARIA Nº 135, DE 12 DE JULH",http://biblioteca.conab.gov.br/phl82/pdf/legislacao/2019_PRT_135.pdf
FEIJÃO CORES,8380,AM,AM,2021,1,2021,12,95.49,60 kg,"PORTARIA Nº 190, DE 9 DE JUNHO",http://biblioteca.conab.gov.br/phl82/pdf/legislacao/2020_PRT_190.pdf
FEIJÃO CORES,8380,AM,AM,2022,1,2022,12,116.75,60 kg,"PORTARIA Nº 201, DE 1º DE JULH",http://biblioteca.conab.gov.br/phl82/pdf/legislacao/2021_PRT_201.pdf
FEIJÃO CORES,8380,AM,AM,2023,1,2023,12,208.92,60 kg,"PORTARIA MAPA Nº 452, DE 4 DE",https://biblioteca.conab.gov.br/phl82/pdf/legislacao/2022_PRT_452.pdf
FEIJÃO CORES,8380,AM,AM,2024,1,2024,12,183.25,60 kg,"PORTARIA MAPA Nº 612, DE 31 DE",https://www.in.gov.br/en/web/dou/-/portaria-mapa-n-612-de-31-de-agosto-de-2023-507003445
FEIJÃO CORES,8380,AM,AM,2025,1,2025,12,181.23,60 kg,"PORTARIA MAPA Nº 700, DE 15 DE",https://www.in.gov.br/en/web/dou/-/portaria-mapa-n-700-de-15-de-julho-de-2024-572339980
FEIJÃO CORES,8380,AM,AM,2026,1,2026,12,181.23,60 kg,"PORTARIA MAPA Nº 812, DE 7 DE",https://www.in.gov.br/en/web/dou/-/portaria-mapa-n-812-de-7-de-julho-de-2025-640776008
FEIJÃO CORES,8380,AM,AM,2027,1,2027,12,186.84,60 kg,"PORTARIA MAPA Nº 934, DE 09 DE",https://www.in.gov.br/web/dou/-/portaria-mapa-n-934-de-9-de-julho-de-2026-718439459
FEIJÃO CORES,8380,AP,AP,2014,1,2014,12,95.0,60 kg,"PORTARIA  Nº  190,  DE  9  DE",NI
FEIJÃO CORES,8380,AP,AP,2015,1,2015,12,95.0,60 kg,"PORTARIA  Nº  190,  DE  9  DE",NI
FEIJÃO CORES,8380,AP,AP,2016,1,2016,12,78.0,60 kg,"PORTARIA Nº 1.577, DE 17 DE JU",http://biblioteca.conab.gov.br/phl82/pdf/legislacao/2017_PRT_1577.pdf
FEIJÃO CORES,8380,AP,AP,2017,1,2017,12,84.6,60 kg,"PORTARIA Nº 123, DE 5 DE JULHO",http://biblioteca.conab.gov.br/phl82/pdf/legislacao/2016_PRT_123.pdf
FEIJÃO CORES,8380,AP,AP,2018,1,2018,12,82.96,60 kg,"PORTARIA Nº 1.577, DE 17 DE JU",http://biblioteca.conab.gov.br/phl82/pdf/legislacao/2017_PRT_1577.pdf
FEIJÃO CORES,8380,AP,AP,2019,1,2019,12,85.5,60 kg,"PORTARIA Nº 135, DE 12 DE JULH",http://biblioteca.conab.gov.br/phl82/pdf/legislacao/2018_PRT_935.pdf
FEIJÃO CORES,8380,AP,AP,2020,1,2020,12,94.2,60 kg,"PORTARIA Nº 135, DE 12 DE JULH",http://biblioteca.conab.gov.br/phl82/pdf/legislacao/2019_PRT_135.pdf
FEIJÃO CORES,8380,AP,AP,2021,1,2021,12,95.49,60 kg,"PORTARIA Nº 190, DE 9 DE JUNHO",http://biblioteca.conab.gov.br/phl82/pdf/legislacao/2020_PRT_190.pdf
FEIJÃO CORES,8380,AP,AP,2022,1,2022,12,116.75,60 kg,"PORTARIA Nº 201, DE 1º DE JULH",http://biblioteca.conab.gov.br/phl82/pdf/legislacao/2021_PRT_201.pdf
FEIJÃO CORES,8380,AP,AP,2023,1,2023,12,208.92,60 kg,"PORTARIA MAPA Nº 452, DE 4 DE",https://biblioteca.conab.gov.br/phl82/pdf/legislacao/2022_PRT_452.pdf
FEIJÃO CORES,8380,AP,AP,2024,1,2024,12,183.25,60 kg,"PORTARIA MAPA Nº 612, DE 31 DE",https://www.in.gov.br/en/web/dou/-/portaria-mapa-n-612-de-31-de-agosto-de-2023-507003445
FEIJÃO CORES,8380,AP,AP,2025,1,2025,12,181.23,60 kg,"PORTARIA MAPA Nº 700, DE 15 DE",https://www.in.gov.br/en/web/dou/-/portaria-mapa-n-700-de-15-de-julho-de-2024-572339980
FEIJÃO CORES,8380,AP,AP,2026,1,2026,12,181.23,60 kg,"PORTARIA MAPA Nº 812, DE 7 DE",https://www.in.gov.br/en/web/dou/-/portaria-mapa-n-812-de-7-de-julho-de-2025-640776008
FEIJÃO CORES,8380,AP,AP,2027,1,2027,12,186.84,60 kg,"PORTARIA MAPA Nº 934, DE 09 DE",https://www.in.gov.br/web/dou/-/portaria-mapa-n-934-de-9-de-julho-de-2026-718439459
FEIJÃO CORES,8380,PA,PA,2014,1,2014,12,95.0,60 kg,"PORTARIA  Nº  190,  DE  9  DE",NI
FEIJÃO CORES,8380,PA,PA,2015,1,2015,12,95.0,60 kg,"PORTARIA  Nº  190,  DE  9  DE",NI
FEIJÃO CORES,8380,PA,PA,2016,1,2016,12,78.0,60 kg,"PORTARIA Nº 1.577, DE 17 DE JU",http://biblioteca.conab.gov.br/phl82/pdf/legislacao/2017_PRT_1577.pdf
FEIJÃO CORES,8380,PA,PA,2017,1,2017,12,84.6,60 kg,"PORTARIA Nº 123, DE 5 DE JULHO",http://biblioteca.conab.gov.br/phl82/pdf/legislacao/2016_PRT_123.pdf
FEIJÃO CORES,8380,PA,PA,2018,1,2018,12,82.96,60 kg,"PORTARIA Nº 1.577, DE 17 DE JU",http://biblioteca.conab.gov.br/phl82/pdf/legislacao/2017_PRT_1577.pdf
FEIJÃO CORES,8380,PA,PA,2019,1,2019,12,85.5,60 kg,"PORTARIA Nº 135, DE 12 DE JULH",http://biblioteca.conab.gov.br/phl82/pdf/legislacao/2018_PRT_935.pdf
FEIJÃO CORES,8380,PA,PA,2020,1,2020,12,94.2,60 kg,"PORTARIA Nº 135, DE 12 DE JULH",http://biblioteca.conab.gov.br/phl82/pdf/legislacao/2019_PRT_135.pdf
FEIJÃO CORES,8380,PA,PA,2021,1,2021,12,95.49,60 kg,"PORTARIA Nº 190, DE 9 DE JUNHO",http://biblioteca.conab.gov.br/phl82/pdf/legislacao/2020_PRT_190.pdf
FEIJÃO CORES,8380,PA,PA,2022,1,2022,12,116.75,60 kg,"PORTARIA Nº 201, DE 1º DE JULH",http://biblioteca.conab.gov.br/phl82/pdf/legislacao/2021_PRT_201.pdf
FEIJÃO CORES,8380,PA,PA,2023,1,2023,12,208.92,60 kg,"PORTARIA MAPA Nº 452, DE 4 DE",https://biblioteca.conab.gov.br/phl82/pdf/legislacao/2022_PRT_452.pdf
FEIJÃO CORES,8380,PA,PA,2024,1,2024,12,183.25,60 kg,"PORTARIA MAPA Nº 612, DE 31 DE",https://www.in.gov.br/en/web/dou/-/portaria-mapa-n-612-de-31-de-agosto-de-2023-507003445
FEIJÃO CORES,8380,PA,PA,2025,1,2025,12,181.23,60 kg,"PORTARIA MAPA Nº 700, DE 15 DE",https://www.in.gov.br/en/web/dou/-/portaria-mapa-n-700-de-15-de-julho-de-2024-572339980
FEIJÃO CORES,8380,PA,PA,2026,1,2026,12,181.23,60 kg,"PORTARIA MAPA Nº 812, DE 7 DE",https://www.in.gov.br/en/web/dou/-/portaria-mapa-n-812-de-7-de-julho-de-2025-640776008
FEIJÃO CORES,8380,PA,PA,2027,1,2027,12,186.84,60 kg,"PORTARIA MAPA Nº 934, DE 09 DE",https://www.in.gov.br/web/dou/-/portaria-mapa-n-934-de-9-de-julho-de-2026-718439459
FEIJÃO CORES,8380,RO,RO,2014,1,2014,12,95.0,60 kg,"PORTARIA  Nº  190,  DE  9  DE",NI
FEIJÃO CORES,8380,RO,RO,2015,1,2015,12,95.0,60 kg,"PORTARIA  Nº  190,  DE  9  DE",NI
FEIJÃO CORES,8380,RO,RO,2016,1,2016,12,78.0,60 kg,"PORTARIA Nº 1.577, DE 17 DE JU",http://biblioteca.conab.gov.br/phl82/pdf/legislacao/2017_PRT_1577.pdf
FEIJÃO CORES,8380,RO,RO,2017,1,2017,12,84.6,60 kg,"PORTARIA Nº 123, DE 5 DE JULHO",http://biblioteca.conab.gov.br/phl82/pdf/legislacao/2016_PRT_123.pdf
FEIJÃO CORES,8380,RO,RO,2018,1,2018,12,82.96,60 kg,"PORTARIA Nº 1.577, DE 17 DE JU",http://biblioteca.conab.gov.br/phl82/pdf/legislacao/2017_PRT_1577.pdf
FEIJÃO CORES,8380,RO,RO,2019,1,2019,12,85.5,60 kg,"PORTARIA Nº 135, DE 12 DE JULH",http://biblioteca.conab.gov.br/phl82/pdf/legislacao/2018_PRT_935.pdf
FEIJÃO CORES,8380,RO,RO,2020,1,2020,12,94.2,60 kg,"PORTARIA Nº 135, DE 12 DE JULH",http://biblioteca.conab.gov.br/phl82/pdf/legislacao/2019_PRT_135.pdf
FEIJÃO CORES,8380,RO,RO,2021,1,2021,12,95.49,60 kg,"PORTARIA Nº 190, DE 9 DE JUNHO",http://biblioteca.conab.gov.br/phl82/pdf/legislacao/2020_PRT_190.pdf
FEIJÃO CORES,8380,RO,RO,2022,1,2022,12,116.75,60 kg,"PORTARIA Nº 201, DE 1º DE JULH",http://biblioteca.conab.gov.br/phl82/pdf/legislacao/2021_PRT_201.pdf
FEIJÃO CORES,8380,RO,RO,2023,1,2023,12,208.92,60 kg,"PORTARIA MAPA Nº 452, DE 4 DE",https://biblioteca.conab.gov.br/phl82/pdf/legislacao/2022_PRT_452.pdf
FEIJÃO CORES,8380,RO,RO,2024,1,2024,12,183.25,60 kg,"PORTARIA MAPA Nº 612, DE 31 DE",https://www.in.gov.br/en/web/dou/-/portaria-mapa-n-612-de-31-de-agosto-de-2023-507003445
FEIJÃO CORES,8380,RO,RO,2025,1,2025,12,181.23,60 kg,"PORTARIA MAPA Nº 700, DE 15 DE",https://www.in.gov.br/en/web/dou/-/portaria-mapa-n-700-de-15-de-julho-de-2024-572339980
FEIJÃO CORES,8380,RO,RO,2026,1,2026,12,181.23,60 kg,"PORTARIA MAPA Nº 812, DE 7 DE",https://www.in.gov.br/en/web/dou/-/portaria-mapa-n-812-de-7-de-julho-de-2025-640776008
FEIJÃO CORES,8380,RO,RO,2027,1,2027,12,186.84,60 kg,"PORTARIA MAPA Nº 934, DE 09 DE",https://www.in.gov.br/web/dou/-/portaria-mapa-n-934-de-9-de-julho-de-2026-718439459
FEIJÃO CORES,8380,RR,RR,2014,1,2014,12,95.0,60 kg,"PORTARIA  Nº  190,  DE  9  DE",NI
FEIJÃO CORES,8380,RR,RR,2015,1,2015,12,95.0,60 kg,"PORTARIA  Nº  190,  DE  9  DE",NI
FEIJÃO CORES,8380,RR,RR,2016,1,2016,12,78.0,60 kg,"PORTARIA Nº 1.577, DE 17 DE JU",http://biblioteca.conab.gov.br/phl82/pdf/legislacao/2017_PRT_1577.pdf
FEIJÃO CORES,8380,RR,RR,2017,1,2017,12,84.6,60 kg,"PORTARIA Nº 123, DE 5 DE JULHO",http://biblioteca.conab.gov.br/phl82/pdf/legislacao/2016_PRT_123.pdf
FEIJÃO CORES,8380,RR,RR,2018,1,2018,12,82.96,60 kg,"PORTARIA Nº 1.577, DE 17 DE JU",http://biblioteca.conab.gov.br/phl82/pdf/legislacao/2017_PRT_1577.pdf
FEIJÃO CORES,8380,RR,RR,2019,1,2019,12,85.5,60 kg,"PORTARIA Nº 135, DE 12 DE JULH",http://biblioteca.conab.gov.br/phl82/pdf/legislacao/2018_PRT_935.pdf
FEIJÃO CORES,8380,RR,RR,2020,1,2020,12,94.2,60 kg,"PORTARIA Nº 135, DE 12 DE JULH",http://biblioteca.conab.gov.br/phl82/pdf/legislacao/2019_PRT_135.pdf
FEIJÃO CORES,8380,RR,RR,2021,1,2021,12,95.49,60 kg,"PORTARIA Nº 190, DE 9 DE JUNHO",http://biblioteca.conab.gov.br/phl82/pdf/legislacao/2020_PRT_190.pdf
FEIJÃO CORES,8380,RR,RR,2022,1,2022,12,116.75,60 kg,"PORTARIA Nº 201, DE 1º DE JULH",http://biblioteca.conab.gov.br/phl82/pdf/legislacao/2021_PRT_201.pdf
FEIJÃO CORES,8380,RR,RR,2023,1,2023,12,208.92,60 kg,"PORTARIA MAPA Nº 452, DE 4 DE",https://biblioteca.conab.gov.br/phl82/pdf/legislacao/2022_PRT_452.pdf
FEIJÃO CORES,8380,RR,RR,2024,1,2024,12,183.25,60 kg,"PORTARIA MAPA Nº 612, DE 31 DE",https://www.in.gov.br/en/web/dou/-/portaria-mapa-n-612-de-31-de-agosto-de-2023-507003445
FEIJÃO CORES,8380,RR,RR,2025,1,2025,12,181.23,60 kg,"PORTARIA MAPA Nº 700, DE 15 DE",https://www.in.gov.br/en/web/dou/-/portaria-mapa-n-700-de-15-de-julho-de-2024-572339980
FEIJÃO CORES,8380,RR,RR,2026,1,2026,12,181.23,60 kg,"PORTARIA MAPA Nº 812, DE 7 DE",https://www.in.gov.br/en/web/dou/-/portaria-mapa-n-812-de-7-de-julho-de-2025-640776008
FEIJÃO CORES,8380,RR,RR,2027,1,2027,12,186.84,60 kg,"PORTARIA MAPA Nº 934, DE 09 DE",https://www.in.gov.br/web/dou/-/portaria-mapa-n-934-de-9-de-julho-de-2026-718439459
FEIJÃO CORES,8380,TO,TO,2014,1,2014,12,95.0,60 kg,"PORTARIA  Nº  190,  DE  9  DE",NI
FEIJÃO CORES,8380,TO,TO,2015,1,2015,12,95.0,60 kg,"PORTARIA  Nº  190,  DE  9  DE",NI
FEIJÃO CORES,8380,TO,TO,2016,1,2016,12,78.0,60 kg,"PORTARIA Nº 1.577, DE 17 DE JU",http://biblioteca.conab.gov.br/phl82/pdf/legislacao/2017_PRT_1577.pdf
FEIJÃO CORES,8380,TO,TO,2017,1,2017,12,84.6,60 kg,"PORTARIA Nº 123, DE 5 DE JULHO",http://biblioteca.conab.gov.br/phl82/pdf/legislacao/2016_PRT_123.pdf
FEIJÃO CORES,8380,TO,TO,2018,1,2018,12,82.96,60 kg,"PORTARIA Nº 1.577, DE 17 DE JU",http://biblioteca.conab.gov.br/phl82/pdf/legislacao/2017_PRT_1577.pdf
FEIJÃO CORES,8380,TO,TO,2019,1,2019,12,85.5,60 kg,"PORTARIA Nº 135, DE 12 DE JULH",http://biblioteca.conab.gov.br/phl82/pdf/legislacao/2018_PRT_935.pdf
FEIJÃO CORES,8380,TO,TO,2020,1,2020,12,94.2,60 kg,"PORTARIA Nº 135, DE 12 DE JULH",http://biblioteca.conab.gov.br/phl82/pdf/legislacao/2019_PRT_135.pdf
FEIJÃO CORES,8380,TO,TO,2021,1,2021,12,95.49,60 kg,"PORTARIA Nº 190, DE 9 DE JUNHO",http://biblioteca.conab.gov.br/phl82/pdf/legislacao/2020_PRT_190.pdf
FEIJÃO CORES,8380,TO,TO,2022,1,2022,12,116.75,60 kg,"PORTARIA Nº 201, DE 1º DE JULH",http://biblioteca.conab.gov.br/phl82/pdf/legislacao/2021_PRT_201.pdf
FEIJÃO CORES,8380,TO,TO,2023,1,2023,12,208.92,60 kg,"PORTARIA MAPA Nº 452, DE 4 DE",https://biblioteca.conab.gov.br/phl82/pdf/legislacao/2022_PRT_452.pdf
FEIJÃO CORES,8380,TO,TO,2024,1,2024,12,183.25,60 kg,"PORTARIA MAPA Nº 612, DE 31 DE",https://www.in.gov.br/en/web/dou/-/portaria-mapa-n-612-de-31-de-agosto-de-2023-507003445
FEIJÃO CORES,8380,TO,TO,2025,1,2025,12,181.23,60 kg,"PORTARIA MAPA Nº 700, DE 15 DE",https://www.in.gov.br/en/web/dou/-/portaria-mapa-n-700-de-15-de-julho-de-2024-572339980
FEIJÃO CORES,8380,TO,TO,2026,1,2026,12,181.23,60 kg,"PORTARIA MAPA Nº 812, DE 7 DE",https://www.in.gov.br/en/web/dou/-/portaria-mapa-n-812-de-7-de-julho-de-2025-640776008
FEIJÃO CORES,8380,TO,TO,2027,1,2027,12,186.84,60 kg,"PORTARIA MAPA Nº 934, DE 09 DE",https://www.in.gov.br/web/dou/-/portaria-mapa-n-934-de-9-de-julho-de-2026-718439459
FEIJÃO PRETO,8777,AC,AC,2014,1,2014,12,105.0,60 kg,"PORTARIA  Nº  190,  DE  9  DE",NI
FEIJÃO PRETO,8777,AC,AC,2015,1,2015,12,105.0,60 kg,"PORTARIA  Nº  190,  DE  9  DE",NI
FEIJÃO PRETO,8777,AC,AC,2016,1,2016,12,87.0,60 kg,"PORTARIA Nº 1.577, DE 17 DE JU",http://biblioteca.conab.gov.br/phl82/pdf/legislacao/2017_PRT_1577.pdf
FEIJÃO PRETO,8777,AC,AC,2017,1,2017,12,94.8,60 kg,"PORTARIA Nº 123, DE 5 DE JULHO",http://biblioteca.conab.gov.br/phl82/pdf/legislacao/2016_PRT_123.pdf
FEIJÃO PRETO,8777,AC,AC,2018,1,2018,12,76.5,60 kg,"PORTARIA Nº 1.577, DE 17 DE JU",http://biblioteca.conab.gov.br/phl82/pdf/legislacao/2017_PRT_1577.pdf
FEIJÃO PRETO,8777,AC,AC,2019,1,2019,12,77.48,60 kg,"PORTARIA Nº 135, DE 12 DE JULH",http://biblioteca.conab.gov.br/phl82/pdf/legislacao/2018_PRT_935.pdf
FEIJÃO PRETO,8777,AC,AC,2020,1,2020,12,87.12,60 kg,"PORTARIA Nº 135, DE 12 DE JULH",http://biblioteca.conab.gov.br/phl82/pdf/legislacao/2019_PRT_135.pdf
FEIJÃO PRETO,8777,AC,AC,2021,1,2021,12,95.49,60 kg,"PORTARIA Nº 190, DE 9 DE JUNHO",http://biblioteca.conab.gov.br/phl82/pdf/legislacao/2020_PRT_190.pdf
FEIJÃO PRETO,8777,AC,AC,2022,1,2022,12,126.33,60 kg,"PORTARIA Nº 201, DE 1º DE JULH",http://biblioteca.conab.gov.br/phl82/pdf/legislacao/2021_PRT_201.pdf
FEIJÃO PRETO,8777,AC,AC,2023,1,2023,12,210.3,60 kg,"PORTARIA MAPA Nº 452, DE 4 DE",https://biblioteca.conab.gov.br/phl82/pdf/legislacao/2022_PRT_452.pdf
FEIJÃO PRETO,8777,AC,AC,2024,1,2024,12,159.54,60 kg,"PORTARIA MAPA Nº 612, DE 31 DE",https://www.in.gov.br/en/web/dou/-/portaria-mapa-n-612-de-31-de-agosto-de-2023-507003445
FEIJÃO PRETO,8777,AC,AC,2025,1,2025,12,152.91,60 kg,"PORTARIA MAPA Nº 700, DE 15 DE",https://www.in.gov.br/en/web/dou/-/portaria-mapa-n-700-de-15-de-julho-de-2024-572339980
FEIJÃO PRETO,8777,AC,AC,2026,1,2026,12,152.91,60 kg,"PORTARIA MAPA Nº 812, DE 7 DE",https://www.in.gov.br/en/web/dou/-/portaria-mapa-n-812-de-7-de-julho-de-2025-640776008
FEIJÃO PRETO,8777,AC,AC,2027,1,2027,12,167.67,60 kg,"PORTARIA MAPA Nº 934, DE 09 DE",https://www.in.gov.br/web/dou/-/portaria-mapa-n-934-de-9-de-julho-de-2026-718439459
FEIJÃO PRETO,8777,AM,AM,2014,1,2014,12,105.0,60 kg,"PORTARIA  Nº  190,  DE  9  DE",NI
FEIJÃO PRETO,8777,AM,AM,2015,1,2015,12,105.0,60 kg,"PORTARIA  Nº  190,  DE  9  DE",NI
FEIJÃO PRETO,8777,AM,AM,2016,1,2016,12,87.0,60 kg,"PORTARIA Nº 1.577, DE 17 DE JU",http://biblioteca.conab.gov.br/phl82/pdf/legislacao/2017_PRT_1577.pdf
FEIJÃO PRETO,8777,AM,AM,2017,1,2017,12,94.8,60 kg,"PORTARIA Nº 123, DE 5 DE JULHO",http://biblioteca.conab.gov.br/phl82/pdf/legislacao/2016_PRT_123.pdf
FEIJÃO PRETO,8777,AM,AM,2018,1,2018,12,76.5,60 kg,"PORTARIA Nº 1.577, DE 17 DE JU",http://biblioteca.conab.gov.br/phl82/pdf/legislacao/2017_PRT_1577.pdf
FEIJÃO PRETO,8777,AM,AM,2019,1,2019,12,77.48,60 kg,"PORTARIA Nº 135, DE 12 DE JULH",http://biblioteca.conab.gov.br/phl82/pdf/legislacao/2018_PRT_935.pdf
FEIJÃO PRETO,8777,AM,AM,2020,1,2020,12,87.12,60 kg,"PORTARIA Nº 135, DE 12 DE JULH",http://biblioteca.conab.gov.br/phl82/pdf/legislacao/2019_PRT_135.pdf
FEIJÃO PRETO,8777,AM,AM,2021,1,2021,12,95.49,60 kg,"PORTARIA Nº 190, DE 9 DE JUNHO",http://biblioteca.conab.gov.br/phl82/pdf/legislacao/2020_PRT_190.pdf
FEIJÃO PRETO,8777,AM,AM,2022,1,2022,12,126.33,60 kg,"PORTARIA Nº 201, DE 1º DE JULH",http://biblioteca.conab.gov.br/phl82/pdf/legislacao/2021_PRT_201.pdf
FEIJÃO PRETO,8777,AM,AM,2023,1,2023,12,210.3,60 kg,"PORTARIA MAPA Nº 452, DE 4 DE",https://biblioteca.conab.gov.br/phl82/pdf/legislacao/2022_PRT_452.pdf
FEIJÃO PRETO,8777,AM,AM,2024,1,2024,12,159.54,60 kg,"PORTARIA MAPA Nº 612, DE 31 DE",https://www.in.gov.br/en/web/dou/-/portaria-mapa-n-612-de-31-de-agosto-de-2023-507003445
FEIJÃO PRETO,8777,AM,AM,2025,1,2025,12,152.91,60 kg,"PORTARIA MAPA Nº 700, DE 15 DE",https://www.in.gov.br/en/web/dou/-/portaria-mapa-n-700-de-15-de-julho-de-2024-572339980
FEIJÃO PRETO,8777,AM,AM,2026,1,2026,12,152.91,60 kg,"PORTARIA MAPA Nº 812, DE 7 DE",https://www.in.gov.br/en/web/dou/-/portaria-mapa-n-812-de-7-de-julho-de-2025-640776008
FEIJÃO PRETO,8777,AM,AM,2027,1,2027,12,167.67,60 kg,"PORTARIA MAPA Nº 934, DE 09 DE",https://www.in.gov.br/web/dou/-/portaria-mapa-n-934-de-9-de-julho-de-2026-718439459
FEIJÃO PRETO,8777,AP,AP,2014,1,2014,12,105.0,60 kg,"PORTARIA  Nº  190,  DE  9  DE",NI
FEIJÃO PRETO,8777,AP,AP,2015,1,2015,12,105.0,60 kg,"PORTARIA  Nº  190,  DE  9  DE",NI
FEIJÃO PRETO,8777,AP,AP,2016,1,2016,12,87.0,60 kg,"PORTARIA Nº 1.577, DE 17 DE JU",http://biblioteca.conab.gov.br/phl82/pdf/legislacao/2017_PRT_1577.pdf
FEIJÃO PRETO,8777,AP,AP,2017,1,2017,12,94.8,60 kg,"PORTARIA Nº 123, DE 5 DE JULHO",http://biblioteca.conab.gov.br/phl82/pdf/legislacao/2016_PRT_123.pdf
FEIJÃO PRETO,8777,AP,AP,2018,1,2018,12,76.5,60 kg,"PORTARIA Nº 1.577, DE 17 DE JU",http://biblioteca.conab.gov.br/phl82/pdf/legislacao/2017_PRT_1577.pdf
FEIJÃO PRETO,8777,AP,AP,2019,1,2019,12,77.48,60 kg,"PORTARIA Nº 135, DE 12 DE JULH",http://biblioteca.conab.gov.br/phl82/pdf/legislacao/2018_PRT_935.pdf
FEIJÃO PRETO,8777,AP,AP,2020,1,2020,12,87.12,60 kg,"PORTARIA Nº 135, DE 12 DE JULH",http://biblioteca.conab.gov.br/phl82/pdf/legislacao/2019_PRT_135.pdf
FEIJÃO PRETO,8777,AP,AP,2021,1,2021,12,95.49,60 kg,"PORTARIA Nº 190, DE 9 DE JUNHO",http://biblioteca.conab.gov.br/phl82/pdf/legislacao/2020_PRT_190.pdf
FEIJÃO PRETO,8777,AP,AP,2022,1,2022,12,126.33,60 kg,"PORTARIA Nº 201, DE 1º DE JULH",http://biblioteca.conab.gov.br/phl82/pdf/legislacao/2021_PRT_201.pdf
FEIJÃO PRETO,8777,AP,AP,2023,1,2023,12,210.3,60 kg,"PORTARIA MAPA Nº 452, DE 4 DE",https://biblioteca.conab.gov.br/phl82/pdf/legislacao/2022_PRT_452.pdf
FEIJÃO PRETO,8777,AP,AP,2024,1,2024,12,159.54,60 kg,"PORTARIA MAPA Nº 612, DE 31 DE",https://www.in.gov.br/en/web/dou/-/portaria-mapa-n-612-de-31-de-agosto-de-2023-507003445
FEIJÃO PRETO,8777,AP,AP,2025,1,2025,12,152.91,60 kg,"PORTARIA MAPA Nº 700, DE 15 DE",https://www.in.gov.br/en/web/dou/-/portaria-mapa-n-700-de-15-de-julho-de-2024-572339980
FEIJÃO PRETO,8777,AP,AP,2026,1,2026,12,152.91,60 kg,"PORTARIA MAPA Nº 812, DE 7 DE",https://www.in.gov.br/en/web/dou/-/portaria-mapa-n-812-de-7-de-julho-de-2025-640776008
FEIJÃO PRETO,8777,AP,AP,2027,1,2027,12,167.67,60 kg,"PORTARIA MAPA Nº 934, DE 09 DE",https://www.in.gov.br/web/dou/-/portaria-mapa-n-934-de-9-de-julho-de-2026-718439459
FEIJÃO PRETO,8777,PA,PA,2014,1,2014,12,105.0,60 kg,"PORTARIA  Nº  190,  DE  9  DE",NI
FEIJÃO PRETO,8777,PA,PA,2015,1,2015,12,105.0,60 kg,"PORTARIA  Nº  190,  DE  9  DE",NI
FEIJÃO PRETO,8777,PA,PA,2016,1,2016,12,87.0,60 kg,"PORTARIA Nº 1.577, DE 17 DE JU",http://biblioteca.conab.gov.br/phl82/pdf/legislacao/2017_PRT_1577.pdf
FEIJÃO PRETO,8777,PA,PA,2017,1,2017,12,94.8,60 kg,"PORTARIA Nº 123, DE 5 DE JULHO",http://biblioteca.conab.gov.br/phl82/pdf/legislacao/2016_PRT_123.pdf
FEIJÃO PRETO,8777,PA,PA,2018,1,2018,12,76.5,60 kg,"PORTARIA Nº 1.577, DE 17 DE JU",http://biblioteca.conab.gov.br/phl82/pdf/legislacao/2017_PRT_1577.pdf
FEIJÃO PRETO,8777,PA,PA,2019,1,2019,12,77.48,60 kg,"PORTARIA Nº 135, DE 12 DE JULH",http://biblioteca.conab.gov.br/phl82/pdf/legislacao/2018_PRT_935.pdf
FEIJÃO PRETO,8777,PA,PA,2020,1,2020,12,87.12,60 kg,"PORTARIA Nº 135, DE 12 DE JULH",http://biblioteca.conab.gov.br/phl82/pdf/legislacao/2019_PRT_135.pdf
FEIJÃO PRETO,8777,PA,PA,2021,1,2021,12,95.49,60 kg,"PORTARIA Nº 190, DE 9 DE JUNHO",http://biblioteca.conab.gov.br/phl82/pdf/legislacao/2020_PRT_190.pdf
FEIJÃO PRETO,8777,PA,PA,2022,1,2022,12,126.33,60 kg,"PORTARIA Nº 201, DE 1º DE JULH",http://biblioteca.conab.gov.br/phl82/pdf/legislacao/2021_PRT_201.pdf
FEIJÃO PRETO,8777,PA,PA,2023,1,2023,12,210.3,60 kg,"PORTARIA MAPA Nº 452, DE 4 DE",https://biblioteca.conab.gov.br/phl82/pdf/legislacao/2022_PRT_452.pdf
FEIJÃO PRETO,8777,PA,PA,2024,1,2024,12,159.54,60 kg,"PORTARIA MAPA Nº 612, DE 31 DE",https://www.in.gov.br/en/web/dou/-/portaria-mapa-n-612-de-31-de-agosto-de-2023-507003445
FEIJÃO PRETO,8777,PA,PA,2025,1,2025,12,152.91,60 kg,"PORTARIA MAPA Nº 700, DE 15 DE",https://www.in.gov.br/en/web/dou/-/portaria-mapa-n-700-de-15-de-julho-de-2024-572339980
FEIJÃO PRETO,8777,PA,PA,2026,1,2026,12,152.91,60 kg,"PORTARIA MAPA Nº 812, DE 7 DE",https://www.in.gov.br/en/web/dou/-/portaria-mapa-n-812-de-7-de-julho-de-2025-640776008
FEIJÃO PRETO,8777,PA,PA,2027,1,2027,12,167.67,60 kg,"PORTARIA MAPA Nº 934, DE 09 DE",https://www.in.gov.br/web/dou/-/portaria-mapa-n-934-de-9-de-julho-de-2026-718439459
FEIJÃO PRETO,8777,RO,RO,2014,1,2014,12,105.0,60 kg,"PORTARIA  Nº  190,  DE  9  DE",NI
FEIJÃO PRETO,8777,RO,RO,2015,1,2015,12,105.0,60 kg,"PORTARIA  Nº  190,  DE  9  DE",NI
FEIJÃO PRETO,8777,RO,RO,2016,1,2016,12,87.0,60 kg,"PORTARIA Nº 1.577, DE 17 DE JU",http://biblioteca.conab.gov.br/phl82/pdf/legislacao/2017_PRT_1577.pdf
FEIJÃO PRETO,8777,RO,RO,2017,1,2017,12,94.8,60 kg,"PORTARIA Nº 123, DE 5 DE JULHO",http://biblioteca.conab.gov.br/phl82/pdf/legislacao/2016_PRT_123.pdf
FEIJÃO PRETO,8777,RO,RO,2018,1,2018,12,76.5,60 kg,"PORTARIA Nº 1.577, DE 17 DE JU",http://biblioteca.conab.gov.br/phl82/pdf/legislacao/2017_PRT_1577.pdf
FEIJÃO PRETO,8777,RO,RO,2019,1,2019,12,77.48,60 kg,"PORTARIA Nº 135, DE 12 DE JULH",http://biblioteca.conab.gov.br/phl82/pdf/legislacao/2018_PRT_935.pdf
FEIJÃO PRETO,8777,RO,RO,2020,1,2020,12,87.12,60 kg,"PORTARIA Nº 135, DE 12 DE JULH",http://biblioteca.conab.gov.br/phl82/pdf/legislacao/2019_PRT_135.pdf
FEIJÃO PRETO,8777,RO,RO,2021,1,2021,12,95.49,60 kg,"PORTARIA Nº 190, DE 9 DE JUNHO",http://biblioteca.conab.gov.br/phl82/pdf/legislacao/2020_PRT_190.pdf
FEIJÃO PRETO,8777,RO,RO,2022,1,2022,12,126.33,60 kg,"PORTARIA Nº 201, DE 1º DE JULH",http://biblioteca.conab.gov.br/phl82/pdf/legislacao/2021_PRT_201.pdf
FEIJÃO PRETO,8777,RO,RO,2023,1,2023,12,210.3,60 kg,"PORTARIA MAPA Nº 452, DE 4 DE",https://biblioteca.conab.gov.br/phl82/pdf/legislacao/2022_PRT_452.pdf
FEIJÃO PRETO,8777,RO,RO,2024,1,2024,12,159.54,60 kg,"PORTARIA MAPA Nº 612, DE 31 DE",https://www.in.gov.br/en/web/dou/-/portaria-mapa-n-612-de-31-de-agosto-de-2023-507003445
FEIJÃO PRETO,8777,RO,RO,2025,1,2025,12,152.91,60 kg,"PORTARIA MAPA Nº 700, DE 15 DE",https://www.in.gov.br/en/web/dou/-/portaria-mapa-n-700-de-15-de-julho-de-2024-572339980
FEIJÃO PRETO,8777,RO,RO,2026,1,2026,12,152.91,60 kg,"PORTARIA MAPA Nº 812, DE 7 DE",https://www.in.gov.br/en/web/dou/-/portaria-mapa-n-812-de-7-de-julho-de-2025-640776008
FEIJÃO PRETO,8777,RO,RO,2027,1,2027,12,167.67,60 kg,,
FEIJÃO PRETO,8777,RR,RR,2014,1,2014,12,105.0,60 kg,"PORTARIA  Nº  190,  DE  9  DE",NI
FEIJÃO PRETO,8777,RR,RR,2015,1,2015,12,105.0,60 kg,"PORTARIA  Nº  190,  DE  9  DE",NI
FEIJÃO PRETO,8777,RR,RR,2016,1,2016,12,87.0,60 kg,"PORTARIA Nº 1.577, DE 17 DE JU",http://biblioteca.conab.gov.br/phl82/pdf/legislacao/2017_PRT_1577.pdf
FEIJÃO PRETO,8777,RR,RR,2017,1,2017,12,94.8,60 kg,"PORTARIA Nº 123, DE 5 DE JULHO",http://biblioteca.conab.gov.br/phl82/pdf/legislacao/2016_PRT_123.pdf
FEIJÃO PRETO,8777,RR,RR,2018,1,2018,12,76.5,60 kg,"PORTARIA Nº 1.577, DE 17 DE JU",http://biblioteca.conab.gov.br/phl82/pdf/legislacao/2017_PRT_1577.pdf
FEIJÃO PRETO,8777,RR,RR,2019,1,2019,12,77.48,60 kg,"PORTARIA Nº 135, DE 12 DE JULH",http://biblioteca.conab.gov.br/phl82/pdf/legislacao/2018_PRT_935.pdf
FEIJÃO PRETO,8777,RR,RR,2020,1,2020,12,87.12,60 kg,"PORTARIA Nº 135, DE 12 DE JULH",http://biblioteca.conab.gov.br/phl82/pdf/legislacao/2019_PRT_135.pdf
FEIJÃO PRETO,8777,RR,RR,2021,1,2021,12,95.49,60 kg,"PORTARIA Nº 190, DE 9 DE JUNHO",http://biblioteca.conab.gov.br/phl82/pdf/legislacao/2020_PRT_190.pdf
FEIJÃO PRETO,8777,RR,RR,2022,1,2022,12,126.33,60 kg,"PORTARIA Nº 201, DE 1º DE JULH",http://biblioteca.conab.gov.br/phl82/pdf/legislacao/2021_PRT_201.pdf
FEIJÃO PRETO,8777,RR,RR,2023,1,2023,12,210.3,60 kg,"PORTARIA MAPA Nº 452, DE 4 DE",https://biblioteca.conab.gov.br/phl82/pdf/legislacao/2022_PRT_452.pdf
FEIJÃO PRETO,8777,RR,RR,2024,1,2024,12,159.54,60 kg,"PORTARIA MAPA Nº 612, DE 31 DE",https://www.in.gov.br/en/web/dou/-/portaria-mapa-n-612-de-31-de-agosto-de-2023-507003445
FEIJÃO PRETO,8777,RR,RR,2025,1,2025,12,152.91,60 kg,"PORTARIA MAPA Nº 700, DE 15 DE",https://www.in.gov.br/en/web/dou/-/portaria-mapa-n-700-de-15-de-julho-de-2024-572339980
FEIJÃO PRETO,8777,RR,RR,2026,1,2026,12,152.91,60 kg,"PORTARIA MAPA Nº 812, DE 7 DE",https://www.in.gov.br/en/web/dou/-/portaria-mapa-n-812-de-7-de-julho-de-2025-640776008
FEIJÃO PRETO,8777,RR,RR,2027,1,2027,12,167.67,60 kg,"PORTARIA MAPA Nº 934, DE 09 DE",https://www.in.gov.br/web/dou/-/portaria-mapa-n-934-de-9-de-julho-de-2026-718439459
FEIJÃO PRETO,8777,TO,TO,2014,1,2014,12,105.0,60 kg,"PORTARIA  Nº  190,  DE  9  DE",NI
FEIJÃO PRETO,8777,TO,TO,2015,1,2015,12,105.0,60 kg,"PORTARIA  Nº  190,  DE  9  DE",NI
FEIJÃO PRETO,8777,TO,TO,2016,1,2016,12,87.0,60 kg,"PORTARIA Nº 1.577, DE 17 DE JU",http://biblioteca.conab.gov.br/phl82/pdf/legislacao/2017_PRT_1577.pdf
FEIJÃO PRETO,8777,TO,TO,2017,1,2017,12,94.8,60 kg,"PORTARIA Nº 123, DE 5 DE JULHO",http://biblioteca.conab.gov.br/phl82/pdf/legislacao/2016_PRT_123.pdf
FEIJÃO PRETO,8777,TO,TO,2018,1,2018,12,76.5,60 kg,"PORTARIA Nº 1.577, DE 17 DE JU",http://biblioteca.conab.gov.br/phl82/pdf/legislacao/2017_PRT_1577.pdf
FEIJÃO PRETO,8777,TO,TO,2019,1,2019,12,77.48,60 kg,"PORTARIA Nº 135, DE 12 DE JULH",http://biblioteca.conab.gov.br/phl82/pdf/legislacao/2018_PRT_935.pdf
FEIJÃO PRETO,8777,TO,TO,2020,1,2020,12,87.12,60 kg,"PORTARIA Nº 135, DE 12 DE JULH",http://biblioteca.conab.gov.br/phl82/pdf/legislacao/2019_PRT_135.pdf
FEIJÃO PRETO,8777,TO,TO,2021,1,2021,12,95.49,60 kg,"PORTARIA Nº 190, DE 9 DE JUNHO",http://biblioteca.conab.gov.br/phl82/pdf/legislacao/2020_PRT_190.pdf
FEIJÃO PRETO,8777,TO,TO,2022,1,2022,12,126.33,60 kg,"PORTARIA Nº 201, DE 1º DE JULH",http://biblioteca.conab.gov.br/phl82/pdf/legislacao/2021_PRT_201.pdf
FEIJÃO PRETO,8777,TO,TO,2023,1,2023,12,210.3,60 kg,"PORTARIA MAPA Nº 452, DE 4 DE",https://biblioteca.conab.gov.br/phl82/pdf/legislacao/2022_PRT_452.pdf
FEIJÃO PRETO,8777,TO,TO,2024,1,2024,12,159.54,60 kg,"PORTARIA MAPA Nº 612, DE 31 DE",https://www.in.gov.br/en/web/dou/-/portaria-mapa-n-612-de-31-de-agosto-de-2023-507003445
FEIJÃO PRETO,8777,TO,TO,2025,1,2025,12,152.91,60 kg,"PORTARIA MAPA Nº 700, DE 15 DE",https://www.in.gov.br/en/web/dou/-/portaria-mapa-n-700-de-15-de-julho-de-2024-572339980
FEIJÃO PRETO,8777,TO,TO,2026,1,2026,12,152.91,60 kg,"PORTARIA MAPA Nº 812, DE 7 DE",https://www.in.gov.br/en/web/dou/-/portaria-mapa-n-812-de-7-de-julho-de-2025-640776008
FEIJÃO PRETO,8777,TO,TO,2027,1,2027,12,167.67,60 kg,"PORTARIA MAPA Nº 934, DE 09 DE",https://www.in.gov.br/web/dou/-/portaria-mapa-n-934-de-9-de-julho-de-2026-718439459
GOMA/POLVILHO,5388,AC,AC,2014,1,2014,12,1.2,kg,"PORTARIA  Nº  190,  DE  9  DE",NI
GOMA/POLVILHO,5388,AC,AC,2015,1,2015,12,1.2,kg,"PORTARIA  Nº  190,  DE  9  DE",NI
GOMA/POLVILHO,5388,AC,AC,2016,1,2016,12,1.28,kg,"PORTARIA Nº 1.577, DE 17 DE JU",http://biblioteca.conab.gov.br/phl82/pdf/legislacao/2017_PRT_1577.pdf
GOMA/POLVILHO,5388,AC,AC,2017,1,2017,12,1.32,kg,"PORTARIA Nº 1.577, DE 17 DE JU",http://biblioteca.conab.gov.br/phl82/pdf/legislacao/2017_PRT_1577.pdf
GOMA/POLVILHO,5388,AC,AC,2018,1,2018,12,1.36,kg,"PORTARIA Nº 1.577, DE 17 DE JU",http://biblioteca.conab.gov.br/phl82/pdf/legislacao/2017_PRT_1577.pdf
GOMA/POLVILHO,5388,AC,AC,2019,1,2019,12,1.48,kg,"PORTARIA Nº 135, DE 12 DE JULH",http://biblioteca.conab.gov.br/phl82/pdf/legislacao/2018_PRT_935.pdf
GOMA/POLVILHO,5388,AC,AC,2020,1,2020,12,1.54,kg,"PORTARIA Nº 135, DE 12 DE JULH",http://biblioteca.conab.gov.br/phl82/pdf/legislacao/2019_PRT_135.pdf
GOMA/POLVILHO,5388,AC,AC,2021,1,2021,12,1.54,kg,"PORTARIA Nº 190, DE 9 DE JUNHO",http://biblioteca.conab.gov.br/phl82/pdf/legislacao/2020_PRT_190.pdf
GOMA/POLVILHO,5388,AC,AC,2022,1,2022,12,1.83,kg,"PORTARIA Nº 201, DE 1º DE JULH",http://biblioteca.conab.gov.br/phl82/pdf/legislacao/2021_PRT_201.pdf
GOMA/POLVILHO,5388,AC,AC,2023,1,2023,12,2.16,kg,"PORTARIA MAPA Nº 452, DE 4 DE",https://biblioteca.conab.gov.br/phl82/pdf/legislacao/2022_PRT_452.pdf
GOMA/POLVILHO,5388,AC,AC,2024,1,2024,12,2.57,kg,"PORTARIA MAPA Nº 612, DE 31 DE",https://www.in.gov.br/en/web/dou/-/portaria-mapa-n-612-de-31-de-agosto-de-2023-507003445
GOMA/POLVILHO,5388,AC,AC,2025,1,2025,12,2.91,kg,"PORTARIA MAPA Nº 700, DE 15 DE",https://www.in.gov.br/en/web/dou/-/portaria-mapa-n-700-de-15-de-julho-de-2024-572339980
GOMA/POLVILHO,5388,AC,AC,2026,1,2026,12,3.27,kg,"PORTARIA MAPA Nº 812, DE 7 DE",https://www.in.gov.br/en/web/dou/-/portaria-mapa-n-812-de-7-de-julho-de-2025-640776008
GOMA/POLVILHO,5388,AC,AC,2027,1,2027,12,3.49,kg,"PORTARIA MAPA Nº 934, DE 09 DE",https://www.in.gov.br/web/dou/-/portaria-mapa-n-934-de-9-de-julho-de-2026-718439459
GOMA/POLVILHO,5388,AM,AM,2014,1,2014,12,1.2,kg,"PORTARIA  Nº  190,  DE  9  DE",NI
GOMA/POLVILHO,5388,AM,AM,2015,1,2015,12,1.2,kg,"PORTARIA  Nº  190,  DE  9  DE",NI
GOMA/POLVILHO,5388,AM,AM,2016,1,2016,12,1.28,kg,"PORTARIA Nº 1.577, DE 17 DE JU",http://biblioteca.conab.gov.br/phl82/pdf/legislacao/2017_PRT_1577.pdf
GOMA/POLVILHO,5388,AM,AM,2017,1,2017,12,1.32,kg,"PORTARIA Nº 1.577, DE 17 DE JU",http://biblioteca.conab.gov.br/phl82/pdf/legislacao/2017_PRT_1577.pdf
GOMA/POLVILHO,5388,AM,AM,2018,1,2018,12,1.36,kg,"PORTARIA Nº 1.577, DE 17 DE JU",http://biblioteca.conab.gov.br/phl82/pdf/legislacao/2017_PRT_1577.pdf
GOMA/POLVILHO,5388,AM,AM,2019,1,2019,12,1.48,kg,"PORTARIA Nº 135, DE 12 DE JULH",http://biblioteca.conab.gov.br/phl82/pdf/legislacao/2018_PRT_935.pdf
GOMA/POLVILHO,5388,AM,AM,2020,1,2020,12,1.54,kg,"PORTARIA Nº 135, DE 12 DE JULH",http://biblioteca.conab.gov.br/phl82/pdf/legislacao/2019_PRT_135.pdf
GOMA/POLVILHO,5388,AM,AM,2021,1,2021,12,1.54,kg,"PORTARIA Nº 190, DE 9 DE JUNHO",http://biblioteca.conab.gov.br/phl82/pdf/legislacao/2020_PRT_190.pdf
GOMA/POLVILHO,5388,AM,AM,2022,1,2022,12,1.83,kg,"PORTARIA Nº 201, DE 1º DE JULH",http://biblioteca.conab.gov.br/phl82/pdf/legislacao/2021_PRT_201.pdf
GOMA/POLVILHO,5388,AM,AM,2023,1,2023,12,2.16,kg,"PORTARIA MAPA Nº 452, DE 4 DE",https://biblioteca.conab.gov.br/phl82/pdf/legislacao/2022_PRT_452.pdf
GOMA/POLVILHO,5388,AM,AM,2024,1,2024,12,2.57,kg,"PORTARIA MAPA Nº 612, DE 31 DE",https://www.in.gov.br/en/web/dou/-/portaria-mapa-n-612-de-31-de-agosto-de-2023-507003445
GOMA/POLVILHO,5388,AM,AM,2025,1,2025,12,2.91,kg,"PORTARIA MAPA Nº 700, DE 15 DE",https://www.in.gov.br/en/web/dou/-/portaria-mapa-n-700-de-15-de-julho-de-2024-572339980
GOMA/POLVILHO,5388,AM,AM,2026,1,2026,12,3.27,kg,"PORTARIA MAPA Nº 812, DE 7 DE",https://www.in.gov.br/en/web/dou/-/portaria-mapa-n-812-de-7-de-julho-de-2025-640776008
GOMA/POLVILHO,5388,AM,AM,2027,1,2027,12,3.49,kg,"PORTARIA MAPA Nº 934, DE 09 DE",https://www.in.gov.br/web/dou/-/portaria-mapa-n-934-de-9-de-julho-de-2026-718439459
GOMA/POLVILHO,5388,AP,AP,2014,1,2014,12,1.2,kg,"PORTARIA  Nº  190,  DE  9  DE",NI
GOMA/POLVILHO,5388,AP,AP,2015,1,2015,12,1.2,kg,"PORTARIA  Nº  190,  DE  9  DE",NI
GOMA/POLVILHO,5388,AP,AP,2016,1,2016,12,1.28,kg,"PORTARIA Nº 1.577, DE 17 DE JU",http://biblioteca.conab.gov.br/phl82/pdf/legislacao/2017_PRT_1577.pdf
GOMA/POLVILHO,5388,AP,AP,2017,1,2017,12,1.32,kg,"PORTARIA Nº 1.577, DE 17 DE JU",http://biblioteca.conab.gov.br/phl82/pdf/legislacao/2017_PRT_1577.pdf
GOMA/POLVILHO,5388,AP,AP,2018,1,2018,12,1.36,kg,"PORTARIA Nº 1.577, DE 17 DE JU",http://biblioteca.conab.gov.br/phl82/pdf/legislacao/2017_PRT_1577.pdf
GOMA/POLVILHO,5388,AP,AP,2019,1,2019,12,1.48,kg,"PORTARIA Nº 135, DE 12 DE JULH",http://biblioteca.conab.gov.br/phl82/pdf/legislacao/2018_PRT_935.pdf
GOMA/POLVILHO,5388,AP,AP,2020,1,2020,12,1.54,kg,"PORTARIA Nº 135, DE 12 DE JULH",http://biblioteca.conab.gov.br/phl82/pdf/legislacao/2019_PRT_135.pdf
GOMA/POLVILHO,5388,AP,AP,2021,1,2021,12,1.54,kg,"PORTARIA Nº 190, DE 9 DE JUNHO",http://biblioteca.conab.gov.br/phl82/pdf/legislacao/2020_PRT_190.pdf
GOMA/POLVILHO,5388,AP,AP,2022,1,2022,12,1.83,kg,"PORTARIA Nº 201, DE 1º DE JULH",http://biblioteca.conab.gov.br/phl82/pdf/legislacao/2021_PRT_201.pdf
GOMA/POLVILHO,5388,AP,AP,2023,1,2023,12,2.16,kg,"PORTARIA MAPA Nº 452, DE 4 DE",https://biblioteca.conab.gov.br/phl82/pdf/legislacao/2022_PRT_452.pdf
GOMA/POLVILHO,5388,AP,AP,2024,1,2024,12,2.57,kg,"PORTARIA MAPA Nº 612, DE 31 DE",https://www.in.gov.br/en/web/dou/-/portaria-mapa-n-612-de-31-de-agosto-de-2023-507003445
GOMA/POLVILHO,5388,AP,AP,2025,1,2025,12,2.91,kg,"PORTARIA MAPA Nº 700, DE 15 DE",https://www.in.gov.br/en/web/dou/-/portaria-mapa-n-700-de-15-de-julho-de-2024-572339980
GOMA/POLVILHO,5388,AP,AP,2026,1,2026,12,3.27,kg,"PORTARIA MAPA Nº 812, DE 7 DE",https://www.in.gov.br/en/web/dou/-/portaria-mapa-n-812-de-7-de-julho-de-2025-640776008
GOMA/POLVILHO,5388,AP,AP,2027,1,2027,12,3.49,kg,"PORTARIA MAPA Nº 934, DE 09 DE",https://www.in.gov.br/web/dou/-/portaria-mapa-n-934-de-9-de-julho-de-2026-718439459
GOMA/POLVILHO,5388,PA,PA,2014,1,2014,12,1.2,kg,"PORTARIA  Nº  190,  DE  9  DE",NI
GOMA/POLVILHO,5388,PA,PA,2015,1,2015,12,1.2,kg,"PORTARIA  Nº  190,  DE  9  DE",NI
GOMA/POLVILHO,5388,PA,PA,2016,1,2016,12,1.28,kg,"PORTARIA Nº 1.577, DE 17 DE JU",http://biblioteca.conab.gov.br/phl82/pdf/legislacao/2017_PRT_1577.pdf
GOMA/POLVILHO,5388,PA,PA,2017,1,2017,12,1.32,kg,"PORTARIA Nº 1.577, DE 17 DE JU",http://biblioteca.conab.gov.br/phl82/pdf/legislacao/2017_PRT_1577.pdf
GOMA/POLVILHO,5388,PA,PA,2018,1,2018,12,1.36,kg,"PORTARIA Nº 1.577, DE 17 DE JU",http://biblioteca.conab.gov.br/phl82/pdf/legislacao/2017_PRT_1577.pdf
GOMA/POLVILHO,5388,PA,PA,2019,1,2019,12,1.48,kg,"PORTARIA Nº 135, DE 12 DE JULH",http://biblioteca.conab.gov.br/phl82/pdf/legislacao/2018_PRT_935.pdf
GOMA/POLVILHO,5388,PA,PA,2020,1,2020,12,1.54,kg,"PORTARIA Nº 135, DE 12 DE JULH",http://biblioteca.conab.gov.br/phl82/pdf/legislacao/2019_PRT_135.pdf
GOMA/POLVILHO,5388,PA,PA,2021,1,2021,12,1.54,kg,"PORTARIA Nº 190, DE 9 DE JUNHO",http://biblioteca.conab.gov.br/phl82/pdf/legislacao/2020_PRT_190.pdf
GOMA/POLVILHO,5388,PA,PA,2022,1,2022,12,1.83,kg,"PORTARIA Nº 201, DE 1º DE JULH",http://biblioteca.conab.gov.br/phl82/pdf/legislacao/2021_PRT_201.pdf
GOMA/POLVILHO,5388,PA,PA,2023,1,2023,12,2.16,kg,"PORTARIA MAPA Nº 452, DE 4 DE",https://biblioteca.conab.gov.br/phl82/pdf/legislacao/2022_PRT_452.pdf
GOMA/POLVILHO,5388,PA,PA,2024,1,2024,12,2.57,kg,"PORTARIA MAPA Nº 612, DE 31 DE",https://www.in.gov.br/en/web/dou/-/portaria-mapa-n-612-de-31-de-agosto-de-2023-507003445
GOMA/POLVILHO,5388,PA,PA,2025,1,2025,12,2.91,kg,"PORTARIA MAPA Nº 700, DE 15 DE",https://www.in.gov.br/en/web/dou/-/portaria-mapa-n-700-de-15-de-julho-de-2024-572339980
GOMA/POLVILHO,5388,PA,PA,2026,1,2026,12,3.27,kg,"PORTARIA MAPA Nº 812, DE 7 DE",https://www.in.gov.br/en/web/dou/-/portaria-mapa-n-812-de-7-de-julho-de-2025-640776008
GOMA/POLVILHO,5388,PA,PA,2027,1,2027,12,3.49,kg,"PORTARIA MAPA Nº 934, DE 09 DE",https://www.in.gov.br/web/dou/-/portaria-mapa-n-934-de-9-de-julho-de-2026-718439459
GOMA/POLVILHO,5388,RO,RO,2014,1,2014,12,1.2,kg,"PORTARIA  Nº  190,  DE  9  DE",NI
GOMA/POLVILHO,5388,RO,RO,2015,1,2015,12,1.2,kg,"PORTARIA  Nº  190,  DE  9  DE",NI
GOMA/POLVILHO,5388,RO,RO,2016,1,2016,12,1.28,kg,"PORTARIA Nº 1.577, DE 17 DE JU",http://biblioteca.conab.gov.br/phl82/pdf/legislacao/2017_PRT_1577.pdf
GOMA/POLVILHO,5388,RO,RO,2017,1,2017,12,1.32,kg,"PORTARIA Nº 1.577, DE 17 DE JU",http://biblioteca.conab.gov.br/phl82/pdf/legislacao/2017_PRT_1577.pdf
GOMA/POLVILHO,5388,RO,RO,2018,1,2018,12,0.01,kg,"PORTARIA Nº 1.577, DE 17 DE JU",http://biblioteca.conab.gov.br/phl82/pdf/legislacao/2017_PRT_1577.pdf
GOMA/POLVILHO,5388,RO,RO,2019,1,2019,12,1.48,kg,"PORTARIA Nº 135, DE 12 DE JULH",http://biblioteca.conab.gov.br/phl82/pdf/legislacao/2018_PRT_935.pdf
GOMA/POLVILHO,5388,RO,RO,2020,1,2020,12,1.54,kg,"PORTARIA Nº 135, DE 12 DE JULH",http://biblioteca.conab.gov.br/phl82/pdf/legislacao/2019_PRT_135.pdf
GOMA/POLVILHO,5388,RO,RO,2021,1,2021,12,1.54,kg,"PORTARIA Nº 190, DE 9 DE JUNHO",http://biblioteca.conab.gov.br/phl82/pdf/legislacao/2020_PRT_190.pdf
GOMA/POLVILHO,5388,RO,RO,2022,1,2022,12,1.83,kg,"PORTARIA Nº 201, DE 1º DE JULH",http://biblioteca.conab.gov.br/phl82/pdf/legislacao/2021_PRT_201.pdf
GOMA/POLVILHO,5388,RO,RO,2023,1,2023,12,2.16,kg,"PORTARIA MAPA Nº 452, DE 4 DE",https://biblioteca.conab.gov.br/phl82/pdf/legislacao/2022_PRT_452.pdf
GOMA/POLVILHO,5388,RO,RO,2024,1,2024,12,2.57,kg,"PORTARIA MAPA Nº 612, DE 31 DE",https://www.in.gov.br/en/web/dou/-/portaria-mapa-n-612-de-31-de-agosto-de-2023-507003445
GOMA/POLVILHO,5388,RO,RO,2025,1,2025,12,2.91,kg,"PORTARIA MAPA Nº 700, DE 15 DE",https://www.in.gov.br/en/web/dou/-/portaria-mapa-n-700-de-15-de-julho-de-2024-572339980
GOMA/POLVILHO,5388,RO,RO,2026,1,2026,12,3.27,kg,"PORTARIA MAPA Nº 812, DE 7 DE",https://www.in.gov.br/en/web/dou/-/portaria-mapa-n-812-de-7-de-julho-de-2025-640776008
GOMA/POLVILHO,5388,RO,RO,2027,1,2027,12,3.49,kg,"PORTARIA MAPA Nº 934, DE 09 DE",https://www.in.gov.br/web/dou/-/portaria-mapa-n-934-de-9-de-julho-de-2026-718439459
GOMA/POLVILHO,5388,RR,RR,2014,1,2014,12,1.2,kg,"PORTARIA  Nº  190,  DE  9  DE",NI
GOMA/POLVILHO,5388,RR,RR,2015,1,2015,12,1.2,kg,"PORTARIA  Nº  190,  DE  9  DE",NI
GOMA/POLVILHO,5388,RR,RR,2016,1,2016,12,1.28,kg,"PORTARIA Nº 1.577, DE 17 DE JU",http://biblioteca.conab.gov.br/phl82/pdf/legislacao/2017_PRT_1577.pdf
GOMA/POLVILHO,5388,RR,RR,2017,1,2017,12,1.32,kg,"PORTARIA Nº 1.577, DE 17 DE JU",http://biblioteca.conab.gov.br/phl82/pdf/legislacao/2017_PRT_1577.pdf
GOMA/POLVILHO,5388,RR,RR,2018,1,2018,12,1.36,kg,"PORTARIA Nº 1.577, DE 17 DE JU",http://biblioteca.conab.gov.br/phl82/pdf/legislacao/2017_PRT_1577.pdf
GOMA/POLVILHO,5388,RR,RR,2019,1,2019,12,1.48,kg,"PORTARIA Nº 135, DE 12 DE JULH",http://biblioteca.conab.gov.br/phl82/pdf/legislacao/2018_PRT_935.pdf
GOMA/POLVILHO,5388,RR,RR,2020,1,2020,12,1.54,kg,"PORTARIA Nº 135, DE 12 DE JULH",http://biblioteca.conab.gov.br/phl82/pdf/legislacao/2019_PRT_135.pdf
GOMA/POLVILHO,5388,RR,RR,2021,1,2021,12,1.54,kg,"PORTARIA Nº 190, DE 9 DE JUNHO",http://biblioteca.conab.gov.br/phl82/pdf/legislacao/2020_PRT_190.pdf
GOMA/POLVILHO,5388,RR,RR,2022,1,2022,12,1.83,kg,"PORTARIA Nº 201, DE 1º DE JULH",http://biblioteca.conab.gov.br/phl82/pdf/legislacao/2021_PRT_201.pdf
GOMA/POLVILHO,5388,RR,RR,2023,1,2023,12,2.16,kg,"PORTARIA MAPA Nº 452, DE 4 DE",https://biblioteca.conab.gov.br/phl82/pdf/legislacao/2022_PRT_452.pdf
GOMA/POLVILHO,5388,RR,RR,2024,1,2024,12,2.57,kg,"PORTARIA MAPA Nº 612, DE 31 DE",https://www.in.gov.br/en/web/dou/-/portaria-mapa-n-612-de-31-de-agosto-de-2023-507003445
GOMA/POLVILHO,5388,RR,RR,2025,1,2025,12,2.91,kg,"PORTARIA MAPA Nº 700, DE 15 DE",https://www.in.gov.br/en/web/dou/-/portaria-mapa-n-700-de-15-de-julho-de-2024-572339980
GOMA/POLVILHO,5388,RR,RR,2026,1,2026,12,3.27,kg,"PORTARIA MAPA Nº 812, DE 7 DE",https://www.in.gov.br/en/web/dou/-/portaria-mapa-n-812-de-7-de-julho-de-2025-640776008
GOMA/POLVILHO,5388,RR,RR,2027,1,2027,12,3.49,kg,"PORTARIA MAPA Nº 934, DE 09 DE",https://www.in.gov.br/web/dou/-/portaria-mapa-n-934-de-9-de-julho-de-2026-718439459
GOMA/POLVILHO,5388,TO,TO,2014,1,2014,12,1.2,kg,"PORTARIA  Nº  190,  DE  9  DE",NI
GOMA/POLVILHO,5388,TO,TO,2015,1,2015,12,1.2,kg,"PORTARIA  Nº  190,  DE  9  DE",NI
GOMA/POLVILHO,5388,TO,TO,2016,1,2016,12,1.28,kg,"PORTARIA Nº 1.577, DE 17 DE JU",http://biblioteca.conab.gov.br/phl82/pdf/legislacao/2017_PRT_1577.pdf
GOMA/POLVILHO,5388,TO,TO,2017,1,2017,12,1.32,kg,"PORTARIA Nº 1.577, DE 17 DE JU",http://biblioteca.conab.gov.br/phl82/pdf/legislacao/2017_PRT_1577.pdf
GOMA/POLVILHO,5388,TO,TO,2018,1,2018,12,1.36,kg,"PORTARIA Nº 1.577, DE 17 DE JU",http://biblioteca.conab.gov.br/phl82/pdf/legislacao/2017_PRT_1577.pdf
GOMA/POLVILHO,5388,TO,TO,2019,1,2019,12,1.48,kg,"PORTARIA Nº 135, DE 12 DE JULH",http://biblioteca.conab.gov.br/phl82/pdf/legislacao/2018_PRT_935.pdf
GOMA/POLVILHO,5388,TO,TO,2020,1,2020,12,1.54,kg,"PORTARIA Nº 135, DE 12 DE JULH",http://biblioteca.conab.gov.br/phl82/pdf/legislacao/2019_PRT_135.pdf
GOMA/POLVILHO,5388,TO,TO,2021,1,2021,12,1.54,kg,"PORTARIA Nº 190, DE 9 DE JUNHO",http://biblioteca.conab.gov.br/phl82/pdf/legislacao/2020_PRT_190.pdf
GOMA/POLVILHO,5388,TO,TO,2022,1,2022,12,1.83,kg,"PORTARIA Nº 201, DE 1º DE JULH",http://biblioteca.conab.gov.br/phl82/pdf/legislacao/2021_PRT_201.pdf
GOMA/POLVILHO,5388,TO,TO,2023,1,2023,12,2.16,kg,"PORTARIA MAPA Nº 452, DE 4 DE",https://biblioteca.conab.gov.br/phl82/pdf/legislacao/2022_PRT_452.pdf
GOMA/POLVILHO,5388,TO,TO,2024,1,2024,12,2.57,kg,"PORTARIA MAPA Nº 612, DE 31 DE",https://www.in.gov.br/en/web/dou/-/portaria-mapa-n-612-de-31-de-agosto-de-2023-507003445
GOMA/POLVILHO,5388,TO,TO,2025,1,2025,12,2.91,kg,"PORTARIA MAPA Nº 700, DE 15 DE",https://www.in.gov.br/en/web/dou/-/portaria-mapa-n-700-de-15-de-julho-de-2024-572339980
GOMA/POLVILHO,5388,TO,TO,2026,1,2026,12,3.27,kg,"PORTARIA MAPA Nº 812, DE 7 DE",https://www.in.gov.br/en/web/dou/-/portaria-mapa-n-812-de-7-de-julho-de-2025-640776008
GOMA/POLVILHO,5388,TO,TO,2027,1,2027,12,3.49,kg,"PORTARIA MAPA Nº 934, DE 09 DE",https://www.in.gov.br/web/dou/-/portaria-mapa-n-934-de-9-de-julho-de-2026-718439459
JUTA/MALVA EMBONECADA,4594,AC,AC,2014,1,2014,12,1.96,kg,"PORTARIA  Nº  190,  DE  9  DE",NI
JUTA/MALVA EMBONECADA,4594,AC,AC,2015,1,2015,12,1.96,kg,"PORTARIA  Nº  190,  DE  9  DE",NI
JUTA/MALVA EMBONECADA,4594,AC,AC,2016,1,2016,12,1.96,kg,"PORTARIA  Nº  190,  DE  9  DE",NI
JUTA/MALVA EMBONECADA,4594,AC,AC,2017,1,2017,12,2.04,kg,"PORTARIA Nº 123, DE 5 DE JULHO",http://biblioteca.conab.gov.br/phl82/pdf/legislacao/2016_PRT_123.pdf
JUTA/MALVA EMBONECADA,4594,AC,AC,2018,1,2018,12,2.54,kg,"PORTARIA Nº 1.577, DE 17 DE JU",http://biblioteca.conab.gov.br/phl82/pdf/legislacao/2017_PRT_1577.pdf
JUTA/MALVA EMBONECADA,4594,AC,AC,2019,1,2019,12,2.57,kg,"PORTARIA Nº 135, DE 12 DE JULH",http://biblioteca.conab.gov.br/phl82/pdf/legislacao/2018_PRT_935.pdf
JUTA/MALVA EMBONECADA,4594,AC,AC,2020,1,2020,12,2.63,kg,"PORTARIA Nº 135, DE 12 DE JULH",http://biblioteca.conab.gov.br/phl82/pdf/legislacao/2019_PRT_135.pdf
JUTA/MALVA EMBONECADA,4594,AC,AC,2021,1,2021,12,3.01,kg,"PORTARIA Nº 190, DE 9 DE JUNHO",http://biblioteca.conab.gov.br/phl82/pdf/legislacao/2020_PRT_190.pdf
JUTA/MALVA EMBONECADA,4594,AC,AC,2022,1,2022,12,3.52,kg,"PORTARIA Nº 201, DE 1º DE JULH",http://biblioteca.conab.gov.br/phl82/pdf/legislacao/2021_PRT_201.pdf
JUTA/MALVA EMBONECADA,4594,AC,AC,2023,1,2023,12,3.84,kg,"PORTARIA MAPA Nº 452, DE 4 DE",https://biblioteca.conab.gov.br/phl82/pdf/legislacao/2022_PRT_452.pdf
JUTA/MALVA EMBONECADA,4594,AC,AC,2024,1,2024,12,4.74,kg,"PORTARIA MAPA Nº 612, DE 31 DE",https://www.in.gov.br/en/web/dou/-/portaria-mapa-n-612-de-31-de-agosto-de-2023-507003445
JUTA/MALVA EMBONECADA,4594,AC,AC,2025,1,2025,12,4.52,kg,"PORTARIA MAPA Nº 700, DE 15 DE",https://www.in.gov.br/en/web/dou/-/portaria-mapa-n-700-de-15-de-julho-de-2024-572339980
JUTA/MALVA EMBONECADA,4594,AC,AC,2026,1,2026,12,4.94,kg,"PORTARIA MAPA Nº 812, DE 7 DE",https://www.in.gov.br/en/web/dou/-/portaria-mapa-n-812-de-7-de-julho-de-2025-640776008
JUTA/MALVA EMBONECADA,4594,AC,AC,2027,1,2027,12,5.28,kg,"PORTARIA MAPA Nº 934, DE 09 DE",https://www.in.gov.br/web/dou/-/portaria-mapa-n-934-de-9-de-julho-de-2026-718439459
JUTA/MALVA EMBONECADA,4594,AM,AM,2014,1,2014,12,1.96,kg,"PORTARIA  Nº  190,  DE  9  DE",NI
JUTA/MALVA EMBONECADA,4594,AM,AM,2015,1,2015,12,1.96,kg,"PORTARIA  Nº  190,  DE  9  DE",NI
JUTA/MALVA EMBONECADA,4594,AM,AM,2016,1,2016,12,1.96,kg,"PORTARIA  Nº  190,  DE  9  DE",NI
JUTA/MALVA EMBONECADA,4594,AM,AM,2017,1,2017,12,2.04,kg,"PORTARIA Nº 123, DE 5 DE JULHO",http://biblioteca.conab.gov.br/phl82/pdf/legislacao/2016_PRT_123.pdf
JUTA/MALVA EMBONECADA,4594,AM,AM,2018,1,2018,12,2.54,kg,"PORTARIA Nº 1.577, DE 17 DE JU",http://biblioteca.conab.gov.br/phl82/pdf/legislacao/2017_PRT_1577.pdf
JUTA/MALVA EMBONECADA,4594,AM,AM,2019,1,2019,12,2.57,kg,"PORTARIA Nº 135, DE 12 DE JULH",http://biblioteca.conab.gov.br/phl82/pdf/legislacao/2018_PRT_935.pdf
JUTA/MALVA EMBONECADA,4594,AM,AM,2020,1,2020,12,2.63,kg,"PORTARIA Nº 135, DE 12 DE JULH",http://biblioteca.conab.gov.br/phl82/pdf/legislacao/2019_PRT_135.pdf
JUTA/MALVA EMBONECADA,4594,AM,AM,2021,1,2021,12,3.01,kg,"PORTARIA Nº 190, DE 9 DE JUNHO",http://biblioteca.conab.gov.br/phl82/pdf/legislacao/2020_PRT_190.pdf
JUTA/MALVA EMBONECADA,4594,AM,AM,2022,1,2022,12,3.52,kg,"PORTARIA Nº 201, DE 1º DE JULH",http://biblioteca.conab.gov.br/phl82/pdf/legislacao/2021_PRT_201.pdf
JUTA/MALVA EMBONECADA,4594,AM,AM,2023,1,2023,12,3.84,kg,"PORTARIA MAPA Nº 452, DE 4 DE",https://biblioteca.conab.gov.br/phl82/pdf/legislacao/2022_PRT_452.pdf
JUTA/MALVA EMBONECADA,4594,AM,AM,2024,1,2024,12,4.74,kg,"PORTARIA MAPA Nº 612, DE 31 DE",https://www.in.gov.br/en/web/dou/-/portaria-mapa-n-612-de-31-de-agosto-de-2023-507003445
JUTA/MALVA EMBONECADA,4594,AM,AM,2025,1,2025,12,4.52,kg,"PORTARIA MAPA Nº 700, DE 15 DE",https://www.in.gov.br/en/web/dou/-/portaria-mapa-n-700-de-15-de-julho-de-2024-572339980
JUTA/MALVA EMBONECADA,4594,AM,AM,2026,1,2026,12,4.94,kg,"PORTARIA MAPA Nº 812, DE 7 DE",https://www.in.gov.br/en/web/dou/-/portaria-mapa-n-812-de-7-de-julho-de-2025-640776008
JUTA/MALVA EMBONECADA,4594,AM,AM,2027,1,2027,12,5.28,kg,"PORTARIA MAPA Nº 934, DE 09 DE",https://www.in.gov.br/web/dou/-/portaria-mapa-n-934-de-9-de-julho-de-2026-718439459
JUTA/MALVA EMBONECADA,4594,AP,AP,2014,1,2014,12,1.96,kg,"PORTARIA  Nº  190,  DE  9  DE",NI
JUTA/MALVA EMBONECADA,4594,AP,AP,2015,1,2015,12,1.96,kg,"PORTARIA  Nº  190,  DE  9  DE",NI
JUTA/MALVA EMBONECADA,4594,AP,AP,2016,1,2016,12,1.96,kg,"PORTARIA  Nº  190,  DE  9  DE",NI
JUTA/MALVA EMBONECADA,4594,AP,AP,2017,1,2017,12,2.04,kg,"PORTARIA Nº 123, DE 5 DE JULHO",http://biblioteca.conab.gov.br/phl82/pdf/legislacao/2016_PRT_123.pdf
JUTA/MALVA EMBONECADA,4594,AP,AP,2018,1,2018,12,2.54,kg,"PORTARIA Nº 1.577, DE 17 DE JU",http://biblioteca.conab.gov.br/phl82/pdf/legislacao/2017_PRT_1577.pdf
JUTA/MALVA EMBONECADA,4594,AP,AP,2019,1,2019,12,2.57,kg,"PORTARIA Nº 135, DE 12 DE JULH",http://biblioteca.conab.gov.br/phl82/pdf/legislacao/2018_PRT_935.pdf
JUTA/MALVA EMBONECADA,4594,AP,AP,2020,1,2020,12,2.63,kg,"PORTARIA Nº 135, DE 12 DE JULH",http://biblioteca.conab.gov.br/phl82/pdf/legislacao/2019_PRT_135.pdf
JUTA/MALVA EMBONECADA,4594,AP,AP,2021,1,2021,12,3.01,kg,"PORTARIA Nº 190, DE 9 DE JUNHO",http://biblioteca.conab.gov.br/phl82/pdf/legislacao/2020_PRT_190.pdf
JUTA/MALVA EMBONECADA,4594,AP,AP,2022,1,2022,12,3.52,kg,"PORTARIA Nº 201, DE 1º DE JULH",http://biblioteca.conab.gov.br/phl82/pdf/legislacao/2021_PRT_201.pdf
JUTA/MALVA EMBONECADA,4594,AP,AP,2023,1,2023,12,3.84,kg,"PORTARIA MAPA Nº 452, DE 4 DE",https://biblioteca.conab.gov.br/phl82/pdf/legislacao/2022_PRT_452.pdf
JUTA/MALVA EMBONECADA,4594,AP,AP,2024,1,2024,12,4.74,kg,"PORTARIA MAPA Nº 612, DE 31 DE",https://www.in.gov.br/en/web/dou/-/portaria-mapa-n-612-de-31-de-agosto-de-2023-507003445
JUTA/MALVA EMBONECADA,4594,AP,AP,2025,1,2025,12,4.52,kg,"PORTARIA MAPA Nº 700, DE 15 DE",https://www.in.gov.br/en/web/dou/-/portaria-mapa-n-700-de-15-de-julho-de-2024-572339980
JUTA/MALVA EMBONECADA,4594,AP,AP,2026,1,2026,12,4.94,kg,"PORTARIA MAPA Nº 812, DE 7 DE",https://www.in.gov.br/en/web/dou/-/portaria-mapa-n-812-de-7-de-julho-de-2025-640776008
JUTA/MALVA EMBONECADA,4594,AP,AP,2027,1,2027,12,5.28,kg,"PORTARIA MAPA Nº 934, DE 09 DE",https://www.in.gov.br/web/dou/-/portaria-mapa-n-934-de-9-de-julho-de-2026-718439459
JUTA/MALVA EMBONECADA,4594,PA,PA,2014,1,2014,12,1.96,kg,"PORTARIA  Nº  190,  DE  9  DE",NI
JUTA/MALVA EMBONECADA,4594,PA,PA,2015,1,2015,12,1.96,kg,"PORTARIA  Nº  190,  DE  9  DE",NI
JUTA/MALVA EMBONECADA,4594,PA,PA,2016,1,2016,12,1.96,kg,"PORTARIA  Nº  190,  DE  9  DE",NI
JUTA/MALVA EMBONECADA,4594,PA,PA,2017,1,2017,12,2.04,kg,"PORTARIA Nº 123, DE 5 DE JULHO",http://biblioteca.conab.gov.br/phl82/pdf/legislacao/2016_PRT_123.pdf
JUTA/MALVA EMBONECADA,4594,PA,PA,2018,1,2018,12,2.54,kg,"PORTARIA Nº 1.577, DE 17 DE JU",http://biblioteca.conab.gov.br/phl82/pdf/legislacao/2017_PRT_1577.pdf
JUTA/MALVA EMBONECADA,4594,PA,PA,2019,1,2019,12,2.57,kg,"PORTARIA Nº 135, DE 12 DE JULH",http://biblioteca.conab.gov.br/phl82/pdf/legislacao/2018_PRT_935.pdf
JUTA/MALVA EMBONECADA,4594,PA,PA,2020,1,2020,12,2.63,kg,"PORTARIA Nº 135, DE 12 DE JULH",http://biblioteca.conab.gov.br/phl82/pdf/legislacao/2019_PRT_135.pdf
JUTA/MALVA EMBONECADA,4594,PA,PA,2021,1,2021,12,3.01,kg,"PORTARIA Nº 190, DE 9 DE JUNHO",http://biblioteca.conab.gov.br/phl82/pdf/legislacao/2020_PRT_190.pdf
JUTA/MALVA EMBONECADA,4594,PA,PA,2022,1,2022,12,3.52,kg,"PORTARIA Nº 201, DE 1º DE JULH",http://biblioteca.conab.gov.br/phl82/pdf/legislacao/2021_PRT_201.pdf
JUTA/MALVA EMBONECADA,4594,PA,PA,2023,1,2023,12,3.84,kg,"PORTARIA MAPA Nº 452, DE 4 DE",https://biblioteca.conab.gov.br/phl82/pdf/legislacao/2022_PRT_452.pdf
JUTA/MALVA EMBONECADA,4594,PA,PA,2024,1,2024,12,4.74,kg,"PORTARIA MAPA Nº 612, DE 31 DE",https://www.in.gov.br/en/web/dou/-/portaria-mapa-n-612-de-31-de-agosto-de-2023-507003445
JUTA/MALVA EMBONECADA,4594,PA,PA,2025,1,2025,12,4.52,kg,"PORTARIA MAPA Nº 700, DE 15 DE",https://www.in.gov.br/en/web/dou/-/portaria-mapa-n-700-de-15-de-julho-de-2024-572339980
JUTA/MALVA EMBONECADA,4594,PA,PA,2026,1,2026,12,4.94,kg,"PORTARIA MAPA Nº 812, DE 7 DE",https://www.in.gov.br/en/web/dou/-/portaria-mapa-n-812-de-7-de-julho-de-2025-640776008
JUTA/MALVA EMBONECADA,4594,PA,PA,2027,1,2027,12,5.28,kg,"PORTARIA MAPA Nº 934, DE 09 DE",https://www.in.gov.br/web/dou/-/portaria-mapa-n-934-de-9-de-julho-de-2026-718439459
JUTA/MALVA EMBONECADA,4594,RO,RO,2014,1,2014,12,1.96,kg,"PORTARIA  Nº  190,  DE  9  DE",NI
JUTA/MALVA EMBONECADA,4594,RO,RO,2015,1,2015,12,1.96,kg,"PORTARIA  Nº  190,  DE  9  DE",NI
JUTA/MALVA EMBONECADA,4594,RO,RO,2016,1,2016,12,1.96,kg,"PORTARIA  Nº  190,  DE  9  DE",NI
JUTA/MALVA EMBONECADA,4594,RO,RO,2017,1,2017,12,2.04,kg,"PORTARIA Nº 123, DE 5 DE JULHO",http://biblioteca.conab.gov.br/phl82/pdf/legislacao/2016_PRT_123.pdf
JUTA/MALVA EMBONECADA,4594,RO,RO,2018,1,2018,12,2.54,kg,"PORTARIA Nº 1.577, DE 17 DE JU",http://biblioteca.conab.gov.br/phl82/pdf/legislacao/2017_PRT_1577.pdf
JUTA/MALVA EMBONECADA,4594,RO,RO,2019,1,2019,12,2.57,kg,"PORTARIA Nº 135, DE 12 DE JULH",http://biblioteca.conab.gov.br/phl82/pdf/legislacao/2018_PRT_935.pdf
JUTA/MALVA EMBONECADA,4594,RO,RO,2020,1,2020,12,2.63,kg,"PORTARIA Nº 135, DE 12 DE JULH",http://biblioteca.conab.gov.br/phl82/pdf/legislacao/2019_PRT_135.pdf
JUTA/MALVA EMBONECADA,4594,RO,RO,2021,1,2021,12,3.01,kg,"PORTARIA Nº 190, DE 9 DE JUNHO",http://biblioteca.conab.gov.br/phl82/pdf/legislacao/2020_PRT_190.pdf
JUTA/MALVA EMBONECADA,4594,RO,RO,2022,1,2022,12,3.52,kg,"PORTARIA Nº 201, DE 1º DE JULH",http://biblioteca.conab.gov.br/phl82/pdf/legislacao/2021_PRT_201.pdf
JUTA/MALVA EMBONECADA,4594,RO,RO,2023,1,2023,12,3.84,kg,"PORTARIA MAPA Nº 452, DE 4 DE",https://biblioteca.conab.gov.br/phl82/pdf/legislacao/2022_PRT_452.pdf
JUTA/MALVA EMBONECADA,4594,RO,RO,2024,1,2024,12,4.74,kg,"PORTARIA MAPA Nº 612, DE 31 DE",https://www.in.gov.br/en/web/dou/-/portaria-mapa-n-612-de-31-de-agosto-de-2023-507003445
JUTA/MALVA EMBONECADA,4594,RO,RO,2025,1,2025,12,4.52,kg,"PORTARIA MAPA Nº 700, DE 15 DE",https://www.in.gov.br/en/web/dou/-/portaria-mapa-n-700-de-15-de-julho-de-2024-572339980
JUTA/MALVA EMBONECADA,4594,RO,RO,2026,1,2026,12,4.94,kg,"PORTARIA MAPA Nº 812, DE 7 DE",https://www.in.gov.br/en/web/dou/-/portaria-mapa-n-812-de-7-de-julho-de-2025-640776008
JUTA/MALVA EMBONECADA,4594,RO,RO,2027,1,2027,12,5.28,kg,"PORTARIA MAPA Nº 934, DE 09 DE",https://www.in.gov.br/web/dou/-/portaria-mapa-n-934-de-9-de-julho-de-2026-718439459
JUTA/MALVA EMBONECADA,4594,RR,RR,2014,1,2014,12,1.96,kg,"PORTARIA  Nº  190,  DE  9  DE",NI
JUTA/MALVA EMBONECADA,4594,RR,RR,2015,1,2015,12,1.96,kg,"PORTARIA  Nº  190,  DE  9  DE",NI
JUTA/MALVA EMBONECADA,4594,RR,RR,2016,1,2016,12,1.96,kg,"PORTARIA  Nº  190,  DE  9  DE",NI
JUTA/MALVA EMBONECADA,4594,RR,RR,2017,1,2017,12,2.04,kg,"PORTARIA Nº 123, DE 5 DE JULHO",http://biblioteca.conab.gov.br/phl82/pdf/legislacao/2016_PRT_123.pdf
JUTA/MALVA EMBONECADA,4594,RR,RR,2018,1,2018,12,2.54,kg,"PORTARIA Nº 1.577, DE 17 DE JU",http://biblioteca.conab.gov.br/phl82/pdf/legislacao/2017_PRT_1577.pdf
JUTA/MALVA EMBONECADA,4594,RR,RR,2019,1,2019,12,2.57,kg,"PORTARIA Nº 135, DE 12 DE JULH",http://biblioteca.conab.gov.br/phl82/pdf/legislacao/2018_PRT_935.pdf
JUTA/MALVA EMBONECADA,4594,RR,RR,2020,1,2020,12,2.63,kg,"PORTARIA Nº 135, DE 12 DE JULH",http://biblioteca.conab.gov.br/phl82/pdf/legislacao/2019_PRT_135.pdf
JUTA/MALVA EMBONECADA,4594,RR,RR,2021,1,2021,12,3.01,kg,"PORTARIA Nº 190, DE 9 DE JUNHO",http://biblioteca.conab.gov.br/phl82/pdf/legislacao/2020_PRT_190.pdf
JUTA/MALVA EMBONECADA,4594,RR,RR,2022,1,2022,12,3.52,kg,"PORTARIA Nº 201, DE 1º DE JULH",http://biblioteca.conab.gov.br/phl82/pdf/legislacao/2021_PRT_201.pdf
JUTA/MALVA EMBONECADA,4594,RR,RR,2023,1,2023,12,3.84,kg,"PORTARIA MAPA Nº 452, DE 4 DE",https://biblioteca.conab.gov.br/phl82/pdf/legislacao/2022_PRT_452.pdf
JUTA/MALVA EMBONECADA,4594,RR,RR,2024,1,2024,12,4.74,kg,"PORTARIA MAPA Nº 612, DE 31 DE",https://www.in.gov.br/en/web/dou/-/portaria-mapa-n-612-de-31-de-agosto-de-2023-507003445
JUTA/MALVA EMBONECADA,4594,RR,RR,2025,1,2025,12,4.52,kg,"PORTARIA MAPA Nº 700, DE 15 DE",https://www.in.gov.br/en/web/dou/-/portaria-mapa-n-700-de-15-de-julho-de-2024-572339980
JUTA/MALVA EMBONECADA,4594,RR,RR,2026,1,2026,12,4.94,kg,"PORTARIA MAPA Nº 812, DE 7 DE",https://www.in.gov.br/en/web/dou/-/portaria-mapa-n-812-de-7-de-julho-de-2025-640776008
JUTA/MALVA EMBONECADA,4594,RR,RR,2027,1,2027,12,5.28,kg,"PORTARIA MAPA Nº 934, DE 09 DE",https://www.in.gov.br/web/dou/-/portaria-mapa-n-934-de-9-de-julho-de-2026-718439459
JUTA/MALVA EMBONECADA,4594,TO,TO,2014,1,2014,12,1.96,kg,"PORTARIA  Nº  190,  DE  9  DE",NI
JUTA/MALVA EMBONECADA,4594,TO,TO,2015,1,2015,12,1.96,kg,"PORTARIA  Nº  190,  DE  9  DE",NI
JUTA/MALVA EMBONECADA,4594,TO,TO,2016,1,2016,12,1.96,kg,"PORTARIA  Nº  190,  DE  9  DE",NI
JUTA/MALVA EMBONECADA,4594,TO,TO,2017,1,2017,12,2.04,kg,"PORTARIA Nº 123, DE 5 DE JULHO",http://biblioteca.conab.gov.br/phl82/pdf/legislacao/2016_PRT_123.pdf
JUTA/MALVA EMBONECADA,4594,TO,TO,2018,1,2018,12,2.54,kg,"PORTARIA Nº 1.577, DE 17 DE JU",http://biblioteca.conab.gov.br/phl82/pdf/legislacao/2017_PRT_1577.pdf
JUTA/MALVA EMBONECADA,4594,TO,TO,2019,1,2019,12,2.57,kg,"PORTARIA Nº 135, DE 12 DE JULH",http://biblioteca.conab.gov.br/phl82/pdf/legislacao/2018_PRT_935.pdf
JUTA/MALVA EMBONECADA,4594,TO,TO,2020,1,2020,12,2.63,kg,"PORTARIA Nº 135, DE 12 DE JULH",http://biblioteca.conab.gov.br/phl82/pdf/legislacao/2019_PRT_135.pdf
JUTA/MALVA EMBONECADA,4594,TO,TO,2021,1,2021,12,3.01,kg,"PORTARIA Nº 190, DE 9 DE JUNHO",http://biblioteca.conab.gov.br/phl82/pdf/legislacao/2020_PRT_190.pdf
JUTA/MALVA EMBONECADA,4594,TO,TO,2022,1,2022,12,3.52,kg,"PORTARIA Nº 201, DE 1º DE JULH",http://biblioteca.conab.gov.br/phl82/pdf/legislacao/2021_PRT_201.pdf
JUTA/MALVA EMBONECADA,4594,TO,TO,2023,1,2023,12,3.84,kg,"PORTARIA MAPA Nº 452, DE 4 DE",https://biblioteca.conab.gov.br/phl82/pdf/legislacao/2022_PRT_452.pdf
JUTA/MALVA EMBONECADA,4594,TO,TO,2024,1,2024,12,4.74,kg,"PORTARIA MAPA Nº 612, DE 31 DE",https://www.in.gov.br/en/web/dou/-/portaria-mapa-n-612-de-31-de-agosto-de-2023-507003445
JUTA/MALVA EMBONECADA,4594,TO,TO,2025,1,2025,12,4.52,kg,"PORTARIA MAPA Nº 700, DE 15 DE",https://www.in.gov.br/en/web/dou/-/portaria-mapa-n-700-de-15-de-julho-de-2024-572339980
JUTA/MALVA EMBONECADA,4594,TO,TO,2026,1,2026,12,4.94,kg,"PORTARIA MAPA Nº 812, DE 7 DE",https://www.in.gov.br/en/web/dou/-/portaria-mapa-n-812-de-7-de-julho-de-2025-640776008
JUTA/MALVA EMBONECADA,4594,TO,TO,2027,1,2027,12,5.28,kg,"PORTARIA MAPA Nº 934, DE 09 DE",https://www.in.gov.br/web/dou/-/portaria-mapa-n-934-de-9-de-julho-de-2026-718439459
LARANJA,4641,AC,AC,2014,5,2015,3,11.45,"40,8 kg","PORTARIA  Nº  190,  DE  9  DE",NI
LARANJA,4641,AC,AC,2015,7,2016,6,11.45,"40,8 kg","PORTARIA  Nº  190,  DE  9  DE",NI
LARANJA,4641,AC,AC,2016,7,2017,6,12.28,"40,8 kg","PORTARIA Nº 123, DE 5 DE JULHO",http://biblioteca.conab.gov.br/phl82/pdf/legislacao/2016_PRT_123.pdf
LARANJA,4641,AC,AC,2017,7,2018,6,12.28,"40,8 kg","PORTARIA Nº 826, DE 7 DE ABRIL",http://biblioteca.conab.gov.br/phl82/pdf/legislacao/2017_PRT_826.pdf
LARANJA,4641,AC,AC,2018,7,2019,6,13.2,"40,8 kg","PORTARIA Nº 438, DE 28 DE MARÇ",http://biblioteca.conab.gov.br/phl82/pdf/legislacao/2018_PRT_438.pdf
LARANJA,4641,AC,AC,2019,7,2020,6,15.95,"40,8 kg","PORTARIA Nº 31, DE 11 DE MARÇO",http://biblioteca.conab.gov.br/phl82/pdf/legislacao/2019_PRT_31.pdf
LARANJA,4641,AC,AC,2020,7,2021,6,15.53,"40,8 kg","PORTARIA Nº 42, DE 6 DE FEVERE",http://biblioteca.conab.gov.br/phl82/pdf/legislacao/2020_PRT_42.pdf
LARANJA,4641,AC,AC,2021,7,2022,6,17.76,"40,8 kg","PORTARIA MAPA Nº 47, DE 4 DE M",http://biblioteca.conab.gov.br/phl82/pdf/legislacao/2021_PRT_47.pdf
LARANJA,4641,AC,AC,2022,7,2023,6,24.23,"40,8 kg","PORTARIA MAPA Nº 419, DE 30 DE",http://biblioteca.conab.gov.br/phl82/pdf/legislacao/2022_PRT_419.pdf
LARANJA,4641,AC,AC,2023,7,2024,6,22.72,"40,8 kg","PORTARIA MDA Nº 4, DE 3 DE ABR",https://www.in.gov.br/web/dou/-/portaria-mda-n-4-de-3-de-abril-de-2023-474880140
LARANJA,4641,AC,AC,2024,7,2025,6,23.83,"40,8 kg","PORTARIA MAPA Nº 669, DE 1º DE",https://www.in.gov.br/web/dou/-/portaria-mapa-n-669-de-1-de-abril-de-2024-551526105
LARANJA,4641,AC,AC,2025,7,2026,6,28.44,"40,8 kg",PORTARIA MAPA 780 DE 10 DE MAR,https://www.in.gov.br/en/web/dou/-/portaria-mapa-n-780-de-10-de-marco-de-2025-616761039
LARANJA,4641,AC,AC,2026,7,2027,6,28.76,"40,8 kg","PORTARIA MAPA Nº 895, DE 25 DE",https://www.in.gov.br/web/dou/-/portaria-mapa-n-895-de-25-de-marco-de-2026-695323510
LARANJA,4641,AM,AM,2014,5,2015,3,11.45,"40,8 kg","PORTARIA  Nº  190,  DE  9  DE",NI
LARANJA,4641,AM,AM,2015,7,2016,6,11.45,"40,8 kg","PORTARIA  Nº  190,  DE  9  DE",NI
LARANJA,4641,AM,AM,2016,7,2017,6,12.28,"40,8 kg","PORTARIA Nº 123, DE 5 DE JULHO",http://biblioteca.conab.gov.br/phl82/pdf/legislacao/2016_PRT_123.pdf
LARANJA,4641,AM,AM,2017,7,2018,6,12.28,"40,8 kg","PORTARIA Nº 826, DE 7 DE ABRIL",http://biblioteca.conab.gov.br/phl82/pdf/legislacao/2017_PRT_826.pdf
LARANJA,4641,AM,AM,2018,7,2019,6,13.2,"40,8 kg","PORTARIA Nº 438, DE 28 DE MARÇ",http://biblioteca.conab.gov.br/phl82/pdf/legislacao/2018_PRT_438.pdf
LARANJA,4641,AM,AM,2019,7,2020,6,15.95,"40,8 kg","PORTARIA Nº 31, DE 11 DE MARÇO",http://biblioteca.conab.gov.br/phl82/pdf/legislacao/2019_PRT_31.pdf
LARANJA,4641,AM,AM,2020,7,2021,6,15.53,"40,8 kg","PORTARIA Nº 42, DE 6 DE FEVERE",http://biblioteca.conab.gov.br/phl82/pdf/legislacao/2020_PRT_42.pdf
LARANJA,4641,AM,AM,2021,7,2022,6,17.76,"40,8 kg","PORTARIA MAPA Nº 47, DE 4 DE M",http://biblioteca.conab.gov.br/phl82/pdf/legislacao/2021_PRT_47.pdf
LARANJA,4641,AM,AM,2022,7,2023,6,24.23,"40,8 kg","PORTARIA MAPA Nº 419, DE 30 DE",http://biblioteca.conab.gov.br/phl82/pdf/legislacao/2022_PRT_419.pdf
LARANJA,4641,AM,AM,2023,7,2024,6,22.72,"40,8 kg","PORTARIA MDA Nº 4, DE 3 DE ABR",https://www.in.gov.br/web/dou/-/portaria-mda-n-4-de-3-de-abril-de-2023-474880140
LARANJA,4641,AM,AM,2024,7,2025,6,23.83,"40,8 kg","PORTARIA MAPA Nº 669, DE 1º DE",https://www.in.gov.br/web/dou/-/portaria-mapa-n-669-de-1-de-abril-de-2024-551526105
LARANJA,4641,AM,AM,2025,7,2026,6,28.44,"40,8 kg",PORTARIA MAPA 780 DE 10 DE MAR,https://www.in.gov.br/en/web/dou/-/portaria-mapa-n-780-de-10-de-marco-de-2025-616761039
LARANJA,4641,AM,AM,2026,7,2027,6,28.76,"40,8 kg","PORTARIA MAPA Nº 895, DE 25 DE",https://www.in.gov.br/web/dou/-/portaria-mapa-n-895-de-25-de-marco-de-2026-695323510
LARANJA,4641,AP,AP,2014,5,2015,3,11.45,"40,8 kg","PORTARIA  Nº  190,  DE  9  DE",NI
LARANJA,4641,AP,AP,2015,7,2016,6,11.45,"40,8 kg","PORTARIA  Nº  190,  DE  9  DE",NI
LARANJA,4641,AP,AP,2016,7,2017,6,12.28,"40,8 kg","PORTARIA Nº 123, DE 5 DE JULHO",http://biblioteca.conab.gov.br/phl82/pdf/legislacao/2016_PRT_123.pdf
LARANJA,4641,AP,AP,2017,7,2018,6,12.28,"40,8 kg","PORTARIA Nº 826, DE 7 DE ABRIL",http://biblioteca.conab.gov.br/phl82/pdf/legislacao/2017_PRT_826.pdf
LARANJA,4641,AP,AP,2018,7,2019,6,13.2,"40,8 kg","PORTARIA Nº 438, DE 28 DE MARÇ",http://biblioteca.conab.gov.br/phl82/pdf/legislacao/2018_PRT_438.pdf
LARANJA,4641,AP,AP,2019,7,2020,6,15.95,"40,8 kg","PORTARIA Nº 31, DE 11 DE MARÇO",http://biblioteca.conab.gov.br/phl82/pdf/legislacao/2019_PRT_31.pdf
LARANJA,4641,AP,AP,2020,7,2021,6,15.53,"40,8 kg","PORTARIA Nº 42, DE 6 DE FEVERE",http://biblioteca.conab.gov.br/phl82/pdf/legislacao/2020_PRT_42.pdf
LARANJA,4641,AP,AP,2021,7,2022,6,17.76,"40,8 kg","PORTARIA MAPA Nº 47, DE 4 DE M",http://biblioteca.conab.gov.br/phl82/pdf/legislacao/2021_PRT_47.pdf
LARANJA,4641,AP,AP,2022,7,2023,6,24.23,"40,8 kg","PORTARIA MAPA Nº 419, DE 30 DE",http://biblioteca.conab.gov.br/phl82/pdf/legislacao/2022_PRT_419.pdf
LARANJA,4641,AP,AP,2023,7,2024,6,22.72,"40,8 kg","PORTARIA MDA Nº 4, DE 3 DE ABR",https://www.in.gov.br/web/dou/-/portaria-mda-n-4-de-3-de-abril-de-2023-474880140
LARANJA,4641,AP,AP,2024,7,2025,6,23.83,"40,8 kg","PORTARIA MAPA Nº 669, DE 1º DE",https://www.in.gov.br/web/dou/-/portaria-mapa-n-669-de-1-de-abril-de-2024-551526105
LARANJA,4641,AP,AP,2025,7,2026,6,28.44,"40,8 kg",PORTARIA MAPA 780 DE 10 DE MAR,https://www.in.gov.br/en/web/dou/-/portaria-mapa-n-780-de-10-de-marco-de-2025-616761039
LARANJA,4641,AP,AP,2026,7,2027,6,28.76,"40,8 kg","PORTARIA MAPA Nº 895, DE 25 DE",https://www.in.gov.br/web/dou/-/portaria-mapa-n-895-de-25-de-marco-de-2026-695323510
LARANJA,4641,PA,PA,2014,5,2015,3,11.45,"40,8 kg","PORTARIA  Nº  190,  DE  9  DE",NI
LARANJA,4641,PA,PA,2015,7,2016,6,11.45,"40,8 kg","PORTARIA  Nº  190,  DE  9  DE",NI
LARANJA,4641,PA,PA,2016,7,2017,6,12.28,"40,8 kg","PORTARIA Nº 123, DE 5 DE JULHO",http://biblioteca.conab.gov.br/phl82/pdf/legislacao/2016_PRT_123.pdf
LARANJA,4641,PA,PA,2017,7,2018,6,12.28,"40,8 kg","PORTARIA Nº 826, DE 7 DE ABRIL",http://biblioteca.conab.gov.br/phl82/pdf/legislacao/2017_PRT_826.pdf
LARANJA,4641,PA,PA,2018,7,2019,6,13.2,"40,8 kg","PORTARIA Nº 438, DE 28 DE MARÇ",http://biblioteca.conab.gov.br/phl82/pdf/legislacao/2018_PRT_438.pdf
LARANJA,4641,PA,PA,2019,7,2020,6,15.95,"40,8 kg","PORTARIA Nº 31, DE 11 DE MARÇO",http://biblioteca.conab.gov.br/phl82/pdf/legislacao/2019_PRT_31.pdf
LARANJA,4641,PA,PA,2020,7,2021,6,15.53,"40,8 kg","PORTARIA Nº 42, DE 6 DE FEVERE",http://biblioteca.conab.gov.br/phl82/pdf/legislacao/2020_PRT_42.pdf
LARANJA,4641,PA,PA,2021,7,2022,6,17.76,"40,8 kg","PORTARIA MAPA Nº 47, DE 4 DE M",http://biblioteca.conab.gov.br/phl82/pdf/legislacao/2021_PRT_47.pdf
LARANJA,4641,PA,PA,2022,7,2023,6,24.23,"40,8 kg","PORTARIA MAPA Nº 419, DE 30 DE",http://biblioteca.conab.gov.br/phl82/pdf/legislacao/2022_PRT_419.pdf
LARANJA,4641,PA,PA,2023,7,2024,6,22.72,"40,8 kg","PORTARIA MDA Nº 4, DE 3 DE ABR",https://www.in.gov.br/web/dou/-/portaria-mda-n-4-de-3-de-abril-de-2023-474880140
LARANJA,4641,PA,PA,2024,7,2025,6,23.83,"40,8 kg","PORTARIA MAPA Nº 669, DE 1º DE",https://www.in.gov.br/web/dou/-/portaria-mapa-n-669-de-1-de-abril-de-2024-551526105
LARANJA,4641,PA,PA,2025,7,2026,6,28.44,"40,8 kg",PORTARIA MAPA 780 DE 10 DE MAR,https://www.in.gov.br/en/web/dou/-/portaria-mapa-n-780-de-10-de-marco-de-2025-616761039
LARANJA,4641,PA,PA,2026,7,2027,6,28.76,"40,8 kg","PORTARIA MAPA Nº 895, DE 25 DE",https://www.in.gov.br/web/dou/-/portaria-mapa-n-895-de-25-de-marco-de-2026-695323510
LARANJA,4641,RO,RO,2014,5,2015,3,11.45,"40,8 kg","PORTARIA  Nº  190,  DE  9  DE",NI
LARANJA,4641,RO,RO,2015,7,2016,6,11.45,"40,8 kg","PORTARIA  Nº  190,  DE  9  DE",NI
LARANJA,4641,RO,RO,2016,7,2017,6,12.28,"40,8 kg","PORTARIA Nº 123, DE 5 DE JULHO",http://biblioteca.conab.gov.br/phl82/pdf/legislacao/2016_PRT_123.pdf
LARANJA,4641,RO,RO,2017,7,2018,6,12.28,"40,8 kg","PORTARIA Nº 826, DE 7 DE ABRIL",http://biblioteca.conab.gov.br/phl82/pdf/legislacao/2017_PRT_826.pdf
LARANJA,4641,RO,RO,2018,7,2019,6,13.2,"40,8 kg","PORTARIA Nº 438, DE 28 DE MARÇ",http://biblioteca.conab.gov.br/phl82/pdf/legislacao/2018_PRT_438.pdf
LARANJA,4641,RO,RO,2019,7,2020,6,15.95,"40,8 kg","PORTARIA Nº 31, DE 11 DE MARÇO",http://biblioteca.conab.gov.br/phl82/pdf/legislacao/2019_PRT_31.pdf
LARANJA,4641,RO,RO,2020,7,2021,6,15.53,"40,8 kg","PORTARIA Nº 42, DE 6 DE FEVERE",http://biblioteca.conab.gov.br/phl82/pdf/legislacao/2020_PRT_42.pdf
LARANJA,4641,RO,RO,2021,7,2022,6,17.76,"40,8 kg","PORTARIA MAPA Nº 47, DE 4 DE M",http://biblioteca.conab.gov.br/phl82/pdf/legislacao/2021_PRT_47.pdf
LARANJA,4641,RO,RO,2022,7,2023,6,24.23,"40,8 kg","PORTARIA MAPA Nº 419, DE 30 DE",http://biblioteca.conab.gov.br/phl82/pdf/legislacao/2022_PRT_419.pdf
LARANJA,4641,RO,RO,2023,7,2024,6,22.72,"40,8 kg","PORTARIA MDA Nº 4, DE 3 DE ABR",https://www.in.gov.br/web/dou/-/portaria-mda-n-4-de-3-de-abril-de-2023-474880140
LARANJA,4641,RO,RO,2024,7,2025,6,23.83,"40,8 kg","PORTARIA MAPA Nº 669, DE 1º DE",https://www.in.gov.br/web/dou/-/portaria-mapa-n-669-de-1-de-abril-de-2024-551526105
LARANJA,4641,RO,RO,2025,7,2026,6,28.44,"40,8 kg",PORTARIA MAPA 780 DE 10 DE MAR,https://www.in.gov.br/en/web/dou/-/portaria-mapa-n-780-de-10-de-marco-de-2025-616761039
LARANJA,4641,RO,RO,2026,7,2027,6,28.76,"40,8 kg","PORTARIA MAPA Nº 895, DE 25 DE",https://www.in.gov.br/web/dou/-/portaria-mapa-n-895-de-25-de-marco-de-2026-695323510
LARANJA,4641,RR,RR,2014,5,2015,3,11.45,"40,8 kg","PORTARIA  Nº  190,  DE  9  DE",NI
LARANJA,4641,RR,RR,2015,7,2016,6,11.45,"40,8 kg","PORTARIA  Nº  190,  DE  9  DE",NI
LARANJA,4641,RR,RR,2016,7,2017,6,12.28,"40,8 kg","PORTARIA Nº 123, DE 5 DE JULHO",http://biblioteca.conab.gov.br/phl82/pdf/legislacao/2016_PRT_123.pdf
LARANJA,4641,RR,RR,2017,7,2018,6,12.28,"40,8 kg","PORTARIA Nº 826, DE 7 DE ABRIL",http://biblioteca.conab.gov.br/phl82/pdf/legislacao/2017_PRT_826.pdf
LARANJA,4641,RR,RR,2018,7,2019,6,13.2,"40,8 kg","PORTARIA Nº 438, DE 28 DE MARÇ",http://biblioteca.conab.gov.br/phl82/pdf/legislacao/2018_PRT_438.pdf
LARANJA,4641,RR,RR,2019,7,2020,6,15.95,"40,8 kg","PORTARIA Nº 31, DE 11 DE MARÇO",http://biblioteca.conab.gov.br/phl82/pdf/legislacao/2019_PRT_31.pdf
LARANJA,4641,RR,RR,2020,7,2021,6,15.53,"40,8 kg","PORTARIA Nº 42, DE 6 DE FEVERE",http://biblioteca.conab.gov.br/phl82/pdf/legislacao/2020_PRT_42.pdf
LARANJA,4641,RR,RR,2021,7,2022,6,17.76,"40,8 kg","PORTARIA MAPA Nº 47, DE 4 DE M",http://biblioteca.conab.gov.br/phl82/pdf/legislacao/2021_PRT_47.pdf
LARANJA,4641,RR,RR,2022,7,2023,6,24.23,"40,8 kg","PORTARIA MAPA Nº 419, DE 30 DE",http://biblioteca.conab.gov.br/phl82/pdf/legislacao/2022_PRT_419.pdf
LARANJA,4641,RR,RR,2023,7,2024,6,22.72,"40,8 kg","PORTARIA MDA Nº 4, DE 3 DE ABR",https://www.in.gov.br/web/dou/-/portaria-mda-n-4-de-3-de-abril-de-2023-474880140
LARANJA,4641,RR,RR,2024,7,2025,6,23.83,"40,8 kg","PORTARIA MAPA Nº 669, DE 1º DE",https://www.in.gov.br/web/dou/-/portaria-mapa-n-669-de-1-de-abril-de-2024-551526105
LARANJA,4641,RR,RR,2025,7,2026,6,28.44,"40,8 kg",PORTARIA MAPA 780 DE 10 DE MAR,https://www.in.gov.br/en/web/dou/-/portaria-mapa-n-780-de-10-de-marco-de-2025-616761039
LARANJA,4641,RR,RR,2026,7,2027,6,28.76,"40,8 kg","PORTARIA MAPA Nº 895, DE 25 DE",https://www.in.gov.br/web/dou/-/portaria-mapa-n-895-de-25-de-marco-de-2026-695323510
LARANJA,4641,TO,TO,2014,5,2015,3,11.45,"40,8 kg","PORTARIA  Nº  190,  DE  9  DE",NI
LARANJA,4641,TO,TO,2015,7,2016,6,11.45,"40,8 kg","PORTARIA  Nº  190,  DE  9  DE",NI
LARANJA,4641,TO,TO,2016,7,2017,6,12.28,"40,8 kg","PORTARIA Nº 123, DE 5 DE JULHO",http://biblioteca.conab.gov.br/phl82/pdf/legislacao/2016_PRT_123.pdf
LARANJA,4641,TO,TO,2017,7,2018,6,12.28,"40,8 kg","PORTARIA Nº 826, DE 7 DE ABRIL",http://biblioteca.conab.gov.br/phl82/pdf/legislacao/2017_PRT_826.pdf
LARANJA,4641,TO,TO,2018,7,2019,6,13.2,"40,8 kg","PORTARIA Nº 438, DE 28 DE MARÇ",http://biblioteca.conab.gov.br/phl82/pdf/legislacao/2018_PRT_438.pdf
LARANJA,4641,TO,TO,2019,7,2020,6,15.95,"40,8 kg","PORTARIA Nº 31, DE 11 DE MARÇO",http://biblioteca.conab.gov.br/phl82/pdf/legislacao/2019_PRT_31.pdf
LARANJA,4641,TO,TO,2020,7,2021,6,15.53,"40,8 kg","PORTARIA Nº 42, DE 6 DE FEVERE",http://biblioteca.conab.gov.br/phl82/pdf/legislacao/2020_PRT_42.pdf
LARANJA,4641,TO,TO,2021,7,2022,6,17.76,"40,8 kg","PORTARIA MAPA Nº 47, DE 4 DE M",http://biblioteca.conab.gov.br/phl82/pdf/legislacao/2021_PRT_47.pdf
LARANJA,4641,TO,TO,2022,7,2023,6,24.23,"40,8 kg","PORTARIA MAPA Nº 419, DE 30 DE",http://biblioteca.conab.gov.br/phl82/pdf/legislacao/2022_PRT_419.pdf
LARANJA,4641,TO,TO,2023,7,2024,6,22.72,"40,8 kg","PORTARIA MDA Nº 4, DE 3 DE ABR",https://www.in.gov.br/web/dou/-/portaria-mda-n-4-de-3-de-abril-de-2023-474880140
LARANJA,4641,TO,TO,2024,7,2025,6,23.83,"40,8 kg","PORTARIA MAPA Nº 669, DE 1º DE",https://www.in.gov.br/web/dou/-/portaria-mapa-n-669-de-1-de-abril-de-2024-551526105
LARANJA,4641,TO,TO,2025,7,2026,6,28.44,"40,8 kg",PORTARIA MAPA 780 DE 10 DE MAR,https://www.in.gov.br/en/web/dou/-/portaria-mapa-n-780-de-10-de-marco-de-2025-616761039
LARANJA,4641,TO,TO,2026,7,2027,6,28.76,"40,8 kg","PORTARIA MAPA Nº 895, DE 25 DE",https://www.in.gov.br/web/dou/-/portaria-mapa-n-895-de-25-de-marco-de-2026-695323510
LÁTEX,14231,AC,AC,2023,7,2024,6,3.27,kg,"PORTARIA MAPA Nº 595, DE 4 DE",https://www.in.gov.br/en/web/dou/-/portaria-mapa-n-595-de-4-de-julho-de-2023-494540705
LÁTEX,14231,AC,AC,2024,7,2025,6,3.08,kg,"PORTARIA MAPA Nº 700, DE 15 DE",https://www.in.gov.br/en/web/dou/-/portaria-mapa-n-700-de-15-de-julho-de-2024-572339980
LÁTEX,14231,AC,AC,2025,7,2026,6,3.47,kg,"PORTARIA MAPA Nº 812, DE 7 DE",https://www.in.gov.br/en/web/dou/-/portaria-mapa-n-812-de-7-de-julho-de-2025-640776008
LÁTEX,14231,AC,AC,2026,7,2027,6,3.71,kg,"PORTARIA MAPA Nº 934, DE 09 DE",https://www.in.gov.br/web/dou/-/portaria-mapa-n-934-de-9-de-julho-de-2026-718439459
LÁTEX,14231,AM,AM,2023,7,2024,6,3.27,kg,"PORTARIA MAPA Nº 595, DE 4 DE",https://www.in.gov.br/en/web/dou/-/portaria-mapa-n-595-de-4-de-julho-de-2023-494540705
LÁTEX,14231,AM,AM,2024,7,2025,6,3.08,kg,"PORTARIA MAPA Nº 700, DE 15 DE",https://www.in.gov.br/en/web/dou/-/portaria-mapa-n-700-de-15-de-julho-de-2024-572339980
LÁTEX,14231,AM,AM,2025,7,2026,6,3.47,kg,"PORTARIA MAPA Nº 812, DE 7 DE",https://www.in.gov.br/en/web/dou/-/portaria-mapa-n-812-de-7-de-julho-de-2025-640776008
LÁTEX,14231,AM,AM,2026,7,2027,6,3.71,kg,"PORTARIA MAPA Nº 934, DE 09 DE",https://www.in.gov.br/web/dou/-/portaria-mapa-n-934-de-9-de-julho-de-2026-718439459
LÁTEX,14231,AP,AP,2023,7,2024,6,3.27,kg,"PORTARIA MAPA Nº 595, DE 4 DE",https://www.in.gov.br/en/web/dou/-/portaria-mapa-n-595-de-4-de-julho-de-2023-494540705
LÁTEX,14231,AP,AP,2024,7,2025,6,3.08,kg,"PORTARIA MAPA Nº 700, DE 15 DE",https://www.in.gov.br/en/web/dou/-/portaria-mapa-n-700-de-15-de-julho-de-2024-572339980
LÁTEX,14231,AP,AP,2025,7,2026,6,3.47,kg,"PORTARIA MAPA Nº 812, DE 7 DE",https://www.in.gov.br/en/web/dou/-/portaria-mapa-n-812-de-7-de-julho-de-2025-640776008
LÁTEX,14231,AP,AP,2026,7,2027,6,3.71,kg,"PORTARIA MAPA Nº 934, DE 09 DE",https://www.in.gov.br/web/dou/-/portaria-mapa-n-934-de-9-de-julho-de-2026-718439459
LÁTEX,14231,PA,PA,2023,7,2024,6,3.27,kg,"PORTARIA MAPA Nº 595, DE 4 DE",https://www.in.gov.br/en/web/dou/-/portaria-mapa-n-595-de-4-de-julho-de-2023-494540705
LÁTEX,14231,PA,PA,2024,7,2025,6,3.08,kg,"PORTARIA MAPA Nº 700, DE 15 DE",https://www.in.gov.br/en/web/dou/-/portaria-mapa-n-700-de-15-de-julho-de-2024-572339980
LÁTEX,14231,PA,PA,2025,7,2026,6,3.47,kg,"PORTARIA MAPA Nº 812, DE 7 DE",https://www.in.gov.br/en/web/dou/-/portaria-mapa-n-812-de-7-de-julho-de-2025-640776008
LÁTEX,14231,PA,PA,2026,7,2027,6,3.71,kg,"PORTARIA MAPA Nº 934, DE 09 DE",https://www.in.gov.br/web/dou/-/portaria-mapa-n-934-de-9-de-julho-de-2026-718439459
LÁTEX,14231,RO,RO,2023,7,2024,6,3.27,kg,"PORTARIA MAPA Nº 595, DE 4 DE",https://www.in.gov.br/en/web/dou/-/portaria-mapa-n-595-de-4-de-julho-de-2023-494540705
LÁTEX,14231,RO,RO,2024,7,2025,6,3.08,kg,"PORTARIA MAPA Nº 700, DE 15 DE",https://www.in.gov.br/en/web/dou/-/portaria-mapa-n-700-de-15-de-julho-de-2024-572339980
LÁTEX,14231,RO,RO,2025,7,2026,6,3.47,kg,"PORTARIA MAPA Nº 812, DE 7 DE",https://www.in.gov.br/en/web/dou/-/portaria-mapa-n-812-de-7-de-julho-de-2025-640776008
LÁTEX,14231,RO,RO,2026,7,2027,6,3.71,kg,"PORTARIA MAPA Nº 934, DE 09 DE",https://www.in.gov.br/web/dou/-/portaria-mapa-n-934-de-9-de-julho-de-2026-718439459
LÁTEX,14231,RR,RR,2023,7,2024,6,3.27,kg,"PORTARIA MAPA Nº 595, DE 4 DE",https://www.in.gov.br/en/web/dou/-/portaria-mapa-n-595-de-4-de-julho-de-2023-494540705
LÁTEX,14231,RR,RR,2024,7,2025,6,3.08,kg,"PORTARIA MAPA Nº 700, DE 15 DE",https://www.in.gov.br/en/web/dou/-/portaria-mapa-n-700-de-15-de-julho-de-2024-572339980
LÁTEX,14231,RR,RR,2025,7,2026,6,3.47,kg,"PORTARIA MAPA Nº 812, DE 7 DE",https://www.in.gov.br/en/web/dou/-/portaria-mapa-n-812-de-7-de-julho-de-2025-640776008
LÁTEX,14231,RR,RR,2026,7,2027,6,3.71,kg,"PORTARIA MAPA Nº 934, DE 09 DE",https://www.in.gov.br/web/dou/-/portaria-mapa-n-934-de-9-de-julho-de-2026-718439459
LÁTEX,14231,TO,TO,2023,7,2024,6,3.27,kg,"PORTARIA MAPA Nº 595, DE 4 DE",https://www.in.gov.br/en/web/dou/-/portaria-mapa-n-595-de-4-de-julho-de-2023-494540705
LÁTEX,14231,TO,TO,2024,7,2025,6,3.08,kg,"PORTARIA MAPA Nº 700, DE 15 DE",https://www.in.gov.br/en/web/dou/-/portaria-mapa-n-700-de-15-de-julho-de-2024-572339980
LÁTEX,14231,TO,TO,2025,7,2026,6,3.47,kg,"PORTARIA MAPA Nº 812, DE 7 DE",https://www.in.gov.br/en/web/dou/-/portaria-mapa-n-812-de-7-de-julho-de-2025-640776008
LÁTEX,14231,TO,TO,2026,7,2027,6,3.71,kg,"PORTARIA MAPA Nº 934, DE 09 DE",https://www.in.gov.br/web/dou/-/portaria-mapa-n-934-de-9-de-julho-de-2026-718439459
LEITE,4993,AC,AC,2014,7,2015,6,0.63,l,"PORTARIA  Nº  190,  DE  9  DE",NI
LEITE,4993,AC,AC,2015,7,2016,6,0.68,l,"PORTARIA  Nº  190,  DE  9  DE",NI
LEITE,4993,AC,AC,2016,7,2017,6,0.73,l,"PORTARIA Nº 1.577, DE 17 DE JU",http://biblioteca.conab.gov.br/phl82/pdf/legislacao/2017_PRT_1577.pdf
LEITE,4993,AC,AC,2017,7,2018,6,0.76,l,"PORTARIA Nº 1.577, DE 17 DE JU",http://biblioteca.conab.gov.br/phl82/pdf/legislacao/2017_PRT_1577.pdf
LEITE,4993,AC,AC,2018,7,2019,6,0.84,l,"PORTARIA Nº 1.577, DE 17 DE JU",http://biblioteca.conab.gov.br/phl82/pdf/legislacao/2017_PRT_1577.pdf
LEITE,4993,AC,AC,2019,7,2020,6,0.92,l,"PORTARIA Nº 135, DE 12 DE JULH",http://biblioteca.conab.gov.br/phl82/pdf/legislacao/2019_PRT_135.pdf
LEITE,4993,AC,AC,2020,7,2021,6,0.96,l,"PORTARIA Nº 190, DE 9 DE JUNHO",http://biblioteca.conab.gov.br/phl82/pdf/legislacao/2020_PRT_190.pdf
LEITE,4993,AC,AC,2021,7,2022,6,1.21,l,"PORTARIA Nº 201, DE 1º DE JULH",http://biblioteca.conab.gov.br/phl82/pdf/legislacao/2021_PRT_201.pdf
LEITE,4993,AC,AC,2022,7,2023,6,1.38,l,"PORTARIA MAPA Nº 452, DE 4 DE",https://www.in.gov.br/en/web/dou/-/portaria-mapa-n-452-de-4-de-julho-de-2022-413234156
LEITE,4993,AC,AC,2023,7,2024,6,1.38,l,"PORTARIA MAPA Nº 595, DE 4 DE",https://www.in.gov.br/web/dou/-/portaria-mapa-n-595-de-4-de-julho-de-2023-494540705
LEITE,4993,AC,AC,2024,7,2025,6,1.38,l,"PORTARIA MAPA Nº 700, DE 15 DE",https://www.in.gov.br/en/web/dou/-/portaria-mapa-n-700-de-15-de-julho-de-2024-572339980
LEITE,4993,AC,AC,2025,7,2026,6,1.38,l,"PORTARIA MAPA Nº 812, DE 7 DE",https://www.in.gov.br/en/web/dou/-/portaria-mapa-n-812-de-7-de-julho-de-2025-640776008
LEITE,4993,AC,AC,2026,7,2027,6,1.38,l,"PORTARIA MAPA Nº 934, DE 09 DE",https://www.in.gov.br/web/dou/-/portaria-mapa-n-934-de-9-de-julho-de-2026-718439459
LEITE,4993,AM,AM,2014,7,2015,6,0.63,l,"PORTARIA  Nº  190,  DE  9  DE",NI
LEITE,4993,AM,AM,2015,7,2016,6,0.68,l,"PORTARIA  Nº  190,  DE  9  DE",NI
LEITE,4993,AM,AM,2016,7,2017,6,0.73,l,"PORTARIA Nº 1.577, DE 17 DE JU",http://biblioteca.conab.gov.br/phl82/pdf/legislacao/2017_PRT_1577.pdf
LEITE,4993,AM,AM,2017,7,2018,6,0.76,l,"PORTARIA Nº 1.577, DE 17 DE JU",http://biblioteca.conab.gov.br/phl82/pdf/legislacao/2017_PRT_1577.pdf
LEITE,4993,AM,AM,2018,7,2019,6,0.84,l,"PORTARIA Nº 1.577, DE 17 DE JU",http://biblioteca.conab.gov.br/phl82/pdf/legislacao/2017_PRT_1577.pdf
LEITE,4993,AM,AM,2019,7,2020,6,0.92,l,"PORTARIA Nº 135, DE 12 DE JULH",http://biblioteca.conab.gov.br/phl82/pdf/legislacao/2019_PRT_135.pdf
LEITE,4993,AM,AM,2020,7,2021,6,0.96,l,"PORTARIA Nº 190, DE 9 DE JUNHO",http://biblioteca.conab.gov.br/phl82/pdf/legislacao/2020_PRT_190.pdf
LEITE,4993,AM,AM,2021,7,2022,6,1.21,l,"PORTARIA Nº 201, DE 1º DE JULH",http://biblioteca.conab.gov.br/phl82/pdf/legislacao/2021_PRT_201.pdf
LEITE,4993,AM,AM,2022,7,2023,6,1.38,l,"PORTARIA MAPA Nº 452, DE 4 DE",https://www.in.gov.br/en/web/dou/-/portaria-mapa-n-452-de-4-de-julho-de-2022-413234156
LEITE,4993,AM,AM,2023,7,2024,6,1.38,l,"PORTARIA MAPA Nº 595, DE 4 DE",https://www.in.gov.br/web/dou/-/portaria-mapa-n-595-de-4-de-julho-de-2023-494540705
LEITE,4993,AM,AM,2024,7,2025,6,1.38,l,"PORTARIA MAPA Nº 700, DE 15 DE",https://www.in.gov.br/en/web/dou/-/portaria-mapa-n-700-de-15-de-julho-de-2024-572339980
LEITE,4993,AM,AM,2025,7,2026,6,1.38,l,"PORTARIA MAPA Nº 812, DE 7 DE",https://www.in.gov.br/en/web/dou/-/portaria-mapa-n-812-de-7-de-julho-de-2025-640776008
LEITE,4993,AM,AM,2026,7,2027,6,1.38,l,"PORTARIA MAPA Nº 934, DE 09 DE",https://www.in.gov.br/web/dou/-/portaria-mapa-n-934-de-9-de-julho-de-2026-718439459
LEITE,4993,AP,AP,2014,7,2015,6,0.63,l,"PORTARIA  Nº  190,  DE  9  DE",NI
LEITE,4993,AP,AP,2015,7,2016,6,0.68,l,"PORTARIA  Nº  190,  DE  9  DE",NI
LEITE,4993,AP,AP,2016,7,2017,6,0.73,l,"PORTARIA Nº 1.577, DE 17 DE JU",http://biblioteca.conab.gov.br/phl82/pdf/legislacao/2017_PRT_1577.pdf
LEITE,4993,AP,AP,2017,7,2018,6,0.76,l,"PORTARIA Nº 1.577, DE 17 DE JU",http://biblioteca.conab.gov.br/phl82/pdf/legislacao/2017_PRT_1577.pdf
LEITE,4993,AP,AP,2018,7,2019,6,0.84,l,"PORTARIA Nº 1.577, DE 17 DE JU",http://biblioteca.conab.gov.br/phl82/pdf/legislacao/2017_PRT_1577.pdf
LEITE,4993,AP,AP,2019,7,2020,6,0.92,l,"PORTARIA Nº 135, DE 12 DE JULH",http://biblioteca.conab.gov.br/phl82/pdf/legislacao/2019_PRT_135.pdf
LEITE,4993,AP,AP,2020,7,2021,6,0.96,l,"PORTARIA Nº 190, DE 9 DE JUNHO",http://biblioteca.conab.gov.br/phl82/pdf/legislacao/2020_PRT_190.pdf
LEITE,4993,AP,AP,2021,7,2022,6,1.21,l,"PORTARIA Nº 201, DE 1º DE JULH",http://biblioteca.conab.gov.br/phl82/pdf/legislacao/2021_PRT_201.pdf
LEITE,4993,AP,AP,2022,7,2023,6,1.38,l,"PORTARIA MAPA Nº 452, DE 4 DE",https://www.in.gov.br/en/web/dou/-/portaria-mapa-n-452-de-4-de-julho-de-2022-413234156
LEITE,4993,AP,AP,2023,7,2024,6,1.38,l,"PORTARIA MAPA Nº 595, DE 4 DE",https://www.in.gov.br/web/dou/-/portaria-mapa-n-595-de-4-de-julho-de-2023-494540705
LEITE,4993,AP,AP,2024,7,2025,6,1.38,l,"PORTARIA MAPA Nº 700, DE 15 DE",https://www.in.gov.br/en/web/dou/-/portaria-mapa-n-700-de-15-de-julho-de-2024-572339980
LEITE,4993,AP,AP,2025,7,2026,6,1.38,l,"PORTARIA MAPA Nº 812, DE 7 DE",https://www.in.gov.br/en/web/dou/-/portaria-mapa-n-812-de-7-de-julho-de-2025-640776008
LEITE,4993,AP,AP,2026,7,2027,6,1.38,l,"PORTARIA MAPA Nº 934, DE 09 DE",https://www.in.gov.br/web/dou/-/portaria-mapa-n-934-de-9-de-julho-de-2026-718439459
LEITE,4993,PA,PA,2014,7,2015,6,0.63,l,"PORTARIA  Nº  190,  DE  9  DE",NI
LEITE,4993,PA,PA,2015,7,2016,6,0.68,l,"PORTARIA  Nº  190,  DE  9  DE",NI
LEITE,4993,PA,PA,2016,7,2017,6,0.73,l,"PORTARIA Nº 1.577, DE 17 DE JU",http://biblioteca.conab.gov.br/phl82/pdf/legislacao/2017_PRT_1577.pdf
LEITE,4993,PA,PA,2017,7,2018,6,0.76,l,"PORTARIA Nº 1.577, DE 17 DE JU",http://biblioteca.conab.gov.br/phl82/pdf/legislacao/2017_PRT_1577.pdf
LEITE,4993,PA,PA,2018,7,2019,6,0.84,l,"PORTARIA Nº 1.577, DE 17 DE JU",http://biblioteca.conab.gov.br/phl82/pdf/legislacao/2017_PRT_1577.pdf
LEITE,4993,PA,PA,2019,7,2020,6,0.92,l,"PORTARIA Nº 135, DE 12 DE JULH",http://biblioteca.conab.gov.br/phl82/pdf/legislacao/2019_PRT_135.pdf
LEITE,4993,PA,PA,2020,7,2021,6,0.96,l,"PORTARIA Nº 190, DE 9 DE JUNHO",http://biblioteca.conab.gov.br/phl82/pdf/legislacao/2020_PRT_190.pdf
LEITE,4993,PA,PA,2021,7,2022,6,1.21,l,"PORTARIA Nº 201, DE 1º DE JULH",http://biblioteca.conab.gov.br/phl82/pdf/legislacao/2021_PRT_201.pdf
LEITE,4993,PA,PA,2022,7,2023,6,1.38,l,"PORTARIA MAPA Nº 452, DE 4 DE",https://www.in.gov.br/en/web/dou/-/portaria-mapa-n-452-de-4-de-julho-de-2022-413234156
LEITE,4993,PA,PA,2023,7,2024,6,1.38,l,"PORTARIA MAPA Nº 595, DE 4 DE",https://www.in.gov.br/web/dou/-/portaria-mapa-n-595-de-4-de-julho-de-2023-494540705
LEITE,4993,PA,PA,2024,7,2025,6,1.38,l,"PORTARIA MAPA Nº 700, DE 15 DE",https://www.in.gov.br/en/web/dou/-/portaria-mapa-n-700-de-15-de-julho-de-2024-572339980
LEITE,4993,PA,PA,2025,7,2026,6,1.38,l,"PORTARIA MAPA Nº 812, DE 7 DE",https://www.in.gov.br/en/web/dou/-/portaria-mapa-n-812-de-7-de-julho-de-2025-640776008
LEITE,4993,PA,PA,2026,7,2027,6,1.38,l,"PORTARIA MAPA Nº 934, DE 09 DE",https://www.in.gov.br/web/dou/-/portaria-mapa-n-934-de-9-de-julho-de-2026-718439459
LEITE,4993,RO,RO,2014,7,2015,6,0.63,l,"PORTARIA  Nº  190,  DE  9  DE",NI
LEITE,4993,RO,RO,2015,7,2016,6,0.68,l,"PORTARIA  Nº  190,  DE  9  DE",NI
LEITE,4993,RO,RO,2016,7,2017,6,0.73,l,"PORTARIA Nº 1.577, DE 17 DE JU",http://biblioteca.conab.gov.br/phl82/pdf/legislacao/2017_PRT_1577.pdf
LEITE,4993,RO,RO,2017,7,2018,6,0.76,l,"PORTARIA Nº 1.577, DE 17 DE JU",http://biblioteca.conab.gov.br/phl82/pdf/legislacao/2017_PRT_1577.pdf
LEITE,4993,RO,RO,2018,7,2019,6,0.84,l,"PORTARIA Nº 1.577, DE 17 DE JU",http://biblioteca.conab.gov.br/phl82/pdf/legislacao/2017_PRT_1577.pdf
LEITE,4993,RO,RO,2019,7,2020,6,0.92,l,"PORTARIA Nº 135, DE 12 DE JULH",http://biblioteca.conab.gov.br/phl82/pdf/legislacao/2019_PRT_135.pdf
LEITE,4993,RO,RO,2020,7,2021,6,0.96,l,"PORTARIA Nº 190, DE 9 DE JUNHO",http://biblioteca.conab.gov.br/phl82/pdf/legislacao/2020_PRT_190.pdf
LEITE,4993,RO,RO,2021,7,2022,6,1.21,l,"PORTARIA Nº 201, DE 1º DE JULH",http://biblioteca.conab.gov.br/phl82/pdf/legislacao/2021_PRT_201.pdf
LEITE,4993,RO,RO,2022,7,2023,6,1.38,l,"PORTARIA MAPA Nº 452, DE 4 DE",https://www.in.gov.br/en/web/dou/-/portaria-mapa-n-452-de-4-de-julho-de-2022-413234156
LEITE,4993,RO,RO,2023,7,2024,6,1.38,l,"PORTARIA MAPA Nº 595, DE 4 DE",https://www.in.gov.br/web/dou/-/portaria-mapa-n-595-de-4-de-julho-de-2023-494540705
LEITE,4993,RO,RO,2024,7,2025,6,1.38,l,"PORTARIA MAPA Nº 700, DE 15 DE",https://www.in.gov.br/en/web/dou/-/portaria-mapa-n-700-de-15-de-julho-de-2024-572339980
LEITE,4993,RO,RO,2025,7,2026,6,1.38,l,"PORTARIA MAPA Nº 812, DE 7 DE",https://www.in.gov.br/en/web/dou/-/portaria-mapa-n-812-de-7-de-julho-de-2025-640776008
LEITE,4993,RO,RO,2026,7,2027,6,1.38,l,"PORTARIA MAPA Nº 934, DE 09 DE",https://www.in.gov.br/web/dou/-/portaria-mapa-n-934-de-9-de-julho-de-2026-718439459
LEITE,4993,RR,RR,2014,7,2015,6,0.63,l,"PORTARIA  Nº  190,  DE  9  DE",NI
LEITE,4993,RR,RR,2015,7,2016,6,0.68,l,"PORTARIA  Nº  190,  DE  9  DE",NI
LEITE,4993,RR,RR,2016,7,2017,6,0.73,l,"PORTARIA Nº 1.577, DE 17 DE JU",http://biblioteca.conab.gov.br/phl82/pdf/legislacao/2017_PRT_1577.pdf
LEITE,4993,RR,RR,2017,7,2018,6,0.76,l,"PORTARIA Nº 1.577, DE 17 DE JU",http://biblioteca.conab.gov.br/phl82/pdf/legislacao/2017_PRT_1577.pdf
LEITE,4993,RR,RR,2018,7,2019,6,0.84,l,"PORTARIA Nº 1.577, DE 17 DE JU",http://biblioteca.conab.gov.br/phl82/pdf/legislacao/2017_PRT_1577.pdf
LEITE,4993,RR,RR,2019,7,2020,6,0.92,l,"PORTARIA Nº 135, DE 12 DE JULH",http://biblioteca.conab.gov.br/phl82/pdf/legislacao/2019_PRT_135.pdf
LEITE,4993,RR,RR,2020,7,2021,6,0.96,l,"PORTARIA Nº 190, DE 9 DE JUNHO",http://biblioteca.conab.gov.br/phl82/pdf/legislacao/2020_PRT_190.pdf
LEITE,4993,RR,RR,2021,7,2022,6,1.21,l,"PORTARIA Nº 201, DE 1º DE JULH",http://biblioteca.conab.gov.br/phl82/pdf/legislacao/2021_PRT_201.pdf
LEITE,4993,RR,RR,2022,7,2023,6,1.38,l,"PORTARIA MAPA Nº 452, DE 4 DE",https://www.in.gov.br/en/web/dou/-/portaria-mapa-n-452-de-4-de-julho-de-2022-413234156
LEITE,4993,RR,RR,2023,7,2024,6,1.38,l,"PORTARIA MAPA Nº 595, DE 4 DE",https://www.in.gov.br/web/dou/-/portaria-mapa-n-595-de-4-de-julho-de-2023-494540705
LEITE,4993,RR,RR,2024,7,2025,6,1.38,l,"PORTARIA MAPA Nº 700, DE 15 DE",https://www.in.gov.br/en/web/dou/-/portaria-mapa-n-700-de-15-de-julho-de-2024-572339980
LEITE,4993,RR,RR,2025,7,2026,6,1.38,l,"PORTARIA MAPA Nº 812, DE 7 DE",https://www.in.gov.br/en/web/dou/-/portaria-mapa-n-812-de-7-de-julho-de-2025-640776008
LEITE,4993,RR,RR,2026,7,2027,6,1.38,l,"PORTARIA MAPA Nº 934, DE 09 DE",https://www.in.gov.br/web/dou/-/portaria-mapa-n-934-de-9-de-julho-de-2026-718439459
LEITE,4993,TO,TO,2014,7,2015,6,0.63,l,"PORTARIA  Nº  190,  DE  9  DE",NI
LEITE,4993,TO,TO,2015,7,2016,6,0.68,l,"PORTARIA  Nº  190,  DE  9  DE",NI
LEITE,4993,TO,TO,2016,7,2017,6,0.73,l,"PORTARIA Nº 1.577, DE 17 DE JU",http://biblioteca.conab.gov.br/phl82/pdf/legislacao/2017_PRT_1577.pdf
LEITE,4993,TO,TO,2017,7,2018,6,0.76,l,"PORTARIA Nº 1.577, DE 17 DE JU",http://biblioteca.conab.gov.br/phl82/pdf/legislacao/2017_PRT_1577.pdf
LEITE,4993,TO,TO,2018,7,2019,6,0.84,l,"PORTARIA Nº 1.577, DE 17 DE JU",http://biblioteca.conab.gov.br/phl82/pdf/legislacao/2017_PRT_1577.pdf
LEITE,4993,TO,TO,2019,7,2020,6,0.92,l,"PORTARIA Nº 135, DE 12 DE JULH",http://biblioteca.conab.gov.br/phl82/pdf/legislacao/2019_PRT_135.pdf
LEITE,4993,TO,TO,2020,7,2021,6,0.96,l,"PORTARIA Nº 190, DE 9 DE JUNHO",http://biblioteca.conab.gov.br/phl82/pdf/legislacao/2020_PRT_190.pdf
LEITE,4993,TO,TO,2021,7,2022,6,1.21,l,"PORTARIA Nº 201, DE 1º DE JULH",http://biblioteca.conab.gov.br/phl82/pdf/legislacao/2021_PRT_201.pdf
LEITE,4993,TO,TO,2022,7,2023,6,1.38,l,"PORTARIA MAPA Nº 452, DE 4 DE",https://www.in.gov.br/en/web/dou/-/portaria-mapa-n-452-de-4-de-julho-de-2022-413234156
LEITE,4993,TO,TO,2023,7,2024,6,1.38,l,"PORTARIA MAPA Nº 595, DE 4 DE",https://www.in.gov.br/web/dou/-/portaria-mapa-n-595-de-4-de-julho-de-2023-494540705
LEITE,4993,TO,TO,2024,7,2025,6,1.38,l,"PORTARIA MAPA Nº 700, DE 15 DE",https://www.in.gov.br/en/web/dou/-/portaria-mapa-n-700-de-15-de-julho-de-2024-572339980
LEITE,4993,TO,TO,2025,7,2026,6,1.38,l,"PORTARIA MAPA Nº 812, DE 7 DE",https://www.in.gov.br/en/web/dou/-/portaria-mapa-n-812-de-7-de-julho-de-2025-640776008
LEITE,4993,TO,TO,2026,7,2027,6,1.38,l,"PORTARIA MAPA Nº 934, DE 09 DE",https://www.in.gov.br/web/dou/-/portaria-mapa-n-934-de-9-de-julho-de-2026-718439459
MACAÚBA (FRUTO) - PRODUTO EXTRATIVO,10718,AC,AC,2015,7,2016,6,0.45,kg,"PORTARIA  Nº  190,  DE  9  DE",NI
MACAÚBA (FRUTO) - PRODUTO EXTRATIVO,10718,AC,AC,2016,7,2017,6,0.55,kg,"PORTARIA Nº 123, DE 5 DE JULHO",http://biblioteca.conab.gov.br/phl82/pdf/legislacao/2016_PRT_123.pdf
MACAÚBA (FRUTO) - PRODUTO EXTRATIVO,10718,AC,AC,2017,7,2017,12,0.55,kg,"PORTARIA Nº 1.577, DE 17 DE JU",http://biblioteca.conab.gov.br/phl82/pdf/legislacao/2017_PRT_1577.pdf
MACAÚBA (FRUTO) - PRODUTO EXTRATIVO,10718,AC,AC,2018,1,2018,12,0.62,kg,"PORTARIA Nº 14, DE 3 DE JANEIR",http://biblioteca.conab.gov.br/phl82/pdf/legislacao/2018_PRT_14.pdf
MACAÚBA (FRUTO) - PRODUTO EXTRATIVO,10718,AC,AC,2019,1,2019,12,0.76,kg,"PORTARIA Nº 141, DE 8 DE JANEI",http://biblioteca.conab.gov.br/phl82/pdf/legislacao/2019_PRT_141.pdf
MACAÚBA (FRUTO) - PRODUTO EXTRATIVO,10718,AC,AC,2020,1,2020,12,0.44,kg,"PORTARIA Nº 313, DE 30 DE DEZE",http://biblioteca.conab.gov.br/phl82/pdf/legislacao/2019_PRT_313.pdf
MACAÚBA (FRUTO) - PRODUTO EXTRATIVO,10718,AC,AC,2021,1,2021,12,0.44,kg,,
MACAÚBA (FRUTO) - PRODUTO EXTRATIVO,10718,AC,AC,2022,1,2022,12,0.5,kg,"PORTARIA MAPA Nº 376, DE 22 DE",http://biblioteca.conab.gov.br/phl82/pdf/legislacao/2021_PRT_376.pdf
MACAÚBA (FRUTO) - PRODUTO EXTRATIVO,10718,AC,AC,2023,1,2023,12,0.56,kg,"PORTARIA MAPA Nº 534, DE 19 DE",https://www.in.gov.br/en/web/dou/-/portaria-mapa-n-534-de-19-de-dezembro-de-2022-452020932
MACAÚBA (FRUTO) - PRODUTO EXTRATIVO,10718,AC,AC,2024,1,2024,12,0.54,kg,"PORTARIA MDA N° 41, DE 29 DE D",https://www.in.gov.br/web/dou/-/portaria-mda-n-41-de-29-de-dezembro-de-2023-535311884
MACAÚBA (FRUTO) - PRODUTO EXTRATIVO,10718,AC,AC,2025,1,2025,12,0.54,kg,"PORTARIA MAPA Nº 750, DE 24 DE",https://www.in.gov.br/en/web/dou/-/portaria-mapa-n-750-de-24-de-dezembro-de-2024-604348255
MACAÚBA (FRUTO) - PRODUTO EXTRATIVO,10718,AC,AC,2026,1,2026,12,0.57,kg,"PORTARIA MAPA Nº 868, DE 1º DE",https://in.gov.br/en/web/dou/-/portaria-mapa-n-868-de-1-de-dezembro-de-2025-672624071
MACAÚBA (FRUTO) - PRODUTO EXTRATIVO,10718,AM,AM,2015,7,2016,6,0.45,kg,"PORTARIA  Nº  190,  DE  9  DE",NI
MACAÚBA (FRUTO) - PRODUTO EXTRATIVO,10718,AM,AM,2016,7,2017,6,0.55,kg,"PORTARIA Nº 123, DE 5 DE JULHO",http://biblioteca.conab.gov.br/phl82/pdf/legislacao/2016_PRT_123.pdf
MACAÚBA (FRUTO) - PRODUTO EXTRATIVO,10718,AM,AM,2017,7,2017,12,0.55,kg,"PORTARIA Nº 1.577, DE 17 DE JU",http://biblioteca.conab.gov.br/phl82/pdf/legislacao/2017_PRT_1577.pdf
MACAÚBA (FRUTO) - PRODUTO EXTRATIVO,10718,AM,AM,2018,1,2018,12,0.62,kg,"PORTARIA Nº 14, DE 3 DE JANEIR",http://biblioteca.conab.gov.br/phl82/pdf/legislacao/2018_PRT_14.pdf
MACAÚBA (FRUTO) - PRODUTO EXTRATIVO,10718,AM,AM,2019,1,2019,12,0.76,kg,"PORTARIA Nº 141, DE 8 DE JANEI",http://biblioteca.conab.gov.br/phl82/pdf/legislacao/2019_PRT_141.pdf
MACAÚBA (FRUTO) - PRODUTO EXTRATIVO,10718,AM,AM,2020,1,2020,12,0.44,kg,"PORTARIA Nº 313, DE 30 DE DEZE",http://biblioteca.conab.gov.br/phl82/pdf/legislacao/2019_PRT_313.pdf
MACAÚBA (FRUTO) - PRODUTO EXTRATIVO,10718,AM,AM,2021,1,2021,12,0.44,kg,,
MACAÚBA (FRUTO) - PRODUTO EXTRATIVO,10718,AM,AM,2022,1,2022,12,0.5,kg,"PORTARIA MAPA Nº 376, DE 22 DE",http://biblioteca.conab.gov.br/phl82/pdf/legislacao/2021_PRT_376.pdf
MACAÚBA (FRUTO) - PRODUTO EXTRATIVO,10718,AM,AM,2023,1,2023,12,0.56,kg,"PORTARIA MAPA Nº 534, DE 19 DE",https://www.in.gov.br/en/web/dou/-/portaria-mapa-n-534-de-19-de-dezembro-de-2022-452020932
MACAÚBA (FRUTO) - PRODUTO EXTRATIVO,10718,AM,AM,2024,1,2024,12,0.54,kg,"PORTARIA MDA N° 41, DE 29 DE D",https://www.in.gov.br/web/dou/-/portaria-mda-n-41-de-29-de-dezembro-de-2023-535311884
MACAÚBA (FRUTO) - PRODUTO EXTRATIVO,10718,AM,AM,2025,1,2025,12,0.54,kg,"PORTARIA MAPA Nº 750, DE 24 DE",https://www.in.gov.br/en/web/dou/-/portaria-mapa-n-750-de-24-de-dezembro-de-2024-604348255
MACAÚBA (FRUTO) - PRODUTO EXTRATIVO,10718,AM,AM,2026,1,2026,12,0.57,kg,"PORTARIA MAPA Nº 868, DE 1º DE",https://in.gov.br/en/web/dou/-/portaria-mapa-n-868-de-1-de-dezembro-de-2025-672624071
MACAÚBA (FRUTO) - PRODUTO EXTRATIVO,10718,AP,AP,2015,7,2016,6,0.45,kg,"PORTARIA  Nº  190,  DE  9  DE",NI
MACAÚBA (FRUTO) - PRODUTO EXTRATIVO,10718,AP,AP,2016,7,2017,6,0.55,kg,"PORTARIA Nº 123, DE 5 DE JULHO",http://biblioteca.conab.gov.br/phl82/pdf/legislacao/2016_PRT_123.pdf
MACAÚBA (FRUTO) - PRODUTO EXTRATIVO,10718,AP,AP,2017,7,2017,12,0.55,kg,"PORTARIA Nº 1.577, DE 17 DE JU",http://biblioteca.conab.gov.br/phl82/pdf/legislacao/2017_PRT_1577.pdf
MACAÚBA (FRUTO) - PRODUTO EXTRATIVO,10718,AP,AP,2018,1,2018,12,0.62,kg,"PORTARIA Nº 14, DE 3 DE JANEIR",http://biblioteca.conab.gov.br/phl82/pdf/legislacao/2018_PRT_14.pdf
MACAÚBA (FRUTO) - PRODUTO EXTRATIVO,10718,AP,AP,2019,1,2019,12,0.76,kg,"PORTARIA Nº 141, DE 8 DE JANEI",http://biblioteca.conab.gov.br/phl82/pdf/legislacao/2019_PRT_141.pdf
MACAÚBA (FRUTO) - PRODUTO EXTRATIVO,10718,AP,AP,2020,1,2020,12,0.44,kg,"PORTARIA Nº 313, DE 30 DE DEZE",http://biblioteca.conab.gov.br/phl82/pdf/legislacao/2019_PRT_313.pdf
MACAÚBA (FRUTO) - PRODUTO EXTRATIVO,10718,AP,AP,2021,1,2021,12,0.44,kg,,
MACAÚBA (FRUTO) - PRODUTO EXTRATIVO,10718,AP,AP,2022,1,2022,12,0.5,kg,"PORTARIA MAPA Nº 376, DE 22 DE",http://biblioteca.conab.gov.br/phl82/pdf/legislacao/2021_PRT_376.pdf
MACAÚBA (FRUTO) - PRODUTO EXTRATIVO,10718,AP,AP,2023,1,2023,12,0.56,kg,"PORTARIA MAPA Nº 534, DE 19 DE",https://www.in.gov.br/en/web/dou/-/portaria-mapa-n-534-de-19-de-dezembro-de-2022-452020932
MACAÚBA (FRUTO) - PRODUTO EXTRATIVO,10718,AP,AP,2024,1,2024,12,0.54,kg,"PORTARIA MDA N° 41, DE 29 DE D",https://www.in.gov.br/web/dou/-/portaria-mda-n-41-de-29-de-dezembro-de-2023-535311884
MACAÚBA (FRUTO) - PRODUTO EXTRATIVO,10718,AP,AP,2025,1,2025,12,0.54,kg,"PORTARIA MAPA Nº 750, DE 24 DE",https://www.in.gov.br/en/web/dou/-/portaria-mapa-n-750-de-24-de-dezembro-de-2024-604348255
MACAÚBA (FRUTO) - PRODUTO EXTRATIVO,10718,AP,AP,2026,1,2026,12,0.57,kg,"PORTARIA MAPA Nº 868, DE 1º DE",https://in.gov.br/en/web/dou/-/portaria-mapa-n-868-de-1-de-dezembro-de-2025-672624071
MACAÚBA (FRUTO) - PRODUTO EXTRATIVO,10718,PA,PA,2015,7,2016,6,0.45,kg,"PORTARIA  Nº  190,  DE  9  DE",NI
MACAÚBA (FRUTO) - PRODUTO EXTRATIVO,10718,PA,PA,2016,7,2017,6,0.55,kg,"PORTARIA Nº 123, DE 5 DE JULHO",http://biblioteca.conab.gov.br/phl82/pdf/legislacao/2016_PRT_123.pdf
MACAÚBA (FRUTO) - PRODUTO EXTRATIVO,10718,PA,PA,2017,7,2017,12,0.55,kg,"PORTARIA Nº 1.577, DE 17 DE JU",http://biblioteca.conab.gov.br/phl82/pdf/legislacao/2017_PRT_1577.pdf
MACAÚBA (FRUTO) - PRODUTO EXTRATIVO,10718,PA,PA,2018,1,2018,12,0.62,kg,"PORTARIA Nº 14, DE 3 DE JANEIR",http://biblioteca.conab.gov.br/phl82/pdf/legislacao/2018_PRT_14.pdf
MACAÚBA (FRUTO) - PRODUTO EXTRATIVO,10718,PA,PA,2019,1,2019,12,0.76,kg,"PORTARIA Nº 141, DE 8 DE JANEI",http://biblioteca.conab.gov.br/phl82/pdf/legislacao/2019_PRT_141.pdf
MACAÚBA (FRUTO) - PRODUTO EXTRATIVO,10718,PA,PA,2020,1,2020,12,0.44,kg,"PORTARIA Nº 313, DE 30 DE DEZE",http://biblioteca.conab.gov.br/phl82/pdf/legislacao/2019_PRT_313.pdf
MACAÚBA (FRUTO) - PRODUTO EXTRATIVO,10718,PA,PA,2021,1,2021,12,0.44,kg,,
MACAÚBA (FRUTO) - PRODUTO EXTRATIVO,10718,PA,PA,2022,1,2022,12,0.5,kg,"PORTARIA MAPA Nº 376, DE 22 DE",http://biblioteca.conab.gov.br/phl82/pdf/legislacao/2021_PRT_376.pdf
MACAÚBA (FRUTO) - PRODUTO EXTRATIVO,10718,PA,PA,2023,1,2023,12,0.56,kg,"PORTARIA MAPA Nº 534, DE 19 DE",https://www.in.gov.br/en/web/dou/-/portaria-mapa-n-534-de-19-de-dezembro-de-2022-452020932
MACAÚBA (FRUTO) - PRODUTO EXTRATIVO,10718,PA,PA,2024,1,2024,12,0.54,kg,"PORTARIA MDA N° 41, DE 29 DE D",https://www.in.gov.br/web/dou/-/portaria-mda-n-41-de-29-de-dezembro-de-2023-535311884
MACAÚBA (FRUTO) - PRODUTO EXTRATIVO,10718,PA,PA,2025,1,2025,12,0.54,kg,"PORTARIA MAPA Nº 750, DE 24 DE",https://www.in.gov.br/en/web/dou/-/portaria-mapa-n-750-de-24-de-dezembro-de-2024-604348255
MACAÚBA (FRUTO) - PRODUTO EXTRATIVO,10718,PA,PA,2026,1,2026,12,0.57,kg,"PORTARIA MAPA Nº 868, DE 1º DE",https://in.gov.br/en/web/dou/-/portaria-mapa-n-868-de-1-de-dezembro-de-2025-672624071
MACAÚBA (FRUTO) - PRODUTO EXTRATIVO,10718,RO,RO,2015,7,2016,6,0.45,kg,"PORTARIA  Nº  190,  DE  9  DE",NI
MACAÚBA (FRUTO) - PRODUTO EXTRATIVO,10718,RO,RO,2016,7,2017,6,0.55,kg,"PORTARIA Nº 123, DE 5 DE JULHO",http://biblioteca.conab.gov.br/phl82/pdf/legislacao/2016_PRT_123.pdf
MACAÚBA (FRUTO) - PRODUTO EXTRATIVO,10718,RO,RO,2017,7,2017,12,0.55,kg,"PORTARIA Nº 1.577, DE 17 DE JU",http://biblioteca.conab.gov.br/phl82/pdf/legislacao/2017_PRT_1577.pdf
MACAÚBA (FRUTO) - PRODUTO EXTRATIVO,10718,RO,RO,2018,1,2018,12,0.62,kg,"PORTARIA Nº 14, DE 3 DE JANEIR",http://biblioteca.conab.gov.br/phl82/pdf/legislacao/2018_PRT_14.pdf
MACAÚBA (FRUTO) - PRODUTO EXTRATIVO,10718,RO,RO,2019,1,2019,12,0.76,kg,"PORTARIA Nº 141, DE 8 DE JANEI",http://biblioteca.conab.gov.br/phl82/pdf/legislacao/2019_PRT_141.pdf
MACAÚBA (FRUTO) - PRODUTO EXTRATIVO,10718,RO,RO,2020,1,2020,12,0.44,kg,"PORTARIA Nº 313, DE 30 DE DEZE",http://biblioteca.conab.gov.br/phl82/pdf/legislacao/2019_PRT_313.pdf
MACAÚBA (FRUTO) - PRODUTO EXTRATIVO,10718,RO,RO,2021,1,2021,12,0.44,kg,,
MACAÚBA (FRUTO) - PRODUTO EXTRATIVO,10718,RO,RO,2022,1,2022,12,0.5,kg,"PORTARIA MAPA Nº 376, DE 22 DE",http://biblioteca.conab.gov.br/phl82/pdf/legislacao/2021_PRT_376.pdf
MACAÚBA (FRUTO) - PRODUTO EXTRATIVO,10718,RO,RO,2023,1,2023,12,0.56,kg,"PORTARIA MAPA Nº 534, DE 19 DE",https://www.in.gov.br/en/web/dou/-/portaria-mapa-n-534-de-19-de-dezembro-de-2022-452020932
MACAÚBA (FRUTO) - PRODUTO EXTRATIVO,10718,RO,RO,2024,1,2024,12,0.54,kg,"PORTARIA MDA N° 41, DE 29 DE D",https://www.in.gov.br/web/dou/-/portaria-mda-n-41-de-29-de-dezembro-de-2023-535311884
MACAÚBA (FRUTO) - PRODUTO EXTRATIVO,10718,RO,RO,2025,1,2025,12,0.54,kg,"PORTARIA MAPA Nº 750, DE 24 DE",https://www.in.gov.br/en/web/dou/-/portaria-mapa-n-750-de-24-de-dezembro-de-2024-604348255
MACAÚBA (FRUTO) - PRODUTO EXTRATIVO,10718,RO,RO,2026,1,2026,12,0.57,kg,"PORTARIA MAPA Nº 868, DE 1º DE",https://in.gov.br/en/web/dou/-/portaria-mapa-n-868-de-1-de-dezembro-de-2025-672624071
MACAÚBA (FRUTO) - PRODUTO EXTRATIVO,10718,RR,RR,2015,7,2016,6,0.45,kg,"PORTARIA  Nº  190,  DE  9  DE",NI
MACAÚBA (FRUTO) - PRODUTO EXTRATIVO,10718,RR,RR,2016,7,2017,6,0.55,kg,"PORTARIA Nº 123, DE 5 DE JULHO",http://biblioteca.conab.gov.br/phl82/pdf/legislacao/2016_PRT_123.pdf
MACAÚBA (FRUTO) - PRODUTO EXTRATIVO,10718,RR,RR,2017,7,2017,12,0.55,kg,"PORTARIA Nº 1.577, DE 17 DE JU",http://biblioteca.conab.gov.br/phl82/pdf/legislacao/2017_PRT_1577.pdf
MACAÚBA (FRUTO) - PRODUTO EXTRATIVO,10718,RR,RR,2018,1,2018,12,0.62,kg,"PORTARIA Nº 14, DE 3 DE JANEIR",http://biblioteca.conab.gov.br/phl82/pdf/legislacao/2018_PRT_14.pdf
MACAÚBA (FRUTO) - PRODUTO EXTRATIVO,10718,RR,RR,2019,1,2019,12,0.76,kg,"PORTARIA Nº 141, DE 8 DE JANEI",http://biblioteca.conab.gov.br/phl82/pdf/legislacao/2019_PRT_141.pdf
MACAÚBA (FRUTO) - PRODUTO EXTRATIVO,10718,RR,RR,2020,1,2020,12,0.44,kg,"PORTARIA Nº 313, DE 30 DE DEZE",http://biblioteca.conab.gov.br/phl82/pdf/legislacao/2019_PRT_313.pdf
MACAÚBA (FRUTO) - PRODUTO EXTRATIVO,10718,RR,RR,2021,1,2021,12,0.44,kg,,
MACAÚBA (FRUTO) - PRODUTO EXTRATIVO,10718,RR,RR,2022,1,2022,12,0.5,kg,"PORTARIA MAPA Nº 376, DE 22 DE",http://biblioteca.conab.gov.br/phl82/pdf/legislacao/2021_PRT_376.pdf
MACAÚBA (FRUTO) - PRODUTO EXTRATIVO,10718,RR,RR,2023,1,2023,12,0.56,kg,"PORTARIA MAPA Nº 534, DE 19 DE",https://www.in.gov.br/en/web/dou/-/portaria-mapa-n-534-de-19-de-dezembro-de-2022-452020932
MACAÚBA (FRUTO) - PRODUTO EXTRATIVO,10718,RR,RR,2024,1,2024,12,0.54,kg,"PORTARIA MDA N° 41, DE 29 DE D",https://www.in.gov.br/web/dou/-/portaria-mda-n-41-de-29-de-dezembro-de-2023-535311884
MACAÚBA (FRUTO) - PRODUTO EXTRATIVO,10718,RR,RR,2025,1,2025,12,0.54,kg,"PORTARIA MAPA Nº 750, DE 24 DE",https://www.in.gov.br/en/web/dou/-/portaria-mapa-n-750-de-24-de-dezembro-de-2024-604348255
MACAÚBA (FRUTO) - PRODUTO EXTRATIVO,10718,RR,RR,2026,1,2026,12,0.57,kg,"PORTARIA MAPA Nº 868, DE 1º DE",https://in.gov.br/en/web/dou/-/portaria-mapa-n-868-de-1-de-dezembro-de-2025-672624071
MACAÚBA (FRUTO) - PRODUTO EXTRATIVO,10718,TO,TO,2015,7,2016,6,0.45,kg,"PORTARIA  Nº  190,  DE  9  DE",NI
MACAÚBA (FRUTO) - PRODUTO EXTRATIVO,10718,TO,TO,2016,7,2017,6,0.55,kg,"PORTARIA Nº 123, DE 5 DE JULHO",http://biblioteca.conab.gov.br/phl82/pdf/legislacao/2016_PRT_123.pdf
MACAÚBA (FRUTO) - PRODUTO EXTRATIVO,10718,TO,TO,2017,7,2017,12,0.55,kg,"PORTARIA Nº 1.577, DE 17 DE JU",http://biblioteca.conab.gov.br/phl82/pdf/legislacao/2017_PRT_1577.pdf
MACAÚBA (FRUTO) - PRODUTO EXTRATIVO,10718,TO,TO,2018,1,2018,12,0.62,kg,"PORTARIA Nº 14, DE 3 DE JANEIR",http://biblioteca.conab.gov.br/phl82/pdf/legislacao/2018_PRT_14.pdf
MACAÚBA (FRUTO) - PRODUTO EXTRATIVO,10718,TO,TO,2019,1,2019,12,0.76,kg,"PORTARIA Nº 141, DE 8 DE JANEI",http://biblioteca.conab.gov.br/phl82/pdf/legislacao/2019_PRT_141.pdf
MACAÚBA (FRUTO) - PRODUTO EXTRATIVO,10718,TO,TO,2020,1,2020,12,0.44,kg,"PORTARIA Nº 313, DE 30 DE DEZE",http://biblioteca.conab.gov.br/phl82/pdf/legislacao/2019_PRT_313.pdf
MACAÚBA (FRUTO) - PRODUTO EXTRATIVO,10718,TO,TO,2021,1,2021,12,0.44,kg,,
MACAÚBA (FRUTO) - PRODUTO EXTRATIVO,10718,TO,TO,2022,1,2022,12,0.5,kg,"PORTARIA MAPA Nº 376, DE 22 DE",http://biblioteca.conab.gov.br/phl82/pdf/legislacao/2021_PRT_376.pdf
MACAÚBA (FRUTO) - PRODUTO EXTRATIVO,10718,TO,TO,2023,1,2023,12,0.56,kg,"PORTARIA MAPA Nº 534, DE 19 DE",https://www.in.gov.br/en/web/dou/-/portaria-mapa-n-534-de-19-de-dezembro-de-2022-452020932
MACAÚBA (FRUTO) - PRODUTO EXTRATIVO,10718,TO,TO,2024,1,2024,12,0.54,kg,"PORTARIA MDA N° 41, DE 29 DE D",https://www.in.gov.br/web/dou/-/portaria-mda-n-41-de-29-de-dezembro-de-2023-535311884
MACAÚBA (FRUTO) - PRODUTO EXTRATIVO,10718,TO,TO,2025,1,2025,12,0.54,kg,"PORTARIA MAPA Nº 750, DE 24 DE",https://www.in.gov.br/en/web/dou/-/portaria-mapa-n-750-de-24-de-dezembro-de-2024-604348255
MACAÚBA (FRUTO) - PRODUTO EXTRATIVO,10718,TO,TO,2026,1,2026,12,0.57,kg,"PORTARIA MAPA Nº 868, DE 1º DE",https://in.gov.br/en/web/dou/-/portaria-mapa-n-868-de-1-de-dezembro-de-2025-672624071
MILHO,4742,AC,AC,2014,1,2014,12,21.6,60 kg,"PORTARIA  Nº  190,  DE  9  DE",NI
MILHO,4742,AC,AC,2015,1,2015,12,21.6,60 kg,"PORTARIA  Nº  190,  DE  9  DE",NI
MILHO,4742,AC,AC,2016,1,2016,12,21.6,60 kg,"PORTARIA Nº 123, DE 5 DE JULHO",http://biblioteca.conab.gov.br/phl82/pdf/legislacao/2016_PRT_123.pdf
MILHO,4742,AC,AC,2017,1,2017,12,21.6,60 kg,"PORTARIA Nº 123, DE 5 DE JULHO",http://biblioteca.conab.gov.br/phl82/pdf/legislacao/2016_PRT_123.pdf
MILHO,4742,AC,AC,2018,1,2018,12,20.85,60 kg,"PORTARIA Nº 1.577, DE 17 DE JU",http://biblioteca.conab.gov.br/phl82/pdf/legislacao/2017_PRT_1577.pdf
MILHO,4742,AC,AC,2019,1,2019,12,24.99,60 kg,"PORTARIA Nº 135, DE 12 DE JULH",http://biblioteca.conab.gov.br/phl82/pdf/legislacao/2018_PRT_935.pdf
MILHO,4742,AC,AC,2020,1,2020,12,24.27,60 kg,"PORTARIA Nº 135, DE 12 DE JULH",http://biblioteca.conab.gov.br/phl82/pdf/legislacao/2019_PRT_135.pdf
MILHO,4742,AC,AC,2021,1,2021,12,27.66,60 kg,"PORTARIA Nº 190, DE 9 DE JUNHO",http://biblioteca.conab.gov.br/phl82/pdf/legislacao/2020_PRT_190.pdf
MILHO,4742,AC,AC,2022,1,2022,12,34.97,60 kg,"PORTARIA Nº 201, DE 1º DE JULH",http://biblioteca.conab.gov.br/phl82/pdf/legislacao/2021_PRT_201.pdf
MILHO,4742,AC,AC,2023,1,2023,12,72.51,60 kg,"PORTARIA MAPA Nº 452, DE 4 DE",https://biblioteca.conab.gov.br/phl82/pdf/legislacao/2022_PRT_452.pdf
MILHO,4742,AC,AC,2024,1,2024,12,39.21,60 kg,"PORTARIA MAPA Nº 612, DE 31 DE",https://www.in.gov.br/en/web/dou/-/portaria-mapa-n-612-de-31-de-agosto-de-2023-507003445
MILHO,4742,AC,AC,2025,1,2025,12,35.91,60 kg,"PORTARIA MAPA Nº 700, DE 15 DE",https://www.in.gov.br/en/web/dou/-/portaria-mapa-n-700-de-15-de-julho-de-2024-572339980
MILHO,4742,AC,AC,2026,1,2026,12,38.28,60 kg,"PORTARIA MAPA Nº 812, DE 7 DE",https://www.in.gov.br/en/web/dou/-/portaria-mapa-n-812-de-7-de-julho-de-2025-640776008
MILHO,4742,AC,AC,2027,1,2027,12,38.28,60 kg,"PORTARIA MAPA Nº 934, DE 09 DE",https://www.in.gov.br/web/dou/-/portaria-mapa-n-934-de-9-de-julho-de-2026-718439459
MILHO,4742,AM,AM,2014,1,2014,12,21.6,60 kg,"PORTARIA  Nº  190,  DE  9  DE",NI
MILHO,4742,AM,AM,2015,1,2015,12,21.6,60 kg,"PORTARIA  Nº  190,  DE  9  DE",NI
MILHO,4742,AM,AM,2016,1,2016,12,21.6,60 kg,"PORTARIA Nº 123, DE 5 DE JULHO",http://biblioteca.conab.gov.br/phl82/pdf/legislacao/2016_PRT_123.pdf
MILHO,4742,AM,AM,2017,1,2017,12,21.6,60 kg,"PORTARIA Nº 123, DE 5 DE JULHO",http://biblioteca.conab.gov.br/phl82/pdf/legislacao/2016_PRT_123.pdf
MILHO,4742,AM,AM,2018,1,2018,12,20.85,60 kg,"PORTARIA Nº 1.577, DE 17 DE JU",http://biblioteca.conab.gov.br/phl82/pdf/legislacao/2017_PRT_1577.pdf
MILHO,4742,AM,AM,2019,1,2019,12,24.99,60 kg,"PORTARIA Nº 135, DE 12 DE JULH",http://biblioteca.conab.gov.br/phl82/pdf/legislacao/2018_PRT_935.pdf
MILHO,4742,AM,AM,2020,1,2020,12,24.27,60 kg,"PORTARIA Nº 135, DE 12 DE JULH",http://biblioteca.conab.gov.br/phl82/pdf/legislacao/2019_PRT_135.pdf
MILHO,4742,AM,AM,2021,1,2021,12,27.66,60 kg,"PORTARIA Nº 190, DE 9 DE JUNHO",http://biblioteca.conab.gov.br/phl82/pdf/legislacao/2020_PRT_190.pdf
MILHO,4742,AM,AM,2022,1,2022,12,34.97,60 kg,"PORTARIA Nº 201, DE 1º DE JULH",http://biblioteca.conab.gov.br/phl82/pdf/legislacao/2021_PRT_201.pdf
MILHO,4742,AM,AM,2023,1,2023,12,72.51,60 kg,"PORTARIA MAPA Nº 452, DE 4 DE",https://biblioteca.conab.gov.br/phl82/pdf/legislacao/2022_PRT_452.pdf
MILHO,4742,AM,AM,2024,1,2024,12,39.21,60 kg,"PORTARIA MAPA Nº 612, DE 31 DE",https://www.in.gov.br/en/web/dou/-/portaria-mapa-n-612-de-31-de-agosto-de-2023-507003445
MILHO,4742,AM,AM,2025,1,2025,12,35.91,60 kg,"PORTARIA MAPA Nº 700, DE 15 DE",https://www.in.gov.br/en/web/dou/-/portaria-mapa-n-700-de-15-de-julho-de-2024-572339980
MILHO,4742,AM,AM,2026,1,2026,12,38.28,60 kg,"PORTARIA MAPA Nº 812, DE 7 DE",https://www.in.gov.br/en/web/dou/-/portaria-mapa-n-812-de-7-de-julho-de-2025-640776008
MILHO,4742,AM,AM,2027,1,2027,12,38.28,60 kg,"PORTARIA MAPA Nº 934, DE 09 DE",https://www.in.gov.br/web/dou/-/portaria-mapa-n-934-de-9-de-julho-de-2026-718439459
MILHO,4742,AP,AP,2014,1,2014,12,21.6,60 kg,"PORTARIA  Nº  190,  DE  9  DE",NI
MILHO,4742,AP,AP,2015,1,2015,12,21.6,60 kg,"PORTARIA  Nº  190,  DE  9  DE",NI
MILHO,4742,AP,AP,2016,1,2016,12,21.6,60 kg,"PORTARIA Nº 123, DE 5 DE JULHO",http://biblioteca.conab.gov.br/phl82/pdf/legislacao/2016_PRT_123.pdf
MILHO,4742,AP,AP,2017,1,2017,12,21.6,60 kg,"PORTARIA Nº 123, DE 5 DE JULHO",http://biblioteca.conab.gov.br/phl82/pdf/legislacao/2016_PRT_123.pdf
MILHO,4742,AP,AP,2018,1,2018,12,20.85,60 kg,"PORTARIA Nº 1.577, DE 17 DE JU",http://biblioteca.conab.gov.br/phl82/pdf/legislacao/2017_PRT_1577.pdf
MILHO,4742,AP,AP,2019,1,2019,12,24.99,60 kg,"PORTARIA Nº 135, DE 12 DE JULH",http://biblioteca.conab.gov.br/phl82/pdf/legislacao/2018_PRT_935.pdf
MILHO,4742,AP,AP,2020,1,2020,12,24.27,60 kg,"PORTARIA Nº 135, DE 12 DE JULH",http://biblioteca.conab.gov.br/phl82/pdf/legislacao/2019_PRT_135.pdf
MILHO,4742,AP,AP,2021,1,2021,12,27.66,60 kg,"PORTARIA Nº 190, DE 9 DE JUNHO",http://biblioteca.conab.gov.br/phl82/pdf/legislacao/2020_PRT_190.pdf
MILHO,4742,AP,AP,2022,1,2022,12,34.97,60 kg,"PORTARIA Nº 201, DE 1º DE JULH",http://biblioteca.conab.gov.br/phl82/pdf/legislacao/2021_PRT_201.pdf
MILHO,4742,AP,AP,2023,1,2023,12,72.51,60 kg,"PORTARIA MAPA Nº 452, DE 4 DE",https://biblioteca.conab.gov.br/phl82/pdf/legislacao/2022_PRT_452.pdf
MILHO,4742,AP,AP,2024,1,2024,12,39.21,60 kg,"PORTARIA MAPA Nº 612, DE 31 DE",https://www.in.gov.br/en/web/dou/-/portaria-mapa-n-612-de-31-de-agosto-de-2023-507003445
MILHO,4742,AP,AP,2025,1,2025,12,35.91,60 kg,"PORTARIA MAPA Nº 700, DE 15 DE",https://www.in.gov.br/en/web/dou/-/portaria-mapa-n-700-de-15-de-julho-de-2024-572339980
MILHO,4742,AP,AP,2026,1,2026,12,38.28,60 kg,"PORTARIA MAPA Nº 812, DE 7 DE",https://www.in.gov.br/en/web/dou/-/portaria-mapa-n-812-de-7-de-julho-de-2025-640776008
MILHO,4742,AP,AP,2027,1,2027,12,38.28,60 kg,"PORTARIA MAPA Nº 934, DE 09 DE",https://www.in.gov.br/web/dou/-/portaria-mapa-n-934-de-9-de-julho-de-2026-718439459
MILHO,4742,PA,PA,2014,1,2014,12,21.6,60 kg,"PORTARIA  Nº  190,  DE  9  DE",NI
MILHO,4742,PA,PA,2015,1,2015,12,21.6,60 kg,"PORTARIA  Nº  190,  DE  9  DE",NI
MILHO,4742,PA,PA,2016,1,2016,12,21.6,60 kg,"PORTARIA Nº 123, DE 5 DE JULHO",http://biblioteca.conab.gov.br/phl82/pdf/legislacao/2016_PRT_123.pdf
MILHO,4742,PA,PA,2017,1,2017,12,21.6,60 kg,"PORTARIA Nº 123, DE 5 DE JULHO",http://biblioteca.conab.gov.br/phl82/pdf/legislacao/2016_PRT_123.pdf
MILHO,4742,PA,PA,2018,1,2018,12,20.85,60 kg,"PORTARIA Nº 1.577, DE 17 DE JU",http://biblioteca.conab.gov.br/phl82/pdf/legislacao/2017_PRT_1577.pdf
MILHO,4742,PA,PA,2019,1,2019,12,24.99,60 kg,"PORTARIA Nº 135, DE 12 DE JULH",http://biblioteca.conab.gov.br/phl82/pdf/legislacao/2018_PRT_935.pdf
MILHO,4742,PA,PA,2020,1,2020,12,24.27,60 kg,"PORTARIA Nº 135, DE 12 DE JULH",http://biblioteca.conab.gov.br/phl82/pdf/legislacao/2019_PRT_135.pdf
MILHO,4742,PA,PA,2021,1,2021,12,27.66,60 kg,"PORTARIA Nº 190, DE 9 DE JUNHO",http://biblioteca.conab.gov.br/phl82/pdf/legislacao/2020_PRT_190.pdf
MILHO,4742,PA,PA,2022,1,2022,12,34.97,60 kg,"PORTARIA Nº 201, DE 1º DE JULH",http://biblioteca.conab.gov.br/phl82/pdf/legislacao/2021_PRT_201.pdf
MILHO,4742,PA,PA,2023,1,2023,12,72.51,60 kg,"PORTARIA MAPA Nº 452, DE 4 DE",https://biblioteca.conab.gov.br/phl82/pdf/legislacao/2022_PRT_452.pdf
MILHO,4742,PA,PA,2024,1,2024,12,39.21,60 kg,"PORTARIA MAPA Nº 612, DE 31 DE",https://www.in.gov.br/en/web/dou/-/portaria-mapa-n-612-de-31-de-agosto-de-2023-507003445
MILHO,4742,PA,PA,2025,1,2025,12,40.55,60 kg,"PORTARIA MAPA Nº 700, DE 15 DE",https://www.in.gov.br/en/web/dou/-/portaria-mapa-n-700-de-15-de-julho-de-2024-572339980
MILHO,4742,PA,PA,2026,1,2026,12,46.24,60 kg,"PORTARIA MAPA Nº 812, DE 7 DE",https://www.in.gov.br/en/web/dou/-/portaria-mapa-n-812-de-7-de-julho-de-2025-640776008
MILHO,4742,PA,PA,2027,1,2027,12,49.98,60 kg,"PORTARIA MAPA Nº 934, DE 09 DE",https://www.in.gov.br/web/dou/-/portaria-mapa-n-934-de-9-de-julho-de-2026-718439459
MILHO,4742,RO,RO,2014,1,2014,12,13.56,60 kg,"PORTARIA  Nº  190,  DE  9  DE",NI
MILHO,4742,RO,RO,2015,1,2015,12,13.56,60 kg,"PORTARIA  Nº  190,  DE  9  DE",NI
MILHO,4742,RO,RO,2016,1,2016,12,13.56,60 kg,"PORTARIA Nº 123, DE 5 DE JULHO",http://biblioteca.conab.gov.br/phl82/pdf/legislacao/2016_PRT_123.pdf
MILHO,4742,RO,RO,2017,1,2017,12,16.5,60 kg,"PORTARIA Nº 123, DE 5 DE JULHO",http://biblioteca.conab.gov.br/phl82/pdf/legislacao/2016_PRT_123.pdf
MILHO,4742,RO,RO,2018,1,2018,12,16.71,60 kg,"PORTARIA Nº 1.577, DE 17 DE JU",http://biblioteca.conab.gov.br/phl82/pdf/legislacao/2017_PRT_1577.pdf
MILHO,4742,RO,RO,2019,1,2019,12,17.93,60 kg,"PORTARIA Nº 135, DE 12 DE JULH",http://biblioteca.conab.gov.br/phl82/pdf/legislacao/2018_PRT_935.pdf
MILHO,4742,RO,RO,2020,1,2020,12,18.45,60 kg,"PORTARIA Nº 135, DE 12 DE JULH",http://biblioteca.conab.gov.br/phl82/pdf/legislacao/2019_PRT_135.pdf
MILHO,4742,RO,RO,2021,1,2021,12,20.85,60 kg,"PORTARIA Nº 190, DE 9 DE JUNHO",http://biblioteca.conab.gov.br/phl82/pdf/legislacao/2020_PRT_190.pdf
MILHO,4742,RO,RO,2022,1,2022,12,25.8,60 kg,"PORTARIA Nº 201, DE 1º DE JULH",http://biblioteca.conab.gov.br/phl82/pdf/legislacao/2021_PRT_201.pdf
MILHO,4742,RO,RO,2023,1,2023,12,43.26,60 kg,"PORTARIA MAPA Nº 452, DE 4 DE",https://biblioteca.conab.gov.br/phl82/pdf/legislacao/2022_PRT_452.pdf
MILHO,4742,RO,RO,2024,1,2024,12,39.21,60 kg,"PORTARIA MAPA Nº 612, DE 31 DE",https://www.in.gov.br/en/web/dou/-/portaria-mapa-n-612-de-31-de-agosto-de-2023-507003445
MILHO,4742,RO,RO,2025,1,2025,12,35.91,60 kg,"PORTARIA MAPA Nº 700, DE 15 DE",https://www.in.gov.br/en/web/dou/-/portaria-mapa-n-700-de-15-de-julho-de-2024-572339980
MILHO,4742,RO,RO,2026,1,2026,12,38.28,60 kg,"PORTARIA MAPA Nº 812, DE 7 DE",https://www.in.gov.br/en/web/dou/-/portaria-mapa-n-812-de-7-de-julho-de-2025-640776008
MILHO,4742,RO,RO,2027,1,2027,12,38.28,60 kg,"PORTARIA MAPA Nº 934, DE 09 DE",https://www.in.gov.br/web/dou/-/portaria-mapa-n-934-de-9-de-julho-de-2026-718439459
MILHO,4742,RR,RR,2015,1,2015,12,21.6,60 kg,"PORTARIA  Nº  190,  DE  9  DE",NI
MILHO,4742,RR,RR,2016,1,2016,12,21.6,60 kg,"PORTARIA Nº 123, DE 5 DE JULHO",http://biblioteca.conab.gov.br/phl82/pdf/legislacao/2016_PRT_123.pdf
MILHO,4742,RR,RR,2017,1,2017,12,21.6,60 kg,"PORTARIA Nº 123, DE 5 DE JULHO",http://biblioteca.conab.gov.br/phl82/pdf/legislacao/2016_PRT_123.pdf
MILHO,4742,RR,RR,2018,1,2018,12,20.85,60 kg,"PORTARIA Nº 1.577, DE 17 DE JU",http://biblioteca.conab.gov.br/phl82/pdf/legislacao/2017_PRT_1577.pdf
MILHO,4742,RR,RR,2019,1,2019,12,24.99,60 kg,"PORTARIA Nº 135, DE 12 DE JULH",http://biblioteca.conab.gov.br/phl82/pdf/legislacao/2018_PRT_935.pdf
MILHO,4742,RR,RR,2020,1,2020,12,24.27,60 kg,"PORTARIA Nº 135, DE 12 DE JULH",http://biblioteca.conab.gov.br/phl82/pdf/legislacao/2019_PRT_135.pdf
MILHO,4742,RR,RR,2021,1,2021,12,27.66,60 kg,"PORTARIA Nº 190, DE 9 DE JUNHO",http://biblioteca.conab.gov.br/phl82/pdf/legislacao/2020_PRT_190.pdf
MILHO,4742,RR,RR,2022,1,2022,12,34.97,60 kg,"PORTARIA Nº 201, DE 1º DE JULH",http://biblioteca.conab.gov.br/phl82/pdf/legislacao/2021_PRT_201.pdf
MILHO,4742,RR,RR,2023,1,2023,12,72.51,60 kg,"PORTARIA MAPA Nº 452, DE 4 DE",https://biblioteca.conab.gov.br/phl82/pdf/legislacao/2022_PRT_452.pdf
MILHO,4742,RR,RR,2024,1,2024,12,39.21,60 kg,"PORTARIA MAPA Nº 612, DE 31 DE",https://www.in.gov.br/en/web/dou/-/portaria-mapa-n-612-de-31-de-agosto-de-2023-507003445
MILHO,4742,RR,RR,2025,1,2025,12,35.91,60 kg,"PORTARIA MAPA Nº 700, DE 15 DE",https://www.in.gov.br/en/web/dou/-/portaria-mapa-n-700-de-15-de-julho-de-2024-572339980
MILHO,4742,RR,RR,2026,1,2026,12,38.28,60 kg,"PORTARIA MAPA Nº 812, DE 7 DE",https://www.in.gov.br/en/web/dou/-/portaria-mapa-n-812-de-7-de-julho-de-2025-640776008
MILHO,4742,RR,RR,2027,1,2027,12,38.28,60 kg,"PORTARIA MAPA Nº 934, DE 09 DE",https://www.in.gov.br/web/dou/-/portaria-mapa-n-934-de-9-de-julho-de-2026-718439459
MILHO,4742,TO,TO,2014,6,2014,12,21.6,60 kg,"PORTARIA  Nº  190,  DE  9  DE",NI
MILHO,4742,TO,TO,2014,1,2014,5,21.6,60 kg,"PORTARIA  Nº  190,  DE  9  DE",NI
MILHO,4742,TO,TO,2015,1,2015,12,21.6,60 kg,"PORTARIA  Nº  190,  DE  9  DE",NI
MILHO,4742,TO,TO,2016,1,2016,12,21.6,60 kg,"PORTARIA Nº 123, DE 5 DE JULHO",http://biblioteca.conab.gov.br/phl82/pdf/legislacao/2016_PRT_123.pdf
MILHO,4742,TO,TO,2017,1,2017,12,21.6,60 kg,"PORTARIA Nº 123, DE 5 DE JULHO",http://biblioteca.conab.gov.br/phl82/pdf/legislacao/2016_PRT_123.pdf
MILHO,4742,TO,TO,2018,1,2018,12,20.85,60 kg,"PORTARIA Nº 1.577, DE 17 DE JU",http://biblioteca.conab.gov.br/phl82/pdf/legislacao/2017_PRT_1577.pdf
MILHO,4742,TO,TO,2019,1,2019,12,20.41,60 kg,"PORTARIA Nº 135, DE 12 DE JULH",http://biblioteca.conab.gov.br/phl82/pdf/legislacao/2018_PRT_935.pdf
MILHO,4742,TO,TO,2020,1,2020,12,22.59,60 kg,"PORTARIA Nº 135, DE 12 DE JULH",http://biblioteca.conab.gov.br/phl82/pdf/legislacao/2019_PRT_135.pdf
MILHO,4742,TO,TO,2021,1,2021,12,23.52,60 kg,"PORTARIA Nº 190, DE 9 DE JUNHO",http://biblioteca.conab.gov.br/phl82/pdf/legislacao/2020_PRT_190.pdf
MILHO,4742,TO,TO,2022,1,2022,12,28.26,60 kg,"PORTARIA Nº 201, DE 1º DE JULH",http://biblioteca.conab.gov.br/phl82/pdf/legislacao/2021_PRT_201.pdf
MILHO,4742,TO,TO,2023,1,2023,12,53.13,60 kg,"PORTARIA MAPA Nº 452, DE 4 DE",https://biblioteca.conab.gov.br/phl82/pdf/legislacao/2022_PRT_452.pdf
MILHO,4742,TO,TO,2024,1,2024,12,39.21,60 kg,"PORTARIA MAPA Nº 612, DE 31 DE",https://www.in.gov.br/en/web/dou/-/portaria-mapa-n-612-de-31-de-agosto-de-2023-507003445
MILHO,4742,TO,TO,2025,1,2025,12,40.55,60 kg,"PORTARIA MAPA Nº 700, DE 15 DE",https://www.in.gov.br/en/web/dou/-/portaria-mapa-n-700-de-15-de-julho-de-2024-572339980
MILHO,4742,TO,TO,2026,1,2026,12,46.24,60 kg,"PORTARIA MAPA Nº 812, DE 7 DE",https://www.in.gov.br/en/web/dou/-/portaria-mapa-n-812-de-7-de-julho-de-2025-640776008
MILHO,4742,TO,TO,2027,1,2027,12,49.98,60 kg,"PORTARIA MAPA Nº 934, DE 09 DE",https://www.in.gov.br/web/dou/-/portaria-mapa-n-934-de-9-de-julho-de-2026-718439459
MURUMURU (FRUTO) - PRODUTO EXTRATIVO,11587,AC,AC,2018,1,2018,12,0.47,kg,"PORTARIA Nº 14, DE 3 DE JANEIR",http://biblioteca.conab.gov.br/phl82/pdf/legislacao/2018_PRT_14.pdf
MURUMURU (FRUTO) - PRODUTO EXTRATIVO,11587,AC,AC,2019,1,2019,12,0.44,kg,"PORTARIA Nº 141, DE 8 DE JANEI",http://biblioteca.conab.gov.br/phl82/pdf/legislacao/2019_PRT_141.pdf
MURUMURU (FRUTO) - PRODUTO EXTRATIVO,11587,AC,AC,2020,1,2020,12,1.03,kg,"PORTARIA Nº 313, DE 30 DE DEZE",http://biblioteca.conab.gov.br/phl82/pdf/legislacao/2019_PRT_313.pdf
MURUMURU (FRUTO) - PRODUTO EXTRATIVO,11587,AC,AC,2021,1,2021,12,1.03,kg,PREÇOS MÍNIMOS DOS PRODUTOS DE,http://biblioteca.conab.gov.br/phl82/pdf/legislacao/2021_PRT_18.pdf
MURUMURU (FRUTO) - PRODUTO EXTRATIVO,11587,AC,AC,2022,1,2022,12,1.72,kg,"PORTARIA MAPA Nº 376, DE 22 DE",http://biblioteca.conab.gov.br/phl82/pdf/legislacao/2021_PRT_376.pdf
MURUMURU (FRUTO) - PRODUTO EXTRATIVO,11587,AC,AC,2023,1,2023,12,2.69,kg,"PORTARIA MAPA Nº 534, DE 19 DE",https://www.in.gov.br/en/web/dou/-/portaria-mapa-n-534-de-19-de-dezembro-de-2022-452020932
MURUMURU (FRUTO) - PRODUTO EXTRATIVO,11587,AC,AC,2024,1,2024,12,2.68,kg,"PORTARIA MDA N° 41, DE 29 DE D",https://www.in.gov.br/web/dou/-/portaria-mda-n-41-de-29-de-dezembro-de-2023-535311884
MURUMURU (FRUTO) - PRODUTO EXTRATIVO,11587,AC,AC,2025,1,2025,12,2.68,kg,"PORTARIA MAPA Nº 750, DE 24 DE",https://www.in.gov.br/en/web/dou/-/portaria-mapa-n-750-de-24-de-dezembro-de-2024-604348255
MURUMURU (FRUTO) - PRODUTO EXTRATIVO,11587,AC,AC,2026,1,2026,12,2.7,kg,"PORTARIA MAPA Nº 868, DE 1º DE",https://in.gov.br/en/web/dou/-/portaria-mapa-n-868-de-1-de-dezembro-de-2025-672624071
MURUMURU (FRUTO) - PRODUTO EXTRATIVO,11587,AM,AM,2018,1,2018,12,0.47,kg,"PORTARIA Nº 14, DE 3 DE JANEIR",http://biblioteca.conab.gov.br/phl82/pdf/legislacao/2018_PRT_14.pdf
MURUMURU (FRUTO) - PRODUTO EXTRATIVO,11587,AM,AM,2019,1,2019,12,0.44,kg,"PORTARIA Nº 141, DE 8 DE JANEI",http://biblioteca.conab.gov.br/phl82/pdf/legislacao/2019_PRT_141.pdf
MURUMURU (FRUTO) - PRODUTO EXTRATIVO,11587,AM,AM,2020,1,2020,12,1.03,kg,"PORTARIA Nº 313, DE 30 DE DEZE",http://biblioteca.conab.gov.br/phl82/pdf/legislacao/2019_PRT_313.pdf
MURUMURU (FRUTO) - PRODUTO EXTRATIVO,11587,AM,AM,2021,1,2021,12,1.03,kg,PREÇOS MÍNIMOS DOS PRODUTOS DE,http://biblioteca.conab.gov.br/phl82/pdf/legislacao/2021_PRT_18.pdf
MURUMURU (FRUTO) - PRODUTO EXTRATIVO,11587,AM,AM,2022,1,2022,12,1.72,kg,"PORTARIA MAPA Nº 376, DE 22 DE",http://biblioteca.conab.gov.br/phl82/pdf/legislacao/2021_PRT_376.pdf
MURUMURU (FRUTO) - PRODUTO EXTRATIVO,11587,AM,AM,2023,1,2023,12,2.69,kg,"PORTARIA MAPA Nº 534, DE 19 DE",https://www.in.gov.br/en/web/dou/-/portaria-mapa-n-534-de-19-de-dezembro-de-2022-452020932
MURUMURU (FRUTO) - PRODUTO EXTRATIVO,11587,AM,AM,2024,1,2024,12,2.68,kg,"PORTARIA MDA N° 41, DE 29 DE D",https://www.in.gov.br/web/dou/-/portaria-mda-n-41-de-29-de-dezembro-de-2023-535311884
MURUMURU (FRUTO) - PRODUTO EXTRATIVO,11587,AM,AM,2025,1,2025,12,2.68,kg,"PORTARIA MAPA Nº 750, DE 24 DE",https://www.in.gov.br/en/web/dou/-/portaria-mapa-n-750-de-24-de-dezembro-de-2024-604348255
MURUMURU (FRUTO) - PRODUTO EXTRATIVO,11587,AM,AM,2026,1,2026,12,2.7,kg,"PORTARIA MAPA Nº 868, DE 1º DE",https://in.gov.br/en/web/dou/-/portaria-mapa-n-868-de-1-de-dezembro-de-2025-672624071
MURUMURU (FRUTO) - PRODUTO EXTRATIVO,11587,AP,AP,2018,1,2018,12,0.47,kg,"PORTARIA Nº 14, DE 3 DE JANEIR",http://biblioteca.conab.gov.br/phl82/pdf/legislacao/2018_PRT_14.pdf
MURUMURU (FRUTO) - PRODUTO EXTRATIVO,11587,AP,AP,2019,1,2019,12,0.44,kg,"PORTARIA Nº 141, DE 8 DE JANEI",http://biblioteca.conab.gov.br/phl82/pdf/legislacao/2019_PRT_141.pdf
MURUMURU (FRUTO) - PRODUTO EXTRATIVO,11587,AP,AP,2020,1,2020,12,1.03,kg,"PORTARIA Nº 313, DE 30 DE DEZE",http://biblioteca.conab.gov.br/phl82/pdf/legislacao/2019_PRT_313.pdf
MURUMURU (FRUTO) - PRODUTO EXTRATIVO,11587,AP,AP,2021,1,2021,12,1.03,kg,PREÇOS MÍNIMOS DOS PRODUTOS DE,http://biblioteca.conab.gov.br/phl82/pdf/legislacao/2021_PRT_18.pdf
MURUMURU (FRUTO) - PRODUTO EXTRATIVO,11587,AP,AP,2022,1,2022,12,1.72,kg,"PORTARIA MAPA Nº 376, DE 22 DE",http://biblioteca.conab.gov.br/phl82/pdf/legislacao/2021_PRT_376.pdf
MURUMURU (FRUTO) - PRODUTO EXTRATIVO,11587,AP,AP,2023,1,2023,12,2.69,kg,"PORTARIA MAPA Nº 534, DE 19 DE",https://www.in.gov.br/en/web/dou/-/portaria-mapa-n-534-de-19-de-dezembro-de-2022-452020932
MURUMURU (FRUTO) - PRODUTO EXTRATIVO,11587,AP,AP,2024,1,2024,12,2.68,kg,"PORTARIA MDA N° 41, DE 29 DE D",https://www.in.gov.br/web/dou/-/portaria-mda-n-41-de-29-de-dezembro-de-2023-535311884
MURUMURU (FRUTO) - PRODUTO EXTRATIVO,11587,AP,AP,2025,1,2025,12,2.68,kg,"PORTARIA MAPA Nº 750, DE 24 DE",https://www.in.gov.br/en/web/dou/-/portaria-mapa-n-750-de-24-de-dezembro-de-2024-604348255
MURUMURU (FRUTO) - PRODUTO EXTRATIVO,11587,AP,AP,2026,1,2026,12,2.7,kg,"PORTARIA MAPA Nº 868, DE 1º DE",https://in.gov.br/en/web/dou/-/portaria-mapa-n-868-de-1-de-dezembro-de-2025-672624071
MURUMURU (FRUTO) - PRODUTO EXTRATIVO,11587,PA,PA,2018,1,2018,12,0.47,kg,"PORTARIA Nº 14, DE 3 DE JANEIR",http://biblioteca.conab.gov.br/phl82/pdf/legislacao/2018_PRT_14.pdf
MURUMURU (FRUTO) - PRODUTO EXTRATIVO,11587,PA,PA,2019,1,2019,12,0.44,kg,"PORTARIA Nº 141, DE 8 DE JANEI",http://biblioteca.conab.gov.br/phl82/pdf/legislacao/2019_PRT_141.pdf
MURUMURU (FRUTO) - PRODUTO EXTRATIVO,11587,PA,PA,2020,1,2020,12,1.03,kg,"PORTARIA Nº 313, DE 30 DE DEZE",http://biblioteca.conab.gov.br/phl82/pdf/legislacao/2019_PRT_313.pdf
MURUMURU (FRUTO) - PRODUTO EXTRATIVO,11587,PA,PA,2021,1,2021,12,1.03,kg,PREÇOS MÍNIMOS DOS PRODUTOS DE,http://biblioteca.conab.gov.br/phl82/pdf/legislacao/2021_PRT_18.pdf
MURUMURU (FRUTO) - PRODUTO EXTRATIVO,11587,PA,PA,2022,1,2022,12,1.72,kg,"PORTARIA MAPA Nº 376, DE 22 DE",http://biblioteca.conab.gov.br/phl82/pdf/legislacao/2021_PRT_376.pdf
MURUMURU (FRUTO) - PRODUTO EXTRATIVO,11587,PA,PA,2023,1,2023,12,2.69,kg,"PORTARIA MAPA Nº 534, DE 19 DE",https://www.in.gov.br/en/web/dou/-/portaria-mapa-n-534-de-19-de-dezembro-de-2022-452020932
MURUMURU (FRUTO) - PRODUTO EXTRATIVO,11587,PA,PA,2024,1,2024,12,2.68,kg,"PORTARIA MDA N° 41, DE 29 DE D",https://www.in.gov.br/web/dou/-/portaria-mda-n-41-de-29-de-dezembro-de-2023-535311884
MURUMURU (FRUTO) - PRODUTO EXTRATIVO,11587,PA,PA,2025,1,2025,12,2.68,kg,"PORTARIA MAPA Nº 750, DE 24 DE",https://www.in.gov.br/en/web/dou/-/portaria-mapa-n-750-de-24-de-dezembro-de-2024-604348255
MURUMURU (FRUTO) - PRODUTO EXTRATIVO,11587,PA,PA,2026,1,2026,12,2.7,kg,"PORTARIA MAPA Nº 868, DE 1º DE",https://in.gov.br/en/web/dou/-/portaria-mapa-n-868-de-1-de-dezembro-de-2025-672624071
MURUMURU (FRUTO) - PRODUTO EXTRATIVO,11587,RO,RO,2018,1,2018,12,0.47,kg,"PORTARIA Nº 14, DE 3 DE JANEIR",http://biblioteca.conab.gov.br/phl82/pdf/legislacao/2018_PRT_14.pdf
MURUMURU (FRUTO) - PRODUTO EXTRATIVO,11587,RO,RO,2019,1,2019,12,0.44,kg,"PORTARIA Nº 141, DE 8 DE JANEI",http://biblioteca.conab.gov.br/phl82/pdf/legislacao/2019_PRT_141.pdf
MURUMURU (FRUTO) - PRODUTO EXTRATIVO,11587,RO,RO,2020,1,2020,12,1.03,kg,"PORTARIA Nº 313, DE 30 DE DEZE",http://biblioteca.conab.gov.br/phl82/pdf/legislacao/2019_PRT_313.pdf
MURUMURU (FRUTO) - PRODUTO EXTRATIVO,11587,RO,RO,2021,1,2021,12,1.03,kg,PREÇOS MÍNIMOS DOS PRODUTOS DE,http://biblioteca.conab.gov.br/phl82/pdf/legislacao/2021_PRT_18.pdf
MURUMURU (FRUTO) - PRODUTO EXTRATIVO,11587,RO,RO,2022,1,2022,12,1.72,kg,"PORTARIA MAPA Nº 376, DE 22 DE",http://biblioteca.conab.gov.br/phl82/pdf/legislacao/2021_PRT_376.pdf
MURUMURU (FRUTO) - PRODUTO EXTRATIVO,11587,RO,RO,2023,1,2023,12,2.69,kg,"PORTARIA MAPA Nº 534, DE 19 DE",https://www.in.gov.br/en/web/dou/-/portaria-mapa-n-534-de-19-de-dezembro-de-2022-452020932
MURUMURU (FRUTO) - PRODUTO EXTRATIVO,11587,RO,RO,2024,1,2024,12,2.68,kg,"PORTARIA MDA N° 41, DE 29 DE D",https://www.in.gov.br/web/dou/-/portaria-mda-n-41-de-29-de-dezembro-de-2023-535311884
MURUMURU (FRUTO) - PRODUTO EXTRATIVO,11587,RO,RO,2025,1,2025,12,2.68,kg,"PORTARIA MAPA Nº 750, DE 24 DE",https://www.in.gov.br/en/web/dou/-/portaria-mapa-n-750-de-24-de-dezembro-de-2024-604348255
MURUMURU (FRUTO) - PRODUTO EXTRATIVO,11587,RO,RO,2026,1,2026,12,2.7,kg,"PORTARIA MAPA Nº 868, DE 1º DE",https://in.gov.br/en/web/dou/-/portaria-mapa-n-868-de-1-de-dezembro-de-2025-672624071
MURUMURU (FRUTO) - PRODUTO EXTRATIVO,11587,RR,RR,2018,1,2018,12,0.47,kg,"PORTARIA Nº 14, DE 3 DE JANEIR",http://biblioteca.conab.gov.br/phl82/pdf/legislacao/2018_PRT_14.pdf
MURUMURU (FRUTO) - PRODUTO EXTRATIVO,11587,RR,RR,2019,1,2019,12,0.44,kg,"PORTARIA Nº 141, DE 8 DE JANEI",http://biblioteca.conab.gov.br/phl82/pdf/legislacao/2019_PRT_141.pdf
MURUMURU (FRUTO) - PRODUTO EXTRATIVO,11587,RR,RR,2020,1,2020,12,1.03,kg,"PORTARIA Nº 313, DE 30 DE DEZE",http://biblioteca.conab.gov.br/phl82/pdf/legislacao/2019_PRT_313.pdf
MURUMURU (FRUTO) - PRODUTO EXTRATIVO,11587,RR,RR,2021,1,2021,12,1.03,kg,PREÇOS MÍNIMOS DOS PRODUTOS DE,http://biblioteca.conab.gov.br/phl82/pdf/legislacao/2021_PRT_18.pdf
MURUMURU (FRUTO) - PRODUTO EXTRATIVO,11587,RR,RR,2022,1,2022,12,1.72,kg,"PORTARIA MAPA Nº 376, DE 22 DE",http://biblioteca.conab.gov.br/phl82/pdf/legislacao/2021_PRT_376.pdf
MURUMURU (FRUTO) - PRODUTO EXTRATIVO,11587,RR,RR,2023,1,2023,12,2.69,kg,"PORTARIA MAPA Nº 534, DE 19 DE",https://www.in.gov.br/en/web/dou/-/portaria-mapa-n-534-de-19-de-dezembro-de-2022-452020932
MURUMURU (FRUTO) - PRODUTO EXTRATIVO,11587,RR,RR,2024,1,2024,12,2.68,kg,"PORTARIA MDA N° 41, DE 29 DE D",https://www.in.gov.br/web/dou/-/portaria-mda-n-41-de-29-de-dezembro-de-2023-535311884
MURUMURU (FRUTO) - PRODUTO EXTRATIVO,11587,RR,RR,2025,1,2025,12,2.68,kg,"PORTARIA MAPA Nº 750, DE 24 DE",https://www.in.gov.br/en/web/dou/-/portaria-mapa-n-750-de-24-de-dezembro-de-2024-604348255
MURUMURU (FRUTO) - PRODUTO EXTRATIVO,11587,RR,RR,2026,1,2026,12,2.7,kg,"PORTARIA MAPA Nº 868, DE 1º DE",https://in.gov.br/en/web/dou/-/portaria-mapa-n-868-de-1-de-dezembro-de-2025-672624071
MURUMURU (FRUTO) - PRODUTO EXTRATIVO,11587,TO,TO,2018,1,2018,12,0.47,kg,"PORTARIA Nº 14, DE 3 DE JANEIR",http://biblioteca.conab.gov.br/phl82/pdf/legislacao/2018_PRT_14.pdf
MURUMURU (FRUTO) - PRODUTO EXTRATIVO,11587,TO,TO,2019,1,2019,12,0.44,kg,"PORTARIA Nº 141, DE 8 DE JANEI",http://biblioteca.conab.gov.br/phl82/pdf/legislacao/2019_PRT_141.pdf
MURUMURU (FRUTO) - PRODUTO EXTRATIVO,11587,TO,TO,2020,1,2020,12,1.03,kg,"PORTARIA Nº 313, DE 30 DE DEZE",http://biblioteca.conab.gov.br/phl82/pdf/legislacao/2019_PRT_313.pdf
MURUMURU (FRUTO) - PRODUTO EXTRATIVO,11587,TO,TO,2021,1,2021,12,1.03,kg,PREÇOS MÍNIMOS DOS PRODUTOS DE,http://biblioteca.conab.gov.br/phl82/pdf/legislacao/2021_PRT_18.pdf
MURUMURU (FRUTO) - PRODUTO EXTRATIVO,11587,TO,TO,2022,1,2022,12,1.72,kg,"PORTARIA MAPA Nº 376, DE 22 DE",http://biblioteca.conab.gov.br/phl82/pdf/legislacao/2021_PRT_376.pdf
MURUMURU (FRUTO) - PRODUTO EXTRATIVO,11587,TO,TO,2023,1,2023,12,2.69,kg,"PORTARIA MAPA Nº 534, DE 19 DE",https://www.in.gov.br/en/web/dou/-/portaria-mapa-n-534-de-19-de-dezembro-de-2022-452020932
MURUMURU (FRUTO) - PRODUTO EXTRATIVO,11587,TO,TO,2024,1,2024,12,2.68,kg,"PORTARIA MDA N° 41, DE 29 DE D",https://www.in.gov.br/web/dou/-/portaria-mda-n-41-de-29-de-dezembro-de-2023-535311884
MURUMURU (FRUTO) - PRODUTO EXTRATIVO,11587,TO,TO,2025,1,2025,12,2.68,kg,"PORTARIA MAPA Nº 750, DE 24 DE",https://www.in.gov.br/en/web/dou/-/portaria-mapa-n-750-de-24-de-dezembro-de-2024-604348255
MURUMURU (FRUTO) - PRODUTO EXTRATIVO,11587,TO,TO,2026,1,2026,12,2.7,kg,"PORTARIA MAPA Nº 868, DE 1º DE",https://in.gov.br/en/web/dou/-/portaria-mapa-n-868-de-1-de-dezembro-de-2025-672624071
PEQUI (FRUTO) - PRODUTO EXTRATIVO,7559,AC,AC,2014,7,2015,6,0.43,kg,"PORTARIA  Nº  190,  DE  9  DE",NI
PEQUI (FRUTO) - PRODUTO EXTRATIVO,7559,AC,AC,2015,7,2016,6,0.46,kg,"PORTARIA  Nº  190,  DE  9  DE",NI
PEQUI (FRUTO) - PRODUTO EXTRATIVO,7559,AC,AC,2016,7,2017,6,0.56,kg,"PORTARIA Nº 123, DE 5 DE JULHO",http://biblioteca.conab.gov.br/phl82/pdf/legislacao/2016_PRT_123.pdf
PEQUI (FRUTO) - PRODUTO EXTRATIVO,7559,AC,AC,2017,7,2017,12,0.56,kg,"PORTARIA Nº 1.577, DE 17 DE JU",http://biblioteca.conab.gov.br/phl82/pdf/legislacao/2017_PRT_1577.pdf
PEQUI (FRUTO) - PRODUTO EXTRATIVO,7559,AC,AC,2018,1,2018,12,0.67,kg,"PORTARIA Nº 14, DE 3 DE JANEIR",http://biblioteca.conab.gov.br/phl82/pdf/legislacao/2018_PRT_14.pdf
PEQUI (FRUTO) - PRODUTO EXTRATIVO,7559,AC,AC,2019,1,2019,12,0.62,kg,"PORTARIA Nº 141, DE 8 DE JANEI",http://biblioteca.conab.gov.br/phl82/pdf/legislacao/2019_PRT_141.pdf
PEQUI (FRUTO) - PRODUTO EXTRATIVO,7559,AC,AC,2020,1,2020,12,0.56,kg,"PORTARIA Nº 313, DE 30 DE DEZE",http://biblioteca.conab.gov.br/phl82/pdf/legislacao/2019_PRT_313.pdf
PEQUI (FRUTO) - PRODUTO EXTRATIVO,7559,AC,AC,2021,1,2021,12,0.56,kg,PREÇOS MÍNIMOS DOS PRODUTOS DE,http://biblioteca.conab.gov.br/phl82/pdf/legislacao/2021_PRT_18.pdf
PEQUI (FRUTO) - PRODUTO EXTRATIVO,7559,AC,AC,2022,1,2022,12,0.43,kg,"PORTARIA MAPA Nº 376, DE 22 DE",http://biblioteca.conab.gov.br/phl82/pdf/legislacao/2021_PRT_376.pdf
PEQUI (FRUTO) - PRODUTO EXTRATIVO,7559,AC,AC,2023,1,2023,12,0.46,kg,"PORTARIA MAPA Nº 534, DE 19 DE",https://www.in.gov.br/en/web/dou/-/portaria-mapa-n-534-de-19-de-dezembro-de-2022-452020932
PEQUI (FRUTO) - PRODUTO EXTRATIVO,7559,AC,AC,2024,1,2024,12,0.53,kg,"PORTARIA MDA N° 41, DE 29 DE D",https://www.in.gov.br/web/dou/-/portaria-mda-n-41-de-29-de-dezembro-de-2023-535311884
PEQUI (FRUTO) - PRODUTO EXTRATIVO,7559,AC,AC,2025,1,2025,12,0.69,kg,"PORTARIA MAPA Nº 750, DE 24 DE",https://www.in.gov.br/en/web/dou/-/portaria-mapa-n-750-de-24-de-dezembro-de-2024-604348255
PEQUI (FRUTO) - PRODUTO EXTRATIVO,7559,AC,AC,2026,1,2026,12,0.69,kg,"PORTARIA MAPA Nº 868, DE 1º DE",https://in.gov.br/en/web/dou/-/portaria-mapa-n-868-de-1-de-dezembro-de-2025-672624071
PEQUI (FRUTO) - PRODUTO EXTRATIVO,7559,AM,AM,2014,7,2015,6,0.43,kg,"PORTARIA  Nº  190,  DE  9  DE",NI
PEQUI (FRUTO) - PRODUTO EXTRATIVO,7559,AM,AM,2015,7,2016,6,0.46,kg,"PORTARIA  Nº  190,  DE  9  DE",NI
PEQUI (FRUTO) - PRODUTO EXTRATIVO,7559,AM,AM,2016,7,2017,6,0.56,kg,"PORTARIA Nº 123, DE 5 DE JULHO",http://biblioteca.conab.gov.br/phl82/pdf/legislacao/2016_PRT_123.pdf
PEQUI (FRUTO) - PRODUTO EXTRATIVO,7559,AM,AM,2017,7,2017,12,0.56,kg,"PORTARIA Nº 1.577, DE 17 DE JU",http://biblioteca.conab.gov.br/phl82/pdf/legislacao/2017_PRT_1577.pdf
PEQUI (FRUTO) - PRODUTO EXTRATIVO,7559,AM,AM,2018,1,2018,12,0.67,kg,"PORTARIA Nº 14, DE 3 DE JANEIR",http://biblioteca.conab.gov.br/phl82/pdf/legislacao/2018_PRT_14.pdf
PEQUI (FRUTO) - PRODUTO EXTRATIVO,7559,AM,AM,2019,1,2019,12,0.62,kg,"PORTARIA Nº 141, DE 8 DE JANEI",http://biblioteca.conab.gov.br/phl82/pdf/legislacao/2019_PRT_141.pdf
PEQUI (FRUTO) - PRODUTO EXTRATIVO,7559,AM,AM,2020,1,2020,12,0.56,kg,"PORTARIA Nº 313, DE 30 DE DEZE",http://biblioteca.conab.gov.br/phl82/pdf/legislacao/2019_PRT_313.pdf
PEQUI (FRUTO) - PRODUTO EXTRATIVO,7559,AM,AM,2021,1,2021,12,0.56,kg,PREÇOS MÍNIMOS DOS PRODUTOS DE,http://biblioteca.conab.gov.br/phl82/pdf/legislacao/2021_PRT_18.pdf
PEQUI (FRUTO) - PRODUTO EXTRATIVO,7559,AM,AM,2022,1,2022,12,0.43,kg,"PORTARIA MAPA Nº 376, DE 22 DE",http://biblioteca.conab.gov.br/phl82/pdf/legislacao/2021_PRT_376.pdf
PEQUI (FRUTO) - PRODUTO EXTRATIVO,7559,AM,AM,2023,1,2023,12,0.46,kg,,
PEQUI (FRUTO) - PRODUTO EXTRATIVO,7559,AM,AM,2024,1,2024,12,0.53,kg,"PORTARIA MDA N° 41, DE 29 DE D",https://www.in.gov.br/web/dou/-/portaria-mda-n-41-de-29-de-dezembro-de-2023-535311884
PEQUI (FRUTO) - PRODUTO EXTRATIVO,7559,AM,AM,2025,1,2025,12,0.69,kg,"PORTARIA MAPA Nº 750, DE 24 DE",https://www.in.gov.br/en/web/dou/-/portaria-mapa-n-750-de-24-de-dezembro-de-2024-604348255
PEQUI (FRUTO) - PRODUTO EXTRATIVO,7559,AM,AM,2026,1,2026,12,0.69,kg,"PORTARIA MAPA Nº 868, DE 1º DE",https://in.gov.br/en/web/dou/-/portaria-mapa-n-868-de-1-de-dezembro-de-2025-672624071
PEQUI (FRUTO) - PRODUTO EXTRATIVO,7559,AP,AP,2014,7,2015,6,0.43,kg,"PORTARIA  Nº  190,  DE  9  DE",NI
PEQUI (FRUTO) - PRODUTO EXTRATIVO,7559,AP,AP,2015,7,2016,6,0.46,kg,"PORTARIA  Nº  190,  DE  9  DE",NI
PEQUI (FRUTO) - PRODUTO EXTRATIVO,7559,AP,AP,2016,7,2017,6,0.56,kg,"PORTARIA Nº 123, DE 5 DE JULHO",http://biblioteca.conab.gov.br/phl82/pdf/legislacao/2016_PRT_123.pdf
PEQUI (FRUTO) - PRODUTO EXTRATIVO,7559,AP,AP,2017,7,2017,12,0.56,kg,"PORTARIA Nº 1.577, DE 17 DE JU",http://biblioteca.conab.gov.br/phl82/pdf/legislacao/2017_PRT_1577.pdf
PEQUI (FRUTO) - PRODUTO EXTRATIVO,7559,AP,AP,2018,1,2018,12,0.67,kg,"PORTARIA Nº 14, DE 3 DE JANEIR",http://biblioteca.conab.gov.br/phl82/pdf/legislacao/2018_PRT_14.pdf
PEQUI (FRUTO) - PRODUTO EXTRATIVO,7559,AP,AP,2019,1,2019,12,0.62,kg,"PORTARIA Nº 141, DE 8 DE JANEI",http://biblioteca.conab.gov.br/phl82/pdf/legislacao/2019_PRT_141.pdf
PEQUI (FRUTO) - PRODUTO EXTRATIVO,7559,AP,AP,2020,1,2020,12,0.56,kg,"PORTARIA Nº 313, DE 30 DE DEZE",http://biblioteca.conab.gov.br/phl82/pdf/legislacao/2019_PRT_313.pdf
PEQUI (FRUTO) - PRODUTO EXTRATIVO,7559,AP,AP,2021,1,2021,12,0.56,kg,PREÇOS MÍNIMOS DOS PRODUTOS DE,http://biblioteca.conab.gov.br/phl82/pdf/legislacao/2021_PRT_18.pdf
PEQUI (FRUTO) - PRODUTO EXTRATIVO,7559,AP,AP,2022,1,2022,12,0.43,kg,"PORTARIA MAPA Nº 376, DE 22 DE",http://biblioteca.conab.gov.br/phl82/pdf/legislacao/2021_PRT_376.pdf
PEQUI (FRUTO) - PRODUTO EXTRATIVO,7559,AP,AP,2023,1,2023,12,0.46,kg,"PORTARIA MAPA Nº 534, DE 19 DE",https://www.in.gov.br/en/web/dou/-/portaria-mapa-n-534-de-19-de-dezembro-de-2022-452020932
PEQUI (FRUTO) - PRODUTO EXTRATIVO,7559,AP,AP,2024,1,2024,12,0.53,kg,"PORTARIA MDA N° 41, DE 29 DE D",https://www.in.gov.br/web/dou/-/portaria-mda-n-41-de-29-de-dezembro-de-2023-535311884
PEQUI (FRUTO) - PRODUTO EXTRATIVO,7559,AP,AP,2025,1,2025,12,0.69,kg,"PORTARIA MAPA Nº 750, DE 24 DE",https://www.in.gov.br/en/web/dou/-/portaria-mapa-n-750-de-24-de-dezembro-de-2024-604348255
PEQUI (FRUTO) - PRODUTO EXTRATIVO,7559,AP,AP,2026,1,2026,12,0.69,kg,"PORTARIA MAPA Nº 868, DE 1º DE",https://in.gov.br/en/web/dou/-/portaria-mapa-n-868-de-1-de-dezembro-de-2025-672624071
PEQUI (FRUTO) - PRODUTO EXTRATIVO,7559,PA,PA,2014,7,2015,6,0.43,kg,"PORTARIA  Nº  190,  DE  9  DE",NI
PEQUI (FRUTO) - PRODUTO EXTRATIVO,7559,PA,PA,2015,7,2016,6,0.46,kg,"PORTARIA  Nº  190,  DE  9  DE",NI
PEQUI (FRUTO) - PRODUTO EXTRATIVO,7559,PA,PA,2016,7,2017,6,0.56,kg,"PORTARIA Nº 123, DE 5 DE JULHO",http://biblioteca.conab.gov.br/phl82/pdf/legislacao/2016_PRT_123.pdf
PEQUI (FRUTO) - PRODUTO EXTRATIVO,7559,PA,PA,2017,7,2017,12,0.56,kg,"PORTARIA Nº 1.577, DE 17 DE JU",http://biblioteca.conab.gov.br/phl82/pdf/legislacao/2017_PRT_1577.pdf
PEQUI (FRUTO) - PRODUTO EXTRATIVO,7559,PA,PA,2018,1,2018,12,0.67,kg,"PORTARIA Nº 14, DE 3 DE JANEIR",http://biblioteca.conab.gov.br/phl82/pdf/legislacao/2018_PRT_14.pdf
PEQUI (FRUTO) - PRODUTO EXTRATIVO,7559,PA,PA,2019,1,2019,12,0.62,kg,"PORTARIA Nº 141, DE 8 DE JANEI",http://biblioteca.conab.gov.br/phl82/pdf/legislacao/2019_PRT_141.pdf
PEQUI (FRUTO) - PRODUTO EXTRATIVO,7559,PA,PA,2020,1,2020,12,0.56,kg,"PORTARIA Nº 313, DE 30 DE DEZE",http://biblioteca.conab.gov.br/phl82/pdf/legislacao/2019_PRT_313.pdf
PEQUI (FRUTO) - PRODUTO EXTRATIVO,7559,PA,PA,2021,1,2021,12,0.56,kg,PREÇOS MÍNIMOS DOS PRODUTOS DE,http://biblioteca.conab.gov.br/phl82/pdf/legislacao/2021_PRT_18.pdf
PEQUI (FRUTO) - PRODUTO EXTRATIVO,7559,PA,PA,2022,1,2022,12,0.43,kg,"PORTARIA MAPA Nº 376, DE 22 DE",http://biblioteca.conab.gov.br/phl82/pdf/legislacao/2021_PRT_376.pdf
PEQUI (FRUTO) - PRODUTO EXTRATIVO,7559,PA,PA,2023,1,2023,12,0.46,kg,"PORTARIA MAPA Nº 534, DE 19 DE",https://www.in.gov.br/en/web/dou/-/portaria-mapa-n-534-de-19-de-dezembro-de-2022-452020932
PEQUI (FRUTO) - PRODUTO EXTRATIVO,7559,PA,PA,2024,1,2024,12,0.53,kg,"PORTARIA MDA N° 41, DE 29 DE D",https://www.in.gov.br/web/dou/-/portaria-mda-n-41-de-29-de-dezembro-de-2023-535311884
PEQUI (FRUTO) - PRODUTO EXTRATIVO,7559,PA,PA,2025,1,2025,12,0.69,kg,"PORTARIA MAPA Nº 750, DE 24 DE",https://www.in.gov.br/en/web/dou/-/portaria-mapa-n-750-de-24-de-dezembro-de-2024-604348255
PEQUI (FRUTO) - PRODUTO EXTRATIVO,7559,PA,PA,2026,1,2026,12,0.69,kg,"PORTARIA MAPA Nº 868, DE 1º DE",https://in.gov.br/en/web/dou/-/portaria-mapa-n-868-de-1-de-dezembro-de-2025-672624071
PEQUI (FRUTO) - PRODUTO EXTRATIVO,7559,RO,RO,2014,7,2015,6,0.43,kg,"PORTARIA  Nº  190,  DE  9  DE",NI
PEQUI (FRUTO) - PRODUTO EXTRATIVO,7559,RO,RO,2015,7,2016,6,0.46,kg,"PORTARIA  Nº  190,  DE  9  DE",NI
PEQUI (FRUTO) - PRODUTO EXTRATIVO,7559,RO,RO,2016,7,2017,6,0.56,kg,"PORTARIA Nº 123, DE 5 DE JULHO",http://biblioteca.conab.gov.br/phl82/pdf/legislacao/2016_PRT_123.pdf
PEQUI (FRUTO) - PRODUTO EXTRATIVO,7559,RO,RO,2017,7,2017,12,0.56,kg,"PORTARIA Nº 1.577, DE 17 DE JU",http://biblioteca.conab.gov.br/phl82/pdf/legislacao/2017_PRT_1577.pdf
PEQUI (FRUTO) - PRODUTO EXTRATIVO,7559,RO,RO,2018,1,2018,12,0.67,kg,"PORTARIA Nº 14, DE 3 DE JANEIR",http://biblioteca.conab.gov.br/phl82/pdf/legislacao/2018_PRT_14.pdf
PEQUI (FRUTO) - PRODUTO EXTRATIVO,7559,RO,RO,2019,1,2019,12,0.62,kg,"PORTARIA Nº 141, DE 8 DE JANEI",http://biblioteca.conab.gov.br/phl82/pdf/legislacao/2019_PRT_141.pdf
PEQUI (FRUTO) - PRODUTO EXTRATIVO,7559,RO,RO,2020,1,2020,12,0.56,kg,"PORTARIA Nº 313, DE 30 DE DEZE",http://biblioteca.conab.gov.br/phl82/pdf/legislacao/2019_PRT_313.pdf
PEQUI (FRUTO) - PRODUTO EXTRATIVO,7559,RO,RO,2021,1,2021,12,0.56,kg,PREÇOS MÍNIMOS DOS PRODUTOS DE,http://biblioteca.conab.gov.br/phl82/pdf/legislacao/2021_PRT_18.pdf
PEQUI (FRUTO) - PRODUTO EXTRATIVO,7559,RO,RO,2022,1,2022,12,0.43,kg,"PORTARIA MAPA Nº 376, DE 22 DE",http://biblioteca.conab.gov.br/phl82/pdf/legislacao/2021_PRT_376.pdf
PEQUI (FRUTO) - PRODUTO EXTRATIVO,7559,RO,RO,2023,1,2023,12,0.46,kg,"PORTARIA MAPA Nº 534, DE 19 DE",https://www.in.gov.br/en/web/dou/-/portaria-mapa-n-534-de-19-de-dezembro-de-2022-452020932
PEQUI (FRUTO) - PRODUTO EXTRATIVO,7559,RO,RO,2024,1,2024,12,0.53,kg,"PORTARIA MDA N° 41, DE 29 DE D",https://www.in.gov.br/web/dou/-/portaria-mda-n-41-de-29-de-dezembro-de-2023-535311884
PEQUI (FRUTO) - PRODUTO EXTRATIVO,7559,RO,RO,2025,1,2025,12,0.69,kg,"PORTARIA MAPA Nº 750, DE 24 DE",https://www.in.gov.br/en/web/dou/-/portaria-mapa-n-750-de-24-de-dezembro-de-2024-604348255
PEQUI (FRUTO) - PRODUTO EXTRATIVO,7559,RO,RO,2026,1,2026,12,0.69,kg,"PORTARIA MAPA Nº 868, DE 1º DE",https://in.gov.br/en/web/dou/-/portaria-mapa-n-868-de-1-de-dezembro-de-2025-672624071
PEQUI (FRUTO) - PRODUTO EXTRATIVO,7559,RR,RR,2014,7,2015,6,0.43,kg,"PORTARIA  Nº  190,  DE  9  DE",NI
PEQUI (FRUTO) - PRODUTO EXTRATIVO,7559,RR,RR,2015,7,2016,6,0.46,kg,"PORTARIA  Nº  190,  DE  9  DE",NI
PEQUI (FRUTO) - PRODUTO EXTRATIVO,7559,RR,RR,2016,7,2017,6,0.56,kg,"PORTARIA Nº 123, DE 5 DE JULHO",http://biblioteca.conab.gov.br/phl82/pdf/legislacao/2016_PRT_123.pdf
PEQUI (FRUTO) - PRODUTO EXTRATIVO,7559,RR,RR,2017,7,2017,12,0.56,kg,"PORTARIA Nº 1.577, DE 17 DE JU",http://biblioteca.conab.gov.br/phl82/pdf/legislacao/2017_PRT_1577.pdf
PEQUI (FRUTO) - PRODUTO EXTRATIVO,7559,RR,RR,2018,1,2018,12,0.67,kg,"PORTARIA Nº 14, DE 3 DE JANEIR",http://biblioteca.conab.gov.br/phl82/pdf/legislacao/2018_PRT_14.pdf
PEQUI (FRUTO) - PRODUTO EXTRATIVO,7559,RR,RR,2019,1,2019,12,0.62,kg,"PORTARIA Nº 141, DE 8 DE JANEI",http://biblioteca.conab.gov.br/phl82/pdf/legislacao/2019_PRT_141.pdf
PEQUI (FRUTO) - PRODUTO EXTRATIVO,7559,RR,RR,2020,1,2020,12,0.56,kg,"PORTARIA Nº 313, DE 30 DE DEZE",http://biblioteca.conab.gov.br/phl82/pdf/legislacao/2019_PRT_313.pdf
PEQUI (FRUTO) - PRODUTO EXTRATIVO,7559,RR,RR,2021,1,2021,12,0.56,kg,PREÇOS MÍNIMOS DOS PRODUTOS DE,http://biblioteca.conab.gov.br/phl82/pdf/legislacao/2021_PRT_18.pdf
PEQUI (FRUTO) - PRODUTO EXTRATIVO,7559,RR,RR,2022,1,2022,12,0.43,kg,"PORTARIA MAPA Nº 376, DE 22 DE",http://biblioteca.conab.gov.br/phl82/pdf/legislacao/2021_PRT_376.pdf
PEQUI (FRUTO) - PRODUTO EXTRATIVO,7559,RR,RR,2023,1,2023,12,0.46,kg,"PORTARIA MAPA Nº 534, DE 19 DE",https://www.in.gov.br/en/web/dou/-/portaria-mapa-n-534-de-19-de-dezembro-de-2022-452020932
PEQUI (FRUTO) - PRODUTO EXTRATIVO,7559,RR,RR,2024,1,2024,12,0.53,kg,"PORTARIA MDA N° 41, DE 29 DE D",https://www.in.gov.br/web/dou/-/portaria-mda-n-41-de-29-de-dezembro-de-2023-535311884
PEQUI (FRUTO) - PRODUTO EXTRATIVO,7559,RR,RR,2025,1,2025,12,0.69,kg,"PORTARIA MAPA Nº 750, DE 24 DE",https://www.in.gov.br/en/web/dou/-/portaria-mapa-n-750-de-24-de-dezembro-de-2024-604348255
PEQUI (FRUTO) - PRODUTO EXTRATIVO,7559,RR,RR,2026,1,2026,12,0.69,kg,"PORTARIA MAPA Nº 868, DE 1º DE",https://in.gov.br/en/web/dou/-/portaria-mapa-n-868-de-1-de-dezembro-de-2025-672624071
PEQUI (FRUTO) - PRODUTO EXTRATIVO,7559,TO,TO,2014,7,2015,6,0.43,kg,"PORTARIA  Nº  190,  DE  9  DE",NI
PEQUI (FRUTO) - PRODUTO EXTRATIVO,7559,TO,TO,2015,7,2016,6,0.46,kg,"PORTARIA  Nº  190,  DE  9  DE",NI
PEQUI (FRUTO) - PRODUTO EXTRATIVO,7559,TO,TO,2016,7,2017,6,0.56,kg,"PORTARIA Nº 123, DE 5 DE JULHO",http://biblioteca.conab.gov.br/phl82/pdf/legislacao/2016_PRT_123.pdf
PEQUI (FRUTO) - PRODUTO EXTRATIVO,7559,TO,TO,2017,7,2017,12,0.56,kg,"PORTARIA Nº 1.577, DE 17 DE JU",http://biblioteca.conab.gov.br/phl82/pdf/legislacao/2017_PRT_1577.pdf
PEQUI (FRUTO) - PRODUTO EXTRATIVO,7559,TO,TO,2018,1,2018,12,0.67,kg,"PORTARIA Nº 14, DE 3 DE JANEIR",http://biblioteca.conab.gov.br/phl82/pdf/legislacao/2018_PRT_14.pdf
PEQUI (FRUTO) - PRODUTO EXTRATIVO,7559,TO,TO,2019,1,2019,12,0.62,kg,"PORTARIA Nº 141, DE 8 DE JANEI",http://biblioteca.conab.gov.br/phl82/pdf/legislacao/2019_PRT_141.pdf
PEQUI (FRUTO) - PRODUTO EXTRATIVO,7559,TO,TO,2020,1,2020,12,0.56,kg,"PORTARIA Nº 313, DE 30 DE DEZE",http://biblioteca.conab.gov.br/phl82/pdf/legislacao/2019_PRT_313.pdf
PEQUI (FRUTO) - PRODUTO EXTRATIVO,7559,TO,TO,2021,1,2021,12,0.56,kg,PREÇOS MÍNIMOS DOS PRODUTOS DE,http://biblioteca.conab.gov.br/phl82/pdf/legislacao/2021_PRT_18.pdf
PEQUI (FRUTO) - PRODUTO EXTRATIVO,7559,TO,TO,2022,1,2022,12,0.43,kg,"PORTARIA MAPA Nº 376, DE 22 DE",http://biblioteca.conab.gov.br/phl82/pdf/legislacao/2021_PRT_376.pdf
PEQUI (FRUTO) - PRODUTO EXTRATIVO,7559,TO,TO,2023,1,2023,12,0.46,kg,"PORTARIA MAPA Nº 534, DE 19 DE",https://www.in.gov.br/en/web/dou/-/portaria-mapa-n-534-de-19-de-dezembro-de-2022-452020932
PEQUI (FRUTO) - PRODUTO EXTRATIVO,7559,TO,TO,2024,1,2024,12,0.53,kg,"PORTARIA MDA N° 41, DE 29 DE D",https://www.in.gov.br/web/dou/-/portaria-mda-n-41-de-29-de-dezembro-de-2023-535311884
PEQUI (FRUTO) - PRODUTO EXTRATIVO,7559,TO,TO,2025,1,2025,12,0.69,kg,"PORTARIA MAPA Nº 750, DE 24 DE",https://www.in.gov.br/en/web/dou/-/portaria-mapa-n-750-de-24-de-dezembro-de-2024-604348255
PEQUI (FRUTO) - PRODUTO EXTRATIVO,7559,TO,TO,2026,1,2026,12,0.69,kg,"PORTARIA MAPA Nº 868, DE 1º DE",https://in.gov.br/en/web/dou/-/portaria-mapa-n-868-de-1-de-dezembro-de-2025-672624071
PIAÇAVA (FIBRA) - PRODUTO EXTRATIVO,7568,AC,AC,2014,7,2015,6,1.7,kg,"PORTARIA  Nº  190,  DE  9  DE",NI
PIAÇAVA (FIBRA) - PRODUTO EXTRATIVO,7568,AC,AC,2015,7,2016,6,1.7,kg,"PORTARIA  Nº  190,  DE  9  DE",NI
PIAÇAVA (FIBRA) - PRODUTO EXTRATIVO,7568,AC,AC,2016,7,2017,6,1.91,kg,"PORTARIA Nº 123, DE 5 DE JULHO",http://biblioteca.conab.gov.br/phl82/pdf/legislacao/2016_PRT_123.pdf
PIAÇAVA (FIBRA) - PRODUTO EXTRATIVO,7568,AC,AC,2017,7,2017,12,1.91,kg,"PORTARIA Nº 1.577, DE 17 DE JU",http://biblioteca.conab.gov.br/phl82/pdf/legislacao/2017_PRT_1577.pdf
PIAÇAVA (FIBRA) - PRODUTO EXTRATIVO,7568,AC,AC,2018,1,2018,12,2.47,kg,"PORTARIA Nº 14, DE 3 DE JANEIR",http://biblioteca.conab.gov.br/phl82/pdf/legislacao/2018_PRT_14.pdf
PIAÇAVA (FIBRA) - PRODUTO EXTRATIVO,7568,AC,AC,2019,1,2019,12,2.26,kg,"PORTARIA Nº 141, DE 8 DE JANEI",http://biblioteca.conab.gov.br/phl82/pdf/legislacao/2019_PRT_141.pdf
PIAÇAVA (FIBRA) - PRODUTO EXTRATIVO,7568,AC,AC,2020,1,2020,12,2.41,kg,"PORTARIA Nº 313, DE 30 DE DEZE",http://biblioteca.conab.gov.br/phl82/pdf/legislacao/2019_PRT_313.pdf
PIAÇAVA (FIBRA) - PRODUTO EXTRATIVO,7568,AC,AC,2021,1,2021,12,2.41,kg,PREÇOS MÍNIMOS DOS PRODUTOS DE,http://biblioteca.conab.gov.br/phl82/pdf/legislacao/2021_PRT_18.pdf
PIAÇAVA (FIBRA) - PRODUTO EXTRATIVO,7568,AC,AC,2022,1,2022,12,2.46,kg,"PORTARIA MAPA Nº 376, DE 22 DE",http://biblioteca.conab.gov.br/phl82/pdf/legislacao/2021_PRT_376.pdf
PIAÇAVA (FIBRA) - PRODUTO EXTRATIVO,7568,AC,AC,2023,1,2023,12,3.21,kg,"PORTARIA MAPA Nº 534, DE 19 DE",https://www.in.gov.br/en/web/dou/-/portaria-mapa-n-534-de-19-de-dezembro-de-2022-452020932
PIAÇAVA (FIBRA) - PRODUTO EXTRATIVO,7568,AC,AC,2024,1,2024,12,2.98,kg,"PORTARIA MDA N° 41, DE 29 DE D",https://www.in.gov.br/web/dou/-/portaria-mda-n-41-de-29-de-dezembro-de-2023-535311884
PIAÇAVA (FIBRA) - PRODUTO EXTRATIVO,7568,AC,AC,2025,1,2025,12,3.42,kg,"PORTARIA MAPA Nº 750, DE 24 DE",https://www.in.gov.br/en/web/dou/-/portaria-mapa-n-750-de-24-de-dezembro-de-2024-604348255
PIAÇAVA (FIBRA) - PRODUTO EXTRATIVO,7568,AC,AC,2026,1,2026,12,4.43,kg,"PORTARIA MAPA Nº 868, DE 1º DE",https://in.gov.br/en/web/dou/-/portaria-mapa-n-868-de-1-de-dezembro-de-2025-672624071
PIAÇAVA (FIBRA) - PRODUTO EXTRATIVO,7568,AM,AM,2014,7,2015,6,1.7,kg,"PORTARIA  Nº  190,  DE  9  DE",NI
PIAÇAVA (FIBRA) - PRODUTO EXTRATIVO,7568,AM,AM,2015,7,2016,6,1.7,kg,"PORTARIA  Nº  190,  DE  9  DE",NI
PIAÇAVA (FIBRA) - PRODUTO EXTRATIVO,7568,AM,AM,2016,7,2017,6,1.91,kg,"PORTARIA Nº 123, DE 5 DE JULHO",http://biblioteca.conab.gov.br/phl82/pdf/legislacao/2016_PRT_123.pdf
PIAÇAVA (FIBRA) - PRODUTO EXTRATIVO,7568,AM,AM,2017,7,2017,12,1.91,kg,"PORTARIA Nº 1.577, DE 17 DE JU",http://biblioteca.conab.gov.br/phl82/pdf/legislacao/2017_PRT_1577.pdf
PIAÇAVA (FIBRA) - PRODUTO EXTRATIVO,7568,AM,AM,2018,1,2018,12,2.47,kg,"PORTARIA Nº 14, DE 3 DE JANEIR",http://biblioteca.conab.gov.br/phl82/pdf/legislacao/2018_PRT_14.pdf
PIAÇAVA (FIBRA) - PRODUTO EXTRATIVO,7568,AM,AM,2019,1,2019,12,2.26,kg,"PORTARIA Nº 141, DE 8 DE JANEI",http://biblioteca.conab.gov.br/phl82/pdf/legislacao/2019_PRT_141.pdf
PIAÇAVA (FIBRA) - PRODUTO EXTRATIVO,7568,AM,AM,2020,1,2020,12,2.41,kg,"PORTARIA Nº 313, DE 30 DE DEZE",http://biblioteca.conab.gov.br/phl82/pdf/legislacao/2019_PRT_313.pdf
PIAÇAVA (FIBRA) - PRODUTO EXTRATIVO,7568,AM,AM,2021,1,2021,12,2.41,kg,PREÇOS MÍNIMOS DOS PRODUTOS DE,http://biblioteca.conab.gov.br/phl82/pdf/legislacao/2021_PRT_18.pdf
PIAÇAVA (FIBRA) - PRODUTO EXTRATIVO,7568,AM,AM,2022,1,2022,12,2.46,kg,"PORTARIA MAPA Nº 376, DE 22 DE",http://biblioteca.conab.gov.br/phl82/pdf/legislacao/2021_PRT_376.pdf
PIAÇAVA (FIBRA) - PRODUTO EXTRATIVO,7568,AM,AM,2023,1,2023,12,3.21,kg,"PORTARIA MAPA Nº 534, DE 19 DE",https://www.in.gov.br/en/web/dou/-/portaria-mapa-n-534-de-19-de-dezembro-de-2022-452020932
PIAÇAVA (FIBRA) - PRODUTO EXTRATIVO,7568,AM,AM,2024,1,2024,12,2.98,kg,"PORTARIA MDA N° 41, DE 29 DE D",https://www.in.gov.br/web/dou/-/portaria-mda-n-41-de-29-de-dezembro-de-2023-535311884
PIAÇAVA (FIBRA) - PRODUTO EXTRATIVO,7568,AM,AM,2025,1,2025,12,3.42,kg,"PORTARIA MAPA Nº 750, DE 24 DE",https://www.in.gov.br/en/web/dou/-/portaria-mapa-n-750-de-24-de-dezembro-de-2024-604348255
PIAÇAVA (FIBRA) - PRODUTO EXTRATIVO,7568,AM,AM,2026,1,2026,12,4.43,kg,"PORTARIA MAPA Nº 868, DE 1º DE",https://in.gov.br/en/web/dou/-/portaria-mapa-n-868-de-1-de-dezembro-de-2025-672624071
PIAÇAVA (FIBRA) - PRODUTO EXTRATIVO,7568,AP,AP,2014,7,2015,6,1.7,kg,"PORTARIA  Nº  190,  DE  9  DE",NI
PIAÇAVA (FIBRA) - PRODUTO EXTRATIVO,7568,AP,AP,2015,7,2016,6,1.7,kg,"PORTARIA  Nº  190,  DE  9  DE",NI
PIAÇAVA (FIBRA) - PRODUTO EXTRATIVO,7568,AP,AP,2016,7,2017,6,1.91,kg,"PORTARIA Nº 123, DE 5 DE JULHO",http://biblioteca.conab.gov.br/phl82/pdf/legislacao/2016_PRT_123.pdf
PIAÇAVA (FIBRA) - PRODUTO EXTRATIVO,7568,AP,AP,2017,7,2017,12,1.91,kg,"PORTARIA Nº 1.577, DE 17 DE JU",http://biblioteca.conab.gov.br/phl82/pdf/legislacao/2017_PRT_1577.pdf
PIAÇAVA (FIBRA) - PRODUTO EXTRATIVO,7568,AP,AP,2018,1,2018,12,2.47,kg,"PORTARIA Nº 14, DE 3 DE JANEIR",http://biblioteca.conab.gov.br/phl82/pdf/legislacao/2018_PRT_14.pdf
PIAÇAVA (FIBRA) - PRODUTO EXTRATIVO,7568,AP,AP,2019,1,2019,12,2.26,kg,"PORTARIA Nº 141, DE 8 DE JANEI",http://biblioteca.conab.gov.br/phl82/pdf/legislacao/2019_PRT_141.pdf
PIAÇAVA (FIBRA) - PRODUTO EXTRATIVO,7568,AP,AP,2020,1,2020,12,2.41,kg,"PORTARIA Nº 313, DE 30 DE DEZE",http://biblioteca.conab.gov.br/phl82/pdf/legislacao/2019_PRT_313.pdf
PIAÇAVA (FIBRA) - PRODUTO EXTRATIVO,7568,AP,AP,2021,1,2021,12,2.41,kg,PREÇOS MÍNIMOS DOS PRODUTOS DE,http://biblioteca.conab.gov.br/phl82/pdf/legislacao/2021_PRT_18.pdf
PIAÇAVA (FIBRA) - PRODUTO EXTRATIVO,7568,AP,AP,2022,1,2022,12,2.46,kg,"PORTARIA MAPA Nº 376, DE 22 DE",http://biblioteca.conab.gov.br/phl82/pdf/legislacao/2021_PRT_376.pdf
PIAÇAVA (FIBRA) - PRODUTO EXTRATIVO,7568,AP,AP,2023,1,2023,12,3.21,kg,"PORTARIA MAPA Nº 534, DE 19 DE",https://www.in.gov.br/en/web/dou/-/portaria-mapa-n-534-de-19-de-dezembro-de-2022-452020932
PIAÇAVA (FIBRA) - PRODUTO EXTRATIVO,7568,AP,AP,2024,1,2024,12,2.98,kg,"PORTARIA MDA N° 41, DE 29 DE D",https://www.in.gov.br/web/dou/-/portaria-mda-n-41-de-29-de-dezembro-de-2023-535311884
PIAÇAVA (FIBRA) - PRODUTO EXTRATIVO,7568,AP,AP,2025,1,2025,12,3.42,kg,"PORTARIA MAPA Nº 750, DE 24 DE",https://www.in.gov.br/en/web/dou/-/portaria-mapa-n-750-de-24-de-dezembro-de-2024-604348255
PIAÇAVA (FIBRA) - PRODUTO EXTRATIVO,7568,AP,AP,2026,1,2026,12,4.43,kg,"PORTARIA MAPA Nº 868, DE 1º DE",https://in.gov.br/en/web/dou/-/portaria-mapa-n-868-de-1-de-dezembro-de-2025-672624071
PIAÇAVA (FIBRA) - PRODUTO EXTRATIVO,7568,PA,PA,2014,7,2015,6,1.7,kg,"PORTARIA  Nº  190,  DE  9  DE",NI
PIAÇAVA (FIBRA) - PRODUTO EXTRATIVO,7568,PA,PA,2015,7,2016,6,1.7,kg,"PORTARIA  Nº  190,  DE  9  DE",NI
PIAÇAVA (FIBRA) - PRODUTO EXTRATIVO,7568,PA,PA,2016,7,2017,6,1.91,kg,"PORTARIA Nº 123, DE 5 DE JULHO",http://biblioteca.conab.gov.br/phl82/pdf/legislacao/2016_PRT_123.pdf
PIAÇAVA (FIBRA) - PRODUTO EXTRATIVO,7568,PA,PA,2017,7,2017,12,1.91,kg,"PORTARIA Nº 1.577, DE 17 DE JU",http://biblioteca.conab.gov.br/phl82/pdf/legislacao/2017_PRT_1577.pdf
PIAÇAVA (FIBRA) - PRODUTO EXTRATIVO,7568,PA,PA,2018,1,2018,12,2.47,kg,"PORTARIA Nº 14, DE 3 DE JANEIR",http://biblioteca.conab.gov.br/phl82/pdf/legislacao/2018_PRT_14.pdf
PIAÇAVA (FIBRA) - PRODUTO EXTRATIVO,7568,PA,PA,2019,1,2019,12,2.26,kg,"PORTARIA Nº 141, DE 8 DE JANEI",http://biblioteca.conab.gov.br/phl82/pdf/legislacao/2019_PRT_141.pdf
PIAÇAVA (FIBRA) - PRODUTO EXTRATIVO,7568,PA,PA,2020,1,2020,12,2.41,kg,"PORTARIA Nº 313, DE 30 DE DEZE",http://biblioteca.conab.gov.br/phl82/pdf/legislacao/2019_PRT_313.pdf
PIAÇAVA (FIBRA) - PRODUTO EXTRATIVO,7568,PA,PA,2021,1,2021,12,2.41,kg,PREÇOS MÍNIMOS DOS PRODUTOS DE,http://biblioteca.conab.gov.br/phl82/pdf/legislacao/2021_PRT_18.pdf
PIAÇAVA (FIBRA) - PRODUTO EXTRATIVO,7568,PA,PA,2022,1,2022,12,2.46,kg,"PORTARIA MAPA Nº 376, DE 22 DE",http://biblioteca.conab.gov.br/phl82/pdf/legislacao/2021_PRT_376.pdf
PIAÇAVA (FIBRA) - PRODUTO EXTRATIVO,7568,PA,PA,2023,1,2023,12,3.21,kg,"PORTARIA MAPA Nº 534, DE 19 DE",https://www.in.gov.br/en/web/dou/-/portaria-mapa-n-534-de-19-de-dezembro-de-2022-452020932
PIAÇAVA (FIBRA) - PRODUTO EXTRATIVO,7568,PA,PA,2024,1,2024,12,2.98,kg,"PORTARIA MDA N° 41, DE 29 DE D",https://www.in.gov.br/web/dou/-/portaria-mda-n-41-de-29-de-dezembro-de-2023-535311884
PIAÇAVA (FIBRA) - PRODUTO EXTRATIVO,7568,PA,PA,2025,1,2025,12,3.42,kg,"PORTARIA MAPA Nº 750, DE 24 DE",https://www.in.gov.br/en/web/dou/-/portaria-mapa-n-750-de-24-de-dezembro-de-2024-604348255
PIAÇAVA (FIBRA) - PRODUTO EXTRATIVO,7568,PA,PA,2026,1,2026,12,4.43,kg,"PORTARIA MAPA Nº 868, DE 1º DE",https://in.gov.br/en/web/dou/-/portaria-mapa-n-868-de-1-de-dezembro-de-2025-672624071
PIAÇAVA (FIBRA) - PRODUTO EXTRATIVO,7568,RO,RO,2014,7,2015,6,1.7,kg,"PORTARIA  Nº  190,  DE  9  DE",NI
PIAÇAVA (FIBRA) - PRODUTO EXTRATIVO,7568,RO,RO,2015,7,2016,6,1.7,kg,"PORTARIA  Nº  190,  DE  9  DE",NI
PIAÇAVA (FIBRA) - PRODUTO EXTRATIVO,7568,RO,RO,2016,7,2017,6,1.91,kg,"PORTARIA Nº 123, DE 5 DE JULHO",http://biblioteca.conab.gov.br/phl82/pdf/legislacao/2016_PRT_123.pdf
PIAÇAVA (FIBRA) - PRODUTO EXTRATIVO,7568,RO,RO,2017,7,2017,12,1.91,kg,"PORTARIA Nº 1.577, DE 17 DE JU",http://biblioteca.conab.gov.br/phl82/pdf/legislacao/2017_PRT_1577.pdf
PIAÇAVA (FIBRA) - PRODUTO EXTRATIVO,7568,RO,RO,2018,1,2018,12,2.47,kg,"PORTARIA Nº 14, DE 3 DE JANEIR",http://biblioteca.conab.gov.br/phl82/pdf/legislacao/2018_PRT_14.pdf
PIAÇAVA (FIBRA) - PRODUTO EXTRATIVO,7568,RO,RO,2019,1,2019,12,2.26,kg,"PORTARIA Nº 141, DE 8 DE JANEI",http://biblioteca.conab.gov.br/phl82/pdf/legislacao/2019_PRT_141.pdf
PIAÇAVA (FIBRA) - PRODUTO EXTRATIVO,7568,RO,RO,2020,1,2020,12,2.41,kg,"PORTARIA Nº 313, DE 30 DE DEZE",http://biblioteca.conab.gov.br/phl82/pdf/legislacao/2019_PRT_313.pdf
PIAÇAVA (FIBRA) - PRODUTO EXTRATIVO,7568,RO,RO,2021,1,2021,12,2.41,kg,PREÇOS MÍNIMOS DOS PRODUTOS DE,http://biblioteca.conab.gov.br/phl82/pdf/legislacao/2021_PRT_18.pdf
PIAÇAVA (FIBRA) - PRODUTO EXTRATIVO,7568,RO,RO,2022,1,2022,12,2.46,kg,"PORTARIA MAPA Nº 376, DE 22 DE",http://biblioteca.conab.gov.br/phl82/pdf/legislacao/2021_PRT_376.pdf
PIAÇAVA (FIBRA) - PRODUTO EXTRATIVO,7568,RO,RO,2023,1,2023,12,3.21,kg,"PORTARIA MAPA Nº 534, DE 19 DE",https://www.in.gov.br/en/web/dou/-/portaria-mapa-n-534-de-19-de-dezembro-de-2022-452020932
PIAÇAVA (FIBRA) - PRODUTO EXTRATIVO,7568,RO,RO,2024,1,2024,12,2.98,kg,"PORTARIA MDA N° 41, DE 29 DE D",https://www.in.gov.br/web/dou/-/portaria-mda-n-41-de-29-de-dezembro-de-2023-535311884
PIAÇAVA (FIBRA) - PRODUTO EXTRATIVO,7568,RO,RO,2025,1,2025,12,3.42,kg,"PORTARIA MAPA Nº 750, DE 24 DE",https://www.in.gov.br/en/web/dou/-/portaria-mapa-n-750-de-24-de-dezembro-de-2024-604348255
PIAÇAVA (FIBRA) - PRODUTO EXTRATIVO,7568,RO,RO,2026,1,2026,12,4.43,kg,"PORTARIA MAPA Nº 868, DE 1º DE",https://in.gov.br/en/web/dou/-/portaria-mapa-n-868-de-1-de-dezembro-de-2025-672624071
PIAÇAVA (FIBRA) - PRODUTO EXTRATIVO,7568,RR,RR,2014,7,2015,6,1.7,kg,"PORTARIA  Nº  190,  DE  9  DE",NI
PIAÇAVA (FIBRA) - PRODUTO EXTRATIVO,7568,RR,RR,2015,7,2016,6,1.7,kg,"PORTARIA  Nº  190,  DE  9  DE",NI
PIAÇAVA (FIBRA) - PRODUTO EXTRATIVO,7568,RR,RR,2016,7,2017,6,1.91,kg,"PORTARIA Nº 123, DE 5 DE JULHO",http://biblioteca.conab.gov.br/phl82/pdf/legislacao/2016_PRT_123.pdf
PIAÇAVA (FIBRA) - PRODUTO EXTRATIVO,7568,RR,RR,2017,7,2017,12,1.91,kg,"PORTARIA Nº 1.577, DE 17 DE JU",http://biblioteca.conab.gov.br/phl82/pdf/legislacao/2017_PRT_1577.pdf
PIAÇAVA (FIBRA) - PRODUTO EXTRATIVO,7568,RR,RR,2018,1,2018,12,2.47,kg,"PORTARIA Nº 14, DE 3 DE JANEIR",http://biblioteca.conab.gov.br/phl82/pdf/legislacao/2018_PRT_14.pdf
PIAÇAVA (FIBRA) - PRODUTO EXTRATIVO,7568,RR,RR,2019,1,2019,12,2.26,kg,"PORTARIA Nº 141, DE 8 DE JANEI",http://biblioteca.conab.gov.br/phl82/pdf/legislacao/2019_PRT_141.pdf
PIAÇAVA (FIBRA) - PRODUTO EXTRATIVO,7568,RR,RR,2020,1,2020,12,2.41,kg,"PORTARIA Nº 313, DE 30 DE DEZE",http://biblioteca.conab.gov.br/phl82/pdf/legislacao/2019_PRT_313.pdf
PIAÇAVA (FIBRA) - PRODUTO EXTRATIVO,7568,RR,RR,2021,1,2021,12,2.41,kg,PREÇOS MÍNIMOS DOS PRODUTOS DE,http://biblioteca.conab.gov.br/phl82/pdf/legislacao/2021_PRT_18.pdf
PIAÇAVA (FIBRA) - PRODUTO EXTRATIVO,7568,RR,RR,2022,1,2022,12,2.46,kg,"PORTARIA MAPA Nº 376, DE 22 DE",http://biblioteca.conab.gov.br/phl82/pdf/legislacao/2021_PRT_376.pdf
PIAÇAVA (FIBRA) - PRODUTO EXTRATIVO,7568,RR,RR,2023,1,2023,12,3.21,kg,"PORTARIA MAPA Nº 534, DE 19 DE",https://www.in.gov.br/en/web/dou/-/portaria-mapa-n-534-de-19-de-dezembro-de-2022-452020932
PIAÇAVA (FIBRA) - PRODUTO EXTRATIVO,7568,RR,RR,2024,1,2024,12,2.98,kg,"PORTARIA MDA N° 41, DE 29 DE D",https://www.in.gov.br/web/dou/-/portaria-mda-n-41-de-29-de-dezembro-de-2023-535311884
PIAÇAVA (FIBRA) - PRODUTO EXTRATIVO,7568,RR,RR,2025,1,2025,12,3.42,kg,"PORTARIA MAPA Nº 750, DE 24 DE",https://www.in.gov.br/en/web/dou/-/portaria-mapa-n-750-de-24-de-dezembro-de-2024-604348255
PIAÇAVA (FIBRA) - PRODUTO EXTRATIVO,7568,RR,RR,2026,1,2026,12,4.43,kg,"PORTARIA MAPA Nº 868, DE 1º DE",https://in.gov.br/en/web/dou/-/portaria-mapa-n-868-de-1-de-dezembro-de-2025-672624071
PIAÇAVA (FIBRA) - PRODUTO EXTRATIVO,7568,TO,TO,2014,7,2015,6,1.7,kg,"PORTARIA  Nº  190,  DE  9  DE",NI
PIAÇAVA (FIBRA) - PRODUTO EXTRATIVO,7568,TO,TO,2015,7,2016,6,1.7,kg,"PORTARIA  Nº  190,  DE  9  DE",NI
PIAÇAVA (FIBRA) - PRODUTO EXTRATIVO,7568,TO,TO,2016,7,2017,6,1.91,kg,"PORTARIA Nº 123, DE 5 DE JULHO",http://biblioteca.conab.gov.br/phl82/pdf/legislacao/2016_PRT_123.pdf
PIAÇAVA (FIBRA) - PRODUTO EXTRATIVO,7568,TO,TO,2017,7,2017,12,1.91,kg,"PORTARIA Nº 1.577, DE 17 DE JU",http://biblioteca.conab.gov.br/phl82/pdf/legislacao/2017_PRT_1577.pdf
PIAÇAVA (FIBRA) - PRODUTO EXTRATIVO,7568,TO,TO,2018,1,2018,12,2.47,kg,"PORTARIA Nº 14, DE 3 DE JANEIR",http://biblioteca.conab.gov.br/phl82/pdf/legislacao/2018_PRT_14.pdf
PIAÇAVA (FIBRA) - PRODUTO EXTRATIVO,7568,TO,TO,2019,1,2019,12,2.26,kg,"PORTARIA Nº 141, DE 8 DE JANEI",http://biblioteca.conab.gov.br/phl82/pdf/legislacao/2019_PRT_141.pdf
PIAÇAVA (FIBRA) - PRODUTO EXTRATIVO,7568,TO,TO,2020,1,2020,12,2.41,kg,"PORTARIA Nº 313, DE 30 DE DEZE",http://biblioteca.conab.gov.br/phl82/pdf/legislacao/2019_PRT_313.pdf
PIAÇAVA (FIBRA) - PRODUTO EXTRATIVO,7568,TO,TO,2021,1,2021,12,2.41,kg,PREÇOS MÍNIMOS DOS PRODUTOS DE,http://biblioteca.conab.gov.br/phl82/pdf/legislacao/2021_PRT_18.pdf
PIAÇAVA (FIBRA) - PRODUTO EXTRATIVO,7568,TO,TO,2022,1,2022,12,2.46,kg,"PORTARIA MAPA Nº 376, DE 22 DE",http://biblioteca.conab.gov.br/phl82/pdf/legislacao/2021_PRT_376.pdf
PIAÇAVA (FIBRA) - PRODUTO EXTRATIVO,7568,TO,TO,2023,1,2023,12,3.21,kg,"PORTARIA MAPA Nº 534, DE 19 DE",https://www.in.gov.br/en/web/dou/-/portaria-mapa-n-534-de-19-de-dezembro-de-2022-452020932
PIAÇAVA (FIBRA) - PRODUTO EXTRATIVO,7568,TO,TO,2024,1,2024,12,2.98,kg,"PORTARIA MDA N° 41, DE 29 DE D",https://www.in.gov.br/web/dou/-/portaria-mda-n-41-de-29-de-dezembro-de-2023-535311884
PIAÇAVA (FIBRA) - PRODUTO EXTRATIVO,7568,TO,TO,2025,1,2025,12,3.42,kg,"PORTARIA MAPA Nº 750, DE 24 DE",https://www.in.gov.br/en/web/dou/-/portaria-mapa-n-750-de-24-de-dezembro-de-2024-604348255
PIAÇAVA (FIBRA) - PRODUTO EXTRATIVO,7568,TO,TO,2026,1,2026,12,4.43,kg,"PORTARIA MAPA Nº 868, DE 1º DE",https://in.gov.br/en/web/dou/-/portaria-mapa-n-868-de-1-de-dezembro-de-2025-672624071
PIRARUCU (DE MANEJO),6076,AM,AM,2020,1,2020,12,7.83,kg,"PORTARIA Nº 313, DE 30 DE DEZE",http://biblioteca.conab.gov.br/phl82/pdf/legislacao/2019_PRT_313.pdf
PIRARUCU (DE MANEJO),6076,AM,AM,2021,1,2021,12,7.83,kg,PREÇOS MÍNIMOS DOS PRODUTOS DE,http://biblioteca.conab.gov.br/phl82/pdf/legislacao/2021_PRT_18.pdf
PIRARUCU (DE MANEJO),6076,AM,AM,2022,1,2022,12,7.22,kg,"PORTARIA MAPA Nº 376, DE 22 DE",http://biblioteca.conab.gov.br/phl82/pdf/legislacao/2021_PRT_376.pdf
PIRARUCU (DE MANEJO),6076,AM,AM,2023,1,2023,12,8.59,kg,"PORTARIA MAPA Nº 534, DE 19 DE",https://www.in.gov.br/en/web/dou/-/portaria-mapa-n-534-de-19-de-dezembro-de-2022-452020932
PIRARUCU (DE MANEJO),6076,AM,AM,2024,1,2024,12,9.33,kg,"PORTARIA MDA N° 41, DE 29 DE D",https://www.in.gov.br/web/dou/-/portaria-mda-n-41-de-29-de-dezembro-de-2023-535311884
PIRARUCU (DE MANEJO),6076,AM,AM,2025,1,2025,12,9.33,kg,"PORTARIA MAPA Nº 750, DE 24 DE",https://www.in.gov.br/en/web/dou/-/portaria-mapa-n-750-de-24-de-dezembro-de-2024-604348255
PIRARUCU (DE MANEJO),6076,AM,AM,2026,1,2026,12,10.74,kg,"PORTARIA MAPA Nº 868, DE 1º DE",https://in.gov.br/en/web/dou/-/portaria-mapa-n-868-de-1-de-dezembro-de-2025-672624071
RAIZ DE MANDIOCA,5529,AC,AC,2014,1,2014,12,188.0,t,"PORTARIA  Nº  190,  DE  9  DE",NI
RAIZ DE MANDIOCA,5529,AC,AC,2015,1,2015,12,188.0,t,"PORTARIA  Nº  190,  DE  9  DE",NI
RAIZ DE MANDIOCA,5529,AC,AC,2016,1,2016,12,201.16,t,"PORTARIA Nº 1.577, DE 17 DE JU",http://biblioteca.conab.gov.br/phl82/pdf/legislacao/2017_PRT_1577.pdf
RAIZ DE MANDIOCA,5529,AC,AC,2017,1,2017,12,207.0,t,"PORTARIA Nº 123, DE 5 DE JULHO",http://biblioteca.conab.gov.br/phl82/pdf/legislacao/2016_PRT_123.pdf
RAIZ DE MANDIOCA,5529,AC,AC,2018,1,2018,12,213.54,t,"PORTARIA Nº 1.577, DE 17 DE JU",http://biblioteca.conab.gov.br/phl82/pdf/legislacao/2017_PRT_1577.pdf
RAIZ DE MANDIOCA,5529,AC,AC,2019,1,2019,12,231.89,t,"PORTARIA Nº 135, DE 12 DE JULH",http://biblioteca.conab.gov.br/phl82/pdf/legislacao/2018_PRT_935.pdf
RAIZ DE MANDIOCA,5529,AC,AC,2020,1,2020,12,241.08,t,"PORTARIA Nº 135, DE 12 DE JULH",http://biblioteca.conab.gov.br/phl82/pdf/legislacao/2019_PRT_135.pdf
RAIZ DE MANDIOCA,5529,AC,AC,2021,1,2021,12,241.0,t,"PORTARIA Nº 190, DE 9 DE JUNHO",http://biblioteca.conab.gov.br/phl82/pdf/legislacao/2020_PRT_190.pdf
RAIZ DE MANDIOCA,5529,AC,AC,2022,1,2022,12,285.89,t,"PORTARIA Nº 201, DE 1º DE JULH",http://biblioteca.conab.gov.br/phl82/pdf/legislacao/2021_PRT_201.pdf
RAIZ DE MANDIOCA,5529,AC,AC,2023,1,2023,12,336.94,t,"PORTARIA MAPA Nº 452, DE 4 DE",https://biblioteca.conab.gov.br/phl82/pdf/legislacao/2022_PRT_452.pdf
RAIZ DE MANDIOCA,5529,AC,AC,2024,1,2024,12,401.64,t,"PORTARIA MAPA Nº 612, DE 31 DE",https://www.in.gov.br/en/web/dou/-/portaria-mapa-n-612-de-31-de-agosto-de-2023-507003445
RAIZ DE MANDIOCA,5529,AC,AC,2025,1,2025,12,454.94,t,"PORTARIA MAPA Nº 700, DE 15 DE",https://www.in.gov.br/en/web/dou/-/portaria-mapa-n-700-de-15-de-julho-de-2024-572339980
RAIZ DE MANDIOCA,5529,AC,AC,2026,1,2026,12,511.81,t,"PORTARIA MAPA Nº 812, DE 7 DE",https://www.in.gov.br/en/web/dou/-/portaria-mapa-n-812-de-7-de-julho-de-2025-640776008
RAIZ DE MANDIOCA,5529,AC,AC,2027,1,2027,12,546.56,t,"PORTARIA MAPA Nº 934, DE 09 DE",https://www.in.gov.br/web/dou/-/portaria-mapa-n-934-de-9-de-julho-de-2026-718439459
RAIZ DE MANDIOCA,5529,AM,AM,2014,1,2014,12,188.0,t,"PORTARIA  Nº  190,  DE  9  DE",NI
RAIZ DE MANDIOCA,5529,AM,AM,2015,1,2015,12,188.0,t,"PORTARIA  Nº  190,  DE  9  DE",NI
RAIZ DE MANDIOCA,5529,AM,AM,2016,1,2016,12,201.16,t,"PORTARIA Nº 1.577, DE 17 DE JU",http://biblioteca.conab.gov.br/phl82/pdf/legislacao/2017_PRT_1577.pdf
RAIZ DE MANDIOCA,5529,AM,AM,2017,1,2017,12,207.0,t,"PORTARIA Nº 123, DE 5 DE JULHO",http://biblioteca.conab.gov.br/phl82/pdf/legislacao/2016_PRT_123.pdf
RAIZ DE MANDIOCA,5529,AM,AM,2018,1,2018,12,213.54,t,"PORTARIA Nº 1.577, DE 17 DE JU",http://biblioteca.conab.gov.br/phl82/pdf/legislacao/2017_PRT_1577.pdf
RAIZ DE MANDIOCA,5529,AM,AM,2019,1,2019,12,231.89,t,"PORTARIA Nº 135, DE 12 DE JULH",http://biblioteca.conab.gov.br/phl82/pdf/legislacao/2018_PRT_935.pdf
RAIZ DE MANDIOCA,5529,AM,AM,2020,1,2020,12,241.08,t,"PORTARIA Nº 135, DE 12 DE JULH",http://biblioteca.conab.gov.br/phl82/pdf/legislacao/2019_PRT_135.pdf
RAIZ DE MANDIOCA,5529,AM,AM,2021,1,2021,12,241.0,t,"PORTARIA Nº 190, DE 9 DE JUNHO",http://biblioteca.conab.gov.br/phl82/pdf/legislacao/2020_PRT_190.pdf
RAIZ DE MANDIOCA,5529,AM,AM,2022,1,2022,12,285.89,t,"PORTARIA Nº 201, DE 1º DE JULH",http://biblioteca.conab.gov.br/phl82/pdf/legislacao/2021_PRT_201.pdf
RAIZ DE MANDIOCA,5529,AM,AM,2023,1,2023,12,336.94,t,"PORTARIA MAPA Nº 452, DE 4 DE",https://biblioteca.conab.gov.br/phl82/pdf/legislacao/2022_PRT_452.pdf
RAIZ DE MANDIOCA,5529,AM,AM,2024,1,2024,12,401.64,t,"PORTARIA MAPA Nº 612, DE 31 DE",https://www.in.gov.br/en/web/dou/-/portaria-mapa-n-612-de-31-de-agosto-de-2023-507003445
RAIZ DE MANDIOCA,5529,AM,AM,2025,1,2025,12,454.94,t,"PORTARIA MAPA Nº 700, DE 15 DE",https://www.in.gov.br/en/web/dou/-/portaria-mapa-n-700-de-15-de-julho-de-2024-572339980
RAIZ DE MANDIOCA,5529,AM,AM,2026,1,2026,12,511.81,t,"PORTARIA MAPA Nº 812, DE 7 DE",https://www.in.gov.br/en/web/dou/-/portaria-mapa-n-812-de-7-de-julho-de-2025-640776008
RAIZ DE MANDIOCA,5529,AM,AM,2027,1,2027,12,546.56,t,"PORTARIA MAPA Nº 934, DE 09 DE",https://www.in.gov.br/web/dou/-/portaria-mapa-n-934-de-9-de-julho-de-2026-718439459
RAIZ DE MANDIOCA,5529,AP,AP,2014,1,2014,12,188.0,t,"PORTARIA  Nº  190,  DE  9  DE",NI
RAIZ DE MANDIOCA,5529,AP,AP,2015,1,2015,12,188.0,t,"PORTARIA  Nº  190,  DE  9  DE",NI
RAIZ DE MANDIOCA,5529,AP,AP,2016,1,2016,12,201.16,t,"PORTARIA Nº 1.577, DE 17 DE JU",http://biblioteca.conab.gov.br/phl82/pdf/legislacao/2017_PRT_1577.pdf
RAIZ DE MANDIOCA,5529,AP,AP,2017,1,2017,12,207.0,t,"PORTARIA Nº 123, DE 5 DE JULHO",http://biblioteca.conab.gov.br/phl82/pdf/legislacao/2016_PRT_123.pdf
RAIZ DE MANDIOCA,5529,AP,AP,2018,1,2018,12,213.54,t,"PORTARIA Nº 1.577, DE 17 DE JU",http://biblioteca.conab.gov.br/phl82/pdf/legislacao/2017_PRT_1577.pdf
RAIZ DE MANDIOCA,5529,AP,AP,2019,1,2019,12,231.89,t,"PORTARIA Nº 135, DE 12 DE JULH",http://biblioteca.conab.gov.br/phl82/pdf/legislacao/2018_PRT_935.pdf
RAIZ DE MANDIOCA,5529,AP,AP,2020,1,2020,12,241.08,t,"PORTARIA Nº 135, DE 12 DE JULH",http://biblioteca.conab.gov.br/phl82/pdf/legislacao/2019_PRT_135.pdf
RAIZ DE MANDIOCA,5529,AP,AP,2021,1,2021,12,241.0,t,"PORTARIA Nº 190, DE 9 DE JUNHO",http://biblioteca.conab.gov.br/phl82/pdf/legislacao/2020_PRT_190.pdf
RAIZ DE MANDIOCA,5529,AP,AP,2022,1,2022,12,285.89,t,"PORTARIA Nº 201, DE 1º DE JULH",http://biblioteca.conab.gov.br/phl82/pdf/legislacao/2021_PRT_201.pdf
RAIZ DE MANDIOCA,5529,AP,AP,2023,1,2023,12,336.94,t,"PORTARIA MAPA Nº 452, DE 4 DE",https://biblioteca.conab.gov.br/phl82/pdf/legislacao/2022_PRT_452.pdf
RAIZ DE MANDIOCA,5529,AP,AP,2024,1,2024,12,401.64,t,"PORTARIA MAPA Nº 612, DE 31 DE",https://www.in.gov.br/en/web/dou/-/portaria-mapa-n-612-de-31-de-agosto-de-2023-507003445
RAIZ DE MANDIOCA,5529,AP,AP,2025,1,2025,12,454.94,t,"PORTARIA MAPA Nº 700, DE 15 DE",https://www.in.gov.br/en/web/dou/-/portaria-mapa-n-700-de-15-de-julho-de-2024-572339980
RAIZ DE MANDIOCA,5529,AP,AP,2026,1,2026,12,511.81,t,"PORTARIA MAPA Nº 812, DE 7 DE",https://www.in.gov.br/en/web/dou/-/portaria-mapa-n-812-de-7-de-julho-de-2025-640776008
RAIZ DE MANDIOCA,5529,AP,AP,2027,1,2027,12,546.56,t,"PORTARIA MAPA Nº 934, DE 09 DE",https://www.in.gov.br/web/dou/-/portaria-mapa-n-934-de-9-de-julho-de-2026-718439459
RAIZ DE MANDIOCA,5529,PA,PA,2014,1,2014,12,188.0,t,"PORTARIA  Nº  190,  DE  9  DE",NI
RAIZ DE MANDIOCA,5529,PA,PA,2015,1,2015,12,188.0,t,"PORTARIA  Nº  190,  DE  9  DE",NI
RAIZ DE MANDIOCA,5529,PA,PA,2016,1,2016,12,201.16,t,"PORTARIA Nº 1.577, DE 17 DE JU",http://biblioteca.conab.gov.br/phl82/pdf/legislacao/2017_PRT_1577.pdf
RAIZ DE MANDIOCA,5529,PA,PA,2017,1,2017,12,207.0,t,"PORTARIA Nº 123, DE 5 DE JULHO",http://biblioteca.conab.gov.br/phl82/pdf/legislacao/2016_PRT_123.pdf
RAIZ DE MANDIOCA,5529,PA,PA,2018,1,2018,12,213.54,t,"PORTARIA Nº 1.577, DE 17 DE JU",http://biblioteca.conab.gov.br/phl82/pdf/legislacao/2017_PRT_1577.pdf
RAIZ DE MANDIOCA,5529,PA,PA,2019,1,2019,12,231.89,t,"PORTARIA Nº 135, DE 12 DE JULH",http://biblioteca.conab.gov.br/phl82/pdf/legislacao/2018_PRT_935.pdf
RAIZ DE MANDIOCA,5529,PA,PA,2020,1,2020,12,241.08,t,"PORTARIA Nº 135, DE 12 DE JULH",http://biblioteca.conab.gov.br/phl82/pdf/legislacao/2019_PRT_135.pdf
RAIZ DE MANDIOCA,5529,PA,PA,2021,1,2021,12,241.0,t,"PORTARIA Nº 190, DE 9 DE JUNHO",http://biblioteca.conab.gov.br/phl82/pdf/legislacao/2020_PRT_190.pdf
RAIZ DE MANDIOCA,5529,PA,PA,2022,1,2022,12,285.89,t,"PORTARIA Nº 201, DE 1º DE JULH",http://biblioteca.conab.gov.br/phl82/pdf/legislacao/2021_PRT_201.pdf
RAIZ DE MANDIOCA,5529,PA,PA,2023,1,2023,12,336.94,t,"PORTARIA MAPA Nº 452, DE 4 DE",https://biblioteca.conab.gov.br/phl82/pdf/legislacao/2022_PRT_452.pdf
RAIZ DE MANDIOCA,5529,PA,PA,2024,1,2024,12,401.64,t,"PORTARIA MAPA Nº 612, DE 31 DE",https://www.in.gov.br/en/web/dou/-/portaria-mapa-n-612-de-31-de-agosto-de-2023-507003445
RAIZ DE MANDIOCA,5529,PA,PA,2025,1,2025,12,454.94,t,"PORTARIA MAPA Nº 700, DE 15 DE",https://www.in.gov.br/en/web/dou/-/portaria-mapa-n-700-de-15-de-julho-de-2024-572339980
RAIZ DE MANDIOCA,5529,PA,PA,2026,1,2026,12,511.81,t,"PORTARIA MAPA Nº 812, DE 7 DE",https://www.in.gov.br/en/web/dou/-/portaria-mapa-n-812-de-7-de-julho-de-2025-640776008
RAIZ DE MANDIOCA,5529,PA,PA,2027,1,2027,12,546.56,t,"PORTARIA MAPA Nº 934, DE 09 DE",https://www.in.gov.br/web/dou/-/portaria-mapa-n-934-de-9-de-julho-de-2026-718439459
RAIZ DE MANDIOCA,5529,RO,RO,2014,1,2014,12,188.0,t,"PORTARIA  Nº  190,  DE  9  DE",NI
RAIZ DE MANDIOCA,5529,RO,RO,2015,1,2015,12,188.0,t,"PORTARIA  Nº  190,  DE  9  DE",NI
RAIZ DE MANDIOCA,5529,RO,RO,2016,1,2016,12,201.16,t,"PORTARIA Nº 1.577, DE 17 DE JU",http://biblioteca.conab.gov.br/phl82/pdf/legislacao/2017_PRT_1577.pdf
RAIZ DE MANDIOCA,5529,RO,RO,2017,1,2017,12,207.0,t,"PORTARIA Nº 123, DE 5 DE JULHO",http://biblioteca.conab.gov.br/phl82/pdf/legislacao/2016_PRT_123.pdf
RAIZ DE MANDIOCA,5529,RO,RO,2018,1,2018,12,213.54,t,"PORTARIA Nº 1.577, DE 17 DE JU",http://biblioteca.conab.gov.br/phl82/pdf/legislacao/2017_PRT_1577.pdf
RAIZ DE MANDIOCA,5529,RO,RO,2019,1,2019,12,231.89,t,"PORTARIA Nº 135, DE 12 DE JULH",http://biblioteca.conab.gov.br/phl82/pdf/legislacao/2018_PRT_935.pdf
RAIZ DE MANDIOCA,5529,RO,RO,2020,1,2020,12,241.08,t,"PORTARIA Nº 135, DE 12 DE JULH",http://biblioteca.conab.gov.br/phl82/pdf/legislacao/2019_PRT_135.pdf
RAIZ DE MANDIOCA,5529,RO,RO,2021,1,2021,12,241.0,t,"PORTARIA Nº 190, DE 9 DE JUNHO",http://biblioteca.conab.gov.br/phl82/pdf/legislacao/2020_PRT_190.pdf
RAIZ DE MANDIOCA,5529,RO,RO,2022,1,2022,12,285.89,t,"PORTARIA Nº 201, DE 1º DE JULH",http://biblioteca.conab.gov.br/phl82/pdf/legislacao/2021_PRT_201.pdf
RAIZ DE MANDIOCA,5529,RO,RO,2023,1,2023,12,336.94,t,"PORTARIA MAPA Nº 452, DE 4 DE",https://biblioteca.conab.gov.br/phl82/pdf/legislacao/2022_PRT_452.pdf
RAIZ DE MANDIOCA,5529,RO,RO,2024,1,2024,12,401.64,t,"PORTARIA MAPA Nº 612, DE 31 DE",https://www.in.gov.br/en/web/dou/-/portaria-mapa-n-612-de-31-de-agosto-de-2023-507003445
RAIZ DE MANDIOCA,5529,RO,RO,2025,1,2025,12,454.94,t,"PORTARIA MAPA Nº 700, DE 15 DE",https://www.in.gov.br/en/web/dou/-/portaria-mapa-n-700-de-15-de-julho-de-2024-572339980
RAIZ DE MANDIOCA,5529,RO,RO,2026,1,2026,12,511.81,t,"PORTARIA MAPA Nº 812, DE 7 DE",https://www.in.gov.br/en/web/dou/-/portaria-mapa-n-812-de-7-de-julho-de-2025-640776008
RAIZ DE MANDIOCA,5529,RO,RO,2027,1,2027,12,546.56,t,"PORTARIA MAPA Nº 934, DE 09 DE",https://www.in.gov.br/web/dou/-/portaria-mapa-n-934-de-9-de-julho-de-2026-718439459
RAIZ DE MANDIOCA,5529,RR,RR,2014,1,2014,12,188.0,t,"PORTARIA  Nº  190,  DE  9  DE",NI
RAIZ DE MANDIOCA,5529,RR,RR,2015,1,2015,12,188.0,t,"PORTARIA  Nº  190,  DE  9  DE",NI
RAIZ DE MANDIOCA,5529,RR,RR,2016,1,2016,12,201.16,t,"PORTARIA Nº 1.577, DE 17 DE JU",http://biblioteca.conab.gov.br/phl82/pdf/legislacao/2017_PRT_1577.pdf
RAIZ DE MANDIOCA,5529,RR,RR,2017,1,2017,12,207.0,t,"PORTARIA Nº 123, DE 5 DE JULHO",http://biblioteca.conab.gov.br/phl82/pdf/legislacao/2016_PRT_123.pdf
RAIZ DE MANDIOCA,5529,RR,RR,2018,1,2018,12,213.54,t,"PORTARIA Nº 1.577, DE 17 DE JU",http://biblioteca.conab.gov.br/phl82/pdf/legislacao/2017_PRT_1577.pdf
RAIZ DE MANDIOCA,5529,RR,RR,2019,1,2019,12,231.89,t,"PORTARIA Nº 135, DE 12 DE JULH",http://biblioteca.conab.gov.br/phl82/pdf/legislacao/2018_PRT_935.pdf
RAIZ DE MANDIOCA,5529,RR,RR,2020,1,2020,12,241.08,t,"PORTARIA Nº 135, DE 12 DE JULH",http://biblioteca.conab.gov.br/phl82/pdf/legislacao/2019_PRT_135.pdf
RAIZ DE MANDIOCA,5529,RR,RR,2021,1,2021,12,241.0,t,"PORTARIA Nº 190, DE 9 DE JUNHO",http://biblioteca.conab.gov.br/phl82/pdf/legislacao/2020_PRT_190.pdf
RAIZ DE MANDIOCA,5529,RR,RR,2022,1,2022,12,285.89,t,"PORTARIA Nº 201, DE 1º DE JULH",http://biblioteca.conab.gov.br/phl82/pdf/legislacao/2021_PRT_201.pdf
RAIZ DE MANDIOCA,5529,RR,RR,2023,1,2023,12,336.94,t,"PORTARIA MAPA Nº 452, DE 4 DE",https://biblioteca.conab.gov.br/phl82/pdf/legislacao/2022_PRT_452.pdf
RAIZ DE MANDIOCA,5529,RR,RR,2024,1,2024,12,401.64,t,"PORTARIA MAPA Nº 612, DE 31 DE",https://www.in.gov.br/en/web/dou/-/portaria-mapa-n-612-de-31-de-agosto-de-2023-507003445
RAIZ DE MANDIOCA,5529,RR,RR,2025,1,2025,12,454.94,t,"PORTARIA MAPA Nº 700, DE 15 DE",https://www.in.gov.br/en/web/dou/-/portaria-mapa-n-700-de-15-de-julho-de-2024-572339980
RAIZ DE MANDIOCA,5529,RR,RR,2026,1,2026,12,511.81,t,"PORTARIA MAPA Nº 812, DE 7 DE",https://www.in.gov.br/en/web/dou/-/portaria-mapa-n-812-de-7-de-julho-de-2025-640776008
RAIZ DE MANDIOCA,5529,RR,RR,2027,1,2027,12,546.56,t,"PORTARIA MAPA Nº 934, DE 09 DE",https://www.in.gov.br/web/dou/-/portaria-mapa-n-934-de-9-de-julho-de-2026-718439459
RAIZ DE MANDIOCA,5529,TO,TO,2014,1,2014,12,188.0,t,"PORTARIA  Nº  190,  DE  9  DE",NI
RAIZ DE MANDIOCA,5529,TO,TO,2015,1,2015,12,188.0,t,"PORTARIA  Nº  190,  DE  9  DE",NI
RAIZ DE MANDIOCA,5529,TO,TO,2016,1,2016,12,201.16,t,"PORTARIA Nº 1.577, DE 17 DE JU",http://biblioteca.conab.gov.br/phl82/pdf/legislacao/2017_PRT_1577.pdf
RAIZ DE MANDIOCA,5529,TO,TO,2017,1,2017,12,207.0,t,"PORTARIA Nº 123, DE 5 DE JULHO",http://biblioteca.conab.gov.br/phl82/pdf/legislacao/2016_PRT_123.pdf
RAIZ DE MANDIOCA,5529,TO,TO,2018,1,2018,12,213.54,t,"PORTARIA Nº 1.577, DE 17 DE JU",http://biblioteca.conab.gov.br/phl82/pdf/legislacao/2017_PRT_1577.pdf
RAIZ DE MANDIOCA,5529,TO,TO,2019,1,2019,12,231.89,t,"PORTARIA Nº 135, DE 12 DE JULH",http://biblioteca.conab.gov.br/phl82/pdf/legislacao/2018_PRT_935.pdf
RAIZ DE MANDIOCA,5529,TO,TO,2020,1,2020,12,241.08,t,"PORTARIA Nº 135, DE 12 DE JULH",http://biblioteca.conab.gov.br/phl82/pdf/legislacao/2019_PRT_135.pdf
RAIZ DE MANDIOCA,5529,TO,TO,2021,1,2021,12,241.0,t,"PORTARIA Nº 190, DE 9 DE JUNHO",http://biblioteca.conab.gov.br/phl82/pdf/legislacao/2020_PRT_190.pdf
RAIZ DE MANDIOCA,5529,TO,TO,2022,1,2022,12,285.89,t,"PORTARIA Nº 201, DE 1º DE JULH",http://biblioteca.conab.gov.br/phl82/pdf/legislacao/2021_PRT_201.pdf
RAIZ DE MANDIOCA,5529,TO,TO,2023,1,2023,12,336.94,t,"PORTARIA MAPA Nº 452, DE 4 DE",https://biblioteca.conab.gov.br/phl82/pdf/legislacao/2022_PRT_452.pdf
RAIZ DE MANDIOCA,5529,TO,TO,2024,1,2024,12,401.64,t,"PORTARIA MAPA Nº 612, DE 31 DE",https://www.in.gov.br/en/web/dou/-/portaria-mapa-n-612-de-31-de-agosto-de-2023-507003445
RAIZ DE MANDIOCA,5529,TO,TO,2025,1,2025,12,454.94,t,"PORTARIA MAPA Nº 700, DE 15 DE",https://www.in.gov.br/en/web/dou/-/portaria-mapa-n-700-de-15-de-julho-de-2024-572339980
RAIZ DE MANDIOCA,5529,TO,TO,2026,1,2026,12,511.81,t,"PORTARIA MAPA Nº 812, DE 7 DE",https://www.in.gov.br/en/web/dou/-/portaria-mapa-n-812-de-7-de-julho-de-2025-640776008
RAIZ DE MANDIOCA,5529,TO,TO,2027,1,2027,12,546.56,t,"PORTARIA MAPA Nº 934, DE 09 DE",https://www.in.gov.br/web/dou/-/portaria-mapa-n-934-de-9-de-julho-de-2026-718439459
SOJA,4744,AC,AC,2014,1,2014,12,25.11,60 kg,"PORTARIA  Nº  190,  DE  9  DE",NI
SOJA,4744,AC,AC,2015,1,2015,12,26.38,60 kg,"PORTARIA  Nº  190,  DE  9  DE",NI
SOJA,4744,AC,AC,2016,1,2016,12,27.72,60 kg,"PORTARIA Nº 1.577, DE 17 DE JU",http://biblioteca.conab.gov.br/phl82/pdf/legislacao/2017_PRT_1577.pdf
SOJA,4744,AC,AC,2017,1,2017,12,30.17,60 kg,"PORTARIA Nº 123, DE 5 DE JULHO",http://biblioteca.conab.gov.br/phl82/pdf/legislacao/2016_PRT_123.pdf
SOJA,4744,AC,AC,2018,1,2018,12,36.84,60 kg,"PORTARIA Nº 1.577, DE 17 DE JU",http://biblioteca.conab.gov.br/phl82/pdf/legislacao/2017_PRT_1577.pdf
SOJA,4744,AC,AC,2019,1,2019,12,37.71,60 kg,"PORTARIA Nº 135, DE 12 DE JULH",http://biblioteca.conab.gov.br/phl82/pdf/legislacao/2018_PRT_935.pdf
SOJA,4744,AC,AC,2020,1,2020,12,43.28,60 kg,"PORTARIA Nº 135, DE 12 DE JULH",http://biblioteca.conab.gov.br/phl82/pdf/legislacao/2019_PRT_135.pdf
SOJA,4744,AC,AC,2021,1,2021,12,45.24,60 kg,"PORTARIA Nº 190, DE 9 DE JUNHO",http://biblioteca.conab.gov.br/phl82/pdf/legislacao/2020_PRT_190.pdf
SOJA,4744,AC,AC,2022,1,2022,12,55.55,60 kg,"PORTARIA Nº 201, DE 1º DE JULH",http://biblioteca.conab.gov.br/phl82/pdf/legislacao/2021_PRT_201.pdf
SOJA,4744,AC,AC,2023,1,2023,12,96.71,60 kg,"PORTARIA MAPA Nº 452, DE 4 DE",https://biblioteca.conab.gov.br/phl82/pdf/legislacao/2022_PRT_452.pdf
SOJA,4744,AC,AC,2024,1,2024,12,86.54,60 kg,"PORTARIA MAPA Nº 612, DE 31 DE",https://www.in.gov.br/en/web/dou/-/portaria-mapa-n-612-de-31-de-agosto-de-2023-507003445
SOJA,4744,AC,AC,2025,1,2025,12,76.28,60 kg,"PORTARIA MAPA Nº 700, DE 15 DE",https://www.in.gov.br/en/web/dou/-/portaria-mapa-n-700-de-15-de-julho-de-2024-572339980
SOJA,4744,AC,AC,2026,1,2026,12,71.04,60 kg,"PORTARIA MAPA Nº 812, DE 7 DE",https://www.in.gov.br/en/web/dou/-/portaria-mapa-n-812-de-7-de-julho-de-2025-640776008
SOJA,4744,AC,AC,2027,1,2027,12,76.34,60 kg,"PORTARIA MAPA Nº 934, DE 09 DE",https://www.in.gov.br/web/dou/-/portaria-mapa-n-934-de-9-de-julho-de-2026-718439459
SOJA,4744,AM,AM,2014,1,2014,12,25.11,60 kg,"PORTARIA  Nº  190,  DE  9  DE",NI
SOJA,4744,AM,AM,2015,1,2015,12,26.38,60 kg,"PORTARIA  Nº  190,  DE  9  DE",NI
SOJA,4744,AM,AM,2016,1,2016,12,27.72,60 kg,"PORTARIA Nº 1.577, DE 17 DE JU",http://biblioteca.conab.gov.br/phl82/pdf/legislacao/2017_PRT_1577.pdf
SOJA,4744,AM,AM,2017,1,2017,12,30.17,60 kg,"PORTARIA Nº 123, DE 5 DE JULHO",http://biblioteca.conab.gov.br/phl82/pdf/legislacao/2016_PRT_123.pdf
SOJA,4744,AM,AM,2018,1,2018,12,36.84,60 kg,"PORTARIA Nº 1.577, DE 17 DE JU",http://biblioteca.conab.gov.br/phl82/pdf/legislacao/2017_PRT_1577.pdf
SOJA,4744,AM,AM,2019,1,2019,12,37.71,60 kg,"PORTARIA Nº 135, DE 12 DE JULH",http://biblioteca.conab.gov.br/phl82/pdf/legislacao/2018_PRT_935.pdf
SOJA,4744,AM,AM,2020,1,2020,12,43.28,60 kg,"PORTARIA Nº 135, DE 12 DE JULH",http://biblioteca.conab.gov.br/phl82/pdf/legislacao/2019_PRT_135.pdf
SOJA,4744,AM,AM,2021,1,2021,12,45.24,60 kg,"PORTARIA Nº 190, DE 9 DE JUNHO",http://biblioteca.conab.gov.br/phl82/pdf/legislacao/2020_PRT_190.pdf
SOJA,4744,AM,AM,2022,1,2022,12,55.55,60 kg,"PORTARIA Nº 201, DE 1º DE JULH",http://biblioteca.conab.gov.br/phl82/pdf/legislacao/2021_PRT_201.pdf
SOJA,4744,AM,AM,2023,1,2023,12,96.71,60 kg,"PORTARIA MAPA Nº 452, DE 4 DE",https://biblioteca.conab.gov.br/phl82/pdf/legislacao/2022_PRT_452.pdf
SOJA,4744,AM,AM,2024,1,2024,12,86.54,60 kg,"PORTARIA MAPA Nº 612, DE 31 DE",https://www.in.gov.br/en/web/dou/-/portaria-mapa-n-612-de-31-de-agosto-de-2023-507003445
SOJA,4744,AM,AM,2025,1,2025,12,76.28,60 kg,"PORTARIA MAPA Nº 700, DE 15 DE",https://www.in.gov.br/en/web/dou/-/portaria-mapa-n-700-de-15-de-julho-de-2024-572339980
SOJA,4744,AM,AM,2026,1,2026,12,71.04,60 kg,"PORTARIA MAPA Nº 812, DE 7 DE",https://www.in.gov.br/en/web/dou/-/portaria-mapa-n-812-de-7-de-julho-de-2025-640776008
SOJA,4744,AM,AM,2027,1,2027,12,76.34,60 kg,"PORTARIA MAPA Nº 934, DE 09 DE",https://www.in.gov.br/web/dou/-/portaria-mapa-n-934-de-9-de-julho-de-2026-718439459
SOJA,4744,AP,AP,2014,1,2014,12,25.11,60 kg,"PORTARIA  Nº  190,  DE  9  DE",NI
SOJA,4744,AP,AP,2015,1,2015,12,26.38,60 kg,"PORTARIA  Nº  190,  DE  9  DE",NI
SOJA,4744,AP,AP,2016,1,2016,12,27.72,60 kg,"PORTARIA Nº 1.577, DE 17 DE JU",http://biblioteca.conab.gov.br/phl82/pdf/legislacao/2017_PRT_1577.pdf
SOJA,4744,AP,AP,2017,1,2017,12,30.17,60 kg,"PORTARIA Nº 123, DE 5 DE JULHO",http://biblioteca.conab.gov.br/phl82/pdf/legislacao/2016_PRT_123.pdf
SOJA,4744,AP,AP,2018,1,2018,12,36.84,60 kg,"PORTARIA Nº 1.577, DE 17 DE JU",http://biblioteca.conab.gov.br/phl82/pdf/legislacao/2017_PRT_1577.pdf
SOJA,4744,AP,AP,2019,1,2019,12,37.71,60 kg,"PORTARIA Nº 135, DE 12 DE JULH",http://biblioteca.conab.gov.br/phl82/pdf/legislacao/2018_PRT_935.pdf
SOJA,4744,AP,AP,2020,1,2020,12,43.28,60 kg,"PORTARIA Nº 135, DE 12 DE JULH",http://biblioteca.conab.gov.br/phl82/pdf/legislacao/2019_PRT_135.pdf
SOJA,4744,AP,AP,2021,1,2021,12,45.24,60 kg,"PORTARIA Nº 190, DE 9 DE JUNHO",http://biblioteca.conab.gov.br/phl82/pdf/legislacao/2020_PRT_190.pdf
SOJA,4744,AP,AP,2022,1,2022,12,55.55,60 kg,"PORTARIA Nº 201, DE 1º DE JULH",http://biblioteca.conab.gov.br/phl82/pdf/legislacao/2021_PRT_201.pdf
SOJA,4744,AP,AP,2023,1,2023,12,96.71,60 kg,"PORTARIA MAPA Nº 452, DE 4 DE",https://biblioteca.conab.gov.br/phl82/pdf/legislacao/2022_PRT_452.pdf
SOJA,4744,AP,AP,2024,1,2024,12,86.54,60 kg,"PORTARIA MAPA Nº 612, DE 31 DE",https://www.in.gov.br/en/web/dou/-/portaria-mapa-n-612-de-31-de-agosto-de-2023-507003445
SOJA,4744,AP,AP,2025,1,2025,12,76.28,60 kg,"PORTARIA MAPA Nº 700, DE 15 DE",https://www.in.gov.br/en/web/dou/-/portaria-mapa-n-700-de-15-de-julho-de-2024-572339980
SOJA,4744,AP,AP,2026,1,2026,12,71.04,60 kg,"PORTARIA MAPA Nº 812, DE 7 DE",https://www.in.gov.br/en/web/dou/-/portaria-mapa-n-812-de-7-de-julho-de-2025-640776008
SOJA,4744,AP,AP,2027,1,2027,12,76.34,60 kg,"PORTARIA MAPA Nº 934, DE 09 DE",https://www.in.gov.br/web/dou/-/portaria-mapa-n-934-de-9-de-julho-de-2026-718439459
SOJA,4744,PA,PA,2014,1,2014,12,25.11,60 kg,"PORTARIA  Nº  190,  DE  9  DE",NI
SOJA,4744,PA,PA,2015,1,2015,12,26.38,60 kg,"PORTARIA  Nº  190,  DE  9  DE",NI
SOJA,4744,PA,PA,2016,1,2016,12,27.72,60 kg,"PORTARIA Nº 1.577, DE 17 DE JU",http://biblioteca.conab.gov.br/phl82/pdf/legislacao/2017_PRT_1577.pdf
SOJA,4744,PA,PA,2017,1,2017,12,30.17,60 kg,"PORTARIA Nº 123, DE 5 DE JULHO",http://biblioteca.conab.gov.br/phl82/pdf/legislacao/2016_PRT_123.pdf
SOJA,4744,PA,PA,2018,1,2018,12,36.84,60 kg,"PORTARIA Nº 1.577, DE 17 DE JU",http://biblioteca.conab.gov.br/phl82/pdf/legislacao/2017_PRT_1577.pdf
SOJA,4744,PA,PA,2019,1,2019,12,37.71,60 kg,"PORTARIA Nº 135, DE 12 DE JULH",http://biblioteca.conab.gov.br/phl82/pdf/legislacao/2018_PRT_935.pdf
SOJA,4744,PA,PA,2020,1,2020,12,43.28,60 kg,"PORTARIA Nº 135, DE 12 DE JULH",http://biblioteca.conab.gov.br/phl82/pdf/legislacao/2019_PRT_135.pdf
SOJA,4744,PA,PA,2021,1,2021,12,45.24,60 kg,"PORTARIA Nº 190, DE 9 DE JUNHO",http://biblioteca.conab.gov.br/phl82/pdf/legislacao/2020_PRT_190.pdf
SOJA,4744,PA,PA,2022,1,2022,12,55.55,60 kg,"PORTARIA Nº 201, DE 1º DE JULH",http://biblioteca.conab.gov.br/phl82/pdf/legislacao/2021_PRT_201.pdf
SOJA,4744,PA,PA,2023,1,2023,12,96.71,60 kg,"PORTARIA MAPA Nº 452, DE 4 DE",https://biblioteca.conab.gov.br/phl82/pdf/legislacao/2022_PRT_452.pdf
SOJA,4744,PA,PA,2024,1,2024,12,86.54,60 kg,"PORTARIA MAPA Nº 612, DE 31 DE",https://www.in.gov.br/en/web/dou/-/portaria-mapa-n-612-de-31-de-agosto-de-2023-507003445
SOJA,4744,PA,PA,2025,1,2025,12,76.28,60 kg,"PORTARIA MAPA Nº 700, DE 15 DE",https://www.in.gov.br/en/web/dou/-/portaria-mapa-n-700-de-15-de-julho-de-2024-572339980
SOJA,4744,PA,PA,2026,1,2026,12,71.04,60 kg,"PORTARIA MAPA Nº 812, DE 7 DE",https://www.in.gov.br/en/web/dou/-/portaria-mapa-n-812-de-7-de-julho-de-2025-640776008
SOJA,4744,PA,PA,2027,1,2027,12,76.34,60 kg,"PORTARIA MAPA Nº 934, DE 09 DE",https://www.in.gov.br/web/dou/-/portaria-mapa-n-934-de-9-de-julho-de-2026-718439459
SOJA,4744,RO,RO,2014,1,2014,12,25.11,60 kg,"PORTARIA  Nº  190,  DE  9  DE",NI
SOJA,4744,RO,RO,2015,1,2015,12,26.38,60 kg,"PORTARIA  Nº  190,  DE  9  DE",NI
SOJA,4744,RO,RO,2016,1,2016,12,27.72,60 kg,"PORTARIA Nº 1.577, DE 17 DE JU",http://biblioteca.conab.gov.br/phl82/pdf/legislacao/2017_PRT_1577.pdf
SOJA,4744,RO,RO,2017,1,2017,12,30.17,60 kg,"PORTARIA Nº 123, DE 5 DE JULHO",http://biblioteca.conab.gov.br/phl82/pdf/legislacao/2016_PRT_123.pdf
SOJA,4744,RO,RO,2018,1,2018,12,36.84,60 kg,"PORTARIA Nº 1.577, DE 17 DE JU",http://biblioteca.conab.gov.br/phl82/pdf/legislacao/2017_PRT_1577.pdf
SOJA,4744,RO,RO,2019,1,2019,12,37.71,60 kg,"PORTARIA Nº 135, DE 12 DE JULH",http://biblioteca.conab.gov.br/phl82/pdf/legislacao/2018_PRT_935.pdf
SOJA,4744,RO,RO,2020,1,2020,12,43.28,60 kg,"PORTARIA Nº 135, DE 12 DE JULH",http://biblioteca.conab.gov.br/phl82/pdf/legislacao/2019_PRT_135.pdf
SOJA,4744,RO,RO,2021,1,2021,12,45.24,60 kg,"PORTARIA Nº 190, DE 9 DE JUNHO",http://biblioteca.conab.gov.br/phl82/pdf/legislacao/2020_PRT_190.pdf
SOJA,4744,RO,RO,2022,1,2022,12,55.55,60 kg,"PORTARIA Nº 201, DE 1º DE JULH",http://biblioteca.conab.gov.br/phl82/pdf/legislacao/2021_PRT_201.pdf
SOJA,4744,RO,RO,2023,1,2023,12,96.71,60 kg,"PORTARIA MAPA Nº 452, DE 4 DE",https://biblioteca.conab.gov.br/phl82/pdf/legislacao/2022_PRT_452.pdf
SOJA,4744,RO,RO,2024,1,2024,12,86.54,60 kg,"PORTARIA MAPA Nº 612, DE 31 DE",https://www.in.gov.br/en/web/dou/-/portaria-mapa-n-612-de-31-de-agosto-de-2023-507003445
SOJA,4744,RO,RO,2025,1,2025,12,76.28,60 kg,"PORTARIA MAPA Nº 700, DE 15 DE",https://www.in.gov.br/en/web/dou/-/portaria-mapa-n-700-de-15-de-julho-de-2024-572339980
SOJA,4744,RO,RO,2026,1,2026,12,71.04,60 kg,"PORTARIA MAPA Nº 812, DE 7 DE",https://www.in.gov.br/en/web/dou/-/portaria-mapa-n-812-de-7-de-julho-de-2025-640776008
SOJA,4744,RO,RO,2027,1,2027,12,76.34,60 kg,"PORTARIA MAPA Nº 934, DE 09 DE",https://www.in.gov.br/web/dou/-/portaria-mapa-n-934-de-9-de-julho-de-2026-718439459
SOJA,4744,RR,RR,2014,1,2014,12,25.11,60 kg,"PORTARIA  Nº  190,  DE  9  DE",NI
SOJA,4744,RR,RR,2015,1,2015,12,26.38,60 kg,"PORTARIA  Nº  190,  DE  9  DE",NI
SOJA,4744,RR,RR,2016,1,2016,12,27.72,60 kg,"PORTARIA Nº 1.577, DE 17 DE JU",http://biblioteca.conab.gov.br/phl82/pdf/legislacao/2017_PRT_1577.pdf
SOJA,4744,RR,RR,2017,1,2017,12,30.17,60 kg,"PORTARIA Nº 123, DE 5 DE JULHO",http://biblioteca.conab.gov.br/phl82/pdf/legislacao/2016_PRT_123.pdf
SOJA,4744,RR,RR,2018,1,2018,12,36.84,60 kg,"PORTARIA Nº 1.577, DE 17 DE JU",http://biblioteca.conab.gov.br/phl82/pdf/legislacao/2017_PRT_1577.pdf
SOJA,4744,RR,RR,2019,1,2019,12,37.71,60 kg,"PORTARIA Nº 135, DE 12 DE JULH",http://biblioteca.conab.gov.br/phl82/pdf/legislacao/2018_PRT_935.pdf
SOJA,4744,RR,RR,2020,1,2020,12,43.28,60 kg,"PORTARIA Nº 135, DE 12 DE JULH",http://biblioteca.conab.gov.br/phl82/pdf/legislacao/2019_PRT_135.pdf
SOJA,4744,RR,RR,2021,1,2021,12,45.24,60 kg,"PORTARIA Nº 190, DE 9 DE JUNHO",http://biblioteca.conab.gov.br/phl82/pdf/legislacao/2020_PRT_190.pdf
SOJA,4744,RR,RR,2022,1,2022,12,55.55,60 kg,"PORTARIA Nº 201, DE 1º DE JULH",http://biblioteca.conab.gov.br/phl82/pdf/legislacao/2021_PRT_201.pdf
SOJA,4744,RR,RR,2023,1,2023,12,96.71,60 kg,"PORTARIA MAPA Nº 452, DE 4 DE",https://biblioteca.conab.gov.br/phl82/pdf/legislacao/2022_PRT_452.pdf
SOJA,4744,RR,RR,2024,1,2024,12,86.54,60 kg,"PORTARIA MAPA Nº 612, DE 31 DE",https://www.in.gov.br/en/web/dou/-/portaria-mapa-n-612-de-31-de-agosto-de-2023-507003445
SOJA,4744,RR,RR,2025,1,2025,12,76.28,60 kg,"PORTARIA MAPA Nº 700, DE 15 DE",https://www.in.gov.br/en/web/dou/-/portaria-mapa-n-700-de-15-de-julho-de-2024-572339980
SOJA,4744,RR,RR,2026,1,2026,12,71.04,60 kg,"PORTARIA MAPA Nº 812, DE 7 DE",https://www.in.gov.br/en/web/dou/-/portaria-mapa-n-812-de-7-de-julho-de-2025-640776008
SOJA,4744,RR,RR,2027,1,2027,12,76.34,60 kg,"PORTARIA MAPA Nº 934, DE 09 DE",https://www.in.gov.br/web/dou/-/portaria-mapa-n-934-de-9-de-julho-de-2026-718439459
SOJA,4744,TO,TO,2014,1,2014,12,25.11,60 kg,"PORTARIA  Nº  190,  DE  9  DE",NI
SOJA,4744,TO,TO,2015,1,2015,12,26.38,60 kg,"PORTARIA  Nº  190,  DE  9  DE",NI
SOJA,4744,TO,TO,2016,1,2016,12,27.72,60 kg,"PORTARIA Nº 1.577, DE 17 DE JU",http://biblioteca.conab.gov.br/phl82/pdf/legislacao/2017_PRT_1577.pdf
SOJA,4744,TO,TO,2017,1,2017,12,30.17,60 kg,"PORTARIA Nº 123, DE 5 DE JULHO",http://biblioteca.conab.gov.br/phl82/pdf/legislacao/2016_PRT_123.pdf
SOJA,4744,TO,TO,2018,1,2018,12,36.84,60 kg,"PORTARIA Nº 1.577, DE 17 DE JU",http://biblioteca.conab.gov.br/phl82/pdf/legislacao/2017_PRT_1577.pdf
SOJA,4744,TO,TO,2019,1,2019,12,37.71,60 kg,"PORTARIA Nº 135, DE 12 DE JULH",http://biblioteca.conab.gov.br/phl82/pdf/legislacao/2018_PRT_935.pdf
SOJA,4744,TO,TO,2020,1,2020,12,43.28,60 kg,"PORTARIA Nº 135, DE 12 DE JULH",http://biblioteca.conab.gov.br/phl82/pdf/legislacao/2019_PRT_135.pdf
SOJA,4744,TO,TO,2021,1,2021,12,45.24,60 kg,"PORTARIA Nº 190, DE 9 DE JUNHO",http://biblioteca.conab.gov.br/phl82/pdf/legislacao/2020_PRT_190.pdf
SOJA,4744,TO,TO,2022,1,2022,12,55.55,60 kg,"PORTARIA Nº 201, DE 1º DE JULH",http://biblioteca.conab.gov.br/phl82/pdf/legislacao/2021_PRT_201.pdf
SOJA,4744,TO,TO,2023,1,2023,12,96.71,60 kg,"PORTARIA MAPA Nº 452, DE 4 DE",https://biblioteca.conab.gov.br/phl82/pdf/legislacao/2022_PRT_452.pdf
SOJA,4744,TO,TO,2024,1,2024,12,86.54,60 kg,"PORTARIA MAPA Nº 612, DE 31 DE",https://www.in.gov.br/en/web/dou/-/portaria-mapa-n-612-de-31-de-agosto-de-2023-507003445
SOJA,4744,TO,TO,2025,1,2025,12,76.28,60 kg,"PORTARIA MAPA Nº 700, DE 15 DE",https://www.in.gov.br/en/web/dou/-/portaria-mapa-n-700-de-15-de-julho-de-2024-572339980
SOJA,4744,TO,TO,2026,1,2026,12,71.04,60 kg,"PORTARIA MAPA Nº 812, DE 7 DE",https://www.in.gov.br/en/web/dou/-/portaria-mapa-n-812-de-7-de-julho-de-2025-640776008
SOJA,4744,TO,TO,2027,1,2027,12,76.34,60 kg,"PORTARIA MAPA Nº 934, DE 09 DE",https://www.in.gov.br/web/dou/-/portaria-mapa-n-934-de-9-de-julho-de-2026-718439459
SORGO,4745,AC,AC,2014,1,2014,12,19.77,60 kg,"PORTARIA  Nº  190,  DE  9  DE",NI
SORGO,4745,AC,AC,2015,1,2015,12,19.77,60 kg,"PORTARIA  Nº  190,  DE  9  DE",NI
SORGO,4745,AC,AC,2016,1,2016,12,19.77,60 kg,"PORTARIA Nº 142, DE 8 DE JULHO",http://biblioteca.conab.gov.br/phl82/pdf/legislacao/2015_PRT_142.pdf
SORGO,4745,AC,AC,2017,1,2017,12,19.77,60 kg,"PORTARIA Nº 123, DE 5 DE JULHO",http://biblioteca.conab.gov.br/phl82/pdf/legislacao/2016_PRT_123.pdf
SORGO,4745,AC,AC,2018,1,2018,12,19.77,60 kg,"PORTARIA Nº 1.577, DE 17 DE JU",http://biblioteca.conab.gov.br/phl82/pdf/legislacao/2017_PRT_1577.pdf
SORGO,4745,AC,AC,2019,1,2019,12,21.72,60 kg,"PORTARIA Nº 135, DE 12 DE JULH",http://biblioteca.conab.gov.br/phl82/pdf/legislacao/2018_PRT_935.pdf
SORGO,4745,AC,AC,2020,1,2020,12,19.07,60 kg,"PORTARIA Nº 135, DE 12 DE JULH",http://biblioteca.conab.gov.br/phl82/pdf/legislacao/2019_PRT_135.pdf
SORGO,4745,AC,AC,2021,1,2021,12,20.76,60 kg,"PORTARIA Nº 190, DE 9 DE JUNHO",http://biblioteca.conab.gov.br/phl82/pdf/legislacao/2020_PRT_190.pdf
SORGO,4745,AC,AC,2022,1,2022,12,26.23,60 kg,"PORTARIA Nº 201, DE 1º DE JULH",http://biblioteca.conab.gov.br/phl82/pdf/legislacao/2021_PRT_201.pdf
SORGO,4745,AC,AC,2023,1,2023,12,52.04,60 kg,"PORTARIA MAPA Nº 452, DE 4 DE",https://biblioteca.conab.gov.br/phl82/pdf/legislacao/2022_PRT_452.pdf
SORGO,4745,AC,AC,2024,1,2024,12,29.41,60 kg,"PORTARIA MAPA Nº 612, DE 31 DE",https://www.in.gov.br/en/web/dou/-/portaria-mapa-n-612-de-31-de-agosto-de-2023-507003445
SORGO,4745,AC,AC,2025,1,2025,12,26.93,60 kg,"PORTARIA MAPA Nº 700, DE 15 DE",https://www.in.gov.br/en/web/dou/-/portaria-mapa-n-700-de-15-de-julho-de-2024-572339980
SORGO,4745,AC,AC,2026,1,2026,12,28.71,60 kg,"PORTARIA MAPA Nº 812, DE 7 DE",https://www.in.gov.br/en/web/dou/-/portaria-mapa-n-812-de-7-de-julho-de-2025-640776008
SORGO,4745,AC,AC,2027,1,2027,12,28.71,60 kg,"PORTARIA MAPA Nº 934, DE 09 DE",https://www.in.gov.br/web/dou/-/portaria-mapa-n-934-de-9-de-julho-de-2026-718439459
SORGO,4745,AM,AM,2014,1,2014,12,19.77,60 kg,"PORTARIA  Nº  190,  DE  9  DE",NI
SORGO,4745,AM,AM,2015,1,2015,12,19.77,60 kg,"PORTARIA  Nº  190,  DE  9  DE",NI
SORGO,4745,AM,AM,2016,1,2016,12,19.77,60 kg,"PORTARIA Nº 142, DE 8 DE JULHO",http://biblioteca.conab.gov.br/phl82/pdf/legislacao/2015_PRT_142.pdf
SORGO,4745,AM,AM,2017,1,2017,12,19.77,60 kg,"PORTARIA Nº 123, DE 5 DE JULHO",http://biblioteca.conab.gov.br/phl82/pdf/legislacao/2016_PRT_123.pdf
SORGO,4745,AM,AM,2018,1,2018,12,19.77,60 kg,"PORTARIA Nº 1.577, DE 17 DE JU",http://biblioteca.conab.gov.br/phl82/pdf/legislacao/2017_PRT_1577.pdf
SORGO,4745,AM,AM,2019,1,2019,12,21.72,60 kg,"PORTARIA Nº 135, DE 12 DE JULH",http://biblioteca.conab.gov.br/phl82/pdf/legislacao/2018_PRT_935.pdf
SORGO,4745,AM,AM,2020,1,2020,12,19.07,60 kg,"PORTARIA Nº 135, DE 12 DE JULH",http://biblioteca.conab.gov.br/phl82/pdf/legislacao/2019_PRT_135.pdf
SORGO,4745,AM,AM,2021,1,2021,12,20.76,60 kg,"PORTARIA Nº 190, DE 9 DE JUNHO",http://biblioteca.conab.gov.br/phl82/pdf/legislacao/2020_PRT_190.pdf
SORGO,4745,AM,AM,2022,1,2022,12,26.23,60 kg,"PORTARIA Nº 201, DE 1º DE JULH",http://biblioteca.conab.gov.br/phl82/pdf/legislacao/2021_PRT_201.pdf
SORGO,4745,AM,AM,2023,1,2023,12,52.04,60 kg,"PORTARIA MAPA Nº 452, DE 4 DE",https://biblioteca.conab.gov.br/phl82/pdf/legislacao/2022_PRT_452.pdf
SORGO,4745,AM,AM,2024,1,2024,12,29.41,60 kg,"PORTARIA MAPA Nº 612, DE 31 DE",https://www.in.gov.br/en/web/dou/-/portaria-mapa-n-612-de-31-de-agosto-de-2023-507003445
SORGO,4745,AM,AM,2025,1,2025,12,26.93,60 kg,"PORTARIA MAPA Nº 700, DE 15 DE",https://www.in.gov.br/en/web/dou/-/portaria-mapa-n-700-de-15-de-julho-de-2024-572339980
SORGO,4745,AM,AM,2026,1,2026,12,28.71,60 kg,"PORTARIA MAPA Nº 812, DE 7 DE",https://www.in.gov.br/en/web/dou/-/portaria-mapa-n-812-de-7-de-julho-de-2025-640776008
SORGO,4745,AM,AM,2027,1,2027,12,28.71,60 kg,"PORTARIA MAPA Nº 934, DE 09 DE",https://www.in.gov.br/web/dou/-/portaria-mapa-n-934-de-9-de-julho-de-2026-718439459
SORGO,4745,AP,AP,2014,1,2014,12,19.77,60 kg,"PORTARIA  Nº  190,  DE  9  DE",NI
SORGO,4745,AP,AP,2015,1,2015,12,19.77,60 kg,"PORTARIA  Nº  190,  DE  9  DE",NI
SORGO,4745,AP,AP,2016,1,2016,12,19.77,60 kg,"PORTARIA Nº 142, DE 8 DE JULHO",http://biblioteca.conab.gov.br/phl82/pdf/legislacao/2015_PRT_142.pdf
SORGO,4745,AP,AP,2017,1,2017,12,19.77,60 kg,"PORTARIA Nº 123, DE 5 DE JULHO",http://biblioteca.conab.gov.br/phl82/pdf/legislacao/2016_PRT_123.pdf
SORGO,4745,AP,AP,2018,1,2018,12,19.77,60 kg,"PORTARIA Nº 1.577, DE 17 DE JU",http://biblioteca.conab.gov.br/phl82/pdf/legislacao/2017_PRT_1577.pdf
SORGO,4745,AP,AP,2019,1,2019,12,21.72,60 kg,"PORTARIA Nº 135, DE 12 DE JULH",http://biblioteca.conab.gov.br/phl82/pdf/legislacao/2018_PRT_935.pdf
SORGO,4745,AP,AP,2020,1,2020,12,19.07,60 kg,"PORTARIA Nº 135, DE 12 DE JULH",http://biblioteca.conab.gov.br/phl82/pdf/legislacao/2019_PRT_135.pdf
SORGO,4745,AP,AP,2021,1,2021,12,20.76,60 kg,"PORTARIA Nº 190, DE 9 DE JUNHO",http://biblioteca.conab.gov.br/phl82/pdf/legislacao/2020_PRT_190.pdf
SORGO,4745,AP,AP,2022,1,2022,12,26.23,60 kg,"PORTARIA Nº 201, DE 1º DE JULH",http://biblioteca.conab.gov.br/phl82/pdf/legislacao/2021_PRT_201.pdf
SORGO,4745,AP,AP,2023,1,2023,12,52.04,60 kg,"PORTARIA MAPA Nº 452, DE 4 DE",https://biblioteca.conab.gov.br/phl82/pdf/legislacao/2022_PRT_452.pdf
SORGO,4745,AP,AP,2024,1,2024,12,29.41,60 kg,"PORTARIA MAPA Nº 612, DE 31 DE",https://www.in.gov.br/en/web/dou/-/portaria-mapa-n-612-de-31-de-agosto-de-2023-507003445
SORGO,4745,AP,AP,2025,1,2025,12,26.93,60 kg,"PORTARIA MAPA Nº 700, DE 15 DE",https://www.in.gov.br/en/web/dou/-/portaria-mapa-n-700-de-15-de-julho-de-2024-572339980
SORGO,4745,AP,AP,2026,1,2026,12,28.71,60 kg,"PORTARIA MAPA Nº 812, DE 7 DE",https://www.in.gov.br/en/web/dou/-/portaria-mapa-n-812-de-7-de-julho-de-2025-640776008
SORGO,4745,AP,AP,2027,1,2027,12,28.71,60 kg,"PORTARIA MAPA Nº 934, DE 09 DE",https://www.in.gov.br/web/dou/-/portaria-mapa-n-934-de-9-de-julho-de-2026-718439459
SORGO,4745,PA,PA,2014,1,2014,12,19.77,60 kg,"PORTARIA  Nº  190,  DE  9  DE",NI
SORGO,4745,PA,PA,2015,1,2015,12,19.77,60 kg,"PORTARIA  Nº  190,  DE  9  DE",NI
SORGO,4745,PA,PA,2016,1,2016,12,19.77,60 kg,"PORTARIA Nº 142, DE 8 DE JULHO",http://biblioteca.conab.gov.br/phl82/pdf/legislacao/2015_PRT_142.pdf
SORGO,4745,PA,PA,2017,1,2017,12,19.77,60 kg,"PORTARIA Nº 123, DE 5 DE JULHO",http://biblioteca.conab.gov.br/phl82/pdf/legislacao/2016_PRT_123.pdf
SORGO,4745,PA,PA,2018,1,2018,12,19.77,60 kg,"PORTARIA Nº 1.577, DE 17 DE JU",http://biblioteca.conab.gov.br/phl82/pdf/legislacao/2017_PRT_1577.pdf
SORGO,4745,PA,PA,2019,1,2019,12,21.72,60 kg,"PORTARIA Nº 135, DE 12 DE JULH",http://biblioteca.conab.gov.br/phl82/pdf/legislacao/2018_PRT_935.pdf
SORGO,4745,PA,PA,2020,1,2020,12,19.07,60 kg,"PORTARIA Nº 135, DE 12 DE JULH",http://biblioteca.conab.gov.br/phl82/pdf/legislacao/2019_PRT_135.pdf
SORGO,4745,PA,PA,2021,1,2021,12,20.76,60 kg,"PORTARIA Nº 190, DE 9 DE JUNHO",http://biblioteca.conab.gov.br/phl82/pdf/legislacao/2020_PRT_190.pdf
SORGO,4745,PA,PA,2022,1,2022,12,26.23,60 kg,"PORTARIA Nº 201, DE 1º DE JULH",http://biblioteca.conab.gov.br/phl82/pdf/legislacao/2021_PRT_201.pdf
SORGO,4745,PA,PA,2023,1,2023,12,52.04,60 kg,"PORTARIA MAPA Nº 452, DE 4 DE",https://biblioteca.conab.gov.br/phl82/pdf/legislacao/2022_PRT_452.pdf
SORGO,4745,PA,PA,2024,1,2024,12,29.41,60 kg,"PORTARIA MAPA Nº 612, DE 31 DE",https://www.in.gov.br/en/web/dou/-/portaria-mapa-n-612-de-31-de-agosto-de-2023-507003445
SORGO,4745,PA,PA,2025,1,2025,12,30.41,60 kg,"PORTARIA MAPA Nº 700, DE 15 DE",https://www.in.gov.br/en/web/dou/-/portaria-mapa-n-700-de-15-de-julho-de-2024-572339980
SORGO,4745,PA,PA,2026,1,2026,12,34.68,60 kg,"PORTARIA MAPA Nº 812, DE 7 DE",https://www.in.gov.br/en/web/dou/-/portaria-mapa-n-812-de-7-de-julho-de-2025-640776008
SORGO,4745,PA,PA,2027,1,2027,12,37.49,60 kg,"PORTARIA MAPA Nº 934, DE 09 DE",https://www.in.gov.br/web/dou/-/portaria-mapa-n-934-de-9-de-julho-de-2026-718439459
SORGO,4745,RO,RO,2014,1,2014,12,11.16,60 kg,"PORTARIA  Nº  190,  DE  9  DE",NI
SORGO,4745,RO,RO,2015,1,2015,12,11.16,60 kg,"PORTARIA  Nº  190,  DE  9  DE",NI
SORGO,4745,RO,RO,2016,1,2016,12,11.16,60 kg,"PORTARIA Nº 142, DE 8 DE JULHO",http://biblioteca.conab.gov.br/phl82/pdf/legislacao/2015_PRT_142.pdf
SORGO,4745,RO,RO,2017,1,2017,12,12.13,60 kg,"PORTARIA Nº 123, DE 5 DE JULHO",http://biblioteca.conab.gov.br/phl82/pdf/legislacao/2016_PRT_123.pdf
SORGO,4745,RO,RO,2018,1,2018,12,12.13,60 kg,"PORTARIA Nº 1.577, DE 17 DE JU",http://biblioteca.conab.gov.br/phl82/pdf/legislacao/2017_PRT_1577.pdf
SORGO,4745,RO,RO,2019,1,2019,12,14.07,60 kg,"PORTARIA Nº 135, DE 12 DE JULH",http://biblioteca.conab.gov.br/phl82/pdf/legislacao/2018_PRT_935.pdf
SORGO,4745,RO,RO,2020,1,2020,12,14.07,60 kg,"PORTARIA Nº 135, DE 12 DE JULH",http://biblioteca.conab.gov.br/phl82/pdf/legislacao/2019_PRT_135.pdf
SORGO,4745,RO,RO,2021,1,2021,12,15.64,60 kg,"PORTARIA Nº 190, DE 9 DE JUNHO",http://biblioteca.conab.gov.br/phl82/pdf/legislacao/2020_PRT_190.pdf
SORGO,4745,RO,RO,2022,1,2022,12,19.35,60 kg,"PORTARIA Nº 201, DE 1º DE JULH",http://biblioteca.conab.gov.br/phl82/pdf/legislacao/2021_PRT_201.pdf
SORGO,4745,RO,RO,2023,1,2023,12,32.45,60 kg,"PORTARIA MAPA Nº 452, DE 4 DE",https://biblioteca.conab.gov.br/phl82/pdf/legislacao/2022_PRT_452.pdf
SORGO,4745,RO,RO,2024,1,2024,12,29.41,60 kg,"PORTARIA MAPA Nº 612, DE 31 DE",https://www.in.gov.br/en/web/dou/-/portaria-mapa-n-612-de-31-de-agosto-de-2023-507003445
SORGO,4745,RO,RO,2025,1,2025,12,26.93,60 kg,"PORTARIA MAPA Nº 700, DE 15 DE",https://www.in.gov.br/en/web/dou/-/portaria-mapa-n-700-de-15-de-julho-de-2024-572339980
SORGO,4745,RO,RO,2026,1,2026,12,28.71,60 kg,"PORTARIA MAPA Nº 812, DE 7 DE",https://www.in.gov.br/en/web/dou/-/portaria-mapa-n-812-de-7-de-julho-de-2025-640776008
SORGO,4745,RO,RO,2027,1,2027,12,28.71,60 kg,"PORTARIA MAPA Nº 934, DE 09 DE",https://www.in.gov.br/web/dou/-/portaria-mapa-n-934-de-9-de-julho-de-2026-718439459
SORGO,4745,RR,RR,2014,1,2014,12,19.77,60 kg,"PORTARIA  Nº  190,  DE  9  DE",NI
SORGO,4745,RR,RR,2015,1,2015,12,19.77,60 kg,"PORTARIA  Nº  190,  DE  9  DE",NI
SORGO,4745,RR,RR,2016,1,2016,12,19.77,60 kg,"PORTARIA Nº 142, DE 8 DE JULHO",http://biblioteca.conab.gov.br/phl82/pdf/legislacao/2015_PRT_142.pdf
SORGO,4745,RR,RR,2017,1,2017,12,19.77,60 kg,"PORTARIA Nº 123, DE 5 DE JULHO",http://biblioteca.conab.gov.br/phl82/pdf/legislacao/2016_PRT_123.pdf
SORGO,4745,RR,RR,2018,1,2018,12,19.77,60 kg,"PORTARIA Nº 1.577, DE 17 DE JU",http://biblioteca.conab.gov.br/phl82/pdf/legislacao/2017_PRT_1577.pdf
SORGO,4745,RR,RR,2019,1,2019,12,21.72,60 kg,"PORTARIA Nº 135, DE 12 DE JULH",http://biblioteca.conab.gov.br/phl82/pdf/legislacao/2018_PRT_935.pdf
SORGO,4745,RR,RR,2020,1,2020,12,19.07,60 kg,"PORTARIA Nº 135, DE 12 DE JULH",http://biblioteca.conab.gov.br/phl82/pdf/legislacao/2019_PRT_135.pdf
SORGO,4745,RR,RR,2021,1,2021,12,20.76,60 kg,"PORTARIA Nº 190, DE 9 DE JUNHO",http://biblioteca.conab.gov.br/phl82/pdf/legislacao/2020_PRT_190.pdf
SORGO,4745,RR,RR,2022,1,2022,12,26.23,60 kg,"PORTARIA Nº 201, DE 1º DE JULH",http://biblioteca.conab.gov.br/phl82/pdf/legislacao/2021_PRT_201.pdf
SORGO,4745,RR,RR,2023,1,2023,12,52.04,60 kg,"PORTARIA MAPA Nº 452, DE 4 DE",https://biblioteca.conab.gov.br/phl82/pdf/legislacao/2022_PRT_452.pdf
SORGO,4745,RR,RR,2024,1,2024,12,29.41,60 kg,"PORTARIA MAPA Nº 612, DE 31 DE",https://www.in.gov.br/en/web/dou/-/portaria-mapa-n-612-de-31-de-agosto-de-2023-507003445
SORGO,4745,RR,RR,2025,1,2025,12,26.93,60 kg,"PORTARIA MAPA Nº 700, DE 15 DE",https://www.in.gov.br/en/web/dou/-/portaria-mapa-n-700-de-15-de-julho-de-2024-572339980
SORGO,4745,RR,RR,2026,1,2026,12,28.71,60 kg,"PORTARIA MAPA Nº 812, DE 7 DE",https://www.in.gov.br/en/web/dou/-/portaria-mapa-n-812-de-7-de-julho-de-2025-640776008
SORGO,4745,RR,RR,2027,1,2027,12,28.71,60 kg,"PORTARIA MAPA Nº 934, DE 09 DE",https://www.in.gov.br/web/dou/-/portaria-mapa-n-934-de-9-de-julho-de-2026-718439459
SORGO,4745,TO,TO,2014,1,2014,12,19.77,60 kg,"PORTARIA  Nº  190,  DE  9  DE",NI
SORGO,4745,TO,TO,2015,1,2015,12,19.77,60 kg,"PORTARIA  Nº  190,  DE  9  DE",NI
SORGO,4745,TO,TO,2016,1,2016,12,19.77,60 kg,"PORTARIA Nº 142, DE 8 DE JULHO",http://biblioteca.conab.gov.br/phl82/pdf/legislacao/2015_PRT_142.pdf
SORGO,4745,TO,TO,2017,1,2017,12,19.77,60 kg,"PORTARIA Nº 123, DE 5 DE JULHO",http://biblioteca.conab.gov.br/phl82/pdf/legislacao/2016_PRT_123.pdf
SORGO,4745,TO,TO,2018,1,2018,12,19.77,60 kg,"PORTARIA Nº 1.577, DE 17 DE JU",http://biblioteca.conab.gov.br/phl82/pdf/legislacao/2017_PRT_1577.pdf
SORGO,4745,TO,TO,2019,1,2019,12,19.07,60 kg,"PORTARIA Nº 135, DE 12 DE JULH",http://biblioteca.conab.gov.br/phl82/pdf/legislacao/2018_PRT_935.pdf
SORGO,4745,TO,TO,2020,1,2020,12,19.07,60 kg,"PORTARIA Nº 135, DE 12 DE JULH",http://biblioteca.conab.gov.br/phl82/pdf/legislacao/2019_PRT_135.pdf
SORGO,4745,TO,TO,2021,1,2021,12,20.76,60 kg,"PORTARIA Nº 190, DE 9 DE JUNHO",http://biblioteca.conab.gov.br/phl82/pdf/legislacao/2020_PRT_190.pdf
SORGO,4745,TO,TO,2022,1,2022,12,26.23,60 kg,"PORTARIA Nº 201, DE 1º DE JULH",http://biblioteca.conab.gov.br/phl82/pdf/legislacao/2021_PRT_201.pdf
SORGO,4745,TO,TO,2023,1,2023,12,52.04,60 kg,"PORTARIA MAPA Nº 452, DE 4 DE",https://biblioteca.conab.gov.br/phl82/pdf/legislacao/2022_PRT_452.pdf
SORGO,4745,TO,TO,2024,1,2024,12,29.41,60 kg,"PORTARIA MAPA Nº 612, DE 31 DE",https://www.in.gov.br/en/web/dou/-/portaria-mapa-n-612-de-31-de-agosto-de-2023-507003445
SORGO,4745,TO,TO,2025,1,2025,12,30.41,60 kg,"PORTARIA MAPA Nº 700, DE 15 DE",https://www.in.gov.br/en/web/dou/-/portaria-mapa-n-700-de-15-de-julho-de-2024-572339980
SORGO,4745,TO,TO,2026,1,2026,12,34.68,60 kg,"PORTARIA MAPA Nº 812, DE 7 DE",https://www.in.gov.br/en/web/dou/-/portaria-mapa-n-812-de-7-de-julho-de-2025-640776008
SORGO,4745,TO,TO,2027,1,2027,12,37.49,60 kg,"PORTARIA MAPA Nº 934, DE 09 DE",https://www.in.gov.br/web/dou/-/portaria-mapa-n-934-de-9-de-julho-de-2026-718439459
,4595,AC,AC,2014,1,2014,12,2.17,kg,"PORTARIA  Nº  190,  DE  9  DE",NI
,4595,AC,AC,2015,1,2015,12,2.17,kg,"PORTARIA  Nº  190,  DE  9  DE",NI
,4595,AC,AC,2016,1,2016,12,2.17,kg,"PORTARIA Nº 1.577, DE 17 DE JU",http://biblioteca.conab.gov.br/phl82/pdf/legislacao/2017_PRT_1577.pdf
,4595,AC,AC,2017,1,2017,12,2.26,kg,"PORTARIA Nº 1.577, DE 17 DE JU",http://biblioteca.conab.gov.br/phl82/pdf/legislacao/2017_PRT_1577.pdf
,4595,AC,AC,2018,1,2018,12,2.74,kg,"PORTARIA Nº 1.577, DE 17 DE JU",http://biblioteca.conab.gov.br/phl82/pdf/legislacao/2017_PRT_1577.pdf
,4595,AC,AC,2019,1,2019,12,2.77,kg,"PORTARIA Nº 1.577, DE 17 DE JU",http://biblioteca.conab.gov.br/phl82/pdf/legislacao/2017_PRT_1577.pdf
,4595,AC,AC,2020,1,2020,12,2.83,kg,"PORTARIA Nº 135, DE 12 DE JULH",http://biblioteca.conab.gov.br/phl82/pdf/legislacao/2019_PRT_135.pdf
,4595,AC,AC,2021,1,2021,12,3.21,kg,"PORTARIA Nº 190, DE 9 DE JUNHO",http://biblioteca.conab.gov.br/phl82/pdf/legislacao/2020_PRT_190.pdf
,4595,AC,AC,2022,1,2022,12,3.72,kg,"PORTARIA Nº 201, DE 1º DE JULH",http://biblioteca.conab.gov.br/phl82/pdf/legislacao/2021_PRT_201.pdf
,4595,AC,AC,2024,1,2024,12,4.94,kg,"PORTARIA MAPA Nº 612, DE 31 DE",https://www.in.gov.br/en/web/dou/-/portaria-mapa-n-612-de-31-de-agosto-de-2023-507003445
,4595,AC,AC,2025,1,2025,12,4.72,kg,"PORTARIA MAPA Nº 700, DE 15 DE",https://www.in.gov.br/en/web/dou/-/portaria-mapa-n-700-de-15-de-julho-de-2024-572339980
,15461,AC,AC,2026,1,2026,12,4.94,kg,"PORTARIA  Nº  190,  DE  9  DE",NI
,4595,AC,AC,2026,1,2026,12,5.16,kg,"PORTARIA MAPA Nº 812, DE 7 DE",https://www.in.gov.br/en/web/dou/-/portaria-mapa-n-812-de-7-de-julho-de-2025-640776008
,15460,AC,AC,2026,1,2026,12,4.94,kg,"PORTARIA  Nº  190,  DE  9  DE",NI
,4595,AC,AC,2027,1,2027,12,5.51,kg,"PORTARIA MAPA Nº 934, DE 09 DE",https://www.in.gov.br/web/dou/-/portaria-mapa-n-934-de-9-de-julho-de-2026-718439459
,15460,AC,AC,2027,1,2027,12,5.28,kg,"PORTARIA MAPA Nº 934, DE 09 DE",https://www.in.gov.br/web/dou/-/portaria-mapa-n-934-de-9-de-julho-de-2026-718439459
,4595,AM,AM,2014,1,2014,12,2.17,kg,"PORTARIA  Nº  190,  DE  9  DE",NI
,4595,AM,AM,2015,1,2015,12,2.17,kg,"PORTARIA  Nº  190,  DE  9  DE",NI
,4595,AM,AM,2016,1,2016,12,2.17,kg,"PORTARIA Nº 1.577, DE 17 DE JU",http://biblioteca.conab.gov.br/phl82/pdf/legislacao/2017_PRT_1577.pdf
,4595,AM,AM,2017,1,2017,12,2.26,kg,"PORTARIA Nº 1.577, DE 17 DE JU",http://biblioteca.conab.gov.br/phl82/pdf/legislacao/2017_PRT_1577.pdf
,4595,AM,AM,2018,1,2018,12,2.74,kg,"PORTARIA Nº 1.577, DE 17 DE JU",http://biblioteca.conab.gov.br/phl82/pdf/legislacao/2017_PRT_1577.pdf
,4595,AM,AM,2019,1,2019,12,2.77,kg,"PORTARIA Nº 1.577, DE 17 DE JU",http://biblioteca.conab.gov.br/phl82/pdf/legislacao/2017_PRT_1577.pdf
,4595,AM,AM,2020,1,2020,12,2.83,kg,"PORTARIA Nº 135, DE 12 DE JULH",http://biblioteca.conab.gov.br/phl82/pdf/legislacao/2019_PRT_135.pdf
,4595,AM,AM,2021,1,2021,12,3.21,kg,"PORTARIA Nº 190, DE 9 DE JUNHO",http://biblioteca.conab.gov.br/phl82/pdf/legislacao/2020_PRT_190.pdf
,4595,AM,AM,2022,1,2022,12,3.72,kg,"PORTARIA Nº 201, DE 1º DE JULH",http://biblioteca.conab.gov.br/phl82/pdf/legislacao/2021_PRT_201.pdf
,4595,AM,AM,2024,1,2024,12,4.94,kg,"PORTARIA MAPA Nº 612, DE 31 DE",https://www.in.gov.br/en/web/dou/-/portaria-mapa-n-612-de-31-de-agosto-de-2023-507003445
,4595,AM,AM,2025,1,2025,12,4.72,kg,"PORTARIA MAPA Nº 700, DE 15 DE",https://www.in.gov.br/en/web/dou/-/portaria-mapa-n-700-de-15-de-julho-de-2024-572339980
,15460,AM,AM,2026,1,2026,12,4.94,kg,"PORTARIA  Nº  190,  DE  9  DE",NI
,4595,AM,AM,2026,1,2026,12,5.16,kg,"PORTARIA MAPA Nº 812, DE 7 DE",https://www.in.gov.br/en/web/dou/-/portaria-mapa-n-812-de-7-de-julho-de-2025-640776008
,15461,AM,AM,2026,1,2026,12,4.94,kg,"PORTARIA  Nº  190,  DE  9  DE",NI
,4595,AM,AM,2027,1,2027,12,5.51,kg,"PORTARIA MAPA Nº 934, DE 09 DE",https://www.in.gov.br/web/dou/-/portaria-mapa-n-934-de-9-de-julho-de-2026-718439459
,15460,AM,AM,2027,1,2027,12,5.28,kg,"PORTARIA MAPA Nº 934, DE 09 DE",https://www.in.gov.br/web/dou/-/portaria-mapa-n-934-de-9-de-julho-de-2026-718439459
,4595,AP,AP,2014,1,2014,12,2.17,kg,"PORTARIA  Nº  190,  DE  9  DE",NI
,4595,AP,AP,2015,1,2015,12,2.17,kg,"PORTARIA  Nº  190,  DE  9  DE",NI
,4595,AP,AP,2016,1,2016,12,2.17,kg,"PORTARIA Nº 1.577, DE 17 DE JU",http://biblioteca.conab.gov.br/phl82/pdf/legislacao/2017_PRT_1577.pdf
,4595,AP,AP,2017,1,2017,12,2.26,kg,"PORTARIA Nº 1.577, DE 17 DE JU",http://biblioteca.conab.gov.br/phl82/pdf/legislacao/2017_PRT_1577.pdf
,4595,AP,AP,2018,1,2018,12,2.74,kg,"PORTARIA Nº 1.577, DE 17 DE JU",http://biblioteca.conab.gov.br/phl82/pdf/legislacao/2017_PRT_1577.pdf
,4595,AP,AP,2019,1,2019,12,2.77,kg,"PORTARIA Nº 1.577, DE 17 DE JU",http://biblioteca.conab.gov.br/phl82/pdf/legislacao/2017_PRT_1577.pdf
,4595,AP,AP,2020,1,2020,12,2.83,kg,"PORTARIA Nº 135, DE 12 DE JULH",http://biblioteca.conab.gov.br/phl82/pdf/legislacao/2019_PRT_135.pdf
,4595,AP,AP,2021,1,2021,12,3.21,kg,"PORTARIA Nº 190, DE 9 DE JUNHO",http://biblioteca.conab.gov.br/phl82/pdf/legislacao/2020_PRT_190.pdf
,4595,AP,AP,2022,1,2022,12,3.72,kg,"PORTARIA Nº 201, DE 1º DE JULH",http://biblioteca.conab.gov.br/phl82/pdf/legislacao/2021_PRT_201.pdf
,4595,AP,AP,2024,1,2024,12,4.94,kg,"PORTARIA MAPA Nº 612, DE 31 DE",https://www.in.gov.br/en/web/dou/-/portaria-mapa-n-612-de-31-de-agosto-de-2023-507003445
,4595,AP,AP,2025,1,2025,12,4.72,kg,"PORTARIA MAPA Nº 700, DE 15 DE",https://www.in.gov.br/en/web/dou/-/portaria-mapa-n-700-de-15-de-julho-de-2024-572339980
,15461,AP,AP,2026,1,2026,12,4.94,kg,"PORTARIA  Nº  190,  DE  9  DE",NI
,15460,AP,AP,2026,1,2026,12,4.94,kg,"PORTARIA  Nº  190,  DE  9  DE",NI
,4595,AP,AP,2026,1,2026,12,5.16,kg,"PORTARIA MAPA Nº 812, DE 7 DE",https://www.in.gov.br/en/web/dou/-/portaria-mapa-n-812-de-7-de-julho-de-2025-640776008
,4595,AP,AP,2027,1,2027,12,5.51,kg,"PORTARIA MAPA Nº 934, DE 09 DE",https://www.in.gov.br/web/dou/-/portaria-mapa-n-934-de-9-de-julho-de-2026-718439459
,15460,AP,AP,2027,1,2027,12,5.28,kg,"PORTARIA MAPA Nº 934, DE 09 DE",https://www.in.gov.br/web/dou/-/portaria-mapa-n-934-de-9-de-julho-de-2026-718439459
,4595,PA,PA,2014,1,2014,12,2.17,kg,"PORTARIA  Nº  190,  DE  9  DE",NI
,4595,PA,PA,2015,1,2015,12,2.17,kg,"PORTARIA  Nº  190,  DE  9  DE",NI
,4595,PA,PA,2016,1,2016,12,2.17,kg,"PORTARIA Nº 1.577, DE 17 DE JU",http://biblioteca.conab.gov.br/phl82/pdf/legislacao/2017_PRT_1577.pdf
,4595,PA,PA,2017,1,2017,12,2.26,kg,"PORTARIA Nº 1.577, DE 17 DE JU",http://biblioteca.conab.gov.br/phl82/pdf/legislacao/2017_PRT_1577.pdf
,4595,PA,PA,2018,1,2018,12,2.74,kg,"PORTARIA Nº 1.577, DE 17 DE JU",http://biblioteca.conab.gov.br/phl82/pdf/legislacao/2017_PRT_1577.pdf
,4595,PA,PA,2019,1,2019,12,2.77,kg,"PORTARIA Nº 1.577, DE 17 DE JU",http://biblioteca.conab.gov.br/phl82/pdf/legislacao/2017_PRT_1577.pdf
,4595,PA,PA,2020,1,2020,12,2.83,kg,"PORTARIA Nº 135, DE 12 DE JULH",http://biblioteca.conab.gov.br/phl82/pdf/legislacao/2019_PRT_135.pdf
,4595,PA,PA,2021,1,2021,12,3.21,kg,"PORTARIA Nº 190, DE 9 DE JUNHO",http://biblioteca.conab.gov.br/phl82/pdf/legislacao/2020_PRT_190.pdf
,4595,PA,PA,2022,1,2022,12,3.72,kg,"PORTARIA Nº 201, DE 1º DE JULH",http://biblioteca.conab.gov.br/phl82/pdf/legislacao/2021_PRT_201.pdf
,4595,PA,PA,2024,1,2024,12,4.94,kg,"PORTARIA MAPA Nº 612, DE 31 DE",https://www.in.gov.br/en/web/dou/-/portaria-mapa-n-612-de-31-de-agosto-de-2023-507003445
,4595,PA,PA,2025,1,2025,12,4.72,kg,"PORTARIA MAPA Nº 700, DE 15 DE",https://www.in.gov.br/en/web/dou/-/portaria-mapa-n-700-de-15-de-julho-de-2024-572339980
,4595,PA,PA,2026,1,2026,12,5.16,kg,"PORTARIA MAPA Nº 812, DE 7 DE",https://www.in.gov.br/en/web/dou/-/portaria-mapa-n-812-de-7-de-julho-de-2025-640776008
,15460,PA,PA,2026,1,2026,12,4.94,kg,"PORTARIA  Nº  190,  DE  9  DE",NI
,15461,PA,PA,2026,1,2026,12,4.94,kg,"PORTARIA  Nº  190,  DE  9  DE",NI
,4595,PA,PA,2027,1,2027,12,5.51,kg,"PORTARIA MAPA Nº 934, DE 09 DE",https://www.in.gov.br/web/dou/-/portaria-mapa-n-934-de-9-de-julho-de-2026-718439459
,15460,PA,PA,2027,1,2027,12,5.28,kg,"PORTARIA MAPA Nº 934, DE 09 DE",https://www.in.gov.br/web/dou/-/portaria-mapa-n-934-de-9-de-julho-de-2026-718439459
,4595,RO,RO,2014,1,2014,12,2.17,kg,"PORTARIA  Nº  190,  DE  9  DE",NI
,4595,RO,RO,2015,1,2015,12,2.17,kg,"PORTARIA  Nº  190,  DE  9  DE",NI
,4595,RO,RO,2016,1,2016,12,2.17,kg,"PORTARIA Nº 1.577, DE 17 DE JU",http://biblioteca.conab.gov.br/phl82/pdf/legislacao/2017_PRT_1577.pdf
,4595,RO,RO,2017,1,2017,12,2.26,kg,"PORTARIA Nº 1.577, DE 17 DE JU",http://biblioteca.conab.gov.br/phl82/pdf/legislacao/2017_PRT_1577.pdf
,4595,RO,RO,2018,1,2018,12,2.74,kg,"PORTARIA Nº 1.577, DE 17 DE JU",http://biblioteca.conab.gov.br/phl82/pdf/legislacao/2017_PRT_1577.pdf
,4595,RO,RO,2019,1,2019,12,2.77,kg,"PORTARIA Nº 1.577, DE 17 DE JU",http://biblioteca.conab.gov.br/phl82/pdf/legislacao/2017_PRT_1577.pdf
,4595,RO,RO,2020,1,2020,12,2.83,kg,"PORTARIA Nº 135, DE 12 DE JULH",http://biblioteca.conab.gov.br/phl82/pdf/legislacao/2019_PRT_135.pdf
,4595,RO,RO,2021,1,2021,12,3.21,kg,"PORTARIA Nº 190, DE 9 DE JUNHO",http://biblioteca.conab.gov.br/phl82/pdf/legislacao/2020_PRT_190.pdf
,4595,RO,RO,2022,1,2022,12,3.72,kg,"PORTARIA Nº 201, DE 1º DE JULH",http://biblioteca.conab.gov.br/phl82/pdf/legislacao/2021_PRT_201.pdf
,4595,RO,RO,2024,1,2024,12,4.94,kg,"PORTARIA MAPA Nº 612, DE 31 DE",https://www.in.gov.br/en/web/dou/-/portaria-mapa-n-612-de-31-de-agosto-de-2023-507003445
,4595,RO,RO,2025,1,2025,12,4.72,kg,"PORTARIA MAPA Nº 700, DE 15 DE",https://www.in.gov.br/en/web/dou/-/portaria-mapa-n-700-de-15-de-julho-de-2024-572339980
,4595,RO,RO,2026,1,2026,12,5.16,kg,"PORTARIA MAPA Nº 812, DE 7 DE",https://www.in.gov.br/en/web/dou/-/portaria-mapa-n-812-de-7-de-julho-de-2025-640776008
,15460,RO,RO,2026,1,2026,12,4.94,kg,"PORTARIA  Nº  190,  DE  9  DE",NI
,15461,RO,RO,2026,1,2026,12,4.94,kg,"PORTARIA  Nº  190,  DE  9  DE",NI
,15460,RO,RO,2027,1,2027,12,5.28,kg,"PORTARIA MAPA Nº 934, DE 09 DE",https://www.in.gov.br/web/dou/-/portaria-mapa-n-934-de-9-de-julho-de-2026-718439459
,4595,RO,RO,2027,1,2027,12,5.51,kg,"PORTARIA MAPA Nº 934, DE 09 DE",https://www.in.gov.br/web/dou/-/portaria-mapa-n-934-de-9-de-julho-de-2026-718439459
,4595,RR,RR,2014,1,2014,12,2.17,kg,"PORTARIA  Nº  190,  DE  9  DE",NI
,4595,RR,RR,2015,1,2015,12,2.17,kg,"PORTARIA  Nº  190,  DE  9  DE",NI
,4595,RR,RR,2016,1,2016,12,2.17,kg,"PORTARIA Nº 1.577, DE 17 DE JU",http://biblioteca.conab.gov.br/phl82/pdf/legislacao/2017_PRT_1577.pdf
,4595,RR,RR,2017,1,2017,12,2.26,kg,"PORTARIA Nº 1.577, DE 17 DE JU",http://biblioteca.conab.gov.br/phl82/pdf/legislacao/2017_PRT_1577.pdf
,4595,RR,RR,2018,1,2018,12,2.74,kg,"PORTARIA Nº 1.577, DE 17 DE JU",http://biblioteca.conab.gov.br/phl82/pdf/legislacao/2017_PRT_1577.pdf
,4595,RR,RR,2019,1,2019,12,2.77,kg,"PORTARIA Nº 1.577, DE 17 DE JU",http://biblioteca.conab.gov.br/phl82/pdf/legislacao/2017_PRT_1577.pdf
,4595,RR,RR,2020,1,2020,12,2.83,kg,"PORTARIA Nº 135, DE 12 DE JULH",http://biblioteca.conab.gov.br/phl82/pdf/legislacao/2019_PRT_135.pdf
,4595,RR,RR,2021,1,2021,12,3.21,kg,"PORTARIA Nº 190, DE 9 DE JUNHO",http://biblioteca.conab.gov.br/phl82/pdf/legislacao/2020_PRT_190.pdf
,4595,RR,RR,2022,1,2022,12,3.72,kg,"PORTARIA Nº 201, DE 1º DE JULH",http://biblioteca.conab.gov.br/phl82/pdf/legislacao/2021_PRT_201.pdf
,4595,RR,RR,2024,1,2024,12,4.94,kg,"PORTARIA MAPA Nº 612, DE 31 DE",https://www.in.gov.br/en/web/dou/-/portaria-mapa-n-612-de-31-de-agosto-de-2023-507003445
,4595,RR,RR,2025,1,2025,12,4.72,kg,"PORTARIA MAPA Nº 700, DE 15 DE",https://www.in.gov.br/en/web/dou/-/portaria-mapa-n-700-de-15-de-julho-de-2024-572339980
,4595,RR,RR,2026,1,2026,12,5.16,kg,"PORTARIA MAPA Nº 812, DE 7 DE",https://www.in.gov.br/en/web/dou/-/portaria-mapa-n-812-de-7-de-julho-de-2025-640776008
,15461,RR,RR,2026,1,2026,12,4.94,kg,"PORTARIA  Nº  190,  DE  9  DE",NI
,15460,RR,RR,2026,1,2026,12,4.94,kg,"PORTARIA  Nº  190,  DE  9  DE",NI
,4595,RR,RR,2027,1,2027,12,5.51,kg,"PORTARIA MAPA Nº 934, DE 09 DE",https://www.in.gov.br/web/dou/-/portaria-mapa-n-934-de-9-de-julho-de-2026-718439459
,15460,RR,RR,2027,1,2027,12,5.28,kg,"PORTARIA MAPA Nº 934, DE 09 DE",https://www.in.gov.br/web/dou/-/portaria-mapa-n-934-de-9-de-julho-de-2026-718439459
,4595,TO,TO,2014,1,2014,12,2.17,kg,"PORTARIA  Nº  190,  DE  9  DE",NI
,4595,TO,TO,2015,1,2015,12,2.17,kg,"PORTARIA  Nº  190,  DE  9  DE",NI
,4595,TO,TO,2016,1,2016,12,2.17,kg,"PORTARIA Nº 1.577, DE 17 DE JU",http://biblioteca.conab.gov.br/phl82/pdf/legislacao/2017_PRT_1577.pdf
,4595,TO,TO,2017,1,2017,12,2.26,kg,"PORTARIA Nº 1.577, DE 17 DE JU",http://biblioteca.conab.gov.br/phl82/pdf/legislacao/2017_PRT_1577.pdf
,4595,TO,TO,2018,1,2018,12,2.74,kg,"PORTARIA Nº 1.577, DE 17 DE JU",http://biblioteca.conab.gov.br/phl82/pdf/legislacao/2017_PRT_1577.pdf
,4595,TO,TO,2019,1,2019,12,2.77,kg,"PORTARIA Nº 1.577, DE 17 DE JU",http://biblioteca.conab.gov.br/phl82/pdf/legislacao/2017_PRT_1577.pdf
,4595,TO,TO,2020,1,2020,12,2.83,kg,"PORTARIA Nº 135, DE 12 DE JULH",http://biblioteca.conab.gov.br/phl82/pdf/legislacao/2019_PRT_135.pdf
,4595,TO,TO,2021,1,2021,12,3.21,kg,"PORTARIA Nº 190, DE 9 DE JUNHO",http://biblioteca.conab.gov.br/phl82/pdf/legislacao/2020_PRT_190.pdf
,4595,TO,TO,2022,1,2022,12,3.72,kg,"PORTARIA Nº 201, DE 1º DE JULH",http://biblioteca.conab.gov.br/phl82/pdf/legislacao/2021_PRT_201.pdf
,4595,TO,TO,2024,1,2024,12,4.94,kg,"PORTARIA MAPA Nº 612, DE 31 DE",https://www.in.gov.br/en/web/dou/-/portaria-mapa-n-612-de-31-de-agosto-de-2023-507003445
,4595,TO,TO,2025,1,2025,12,4.72,kg,"PORTARIA MAPA Nº 700, DE 15 DE",https://www.in.gov.br/en/web/dou/-/portaria-mapa-n-700-de-15-de-julho-de-2024-572339980
,4595,TO,TO,2026,1,2026,12,5.16,kg,"PORTARIA MAPA Nº 812, DE 7 DE",https://www.in.gov.br/en/web/dou/-/portaria-mapa-n-812-de-7-de-julho-de-2025-640776008
,15460,TO,TO,2026,1,2026,12,4.94,kg,"PORTARIA  Nº  190,  DE  9  DE",NI
,15461,TO,TO,2026,1,2026,12,4.94,kg,"PORTARIA  Nº  190,  DE  9  DE",NI
,4595,TO,TO,2027,1,2027,12,5.51,kg,"PORTARIA MAPA Nº 934, DE 09 DE",https://www.in.gov.br/web/dou/-/portaria-mapa-n-934-de-9-de-julho-de-2026-718439459
,15460,TO,TO,2027,1,2027,12,5.28,kg,"PORTARIA MAPA Nº 934, DE 09 DE",https://www.in.gov.br/web/dou/-/portaria-mapa-n-934-de-9-de-julho-de-2026-718439459
