produto,classificao_produto,id_produto,uf,regiao,ano,mes,dsc_nivel_comercializacao,valor_produto_kg
04-20-20,NÃO INFORMADO,4482,TO,NORTE,2025,11,PREÇO PAGO PELO PRODUTOR,2.56
04-20-20,NÃO INFORMADO,4482,TO,NORTE,2026,2,PREÇO PAGO PELO PRODUTOR,2.56
04-20-20,NÃO INFORMADO,4482,TO,NORTE,2026,3,PREÇO PAGO PELO PRODUTOR,2.56
06-40-08,NÃO INFORMADO,14019,TO,NORTE,2025,11,PREÇO PAGO PELO PRODUTOR,4.84
06-40-08,NÃO INFORMADO,14019,TO,NORTE,2026,3,PREÇO PAGO PELO PRODUTOR,4.75
10-28-20,NÃO INFORMADO,4516,PA,NORTE,2025,9,PREÇO PAGO PELO PRODUTOR,5.0
10-28-20,NÃO INFORMADO,4516,PA,NORTE,2025,10,PREÇO PAGO PELO PRODUTOR,5.0
10-28-20,NÃO INFORMADO,4516,PA,NORTE,2026,3,PREÇO PAGO PELO PRODUTOR,5.0
10-30-10,NÃO INFORMADO,12306,PA,NORTE,2025,9,PREÇO PAGO PELO PRODUTOR,4.6
15-00-30,NÃO INFORMADO,12701,PA,NORTE,2026,3,PREÇO PAGO PELO PRODUTOR,3.95
18-18-18,NÃO INFORMADO,13182,PA,NORTE,2025,9,PREÇO PAGO PELO PRODUTOR,5.0
18-18-18,NÃO INFORMADO,13182,PA,NORTE,2025,10,PREÇO PAGO PELO PRODUTOR,5.0
20-00-15,YARA BELA PLUS YARA,14038,TO,NORTE,2025,11,PREÇO PAGO PELO PRODUTOR,3.22
20-00-15,YARA BELA PLUS YARA,14038,TO,NORTE,2026,3,PREÇO PAGO PELO PRODUTOR,3.12
20-00-20,NÃO INFORMADO,4521,PA,NORTE,2025,9,PREÇO PAGO PELO PRODUTOR,3.54
20-00-20,NÃO INFORMADO,4521,RO,NORTE,2025,10,PREÇO PAGO PELO PRODUTOR,4.77
20-00-20,NÃO INFORMADO,4521,RO,NORTE,2025,11,PREÇO PAGO PELO PRODUTOR,4.77
20-05-20,NÃO INFORMADO,4523,RO,NORTE,2025,10,PREÇO PAGO PELO PRODUTOR,4.7
20-05-20,NÃO INFORMADO,4523,RO,NORTE,2025,11,PREÇO PAGO PELO PRODUTOR,4.7
20-05-20,NÃO INFORMADO,4523,PA,NORTE,2026,3,PREÇO PAGO PELO PRODUTOR,4.2
ABACAXI,PÉROLA,6320,AC,NORTE,2025,9,PREÇO RECEBIDO P/ PRODUTOR,2.85
ABACAXI,PÉROLA,6320,AM,NORTE,2025,9,PREÇO RECEBIDO P/ PRODUTOR,8.16
ABACAXI,PÉROLA,6320,AP,NORTE,2025,9,PREÇO RECEBIDO P/ PRODUTOR,3.75
ABACAXI,PÉROLA,6320,PA,NORTE,2025,9,PREÇO RECEBIDO P/ PRODUTOR,0.67
ABACAXI,PÉROLA,6320,RO,NORTE,2025,9,PREÇO RECEBIDO P/ PRODUTOR,4.04
ABACAXI,IMPERIAL,14887,RR,NORTE,2025,9,PREÇO RECEBIDO P/ PRODUTOR,6.39
ABACAXI,PÉROLA,6320,TO,NORTE,2025,9,PREÇO RECEBIDO P/ PRODUTOR,3.25
ABACAXI,PÉROLA,6320,AC,NORTE,2025,10,PREÇO RECEBIDO P/ PRODUTOR,2.86
ABACAXI,PÉROLA,6320,AM,NORTE,2025,10,PREÇO RECEBIDO P/ PRODUTOR,8.94
ABACAXI,PÉROLA,6320,AP,NORTE,2025,10,PREÇO RECEBIDO P/ PRODUTOR,3.28
ABACAXI,PÉROLA,6320,PA,NORTE,2025,10,PREÇO RECEBIDO P/ PRODUTOR,0.67
ABACAXI,PÉROLA,6320,RO,NORTE,2025,10,PREÇO RECEBIDO P/ PRODUTOR,4.19
ABACAXI,IMPERIAL,14887,RR,NORTE,2025,10,PREÇO RECEBIDO P/ PRODUTOR,6.59
ABACAXI,PÉROLA,6320,TO,NORTE,2025,10,PREÇO RECEBIDO P/ PRODUTOR,4.0
ABACAXI,PÉROLA,6320,AC,NORTE,2025,11,PREÇO RECEBIDO P/ PRODUTOR,2.93
ABACAXI,PÉROLA,6320,AM,NORTE,2025,11,PREÇO RECEBIDO P/ PRODUTOR,8.9
ABACAXI,PÉROLA,6320,AP,NORTE,2025,11,PREÇO RECEBIDO P/ PRODUTOR,3.5
ABACAXI,PÉROLA,6320,PA,NORTE,2025,11,PREÇO RECEBIDO P/ PRODUTOR,0.67
ABACAXI,PÉROLA,6320,RO,NORTE,2025,11,PREÇO RECEBIDO P/ PRODUTOR,4.15
ABACAXI,IMPERIAL,14887,RR,NORTE,2025,11,PREÇO RECEBIDO P/ PRODUTOR,6.5
ABACAXI,PÉROLA,6320,TO,NORTE,2025,11,PREÇO RECEBIDO P/ PRODUTOR,4.1
ABACAXI,PÉROLA,6320,AC,NORTE,2025,12,PREÇO RECEBIDO P/ PRODUTOR,3.03
ABACAXI,PÉROLA,6320,AM,NORTE,2025,12,PREÇO RECEBIDO P/ PRODUTOR,10.05
ABACAXI,PÉROLA,6320,AP,NORTE,2025,12,PREÇO RECEBIDO P/ PRODUTOR,3.5
ABACAXI,PÉROLA,6320,PA,NORTE,2025,12,PREÇO RECEBIDO P/ PRODUTOR,1.52
ABACAXI,PÉROLA,6320,RO,NORTE,2025,12,PREÇO RECEBIDO P/ PRODUTOR,4.06
ABACAXI,IMPERIAL,14887,RR,NORTE,2025,12,PREÇO RECEBIDO P/ PRODUTOR,4.93
ABACAXI,PÉROLA,6320,TO,NORTE,2025,12,PREÇO RECEBIDO P/ PRODUTOR,4.56
ABACAXI,PÉROLA,6320,AC,NORTE,2026,1,PREÇO RECEBIDO P/ PRODUTOR,4.41
ABACAXI,PÉROLA,6320,AM,NORTE,2026,1,PREÇO RECEBIDO P/ PRODUTOR,9.49
ABACAXI,PÉROLA,6320,AP,NORTE,2026,1,PREÇO RECEBIDO P/ PRODUTOR,4.08
ABACAXI,PÉROLA,6320,PA,NORTE,2026,1,PREÇO RECEBIDO P/ PRODUTOR,1.33
ABACAXI,PÉROLA,6320,RO,NORTE,2026,1,PREÇO RECEBIDO P/ PRODUTOR,4.44
ABACAXI,IMPERIAL,14887,RR,NORTE,2026,1,PREÇO RECEBIDO P/ PRODUTOR,7.95
ABACAXI,PÉROLA,6320,TO,NORTE,2026,1,PREÇO RECEBIDO P/ PRODUTOR,4.51
ABACAXI,PÉROLA,6320,AC,NORTE,2026,2,PREÇO RECEBIDO P/ PRODUTOR,4.4
ABACAXI,PÉROLA,6320,AM,NORTE,2026,2,PREÇO RECEBIDO P/ PRODUTOR,7.0
ABACAXI,PÉROLA,6320,AP,NORTE,2026,2,PREÇO RECEBIDO P/ PRODUTOR,4.08
ABACAXI,PÉROLA,6320,PA,NORTE,2026,2,PREÇO RECEBIDO P/ PRODUTOR,1.83
ABACAXI,PÉROLA,6320,RO,NORTE,2026,2,PREÇO RECEBIDO P/ PRODUTOR,4.45
ABACAXI,IMPERIAL,14887,RR,NORTE,2026,2,PREÇO RECEBIDO P/ PRODUTOR,6.76
ABACAXI,PÉROLA,6320,TO,NORTE,2026,2,PREÇO RECEBIDO P/ PRODUTOR,4.19
ABACAXI,PÉROLA,6320,AC,NORTE,2026,3,PREÇO RECEBIDO P/ PRODUTOR,4.41
ABACAXI,PÉROLA,6320,AM,NORTE,2026,3,PREÇO RECEBIDO P/ PRODUTOR,7.11
ABACAXI,PÉROLA,6320,AP,NORTE,2026,3,PREÇO RECEBIDO P/ PRODUTOR,3.88
ABACAXI,PÉROLA,6320,PA,NORTE,2026,3,PREÇO RECEBIDO P/ PRODUTOR,2.33
ABACAXI,PÉROLA,6320,RO,NORTE,2026,3,PREÇO RECEBIDO P/ PRODUTOR,4.59
ABACAXI,IMPERIAL,14887,RR,NORTE,2026,3,PREÇO RECEBIDO P/ PRODUTOR,6.31
ABACAXI,PÉROLA,6320,TO,NORTE,2026,3,PREÇO RECEBIDO P/ PRODUTOR,3.75
ABACAXI,PÉROLA,6320,AC,NORTE,2026,4,PREÇO RECEBIDO P/ PRODUTOR,4.28
ABACAXI,PÉROLA,6320,AM,NORTE,2026,4,PREÇO RECEBIDO P/ PRODUTOR,7.13
ABACAXI,PÉROLA,6320,AP,NORTE,2026,4,PREÇO RECEBIDO P/ PRODUTOR,2.83
ABACAXI,PÉROLA,6320,PA,NORTE,2026,4,PREÇO RECEBIDO P/ PRODUTOR,2.39
ABACAXI,PÉROLA,6320,RO,NORTE,2026,4,PREÇO RECEBIDO P/ PRODUTOR,4.76
ABACAXI,IMPERIAL,14887,RR,NORTE,2026,4,PREÇO RECEBIDO P/ PRODUTOR,6.36
ABACAXI,PÉROLA,6320,TO,NORTE,2026,4,PREÇO RECEBIDO P/ PRODUTOR,3.5
ABACAXI,PÉROLA,6320,AC,NORTE,2026,5,PREÇO RECEBIDO P/ PRODUTOR,4.97
ABACAXI,PÉROLA,6320,AM,NORTE,2026,5,PREÇO RECEBIDO P/ PRODUTOR,7.02
ABACAXI,PÉROLA,6320,AP,NORTE,2026,5,PREÇO RECEBIDO P/ PRODUTOR,3.28
ABACAXI,PÉROLA,6320,PA,NORTE,2026,5,PREÇO RECEBIDO P/ PRODUTOR,2.19
ABACAXI,PÉROLA,6320,RO,NORTE,2026,5,PREÇO RECEBIDO P/ PRODUTOR,4.5
ABACAXI,IMPERIAL,14887,RR,NORTE,2026,5,PREÇO RECEBIDO P/ PRODUTOR,5.76
ABACAXI,PÉROLA,6320,TO,NORTE,2026,5,PREÇO RECEBIDO P/ PRODUTOR,3.5
ABACAXI,PÉROLA,6320,AC,NORTE,2026,6,PREÇO RECEBIDO P/ PRODUTOR,5.59
ABACAXI,PÉROLA,6320,AM,NORTE,2026,6,PREÇO RECEBIDO P/ PRODUTOR,6.61
ABACAXI,PÉROLA,6320,AP,NORTE,2026,6,PREÇO RECEBIDO P/ PRODUTOR,3.68
ABACAXI,PÉROLA,6320,PA,NORTE,2026,6,PREÇO RECEBIDO P/ PRODUTOR,1.7
ABACAXI,PÉROLA,6320,RO,NORTE,2026,6,PREÇO RECEBIDO P/ PRODUTOR,4.5
ABACAXI,IMPERIAL,14887,RR,NORTE,2026,6,PREÇO RECEBIDO P/ PRODUTOR,5.8
ABACAXI,PÉROLA,6320,TO,NORTE,2026,6,PREÇO RECEBIDO P/ PRODUTOR,3.5
ABACAXI,PÉROLA,6320,AC,NORTE,2026,7,PREÇO RECEBIDO P/ PRODUTOR,5.27
ABACAXI,PÉROLA,6320,AM,NORTE,2026,7,PREÇO RECEBIDO P/ PRODUTOR,6.44
ABACAXI,PÉROLA,6320,AP,NORTE,2026,7,PREÇO RECEBIDO P/ PRODUTOR,3.82
ABACAXI,PÉROLA,6320,PA,NORTE,2026,7,PREÇO RECEBIDO P/ PRODUTOR,1.67
ABACAXI,PÉROLA,6320,RO,NORTE,2026,7,PREÇO RECEBIDO P/ PRODUTOR,4.45
ABACAXI,IMPERIAL,14887,RR,NORTE,2026,7,PREÇO RECEBIDO P/ PRODUTOR,5.91
ABACAXI,PÉROLA,6320,TO,NORTE,2026,7,PREÇO RECEBIDO P/ PRODUTOR,3.51
ABACAXI,PÉROLA,6320,AC,NORTE,2026,8,PREÇO RECEBIDO P/ PRODUTOR,5.33
ABACAXI,PÉROLA,6320,AM,NORTE,2026,8,PREÇO RECEBIDO P/ PRODUTOR,6.3
ABACAXI,PÉROLA,6320,AP,NORTE,2026,8,PREÇO RECEBIDO P/ PRODUTOR,3.5
ABACAXI,PÉROLA,6320,PA,NORTE,2026,8,PREÇO RECEBIDO P/ PRODUTOR,1.57
ABACAXI,PÉROLA,6320,RO,NORTE,2026,8,PREÇO RECEBIDO P/ PRODUTOR,4.54
ABACAXI,IMPERIAL,14887,RR,NORTE,2026,8,PREÇO RECEBIDO P/ PRODUTOR,7.83
ABACAXI,PÉROLA,6320,TO,NORTE,2026,8,PREÇO RECEBIDO P/ PRODUTOR,3.0
ABAMECTIN NORTOXA,18 G/L ABAMECTINA AV,8925,RO,NORTE,2025,10,PREÇO PAGO PELO PRODUTOR,111.5
ACAI,FRUTO,8623,AC,NORTE,2025,9,PREÇO RECEBIDO P/ PRODUTOR,1.97
ACAI,FRUTO,8623,AM,NORTE,2025,9,PREÇO RECEBIDO P/ PRODUTOR,2.47
ACAI,FRUTO,8623,AP,NORTE,2025,9,PREÇO RECEBIDO P/ PRODUTOR,6.16
ACAI,FRUTO,8623,PA,NORTE,2025,9,PREÇO RECEBIDO P/ PRODUTOR,5.43
ACAI,FRUTO,8623,RO,NORTE,2025,9,PREÇO RECEBIDO P/ PRODUTOR,5.3
ACAI,FRUTO,8623,AC,NORTE,2025,10,PREÇO RECEBIDO P/ PRODUTOR,1.99
ACAI,FRUTO,8623,AP,NORTE,2025,10,PREÇO RECEBIDO P/ PRODUTOR,3.82
ACAI,FRUTO,8623,PA,NORTE,2025,10,PREÇO RECEBIDO P/ PRODUTOR,5.02
ACAI,FRUTO,8623,RO,NORTE,2025,10,PREÇO RECEBIDO P/ PRODUTOR,5.4
ACAI,FRUTO,8623,AC,NORTE,2025,11,PREÇO RECEBIDO P/ PRODUTOR,2.0
ACAI,FRUTO,8623,AP,NORTE,2025,11,PREÇO RECEBIDO P/ PRODUTOR,2.41
ACAI,FRUTO,8623,PA,NORTE,2025,11,PREÇO RECEBIDO P/ PRODUTOR,3.86
ACAI,FRUTO,8623,RO,NORTE,2025,11,PREÇO RECEBIDO P/ PRODUTOR,5.32
ACAI,FRUTO,8623,AC,NORTE,2025,12,PREÇO RECEBIDO P/ PRODUTOR,2.0
ACAI,FRUTO,8623,AP,NORTE,2025,12,PREÇO RECEBIDO P/ PRODUTOR,2.11
ACAI,FRUTO,8623,PA,NORTE,2025,12,PREÇO RECEBIDO P/ PRODUTOR,4.04
ACAI,FRUTO,8623,RO,NORTE,2025,12,PREÇO RECEBIDO P/ PRODUTOR,5.84
ACAI,FRUTO,8623,AM,NORTE,2026,1,PREÇO RECEBIDO P/ PRODUTOR,6.91
ACAI,FRUTO,8623,AP,NORTE,2026,1,PREÇO RECEBIDO P/ PRODUTOR,3.21
ACAI,FRUTO,8623,PA,NORTE,2026,1,PREÇO RECEBIDO P/ PRODUTOR,5.11
ACAI,FRUTO,8623,RO,NORTE,2026,1,PREÇO RECEBIDO P/ PRODUTOR,5.24
ACAI,FRUTO,8623,AM,NORTE,2026,2,PREÇO RECEBIDO P/ PRODUTOR,6.76
ACAI,FRUTO,8623,AP,NORTE,2026,2,PREÇO RECEBIDO P/ PRODUTOR,5.76
ACAI,FRUTO,8623,PA,NORTE,2026,2,PREÇO RECEBIDO P/ PRODUTOR,7.81
ACAI,FRUTO,8623,RO,NORTE,2026,2,PREÇO RECEBIDO P/ PRODUTOR,5.29
ACAI,FRUTO,8623,AM,NORTE,2026,3,PREÇO RECEBIDO P/ PRODUTOR,5.8
ACAI,FRUTO,8623,AP,NORTE,2026,3,PREÇO RECEBIDO P/ PRODUTOR,6.87
ACAI,FRUTO,8623,PA,NORTE,2026,3,PREÇO RECEBIDO P/ PRODUTOR,9.66
ACAI,FRUTO,8623,RO,NORTE,2026,3,PREÇO RECEBIDO P/ PRODUTOR,4.2
ACAI,FRUTO,8623,AM,NORTE,2026,4,PREÇO RECEBIDO P/ PRODUTOR,5.78
ACAI,FRUTO,8623,AP,NORTE,2026,4,PREÇO RECEBIDO P/ PRODUTOR,6.49
ACAI,FRUTO,8623,PA,NORTE,2026,4,PREÇO RECEBIDO P/ PRODUTOR,10.58
ACAI,FRUTO,8623,RO,NORTE,2026,4,PREÇO RECEBIDO P/ PRODUTOR,4.29
ACAI,FRUTO,8623,AM,NORTE,2026,5,PREÇO RECEBIDO P/ PRODUTOR,5.72
ACAI,FRUTO,8623,AP,NORTE,2026,5,PREÇO RECEBIDO P/ PRODUTOR,3.96
ACAI,FRUTO,8623,PA,NORTE,2026,5,PREÇO RECEBIDO P/ PRODUTOR,9.58
ACAI,FRUTO,8623,RO,NORTE,2026,5,PREÇO RECEBIDO P/ PRODUTOR,5.06
ACAI,FRUTO,8623,AC,NORTE,2026,6,PREÇO RECEBIDO P/ PRODUTOR,3.57
ACAI,FRUTO,8623,AM,NORTE,2026,6,PREÇO RECEBIDO P/ PRODUTOR,5.73
ACAI,FRUTO,8623,AP,NORTE,2026,6,PREÇO RECEBIDO P/ PRODUTOR,2.0
ACAI,FRUTO,8623,PA,NORTE,2026,6,PREÇO RECEBIDO P/ PRODUTOR,7.02
ACAI,FRUTO,8623,RO,NORTE,2026,6,PREÇO RECEBIDO P/ PRODUTOR,4.52
ACAI,FRUTO,8623,AC,NORTE,2026,7,PREÇO RECEBIDO P/ PRODUTOR,3.7
ACAI,FRUTO,8623,AM,NORTE,2026,7,PREÇO RECEBIDO P/ PRODUTOR,5.85
ACAI,FRUTO,8623,AP,NORTE,2026,7,PREÇO RECEBIDO P/ PRODUTOR,1.76
ACAI,FRUTO,8623,PA,NORTE,2026,7,PREÇO RECEBIDO P/ PRODUTOR,3.4
ACAI,FRUTO,8623,RO,NORTE,2026,7,PREÇO RECEBIDO P/ PRODUTOR,4.14
ACAI,FRUTO,8623,AC,NORTE,2026,8,PREÇO RECEBIDO P/ PRODUTOR,3.7
ACAI,FRUTO,8623,AP,NORTE,2026,8,PREÇO RECEBIDO P/ PRODUTOR,1.79
ACAI,FRUTO,8623,PA,NORTE,2026,8,PREÇO RECEBIDO P/ PRODUTOR,3.11
ACAI,FRUTO,8623,RO,NORTE,2026,8,PREÇO RECEBIDO P/ PRODUTOR,3.91
ACETAMIPRID NORTOX 200 SP,200 G/KG ACETAMIPRID,14028,TO,NORTE,2025,11,PREÇO PAGO PELO PRODUTOR,73.6
ACETAMIPRID NORTOX 200 SP,200 G/KG ACETAMIPRID,14028,TO,NORTE,2026,3,PREÇO PAGO PELO PRODUTOR,76.1
ACIDO ACETICO,NÃO INFORMADO,8673,AC,NORTE,2026,7,PREÇO PAGO PELO PRODUTOR,15.0
ACIDO BORICO,12%,12587,RO,NORTE,2025,10,PREÇO PAGO PELO PRODUTOR,12.02
ACIDO BORICO,12%,12587,RO,NORTE,2025,11,PREÇO PAGO PELO PRODUTOR,12.02
ACTARA,250 WG 250 G/KG TIAM,4086,RO,NORTE,2025,10,PREÇO PAGO PELO PRODUTOR,277.33
ACTIVE,NÃO INFORMADO,13975,TO,NORTE,2025,11,PREÇO PAGO PELO PRODUTOR,33.0
ACTIVE,NÃO INFORMADO,13975,TO,NORTE,2026,2,PREÇO PAGO PELO PRODUTOR,33.0
ACTIVE,NÃO INFORMADO,13975,TO,NORTE,2026,3,PREÇO PAGO PELO PRODUTOR,33.0
ACUCAR,CRISTAL,4218,AC,NORTE,2025,9,ATACADO,3.56
ACUCAR,CRISTAL,4218,AC,NORTE,2025,9,VAREJO,4.15
ACUCAR,CRISTAL,4218,AM,NORTE,2025,9,VAREJO,3.68
ACUCAR,CRISTAL,4218,AM,NORTE,2025,9,ATACADO,3.71
ACUCAR,CRISTAL,4218,AP,NORTE,2025,9,VAREJO,4.4
ACUCAR,REFINADO,4222,AP,NORTE,2025,9,ATACADO,5.29
ACUCAR,CRISTAL,4218,PA,NORTE,2025,9,VAREJO,4.49
ACUCAR,CRISTAL,4218,PA,NORTE,2025,9,ATACADO,3.61
ACUCAR,CRISTAL,4218,RO,NORTE,2025,9,VAREJO,3.48
ACUCAR,CRISTAL,4218,RO,NORTE,2025,9,ATACADO,3.16
ACUCAR,CRISTAL,4218,RR,NORTE,2025,9,VAREJO,4.01
ACUCAR,CRISTAL,4218,RR,NORTE,2025,9,ATACADO,3.72
ACUCAR,CRISTAL,4218,TO,NORTE,2025,9,VAREJO,5.04
ACUCAR,CRISTAL,4218,TO,NORTE,2025,9,ATACADO,4.2
ACUCAR,CRISTAL,4218,AC,NORTE,2025,10,ATACADO,3.44
ACUCAR,CRISTAL,4218,AC,NORTE,2025,10,VAREJO,4.11
ACUCAR,CRISTAL,4218,AM,NORTE,2025,10,ATACADO,3.74
ACUCAR,CRISTAL,4218,AM,NORTE,2025,10,VAREJO,3.69
ACUCAR,REFINADO,4222,AP,NORTE,2025,10,ATACADO,5.56
ACUCAR,CRISTAL,4218,AP,NORTE,2025,10,VAREJO,4.42
ACUCAR,CRISTAL,4218,PA,NORTE,2025,10,ATACADO,3.51
ACUCAR,CRISTAL,4218,PA,NORTE,2025,10,VAREJO,4.09
ACUCAR,CRISTAL,4218,RO,NORTE,2025,10,VAREJO,3.5
ACUCAR,CRISTAL,4218,RO,NORTE,2025,10,ATACADO,3.19
ACUCAR,CRISTAL,4218,RR,NORTE,2025,10,ATACADO,3.59
ACUCAR,CRISTAL,4218,RR,NORTE,2025,10,VAREJO,4.02
ACUCAR,CRISTAL,4218,TO,NORTE,2025,10,VAREJO,4.98
ACUCAR,CRISTAL,4218,TO,NORTE,2025,10,ATACADO,3.9
ACUCAR,CRISTAL,4218,AC,NORTE,2025,11,VAREJO,4.0
ACUCAR,CRISTAL,4218,AC,NORTE,2025,11,ATACADO,3.44
ACUCAR,CRISTAL,4218,AM,NORTE,2025,11,VAREJO,3.68
ACUCAR,CRISTAL,4218,AM,NORTE,2025,11,ATACADO,3.56
ACUCAR,REFINADO,4222,AP,NORTE,2025,11,ATACADO,5.56
ACUCAR,CRISTAL,4218,AP,NORTE,2025,11,VAREJO,4.63
ACUCAR,CRISTAL,4218,PA,NORTE,2025,11,VAREJO,3.91
ACUCAR,CRISTAL,4218,PA,NORTE,2025,11,ATACADO,3.19
ACUCAR,CRISTAL,4218,RO,NORTE,2025,11,VAREJO,3.43
ACUCAR,CRISTAL,4218,RO,NORTE,2025,11,ATACADO,2.75
ACUCAR,CRISTAL,4218,RR,NORTE,2025,11,ATACADO,3.6
ACUCAR,CRISTAL,4218,RR,NORTE,2025,11,VAREJO,3.77
ACUCAR,CRISTAL,4218,TO,NORTE,2025,11,ATACADO,3.89
ACUCAR,CRISTAL,4218,TO,NORTE,2025,11,VAREJO,4.98
ACUCAR,CRISTAL,4218,AC,NORTE,2025,12,ATACADO,3.41
ACUCAR,CRISTAL,4218,AC,NORTE,2025,12,VAREJO,3.93
ACUCAR,CRISTAL,4218,AM,NORTE,2025,12,ATACADO,3.47
ACUCAR,CRISTAL,4218,AM,NORTE,2025,12,VAREJO,3.69
ACUCAR,CRISTAL,4218,AP,NORTE,2025,12,VAREJO,4.7
ACUCAR,REFINADO,4222,AP,NORTE,2025,12,ATACADO,5.36
ACUCAR,CRISTAL,4218,PA,NORTE,2025,12,VAREJO,3.88
ACUCAR,CRISTAL,4218,PA,NORTE,2025,12,ATACADO,3.48
ACUCAR,CRISTAL,4218,RO,NORTE,2025,12,ATACADO,3.12
ACUCAR,CRISTAL,4218,RO,NORTE,2025,12,VAREJO,3.37
ACUCAR,CRISTAL,4218,RR,NORTE,2025,12,VAREJO,3.66
ACUCAR,CRISTAL,4218,RR,NORTE,2025,12,ATACADO,3.67
ACUCAR,CRISTAL,4218,TO,NORTE,2025,12,ATACADO,3.93
ACUCAR,CRISTAL,4218,TO,NORTE,2025,12,VAREJO,4.8
ACUCAR,CRISTAL,4218,AC,NORTE,2026,1,VAREJO,3.9
ACUCAR,CRISTAL,4218,AM,NORTE,2026,1,VAREJO,3.64
ACUCAR,CRISTAL,4218,AP,NORTE,2026,1,VAREJO,4.7
ACUCAR,CRISTAL,4218,PA,NORTE,2026,1,VAREJO,3.78
ACUCAR,CRISTAL,4218,RO,NORTE,2026,1,VAREJO,3.25
ACUCAR,CRISTAL,4218,RR,NORTE,2026,1,VAREJO,3.66
ACUCAR,CRISTAL,4218,TO,NORTE,2026,1,VAREJO,4.8
ACUCAR,CRISTAL,4218,AC,NORTE,2026,2,VAREJO,3.81
ACUCAR,CRISTAL,4218,AM,NORTE,2026,2,VAREJO,3.52
ACUCAR,CRISTAL,4218,AP,NORTE,2026,2,VAREJO,4.62
ACUCAR,CRISTAL,4218,PA,NORTE,2026,2,VAREJO,3.8
ACUCAR,CRISTAL,4218,RO,NORTE,2026,2,VAREJO,3.25
ACUCAR,CRISTAL,4218,RR,NORTE,2026,2,VAREJO,3.66
ACUCAR,CRISTAL,4218,TO,NORTE,2026,2,VAREJO,4.6
ACUCAR,CRISTAL,4218,AC,NORTE,2026,3,VAREJO,3.72
ACUCAR,CRISTAL,4218,AM,NORTE,2026,3,VAREJO,3.4
ACUCAR,CRISTAL,4218,AP,NORTE,2026,3,VAREJO,4.52
ACUCAR,CRISTAL,4218,PA,NORTE,2026,3,VAREJO,3.7
ACUCAR,CRISTAL,4218,RO,NORTE,2026,3,VAREJO,3.25
ACUCAR,CRISTAL,4218,RR,NORTE,2026,3,VAREJO,3.81
ACUCAR,CRISTAL,4218,TO,NORTE,2026,3,VAREJO,4.6
ACUCAR,CRISTAL,4218,AC,NORTE,2026,4,VAREJO,3.65
ACUCAR,CRISTAL,4218,AM,NORTE,2026,4,VAREJO,3.31
ACUCAR,CRISTAL,4218,AP,NORTE,2026,4,VAREJO,4.41
ACUCAR,CRISTAL,4218,PA,NORTE,2026,4,VAREJO,3.7
ACUCAR,CRISTAL,4218,RO,NORTE,2026,4,VAREJO,3.05
ACUCAR,CRISTAL,4218,RR,NORTE,2026,4,VAREJO,3.82
ACUCAR,CRISTAL,4218,TO,NORTE,2026,4,VAREJO,4.27
ACUCAR,CRISTAL,4218,AC,NORTE,2026,5,VAREJO,3.57
ACUCAR,CRISTAL,4218,AM,NORTE,2026,5,VAREJO,3.24
ACUCAR,CRISTAL,4218,AP,NORTE,2026,5,VAREJO,3.51
ACUCAR,CRISTAL,4218,PA,NORTE,2026,5,VAREJO,3.71
ACUCAR,CRISTAL,4218,RO,NORTE,2026,5,VAREJO,2.96
ACUCAR,CRISTAL,4218,RR,NORTE,2026,5,VAREJO,3.71
ACUCAR,CRISTAL,4218,TO,NORTE,2026,5,VAREJO,4.56
ADMINISTRADOR,NÃO INFORMADO,5441,AM,NORTE,2026,7,PREÇO PAGO PELO PRODUTOR,
ADMINISTRADOR RURAL,NÃO INFORMADO,9240,PA,NORTE,2025,9,PREÇO PAGO PELO PRODUTOR,
ADMINISTRADOR RURAL,SEM ENCARGOS,9241,PA,NORTE,2025,9,PREÇO PAGO PELO PRODUTOR,
ADMINISTRADOR RURAL,SEM ENCARGOS,9241,RO,NORTE,2025,10,PREÇO PAGO PELO PRODUTOR,
ADMINISTRADOR RURAL,NÃO INFORMADO,9240,RO,NORTE,2025,10,PREÇO PAGO PELO PRODUTOR,
ADMINISTRADOR RURAL,NÃO INFORMADO,9240,TO,NORTE,2025,11,PREÇO PAGO PELO PRODUTOR,
ADMINISTRADOR RURAL,NÃO INFORMADO,9240,TO,NORTE,2026,2,PREÇO PAGO PELO PRODUTOR,
ADMINISTRADOR RURAL,SEM ENCARGOS,9241,AM,NORTE,2026,3,PREÇO PAGO PELO PRODUTOR,
ADMINISTRADOR RURAL,NÃO INFORMADO,9240,PA,NORTE,2026,3,PREÇO PAGO PELO PRODUTOR,
ADMINISTRADOR RURAL,SEM ENCARGOS,9241,PA,NORTE,2026,3,PREÇO PAGO PELO PRODUTOR,
ADMINISTRADOR RURAL,NÃO INFORMADO,9240,TO,NORTE,2026,3,PREÇO PAGO PELO PRODUTOR,
ADMINISTRADOR RURAL,NÃO INFORMADO,9240,PA,NORTE,2026,5,PREÇO PAGO PELO PRODUTOR,
ADMINISTRADOR RURAL,SEM ENCARGOS,9241,AC,NORTE,2026,7,PREÇO PAGO PELO PRODUTOR,
ADMINISTRADOR RURAL,AGRICULTURA FAMILIAR,11493,AC,NORTE,2026,7,PREÇO PAGO PELO PRODUTOR,
ADMINISTRADOR RURAL,NÃO INFORMADO,9240,AM,NORTE,2026,7,PREÇO PAGO PELO PRODUTOR,
ADMINISTRADOR RURAL,SEM ENCARGOS,9241,AM,NORTE,2026,7,PREÇO PAGO PELO PRODUTOR,
ADMINISTRADOR RURAL,SEM ENCARGOS,9241,PA,NORTE,2026,7,PREÇO PAGO PELO PRODUTOR,
ADMINISTRADOR RURAL,NÃO INFORMADO,9240,PA,NORTE,2026,7,PREÇO PAGO PELO PRODUTOR,
ADUBO ORGANICO,PALHA DE CAFÉ,15388,RO,NORTE,2025,10,PREÇO PAGO PELO PRODUTOR,0.35
ADUBO ORGANICO,PALHA DE CAFÉ,15388,RO,NORTE,2025,11,PREÇO PAGO PELO PRODUTOR,0.35
AGUADOR (ARROZ IRRIGADO),NÃO INFORMADO,5903,TO,NORTE,2025,11,PREÇO PAGO PELO PRODUTOR,
AGUADOR (ARROZ IRRIGADO),BONIFICAÇÃO,14045,TO,NORTE,2025,11,PREÇO PAGO PELO PRODUTOR,
ALADE,60 G/L + 90 G/L + 15,14024,TO,NORTE,2025,11,PREÇO PAGO PELO PRODUTOR,264.3
ALADE,60 G/L + 90 G/L + 15,14024,TO,NORTE,2026,3,PREÇO PAGO PELO PRODUTOR,239.2
ALGODAO EM PLUMA,TIPO BÁSICO - SLM 41,11182,TO,NORTE,2025,9,PREÇO RECEBIDO P/ PRODUTOR,8.0
ALGODAO EM PLUMA,TIPO BÁSICO - SLM 41,11182,TO,NORTE,2025,10,PREÇO RECEBIDO P/ PRODUTOR,8.0
ALGODAO EM PLUMA,TIPO BÁSICO - SLM 41,11182,TO,NORTE,2025,11,PREÇO RECEBIDO P/ PRODUTOR,8.0
ALGODAO EM PLUMA,TIPO BÁSICO - SLM 41,11182,TO,NORTE,2025,12,PREÇO RECEBIDO P/ PRODUTOR,8.0
ALGODAO EM PLUMA,TIPO BÁSICO - SLM 41,11182,TO,NORTE,2026,1,PREÇO RECEBIDO P/ PRODUTOR,8.0
ALGODAO EM PLUMA,TIPO BÁSICO - SLM 41,11182,TO,NORTE,2026,2,PREÇO RECEBIDO P/ PRODUTOR,7.67
ALGODAO EM PLUMA,TIPO BÁSICO - SLM 41,11182,TO,NORTE,2026,3,PREÇO RECEBIDO P/ PRODUTOR,7.67
ALGODAO EM PLUMA,TIPO BÁSICO - SLM 41,11182,TO,NORTE,2026,4,PREÇO RECEBIDO P/ PRODUTOR,7.67
ALGODAO EM PLUMA,TIPO BÁSICO - SLM 41,11182,TO,NORTE,2026,5,PREÇO RECEBIDO P/ PRODUTOR,7.67
ALGODAO EM PLUMA,TIPO BÁSICO - SLM 41,11182,TO,NORTE,2026,6,PREÇO RECEBIDO P/ PRODUTOR,7.67
ALGODAO EM PLUMA,TIPO BÁSICO - SLM 41,11182,TO,NORTE,2026,7,PREÇO RECEBIDO P/ PRODUTOR,7.67
ALGODAO EM PLUMA,TIPO BÁSICO - SLM 41,11182,TO,NORTE,2026,8,PREÇO RECEBIDO P/ PRODUTOR,9.0
ALIETTE,800 G/KG FOSETIL-AL,15438,RO,NORTE,2025,10,PREÇO PAGO PELO PRODUTOR,194.0
ALIETTE,800 G/KG FOSETIL-AL,15438,RO,NORTE,2025,11,PREÇO PAGO PELO PRODUTOR,194.0
ALIMENTACAO,NÃO INFORMADO,13010,AM,NORTE,2026,7,PREÇO PAGO PELO PRODUTOR,35.0
ALUGUEL DE MAQUINA E IMPL,TRATOR 80 CV + IMPLE,11757,RO,NORTE,2025,10,PREÇO PAGO PELO PRODUTOR,
ALUGUEL DE MAQUINA E IMPL,TRATOR 75 CV + IMPLE,10877,RO,NORTE,2025,10,PREÇO PAGO PELO PRODUTOR,
ALUGUEL DE MAQUINA E IMPL,TRATOR 75 CV + IMPLE,10877,RO,NORTE,2025,11,PREÇO PAGO PELO PRODUTOR,
ALUGUEL DE MAQUINA E IMPL,TRATOR 80 CV + IMPLE,11757,RO,NORTE,2025,11,PREÇO PAGO PELO PRODUTOR,
ALUGUEL DE MAQUINA E IMPL,TRATOR 100 CV + GRAD,13289,PA,NORTE,2026,3,PREÇO PAGO PELO PRODUTOR,
ALUGUEL DE PA CARREGADEIR,NÃO INFORMADO,5407,RO,NORTE,2025,10,PREÇO PAGO PELO PRODUTOR,
ALUGUEL DE PA CARREGADEIR,NÃO INFORMADO,5407,RO,NORTE,2025,11,PREÇO PAGO PELO PRODUTOR,
ALUGUEL DE RETROESCAVADEI,NÃO INFORMADO,7496,PA,NORTE,2026,3,PREÇO PAGO PELO PRODUTOR,
ALUGUEL DE TRATOR,140 COM IMPLEMENTO,13179,PA,NORTE,2025,9,PREÇO PAGO PELO PRODUTOR,
ALUGUEL DE TRATOR,272 NEW HOLLAND TC59,14523,PA,NORTE,2025,9,PREÇO PAGO PELO PRODUTOR,
ALUGUEL DE TRATOR,140 COM IMPLEMENTO,13179,PA,NORTE,2025,10,PREÇO PAGO PELO PRODUTOR,
AMENDOA DE ANDIROBA,NÃO INFORMADO,10211,AM,NORTE,2025,9,PREÇO RECEBIDO P/ PRODUTOR,1.34
AMENDOA DE ANDIROBA,NÃO INFORMADO,10211,PA,NORTE,2025,9,PREÇO RECEBIDO P/ PRODUTOR,1.18
AMENDOA DE ANDIROBA,NÃO INFORMADO,10211,AM,NORTE,2025,10,PREÇO RECEBIDO P/ PRODUTOR,1.4
AMENDOA DE ANDIROBA,NÃO INFORMADO,10211,PA,NORTE,2025,10,PREÇO RECEBIDO P/ PRODUTOR,1.18
AMENDOA DE ANDIROBA,NÃO INFORMADO,10211,AM,NORTE,2025,11,PREÇO RECEBIDO P/ PRODUTOR,1.34
AMENDOA DE ANDIROBA,NÃO INFORMADO,10211,PA,NORTE,2025,11,PREÇO RECEBIDO P/ PRODUTOR,1.18
AMENDOA DE ANDIROBA,NÃO INFORMADO,10211,AM,NORTE,2025,12,PREÇO RECEBIDO P/ PRODUTOR,1.38
AMENDOA DE ANDIROBA,NÃO INFORMADO,10211,PA,NORTE,2025,12,PREÇO RECEBIDO P/ PRODUTOR,1.21
AMENDOA DE ANDIROBA,NÃO INFORMADO,10211,AM,NORTE,2026,1,PREÇO RECEBIDO P/ PRODUTOR,1.05
AMENDOA DE ANDIROBA,NÃO INFORMADO,10211,PA,NORTE,2026,1,PREÇO RECEBIDO P/ PRODUTOR,1.3
AMENDOA DE ANDIROBA,NÃO INFORMADO,10211,AM,NORTE,2026,2,PREÇO RECEBIDO P/ PRODUTOR,1.33
AMENDOA DE ANDIROBA,NÃO INFORMADO,10211,PA,NORTE,2026,2,PREÇO RECEBIDO P/ PRODUTOR,1.3
AMENDOA DE ANDIROBA,NÃO INFORMADO,10211,AM,NORTE,2026,3,PREÇO RECEBIDO P/ PRODUTOR,1.5
AMENDOA DE ANDIROBA,NÃO INFORMADO,10211,PA,NORTE,2026,3,PREÇO RECEBIDO P/ PRODUTOR,1.69
AMENDOA DE ANDIROBA,NÃO INFORMADO,10211,AM,NORTE,2026,4,PREÇO RECEBIDO P/ PRODUTOR,1.63
AMENDOA DE ANDIROBA,NÃO INFORMADO,10211,PA,NORTE,2026,4,PREÇO RECEBIDO P/ PRODUTOR,1.68
AMENDOA DE ANDIROBA,NÃO INFORMADO,10211,AM,NORTE,2026,5,PREÇO RECEBIDO P/ PRODUTOR,1.42
AMENDOA DE ANDIROBA,NÃO INFORMADO,10211,PA,NORTE,2026,5,PREÇO RECEBIDO P/ PRODUTOR,1.66
AMENDOA DE ANDIROBA,NÃO INFORMADO,10211,AM,NORTE,2026,6,PREÇO RECEBIDO P/ PRODUTOR,1.5
AMENDOA DE ANDIROBA,NÃO INFORMADO,10211,PA,NORTE,2026,6,PREÇO RECEBIDO P/ PRODUTOR,1.67
AMENDOA DE ANDIROBA,NÃO INFORMADO,10211,AM,NORTE,2026,7,PREÇO RECEBIDO P/ PRODUTOR,1.5
AMENDOA DE ANDIROBA,NÃO INFORMADO,10211,PA,NORTE,2026,7,PREÇO RECEBIDO P/ PRODUTOR,1.67
AMENDOA DE ANDIROBA,NÃO INFORMADO,10211,AM,NORTE,2026,8,PREÇO RECEBIDO P/ PRODUTOR,1.4
AMENDOA DE ANDIROBA,NÃO INFORMADO,10211,PA,NORTE,2026,8,PREÇO RECEBIDO P/ PRODUTOR,1.38
AMONIACO,"ANTICOAGULANTE, PARA",13907,PA,NORTE,2026,7,PREÇO PAGO PELO PRODUTOR,27.9
ANALISE DE LABORATORIO,SOLO COMPLETA MACRON,8402,RO,NORTE,2025,10,PREÇO PAGO PELO PRODUTOR,200.0
ANALISE DE LABORATORIO,SOLO COMPLETA MACRON,8402,PA,NORTE,2026,3,PREÇO PAGO PELO PRODUTOR,38.0
APLICACAO DE AGROTOXICOS,VAZÃO: 30L,5430,TO,NORTE,2025,11,PREÇO PAGO PELO PRODUTOR,
APLICACAO DE AGROTOXICOS,VAZÃO: 20L,5429,TO,NORTE,2026,2,PREÇO PAGO PELO PRODUTOR,
APLICACAO DE AGROTOXICOS,VAZÃO: 20L,5429,TO,NORTE,2026,3,PREÇO PAGO PELO PRODUTOR,
APROACH PRIMA,NÃO INFORMADO,9781,TO,NORTE,2025,11,PREÇO PAGO PELO PRODUTOR,107.2
ARROZ,LONGO FINO TIPO 1 BE,4693,AC,NORTE,2025,9,VAREJO,5.1
ARROZ,LONGO FINO TIPO 1 BE,4693,AC,NORTE,2025,9,ATACADO,4.23
ARROZ,LONGO FINO TIPO 1 BE,4693,AM,NORTE,2025,9,VAREJO,5.27
ARROZ,LONGO FINO TIPO 1 BE,4693,AM,NORTE,2025,9,ATACADO,5.63
ARROZ,LONGO FINO TIPO 1 BE,4693,AP,NORTE,2025,9,ATACADO,4.69
ARROZ,LONGO FINO TIPO 1 BE,4693,AP,NORTE,2025,9,VAREJO,5.66
ARROZ,LONGO FINO EM CASCA,4685,PA,NORTE,2025,9,PREÇO RECEBIDO P/ PRODUTOR,1.58
ARROZ,LONGO FINO TIPO 1 BE,4693,PA,NORTE,2025,9,VAREJO,5.31
ARROZ,LONGO FINO TIPO 1 BE,4693,PA,NORTE,2025,9,ATACADO,3.98
ARROZ,LONGO FINO TIPO 1 BE,4693,RO,NORTE,2025,9,VAREJO,3.73
ARROZ,LONGO FINO TIPO 1 BE,4693,RO,NORTE,2025,9,ATACADO,3.48
ARROZ,LONGO FINO TIPO 1 BE,4693,RR,NORTE,2025,9,ATACADO,3.77
ARROZ,LONGO FINO TIPO 1 BE,4693,RR,NORTE,2025,9,VAREJO,5.27
ARROZ,LONGO FINO TIPO 1 BE,4693,TO,NORTE,2025,9,VAREJO,6.45
ARROZ,LONGO FINO TIPO 1 BE,4693,TO,NORTE,2025,9,ATACADO,4.01
ARROZ,LONGO FINO EM CASCA,4685,TO,NORTE,2025,9,PREÇO RECEBIDO P/ PRODUTOR,1.26
ARROZ,LONGO FINO TIPO 1 BE,4693,AC,NORTE,2025,10,VAREJO,5.08
ARROZ,LONGO FINO TIPO 1 BE,4693,AC,NORTE,2025,10,ATACADO,4.03
ARROZ,LONGO FINO TIPO 1 BE,4693,AM,NORTE,2025,10,ATACADO,5.36
ARROZ,LONGO FINO TIPO 1 BE,4693,AM,NORTE,2025,10,VAREJO,5.04
ARROZ,LONGO FINO TIPO 1 BE,4693,AP,NORTE,2025,10,VAREJO,5.87
ARROZ,LONGO FINO TIPO 1 BE,4693,AP,NORTE,2025,10,ATACADO,4.86
ARROZ,LONGO FINO TIPO 1 BE,4693,PA,NORTE,2025,10,VAREJO,4.81
ARROZ,LONGO FINO EM CASCA,4685,PA,NORTE,2025,10,PREÇO RECEBIDO P/ PRODUTOR,1.5
ARROZ,LONGO FINO TIPO 1 BE,4693,PA,NORTE,2025,10,ATACADO,3.83
ARROZ,LONGO FINO TIPO 1 BE,4693,RO,NORTE,2025,10,ATACADO,3.42
ARROZ,LONGO FINO TIPO 1 BE,4693,RO,NORTE,2025,10,VAREJO,3.69
ARROZ,LONGO FINO TIPO 1 BE,4693,RR,NORTE,2025,10,ATACADO,3.72
ARROZ,LONGO FINO TIPO 1 BE,4693,RR,NORTE,2025,10,VAREJO,5.08
ARROZ,LONGO FINO EM CASCA,4685,TO,NORTE,2025,10,PREÇO RECEBIDO P/ PRODUTOR,1.14
ARROZ,LONGO FINO TIPO 1 BE,4693,TO,NORTE,2025,10,ATACADO,4.02
ARROZ,LONGO FINO TIPO 1 BE,4693,TO,NORTE,2025,10,VAREJO,5.94
ARROZ,LONGO FINO TIPO 1 BE,4693,AC,NORTE,2025,11,VAREJO,4.96
ARROZ,LONGO FINO TIPO 1 BE,4693,AC,NORTE,2025,11,ATACADO,4.03
ARROZ,LONGO FINO TIPO 1 BE,4693,AM,NORTE,2025,11,VAREJO,4.81
ARROZ,LONGO FINO TIPO 1 BE,4693,AM,NORTE,2025,11,ATACADO,4.83
ARROZ,LONGO FINO TIPO 1 BE,4693,AP,NORTE,2025,11,ATACADO,4.33
ARROZ,LONGO FINO TIPO 1 BE,4693,AP,NORTE,2025,11,VAREJO,5.52
ARROZ,LONGO FINO EM CASCA,4685,PA,NORTE,2025,11,PREÇO RECEBIDO P/ PRODUTOR,1.46
ARROZ,LONGO FINO TIPO 1 BE,4693,PA,NORTE,2025,11,ATACADO,3.8
ARROZ,LONGO FINO TIPO 1 BE,4693,PA,NORTE,2025,11,VAREJO,4.7
ARROZ,LONGO FINO TIPO 1 BE,4693,RO,NORTE,2025,11,ATACADO,2.83
ARROZ,LONGO FINO TIPO 1 BE,4693,RO,NORTE,2025,11,VAREJO,3.58
ARROZ,LONGO FINO TIPO 1 BE,4693,RR,NORTE,2025,11,ATACADO,3.66
ARROZ,LONGO FINO TIPO 1 BE,4693,RR,NORTE,2025,11,VAREJO,4.75
ARROZ,LONGO FINO TIPO 1 BE,4693,TO,NORTE,2025,11,VAREJO,5.92
ARROZ,LONGO FINO TIPO 1 BE,4693,TO,NORTE,2025,11,ATACADO,3.98
ARROZ,LONGO FINO EM CASCA,4685,TO,NORTE,2025,11,PREÇO RECEBIDO P/ PRODUTOR,1.09
ARROZ,LONGO FINO TIPO 1 BE,4693,AC,NORTE,2025,12,ATACADO,4.04
ARROZ,LONGO FINO TIPO 1 BE,4693,AC,NORTE,2025,12,VAREJO,4.78
ARROZ,LONGO FINO TIPO 1 BE,4693,AM,NORTE,2025,12,ATACADO,4.74
ARROZ,LONGO FINO TIPO 1 BE,4693,AM,NORTE,2025,12,VAREJO,4.86
ARROZ,LONGO FINO TIPO 1 BE,4693,AP,NORTE,2025,12,ATACADO,4.52
ARROZ,LONGO FINO TIPO 1 BE,4693,AP,NORTE,2025,12,VAREJO,5.45
ARROZ,LONGO FINO TIPO 1 BE,4693,PA,NORTE,2025,12,ATACADO,3.67
ARROZ,LONGO FINO EM CASCA,4685,PA,NORTE,2025,12,PREÇO RECEBIDO P/ PRODUTOR,1.43
ARROZ,LONGO FINO TIPO 1 BE,4693,PA,NORTE,2025,12,VAREJO,4.59
ARROZ,LONGO FINO TIPO 1 BE,4693,RO,NORTE,2025,12,VAREJO,3.58
ARROZ,LONGO FINO TIPO 1 BE,4693,RO,NORTE,2025,12,ATACADO,4.17
ARROZ,LONGO FINO TIPO 1 BE,4693,RR,NORTE,2025,12,VAREJO,4.64
ARROZ,LONGO FINO TIPO 1 BE,4693,RR,NORTE,2025,12,ATACADO,3.65
ARROZ,LONGO FINO EM CASCA,4685,TO,NORTE,2025,12,PREÇO RECEBIDO P/ PRODUTOR,1.14
ARROZ,LONGO FINO TIPO 1 BE,4693,TO,NORTE,2025,12,VAREJO,5.71
ARROZ,LONGO FINO TIPO 1 BE,4693,TO,NORTE,2025,12,ATACADO,4.07
ARROZ,LONGO FINO TIPO 1 BE,4693,AC,NORTE,2026,1,VAREJO,4.6
ARROZ,LONGO FINO TIPO 1 BE,4693,AM,NORTE,2026,1,VAREJO,4.68
ARROZ,LONGO FINO TIPO 1 BE,4693,AP,NORTE,2026,1,VAREJO,4.84
ARROZ,LONGO FINO TIPO 1 BE,4693,PA,NORTE,2026,1,VAREJO,4.35
ARROZ,LONGO FINO EM CASCA,4685,PA,NORTE,2026,1,PREÇO RECEBIDO P/ PRODUTOR,1.42
ARROZ,LONGO FINO TIPO 1 BE,4693,RO,NORTE,2026,1,VAREJO,3.58
ARROZ,LONGO FINO TIPO 1 BE,4693,RR,NORTE,2026,1,VAREJO,4.61
ARROZ,LONGO FINO EM CASCA,4685,TO,NORTE,2026,1,PREÇO RECEBIDO P/ PRODUTOR,1.25
ARROZ,LONGO FINO TIPO 1 BE,4693,TO,NORTE,2026,1,VAREJO,5.71
ARROZ,LONGO FINO TIPO 1 BE,4693,AC,NORTE,2026,2,VAREJO,4.6
ARROZ,LONGO FINO TIPO 1 BE,4693,AM,NORTE,2026,2,VAREJO,4.64
ARROZ,LONGO FINO TIPO 1 BE,4693,AP,NORTE,2026,2,VAREJO,5.0
ARROZ,LONGO FINO TIPO 1 BE,4693,PA,NORTE,2026,2,VAREJO,4.33
ARROZ,LONGO FINO EM CASCA,4685,PA,NORTE,2026,2,PREÇO RECEBIDO P/ PRODUTOR,1.46
ARROZ,LONGO FINO TIPO 1 BE,4693,RO,NORTE,2026,2,VAREJO,3.61
ARROZ,LONGO FINO TIPO 1 BE,4693,RR,NORTE,2026,2,VAREJO,4.49
ARROZ,LONGO FINO TIPO 1 BE,4693,TO,NORTE,2026,2,VAREJO,5.45
ARROZ,LONGO FINO EM CASCA,4685,TO,NORTE,2026,2,PREÇO RECEBIDO P/ PRODUTOR,1.19
ARROZ,LONGO FINO TIPO 1 BE,4693,AC,NORTE,2026,3,VAREJO,4.45
ARROZ,LONGO FINO TIPO 1 BE,4693,AM,NORTE,2026,3,VAREJO,4.51
ARROZ,LONGO FINO TIPO 1 BE,4693,AP,NORTE,2026,3,VAREJO,5.19
ARROZ,LONGO FINO TIPO 1 BE,4693,PA,NORTE,2026,3,VAREJO,4.27
ARROZ,LONGO FINO EM CASCA,4685,PA,NORTE,2026,3,PREÇO RECEBIDO P/ PRODUTOR,1.44
ARROZ,LONGO FINO TIPO 1 BE,4693,RO,NORTE,2026,3,VAREJO,3.86
ARROZ,LONGO FINO TIPO 1 BE,4693,RR,NORTE,2026,3,VAREJO,4.47
ARROZ,LONGO FINO EM CASCA,4685,TO,NORTE,2026,3,PREÇO RECEBIDO P/ PRODUTOR,1.2
ARROZ,LONGO FINO TIPO 1 BE,4693,TO,NORTE,2026,3,VAREJO,5.14
ARROZ,LONGO FINO TIPO 1 BE,4693,AC,NORTE,2026,4,VAREJO,4.62
ARROZ,LONGO FINO TIPO 1 BE,4693,AM,NORTE,2026,4,VAREJO,4.69
ARROZ,LONGO FINO TIPO 1 BE,4693,AP,NORTE,2026,4,VAREJO,5.39
ARROZ,LONGO FINO TIPO 1 BE,4693,PA,NORTE,2026,4,VAREJO,4.54
ARROZ,LONGO FINO EM CASCA,4685,PA,NORTE,2026,4,PREÇO RECEBIDO P/ PRODUTOR,1.5
ARROZ,LONGO FINO TIPO 1 BE,4693,RO,NORTE,2026,4,VAREJO,4.17
ARROZ,LONGO FINO TIPO 1 BE,4693,RR,NORTE,2026,4,VAREJO,4.4
ARROZ,LONGO FINO EM CASCA,4685,TO,NORTE,2026,4,PREÇO RECEBIDO P/ PRODUTOR,1.33
ARROZ,LONGO FINO TIPO 1 BE,4693,TO,NORTE,2026,4,VAREJO,5.41
ARROZ,LONGO FINO TIPO 1 BE,4693,AC,NORTE,2026,5,VAREJO,4.79
ARROZ,LONGO FINO TIPO 1 BE,4693,AM,NORTE,2026,5,VAREJO,4.73
ARROZ,LONGO FINO TIPO 1 BE,4693,AP,NORTE,2026,5,VAREJO,5.12
ARROZ,LONGO FINO EM CASCA,4685,PA,NORTE,2026,5,PREÇO RECEBIDO P/ PRODUTOR,1.74
ARROZ,LONGO FINO TIPO 1 BE,4693,PA,NORTE,2026,5,VAREJO,4.73
ARROZ,LONGO FINO TIPO 1 BE,4693,RO,NORTE,2026,5,VAREJO,4.37
ARROZ,LONGO FINO TIPO 1 BE,4693,RR,NORTE,2026,5,VAREJO,4.39
ARROZ,LONGO FINO EM CASCA,4685,TO,NORTE,2026,5,PREÇO RECEBIDO P/ PRODUTOR,1.32
ARROZ,LONGO FINO TIPO 1 BE,4693,TO,NORTE,2026,5,VAREJO,6.18
ARROZ,LONGO FINO TIPO 1 BE,4693,AC,NORTE,2026,6,VAREJO,5.03
ARROZ,LONGO FINO TIPO 1 BE,4693,AM,NORTE,2026,6,VAREJO,4.74
ARROZ,LONGO FINO TIPO 1 BE,4693,AP,NORTE,2026,6,VAREJO,5.38
ARROZ,LONGO FINO TIPO 1 BE,4693,PA,NORTE,2026,6,VAREJO,4.87
ARROZ,LONGO FINO EM CASCA,4685,PA,NORTE,2026,6,PREÇO RECEBIDO P/ PRODUTOR,1.79
ARROZ,LONGO FINO TIPO 1 BE,4693,RO,NORTE,2026,6,VAREJO,4.5
ARROZ,LONGO FINO TIPO 1 BE,4693,RR,NORTE,2026,6,VAREJO,4.36
ARROZ,LONGO FINO TIPO 1 BE,4693,TO,NORTE,2026,6,VAREJO,5.97
ARROZ,LONGO FINO EM CASCA,4685,TO,NORTE,2026,6,PREÇO RECEBIDO P/ PRODUTOR,1.28
ARROZ,LONGO FINO TIPO 1 BE,4693,AC,NORTE,2026,7,VAREJO,4.93
ARROZ,LONGO FINO TIPO 1 BE,4693,AM,NORTE,2026,7,VAREJO,4.72
ARROZ,LONGO FINO TIPO 1 BE,4693,AP,NORTE,2026,7,VAREJO,5.57
ARROZ,LONGO FINO TIPO 1 BE,4693,PA,NORTE,2026,7,VAREJO,4.9
ARROZ,LONGO FINO EM CASCA,4685,PA,NORTE,2026,7,PREÇO RECEBIDO P/ PRODUTOR,1.79
ARROZ,LONGO FINO TIPO 1 BE,4693,RO,NORTE,2026,7,VAREJO,4.6
ARROZ,LONGO FINO TIPO 1 BE,4693,RR,NORTE,2026,7,VAREJO,4.45
ARROZ,LONGO FINO EM CASCA,4685,TO,NORTE,2026,7,PREÇO RECEBIDO P/ PRODUTOR,1.34
ARROZ,LONGO FINO TIPO 1 BE,4693,TO,NORTE,2026,7,VAREJO,5.97
ARROZ,LONGO FINO TIPO 1 BE,4693,AC,NORTE,2026,8,VAREJO,5.1
ARROZ,LONGO FINO TIPO 1 BE,4693,AM,NORTE,2026,8,VAREJO,4.75
ARROZ,LONGO FINO TIPO 1 BE,4693,AP,NORTE,2026,8,VAREJO,5.65
ARROZ,LONGO FINO TIPO 1 BE,4693,PA,NORTE,2026,8,VAREJO,4.95
ARROZ,LONGO FINO EM CASCA,4685,PA,NORTE,2026,8,PREÇO RECEBIDO P/ PRODUTOR,1.75
ARROZ,LONGO FINO TIPO 1 BE,4693,RO,NORTE,2026,8,VAREJO,4.6
ARROZ,LONGO FINO TIPO 1 BE,4693,RR,NORTE,2026,8,VAREJO,4.32
ARROZ,LONGO FINO TIPO 1 BE,4693,TO,NORTE,2026,8,VAREJO,6.02
ARROZ,LONGO FINO EM CASCA,4685,TO,NORTE,2026,8,PREÇO RECEBIDO P/ PRODUTOR,1.72
ATRAZINA,500 G/L,13997,TO,NORTE,2025,11,PREÇO PAGO PELO PRODUTOR,19.68
ATRAZINA,500 G/L,13997,TO,NORTE,2026,3,PREÇO PAGO PELO PRODUTOR,23.7
AURORA,400 EC 400 G/L CARFE,7263,TO,NORTE,2025,11,PREÇO PAGO PELO PRODUTOR,367.8
AURORA,400 EC 400 G/L CARFE,7263,TO,NORTE,2026,3,PREÇO PAGO PELO PRODUTOR,358.9
AZIMUT,120 + 200 G/L AZOXIS,14345,RO,NORTE,2025,10,PREÇO PAGO PELO PRODUTOR,103.33
AZIMUT,120 + 200 G/L AZOXIS,14345,RO,NORTE,2025,11,PREÇO PAGO PELO PRODUTOR,103.33
BALAIO,DE ARAME E MADEIRA A,12904,PA,NORTE,2026,3,PREÇO PAGO PELO PRODUTOR,180.0
BALANCA,"40 KG, TIPO PEIXEIRO",13895,PA,NORTE,2026,7,PREÇO PAGO PELO PRODUTOR,75.0
BALDE,DE ZINCO PARA SERING,14146,AC,NORTE,2026,7,PREÇO PAGO PELO PRODUTOR,120.0
BALDE,20 LITROS PLÁSTICO,12300,AM,NORTE,2026,7,PREÇO PAGO PELO PRODUTOR,55.0
BALDE,20 LITROS PLÁSTICO,12300,PA,NORTE,2026,7,PREÇO PAGO PELO PRODUTOR,22.5
BALDE,5 LITROS PLÁSTICO,13905,PA,NORTE,2026,7,PREÇO PAGO PELO PRODUTOR,12.0
BANANA,PRATA,4629,AC,NORTE,2025,9,VAREJO,8.02
BANANA,NANICA,4627,AC,NORTE,2025,9,VAREJO,1.36
BANANA,NANICA,4627,AC,NORTE,2025,9,VAREJO,9.04
BANANA,PRATA,4629,AC,NORTE,2025,9,PREÇO RECEBIDO P/ PRODUTOR,1.89
BANANA,PRATA,4629,AC,NORTE,2025,9,VAREJO,0.8
BANANA,PRATA,4629,AM,NORTE,2025,9,VAREJO,9.18
BANANA,NANICA,4627,AM,NORTE,2025,9,VAREJO,10.57
BANANA,PRATA,4629,AM,NORTE,2025,9,VAREJO,0.92
BANANA,NANICA,4627,AM,NORTE,2025,9,VAREJO,1.59
BANANA,PRATA,4629,AM,NORTE,2025,9,PREÇO RECEBIDO P/ PRODUTOR,5.58
BANANA,NANICA,4627,AP,NORTE,2025,9,VAREJO,6.14
BANANA,PRATA,4629,AP,NORTE,2025,9,VAREJO,0.71
BANANA,PRATA,4629,AP,NORTE,2025,9,VAREJO,7.07
BANANA,PRATA,4629,AP,NORTE,2025,9,PREÇO RECEBIDO P/ PRODUTOR,4.2
BANANA,NANICA,4627,AP,NORTE,2025,9,VAREJO,0.92
BANANA,NANICA,4627,PA,NORTE,2025,9,VAREJO,5.81
BANANA,PRATA,4629,PA,NORTE,2025,9,VAREJO,8.16
BANANA,PRATA,4629,PA,NORTE,2025,9,VAREJO,0.82
BANANA,NANICA,4627,PA,NORTE,2025,9,VAREJO,0.87
BANANA,PRATA,4629,RO,NORTE,2025,9,PREÇO RECEBIDO P/ PRODUTOR,5.43
BANANA,NANICA,4627,RO,NORTE,2025,9,VAREJO,8.33
BANANA,PRATA,4629,RO,NORTE,2025,9,VAREJO,9.47
BANANA,NANICA,4627,RO,NORTE,2025,9,VAREJO,1.25
BANANA,PRATA,4629,RO,NORTE,2025,9,VAREJO,0.95
BANANA,PRATA,4629,RR,NORTE,2025,9,VAREJO,0.85
BANANA,NANICA,4627,RR,NORTE,2025,9,VAREJO,1.37
BANANA,NANICA,4627,RR,NORTE,2025,9,VAREJO,9.12
BANANA,PRATA,4629,RR,NORTE,2025,9,VAREJO,8.52
BANANA,PRATA,4629,RR,NORTE,2025,9,PREÇO RECEBIDO P/ PRODUTOR,3.16
BANANA,NANICA,4627,TO,NORTE,2025,9,VAREJO,6.51
BANANA,NANICA,4627,TO,NORTE,2025,9,VAREJO,0.98
BANANA,PRATA,4629,TO,NORTE,2025,9,VAREJO,7.43
BANANA,PRATA,4629,TO,NORTE,2025,9,VAREJO,0.74
BANANA,PRATA,4629,TO,NORTE,2025,9,PREÇO RECEBIDO P/ PRODUTOR,2.0
BANANA,PRATA,4629,AC,NORTE,2025,10,VAREJO,8.9
BANANA,PRATA,4629,AC,NORTE,2025,10,VAREJO,0.89
BANANA,NANICA,4627,AC,NORTE,2025,10,VAREJO,1.34
BANANA,NANICA,4627,AC,NORTE,2025,10,VAREJO,8.94
BANANA,PRATA,4629,AC,NORTE,2025,10,PREÇO RECEBIDO P/ PRODUTOR,1.94
BANANA,NANICA,4627,AM,NORTE,2025,10,VAREJO,1.57
BANANA,PRATA,4629,AM,NORTE,2025,10,VAREJO,9.17
BANANA,PRATA,4629,AM,NORTE,2025,10,PREÇO RECEBIDO P/ PRODUTOR,5.87
BANANA,PRATA,4629,AM,NORTE,2025,10,VAREJO,0.92
BANANA,NANICA,4627,AM,NORTE,2025,10,VAREJO,10.46
BANANA,NANICA,4627,AP,NORTE,2025,10,VAREJO,6.26
BANANA,NANICA,4627,AP,NORTE,2025,10,VAREJO,0.94
BANANA,PRATA,4629,AP,NORTE,2025,10,VAREJO,0.72
BANANA,PRATA,4629,AP,NORTE,2025,10,VAREJO,7.2
BANANA,PRATA,4629,AP,NORTE,2025,10,PREÇO RECEBIDO P/ PRODUTOR,4.41
BANANA,PRATA,4629,PA,NORTE,2025,10,VAREJO,8.04
BANANA,NANICA,4627,PA,NORTE,2025,10,VAREJO,0.89
BANANA,PRATA,4629,PA,NORTE,2025,10,VAREJO,0.8
BANANA,NANICA,4627,PA,NORTE,2025,10,VAREJO,5.94
BANANA,NANICA,4627,RO,NORTE,2025,10,VAREJO,8.47
BANANA,PRATA,4629,RO,NORTE,2025,10,VAREJO,0.93
BANANA,NANICA,4627,RO,NORTE,2025,10,VAREJO,1.27
BANANA,PRATA,4629,RO,NORTE,2025,10,VAREJO,9.32
BANANA,PRATA,4629,RO,NORTE,2025,10,PREÇO RECEBIDO P/ PRODUTOR,5.19
BANANA,PRATA,4629,RR,NORTE,2025,10,PREÇO RECEBIDO P/ PRODUTOR,2.97
BANANA,PRATA,4629,RR,NORTE,2025,10,VAREJO,0.82
BANANA,PRATA,4629,RR,NORTE,2025,10,VAREJO,8.15
BANANA,NANICA,4627,RR,NORTE,2025,10,VAREJO,9.28
BANANA,NANICA,4627,RR,NORTE,2025,10,VAREJO,1.39
BANANA,PRATA,4629,TO,NORTE,2025,10,VAREJO,0.72
BANANA,NANICA,4627,TO,NORTE,2025,10,VAREJO,1.04
BANANA,NANICA,4627,TO,NORTE,2025,10,VAREJO,6.9
BANANA,PRATA,4629,TO,NORTE,2025,10,VAREJO,7.23
BANANA,PRATA,4629,TO,NORTE,2025,10,PREÇO RECEBIDO P/ PRODUTOR,2.0
BANANA,NANICA,4627,AC,NORTE,2025,11,VAREJO,1.46
BANANA,PRATA,4629,AC,NORTE,2025,11,PREÇO RECEBIDO P/ PRODUTOR,2.0
BANANA,PRATA,4629,AC,NORTE,2025,11,VAREJO,8.83
BANANA,PRATA,4629,AC,NORTE,2025,11,VAREJO,0.88
BANANA,NANICA,4627,AC,NORTE,2025,11,VAREJO,9.74
BANANA,NANICA,4627,AM,NORTE,2025,11,VAREJO,1.73
BANANA,PRATA,4629,AM,NORTE,2025,11,VAREJO,0.88
BANANA,NANICA,4627,AM,NORTE,2025,11,VAREJO,11.55
BANANA,PRATA,4629,AM,NORTE,2025,11,VAREJO,8.77
BANANA,PRATA,4629,AM,NORTE,2025,11,PREÇO RECEBIDO P/ PRODUTOR,6.1
BANANA,NANICA,4627,AP,NORTE,2025,11,VAREJO,6.56
BANANA,NANICA,4627,AP,NORTE,2025,11,VAREJO,0.98
BANANA,PRATA,4629,AP,NORTE,2025,11,VAREJO,0.7
BANANA,PRATA,4629,AP,NORTE,2025,11,VAREJO,6.99
BANANA,PRATA,4629,AP,NORTE,2025,11,PREÇO RECEBIDO P/ PRODUTOR,4.2
BANANA,NANICA,4627,PA,NORTE,2025,11,VAREJO,0.91
BANANA,NANICA,4627,PA,NORTE,2025,11,VAREJO,6.04
BANANA,PRATA,4629,PA,NORTE,2025,11,VAREJO,0.81
BANANA,PRATA,4629,PA,NORTE,2025,11,VAREJO,8.06
BANANA,PRATA,4629,RO,NORTE,2025,11,VAREJO,0.93
BANANA,NANICA,4627,RO,NORTE,2025,11,VAREJO,1.35
BANANA,PRATA,4629,RO,NORTE,2025,11,PREÇO RECEBIDO P/ PRODUTOR,5.25
BANANA,PRATA,4629,RO,NORTE,2025,11,VAREJO,9.32
BANANA,NANICA,4627,RO,NORTE,2025,11,VAREJO,8.98
BANANA,NANICA,4627,RR,NORTE,2025,11,VAREJO,1.33
BANANA,NANICA,4627,RR,NORTE,2025,11,VAREJO,8.88
BANANA,PRATA,4629,RR,NORTE,2025,11,VAREJO,7.24
BANANA,PRATA,4629,RR,NORTE,2025,11,VAREJO,0.72
BANANA,PRATA,4629,RR,NORTE,2025,11,PREÇO RECEBIDO P/ PRODUTOR,3.5
BANANA,PRATA,4629,TO,NORTE,2025,11,PREÇO RECEBIDO P/ PRODUTOR,1.95
BANANA,PRATA,4629,TO,NORTE,2025,11,VAREJO,6.71
BANANA,PRATA,4629,TO,NORTE,2025,11,VAREJO,0.67
BANANA,NANICA,4627,TO,NORTE,2025,11,VAREJO,6.58
BANANA,NANICA,4627,TO,NORTE,2025,11,VAREJO,0.99
BANANA,PRATA,4629,AC,NORTE,2025,12,VAREJO,8.72
BANANA,NANICA,4627,AC,NORTE,2025,12,VAREJO,10.17
BANANA,PRATA,4629,AC,NORTE,2025,12,PREÇO RECEBIDO P/ PRODUTOR,1.98
BANANA,NANICA,4627,AC,NORTE,2025,12,VAREJO,1.53
BANANA,PRATA,4629,AC,NORTE,2025,12,VAREJO,0.87
BANANA,PRATA,4629,AM,NORTE,2025,12,VAREJO,8.44
BANANA,NANICA,4627,AM,NORTE,2025,12,VAREJO,1.77
BANANA,NANICA,4627,AM,NORTE,2025,12,VAREJO,11.82
BANANA,PRATA,4629,AM,NORTE,2025,12,PREÇO RECEBIDO P/ PRODUTOR,6.0
BANANA,PRATA,4629,AM,NORTE,2025,12,VAREJO,0.84
BANANA,PRATA,4629,AP,NORTE,2025,12,VAREJO,0.7
BANANA,NANICA,4627,AP,NORTE,2025,12,VAREJO,6.71
BANANA,PRATA,4629,AP,NORTE,2025,12,PREÇO RECEBIDO P/ PRODUTOR,4.0
BANANA,PRATA,4629,AP,NORTE,2025,12,VAREJO,7.03
BANANA,NANICA,4627,AP,NORTE,2025,12,VAREJO,1.01
BANANA,PRATA,4629,PA,NORTE,2025,12,VAREJO,0.81
BANANA,NANICA,4627,PA,NORTE,2025,12,VAREJO,0.98
BANANA,PRATA,4629,PA,NORTE,2025,12,VAREJO,8.13
BANANA,NANICA,4627,PA,NORTE,2025,12,VAREJO,6.5
BANANA,NANICA,4627,RO,NORTE,2025,12,VAREJO,8.46
BANANA,PRATA,4629,RO,NORTE,2025,12,PREÇO RECEBIDO P/ PRODUTOR,5.55
BANANA,PRATA,4629,RO,NORTE,2025,12,VAREJO,1.0
BANANA,NANICA,4627,RO,NORTE,2025,12,VAREJO,1.27
BANANA,PRATA,4629,RO,NORTE,2025,12,VAREJO,10.01
BANANA,PRATA,4629,RR,NORTE,2025,12,PREÇO RECEBIDO P/ PRODUTOR,2.76
BANANA,PRATA,4629,RR,NORTE,2025,12,VAREJO,0.68
BANANA,NANICA,4627,RR,NORTE,2025,12,VAREJO,9.0
BANANA,NANICA,4627,RR,NORTE,2025,12,VAREJO,1.35
BANANA,PRATA,4629,RR,NORTE,2025,12,VAREJO,6.79
BANANA,NANICA,4627,TO,NORTE,2025,12,VAREJO,6.74
BANANA,PRATA,4629,TO,NORTE,2025,12,VAREJO,0.74
BANANA,NANICA,4627,TO,NORTE,2025,12,VAREJO,1.01
BANANA,PRATA,4629,TO,NORTE,2025,12,VAREJO,7.42
BANANA,PRATA,4629,TO,NORTE,2025,12,PREÇO RECEBIDO P/ PRODUTOR,1.8
BANANA,NANICA,4627,AC,NORTE,2026,1,VAREJO,9.39
BANANA,NANICA,4627,AC,NORTE,2026,1,VAREJO,1.41
BANANA,PRATA,4629,AC,NORTE,2026,1,PREÇO RECEBIDO P/ PRODUTOR,6.0
BANANA,PRATA,4629,AC,NORTE,2026,1,VAREJO,9.24
BANANA,PRATA,4629,AC,NORTE,2026,1,VAREJO,0.92
BANANA,NANICA,4627,AM,NORTE,2026,1,VAREJO,1.67
BANANA,NANICA,4627,AM,NORTE,2026,1,VAREJO,11.11
BANANA,PRATA,4629,AM,NORTE,2026,1,VAREJO,8.86
BANANA,PRATA,4629,AM,NORTE,2026,1,PREÇO RECEBIDO P/ PRODUTOR,6.07
BANANA,PRATA,4629,AM,NORTE,2026,1,VAREJO,0.89
BANANA,PRATA,4629,AP,NORTE,2026,1,PREÇO RECEBIDO P/ PRODUTOR,4.5
BANANA,NANICA,4627,AP,NORTE,2026,1,VAREJO,1.09
BANANA,NANICA,4627,AP,NORTE,2026,1,VAREJO,7.24
BANANA,PRATA,4629,AP,NORTE,2026,1,VAREJO,7.14
BANANA,PRATA,4629,AP,NORTE,2026,1,VAREJO,0.71
BANANA,NANICA,4627,PA,NORTE,2026,1,VAREJO,1.02
BANANA,PRATA,4629,PA,NORTE,2026,1,VAREJO,0.82
BANANA,PRATA,4629,PA,NORTE,2026,1,VAREJO,8.15
BANANA,NANICA,4627,PA,NORTE,2026,1,VAREJO,6.8
BANANA,NANICA,4627,RO,NORTE,2026,1,VAREJO,1.16
BANANA,NANICA,4627,RO,NORTE,2026,1,VAREJO,7.76
BANANA,PRATA,4629,RO,NORTE,2026,1,VAREJO,1.01
BANANA,PRATA,4629,RO,NORTE,2026,1,VAREJO,10.09
BANANA,PRATA,4629,RO,NORTE,2026,1,PREÇO RECEBIDO P/ PRODUTOR,5.38
BANANA,PRATA,4629,RR,NORTE,2026,1,VAREJO,0.68
BANANA,NANICA,4627,RR,NORTE,2026,1,VAREJO,8.0
BANANA,NANICA,4627,RR,NORTE,2026,1,VAREJO,1.2
BANANA,PRATA,4629,RR,NORTE,2026,1,VAREJO,6.82
BANANA,PRATA,4629,RR,NORTE,2026,1,PREÇO RECEBIDO P/ PRODUTOR,3.38
BANANA,NANICA,4627,TO,NORTE,2026,1,VAREJO,6.45
BANANA,PRATA,4629,TO,NORTE,2026,1,VAREJO,7.54
BANANA,PRATA,4629,TO,NORTE,2026,1,PREÇO RECEBIDO P/ PRODUTOR,1.85
BANANA,PRATA,4629,TO,NORTE,2026,1,VAREJO,0.75
BANANA,NANICA,4627,TO,NORTE,2026,1,VAREJO,0.97
BANANA,PRATA,4629,AC,NORTE,2026,2,PREÇO RECEBIDO P/ PRODUTOR,6.0
BANANA,PRATA,4629,AC,NORTE,2026,2,VAREJO,0.92
BANANA,NANICA,4627,AC,NORTE,2026,2,VAREJO,9.6
BANANA,NANICA,4627,AC,NORTE,2026,2,VAREJO,1.44
BANANA,PRATA,4629,AC,NORTE,2026,2,VAREJO,9.15
BANANA,PRATA,4629,AM,NORTE,2026,2,PREÇO RECEBIDO P/ PRODUTOR,6.26
BANANA,NANICA,4627,AM,NORTE,2026,2,VAREJO,11.49
BANANA,PRATA,4629,AM,NORTE,2026,2,VAREJO,8.2
BANANA,NANICA,4627,AM,NORTE,2026,2,VAREJO,1.72
BANANA,PRATA,4629,AM,NORTE,2026,2,VAREJO,0.82
BANANA,PRATA,4629,AP,NORTE,2026,2,VAREJO,7.19
BANANA,NANICA,4627,AP,NORTE,2026,2,VAREJO,7.07
BANANA,PRATA,4629,AP,NORTE,2026,2,VAREJO,0.72
BANANA,PRATA,4629,AP,NORTE,2026,2,PREÇO RECEBIDO P/ PRODUTOR,4.43
BANANA,NANICA,4627,AP,NORTE,2026,2,VAREJO,1.06
BANANA,PRATA,4629,PA,NORTE,2026,2,VAREJO,8.05
BANANA,NANICA,4627,PA,NORTE,2026,2,VAREJO,6.96
BANANA,PRATA,4629,PA,NORTE,2026,2,VAREJO,0.81
BANANA,NANICA,4627,PA,NORTE,2026,2,VAREJO,1.04
BANANA,PRATA,4629,RO,NORTE,2026,2,VAREJO,9.58
BANANA,NANICA,4627,RO,NORTE,2026,2,VAREJO,7.51
BANANA,PRATA,4629,RO,NORTE,2026,2,PREÇO RECEBIDO P/ PRODUTOR,5.74
BANANA,NANICA,4627,RO,NORTE,2026,2,VAREJO,1.13
BANANA,PRATA,4629,RO,NORTE,2026,2,VAREJO,0.96
BANANA,PRATA,4629,RR,NORTE,2026,2,VAREJO,7.45
BANANA,PRATA,4629,RR,NORTE,2026,2,VAREJO,0.74
BANANA,PRATA,4629,RR,NORTE,2026,2,PREÇO RECEBIDO P/ PRODUTOR,2.81
BANANA,NANICA,4627,RR,NORTE,2026,2,VAREJO,1.29
BANANA,NANICA,4627,RR,NORTE,2026,2,VAREJO,8.63
BANANA,PRATA,4629,TO,NORTE,2026,2,PREÇO RECEBIDO P/ PRODUTOR,1.8
BANANA,NANICA,4627,TO,NORTE,2026,2,VAREJO,5.69
BANANA,NANICA,4627,TO,NORTE,2026,2,VAREJO,0.85
BANANA,PRATA,4629,TO,NORTE,2026,2,VAREJO,6.98
BANANA,PRATA,4629,TO,NORTE,2026,2,VAREJO,0.7
BANANA,PRATA,4629,AC,NORTE,2026,3,PREÇO RECEBIDO P/ PRODUTOR,6.0
BANANA,NANICA,4627,AC,NORTE,2026,3,VAREJO,9.15
BANANA,PRATA,4629,AC,NORTE,2026,3,VAREJO,8.67
BANANA,PRATA,4629,AC,NORTE,2026,3,VAREJO,0.87
BANANA,NANICA,4627,AC,NORTE,2026,3,VAREJO,1.37
BANANA,NANICA,4627,AM,NORTE,2026,3,VAREJO,1.18
BANANA,PRATA,4629,AM,NORTE,2026,3,PREÇO RECEBIDO P/ PRODUTOR,7.19
BANANA,NANICA,4627,AM,NORTE,2026,3,VAREJO,7.9
BANANA,PRATA,4629,AM,NORTE,2026,3,VAREJO,0.83
BANANA,PRATA,4629,AM,NORTE,2026,3,VAREJO,8.33
BANANA,PRATA,4629,AP,NORTE,2026,3,PREÇO RECEBIDO P/ PRODUTOR,4.0
BANANA,PRATA,4629,AP,NORTE,2026,3,VAREJO,0.74
BANANA,PRATA,4629,AP,NORTE,2026,3,VAREJO,7.37
BANANA,NANICA,4627,AP,NORTE,2026,3,VAREJO,7.02
BANANA,NANICA,4627,AP,NORTE,2026,3,VAREJO,1.05
BANANA,NANICA,4627,PA,NORTE,2026,3,VAREJO,1.07
BANANA,PRATA,4629,PA,NORTE,2026,3,VAREJO,0.84
BANANA,PRATA,4629,PA,NORTE,2026,3,VAREJO,8.39
BANANA,NANICA,4627,PA,NORTE,2026,3,VAREJO,7.1
BANANA,PRATA,4629,RO,NORTE,2026,3,PREÇO RECEBIDO P/ PRODUTOR,6.3
BANANA,NANICA,4627,RO,NORTE,2026,3,VAREJO,7.73
BANANA,PRATA,4629,RO,NORTE,2026,3,VAREJO,0.95
BANANA,PRATA,4629,RO,NORTE,2026,3,VAREJO,9.47
BANANA,NANICA,4627,RO,NORTE,2026,3,VAREJO,1.16
BANANA,PRATA,4629,RR,NORTE,2026,3,PREÇO RECEBIDO P/ PRODUTOR,2.63
BANANA,NANICA,4627,RR,NORTE,2026,3,VAREJO,8.97
BANANA,PRATA,4629,RR,NORTE,2026,3,VAREJO,7.71
BANANA,NANICA,4627,RR,NORTE,2026,3,VAREJO,1.27
BANANA,PRATA,4629,RR,NORTE,2026,3,VAREJO,0.77
BANANA,PRATA,4629,TO,NORTE,2026,3,VAREJO,0.71
BANANA,NANICA,4627,TO,NORTE,2026,3,VAREJO,0.85
BANANA,NANICA,4627,TO,NORTE,2026,3,VAREJO,5.69
BANANA,PRATA,4629,TO,NORTE,2026,3,VAREJO,7.12
BANANA,PRATA,4629,TO,NORTE,2026,3,PREÇO RECEBIDO P/ PRODUTOR,1.85
BANANA,NANICA,4627,AC,NORTE,2026,4,VAREJO,9.3
BANANA,PRATA,4629,AC,NORTE,2026,4,VAREJO,0.88
BANANA,PRATA,4629,AC,NORTE,2026,4,PREÇO RECEBIDO P/ PRODUTOR,4.79
BANANA,NANICA,4627,AC,NORTE,2026,4,VAREJO,1.39
BANANA,PRATA,4629,AC,NORTE,2026,4,VAREJO,8.78
BANANA,NANICA,4627,AM,NORTE,2026,4,VAREJO,1.45
BANANA,NANICA,4627,AM,NORTE,2026,4,VAREJO,9.63
BANANA,PRATA,4629,AM,NORTE,2026,4,PREÇO RECEBIDO P/ PRODUTOR,7.2
BANANA,PRATA,4629,AM,NORTE,2026,4,VAREJO,8.08
BANANA,PRATA,4629,AM,NORTE,2026,4,VAREJO,0.81
BANANA,NANICA,4627,AP,NORTE,2026,4,VAREJO,1.05
BANANA,PRATA,4629,AP,NORTE,2026,4,PREÇO RECEBIDO P/ PRODUTOR,4.0
BANANA,PRATA,4629,AP,NORTE,2026,4,VAREJO,7.44
BANANA,PRATA,4629,AP,NORTE,2026,4,VAREJO,0.74
BANANA,NANICA,4627,AP,NORTE,2026,4,VAREJO,7.02
BANANA,NANICA,4627,PA,NORTE,2026,4,VAREJO,7.32
BANANA,PRATA,4629,PA,NORTE,2026,4,VAREJO,8.58
BANANA,NANICA,4627,PA,NORTE,2026,4,VAREJO,1.1
BANANA,PRATA,4629,PA,NORTE,2026,4,VAREJO,0.86
BANANA,PRATA,4629,RO,NORTE,2026,4,VAREJO,1.01
BANANA,PRATA,4629,RO,NORTE,2026,4,PREÇO RECEBIDO P/ PRODUTOR,6.88
BANANA,PRATA,4629,RO,NORTE,2026,4,VAREJO,10.12
BANANA,NANICA,4627,RO,NORTE,2026,4,VAREJO,7.91
BANANA,NANICA,4627,RO,NORTE,2026,4,VAREJO,1.19
BANANA,PRATA,4629,RR,NORTE,2026,4,VAREJO,7.95
BANANA,NANICA,4627,RR,NORTE,2026,4,VAREJO,1.25
BANANA,PRATA,4629,RR,NORTE,2026,4,VAREJO,0.8
BANANA,PRATA,4629,RR,NORTE,2026,4,PREÇO RECEBIDO P/ PRODUTOR,2.42
BANANA,NANICA,4627,RR,NORTE,2026,4,VAREJO,8.35
BANANA,PRATA,4629,TO,NORTE,2026,4,PREÇO RECEBIDO P/ PRODUTOR,2.0
BANANA,NANICA,4627,TO,NORTE,2026,4,VAREJO,0.87
BANANA,NANICA,4627,TO,NORTE,2026,4,VAREJO,5.78
BANANA,PRATA,4629,TO,NORTE,2026,4,VAREJO,7.23
BANANA,PRATA,4629,TO,NORTE,2026,4,VAREJO,0.72
BANANA,NANICA,4627,AC,NORTE,2026,5,VAREJO,0.67
BANANA,PRATA,4629,AC,NORTE,2026,5,PREÇO RECEBIDO P/ PRODUTOR,3.3
BANANA,PRATA,4629,AC,NORTE,2026,5,VAREJO,8.57
BANANA,PRATA,4629,AC,NORTE,2026,5,VAREJO,0.71
BANANA,NANICA,4627,AC,NORTE,2026,5,VAREJO,8.09
BANANA,PRATA,4629,AM,NORTE,2026,5,VAREJO,0.73
BANANA,NANICA,4627,AM,NORTE,2026,5,VAREJO,0.83
BANANA,PRATA,4629,AM,NORTE,2026,5,PREÇO RECEBIDO P/ PRODUTOR,6.89
BANANA,PRATA,4629,AM,NORTE,2026,5,VAREJO,8.7
BANANA,NANICA,4627,AM,NORTE,2026,5,VAREJO,9.9
BANANA,PRATA,4629,AP,NORTE,2026,5,PREÇO RECEBIDO P/ PRODUTOR,4.0
BANANA,PRATA,4629,AP,NORTE,2026,5,VAREJO,7.34
BANANA,NANICA,4627,AP,NORTE,2026,5,VAREJO,0.57
BANANA,PRATA,4629,AP,NORTE,2026,5,VAREJO,0.61
BANANA,NANICA,4627,AP,NORTE,2026,5,VAREJO,6.89
BANANA,NANICA,4627,PA,NORTE,2026,5,VAREJO,0.62
BANANA,PRATA,4629,PA,NORTE,2026,5,VAREJO,0.71
BANANA,PRATA,4629,PA,NORTE,2026,5,VAREJO,8.48
BANANA,NANICA,4627,PA,NORTE,2026,5,VAREJO,7.42
BANANA,PRATA,4629,RO,NORTE,2026,5,VAREJO,0.78
BANANA,PRATA,4629,RO,NORTE,2026,5,VAREJO,9.4
BANANA,NANICA,4627,RO,NORTE,2026,5,VAREJO,0.6
BANANA,PRATA,4629,RO,NORTE,2026,5,PREÇO RECEBIDO P/ PRODUTOR,6.56
BANANA,NANICA,4627,RO,NORTE,2026,5,VAREJO,7.23
BANANA,PRATA,4629,RR,NORTE,2026,5,VAREJO,8.04
BANANA,PRATA,4629,RR,NORTE,2026,5,VAREJO,0.67
BANANA,PRATA,4629,RR,NORTE,2026,5,PREÇO RECEBIDO P/ PRODUTOR,2.38
BANANA,NANICA,4627,RR,NORTE,2026,5,VAREJO,8.31
BANANA,NANICA,4627,RR,NORTE,2026,5,VAREJO,0.69
BANANA,NANICA,4627,TO,NORTE,2026,5,VAREJO,0.45
BANANA,PRATA,4629,TO,NORTE,2026,5,PREÇO RECEBIDO P/ PRODUTOR,2.0
BANANA,PRATA,4629,TO,NORTE,2026,5,VAREJO,7.34
BANANA,NANICA,4627,TO,NORTE,2026,5,VAREJO,5.43
BANANA,PRATA,4629,TO,NORTE,2026,5,VAREJO,0.61
BANANA,NANICA,4627,AC,NORTE,2026,6,VAREJO,8.22
BANANA,PRATA,4629,AC,NORTE,2026,6,PREÇO RECEBIDO P/ PRODUTOR,4.0
BANANA,PRATA,4629,AC,NORTE,2026,6,VAREJO,8.64
BANANA,NANICA,4627,AC,NORTE,2026,6,VAREJO,0.69
BANANA,PRATA,4629,AC,NORTE,2026,6,VAREJO,0.72
BANANA,NANICA,4627,AM,NORTE,2026,6,VAREJO,9.34
BANANA,PRATA,4629,AM,NORTE,2026,6,PREÇO RECEBIDO P/ PRODUTOR,6.28
BANANA,PRATA,4629,AM,NORTE,2026,6,VAREJO,0.66
BANANA,NANICA,4627,AM,NORTE,2026,6,VAREJO,0.78
BANANA,PRATA,4629,AM,NORTE,2026,6,VAREJO,7.91
BANANA,PRATA,4629,AP,NORTE,2026,6,VAREJO,7.31
BANANA,NANICA,4627,AP,NORTE,2026,6,VAREJO,0.58
BANANA,NANICA,4627,AP,NORTE,2026,6,VAREJO,6.96
BANANA,PRATA,4629,AP,NORTE,2026,6,PREÇO RECEBIDO P/ PRODUTOR,4.0
BANANA,PRATA,4629,AP,NORTE,2026,6,VAREJO,0.61
BANANA,NANICA,4627,PA,NORTE,2026,6,VAREJO,0.6
BANANA,PRATA,4629,PA,NORTE,2026,6,VAREJO,0.7
BANANA,NANICA,4627,PA,NORTE,2026,6,VAREJO,7.25
BANANA,PRATA,4629,PA,NORTE,2026,6,VAREJO,8.39
BANANA,PRATA,4629,RO,NORTE,2026,6,VAREJO,9.59
BANANA,NANICA,4627,RO,NORTE,2026,6,VAREJO,0.63
BANANA,NANICA,4627,RO,NORTE,2026,6,VAREJO,7.55
BANANA,PRATA,4629,RO,NORTE,2026,6,VAREJO,0.8
BANANA,PRATA,4629,RO,NORTE,2026,6,PREÇO RECEBIDO P/ PRODUTOR,6.79
BANANA,PRATA,4629,RR,NORTE,2026,6,VAREJO,7.97
BANANA,PRATA,4629,RR,NORTE,2026,6,PREÇO RECEBIDO P/ PRODUTOR,2.43
BANANA,NANICA,4627,RR,NORTE,2026,6,VAREJO,0.65
BANANA,NANICA,4627,RR,NORTE,2026,6,VAREJO,7.82
BANANA,PRATA,4629,RR,NORTE,2026,6,VAREJO,0.66
BANANA,NANICA,4627,TO,NORTE,2026,6,VAREJO,0.46
BANANA,NANICA,4627,TO,NORTE,2026,6,VAREJO,5.54
BANANA,PRATA,4629,TO,NORTE,2026,6,VAREJO,0.57
BANANA,PRATA,4629,TO,NORTE,2026,6,VAREJO,6.89
BANANA,PRATA,4629,TO,NORTE,2026,6,PREÇO RECEBIDO P/ PRODUTOR,2.0
BANANA,PRATA,4629,AC,NORTE,2026,7,VAREJO,8.8
BANANA,NANICA,4627,AC,NORTE,2026,7,VAREJO,8.41
BANANA,PRATA,4629,AC,NORTE,2026,7,PREÇO RECEBIDO P/ PRODUTOR,4.05
BANANA,NANICA,4627,AM,NORTE,2026,7,VAREJO,10.12
BANANA,PRATA,4629,AM,NORTE,2026,7,VAREJO,8.36
BANANA,PRATA,4629,AM,NORTE,2026,7,PREÇO RECEBIDO P/ PRODUTOR,6.28
BANANA,PRATA,4629,AP,NORTE,2026,7,VAREJO,7.26
BANANA,NANICA,4627,AP,NORTE,2026,7,VAREJO,6.98
BANANA,PRATA,4629,AP,NORTE,2026,7,PREÇO RECEBIDO P/ PRODUTOR,4.0
BANANA,PRATA,4629,PA,NORTE,2026,7,VAREJO,8.31
BANANA,NANICA,4627,PA,NORTE,2026,7,VAREJO,7.24
BANANA,PRATA,4629,RO,NORTE,2026,7,PREÇO RECEBIDO P/ PRODUTOR,4.15
BANANA,NANICA,4627,RO,NORTE,2026,7,VAREJO,8.24
BANANA,PRATA,4629,RO,NORTE,2026,7,VAREJO,9.59
BANANA,PRATA,4629,RR,NORTE,2026,7,VAREJO,8.1
BANANA,PRATA,4629,RR,NORTE,2026,7,PREÇO RECEBIDO P/ PRODUTOR,2.42
BANANA,NANICA,4627,RR,NORTE,2026,7,VAREJO,8.09
BANANA,NANICA,4627,TO,NORTE,2026,7,VAREJO,5.34
BANANA,PRATA,4629,TO,NORTE,2026,7,VAREJO,6.57
BANANA,PRATA,4629,TO,NORTE,2026,7,PREÇO RECEBIDO P/ PRODUTOR,2.0
BANANA,PRATA,4629,AC,NORTE,2026,8,PREÇO RECEBIDO P/ PRODUTOR,4.5
BANANA,PRATA,4629,AC,NORTE,2026,8,VAREJO,8.69
BANANA,NANICA,4627,AC,NORTE,2026,8,VAREJO,8.35
BANANA,PRATA,4629,AM,NORTE,2026,8,PREÇO RECEBIDO P/ PRODUTOR,6.0
BANANA,NANICA,4627,AM,NORTE,2026,8,VAREJO,9.13
BANANA,PRATA,4629,AM,NORTE,2026,8,VAREJO,8.01
BANANA,NANICA,4627,AP,NORTE,2026,8,VAREJO,6.89
BANANA,PRATA,4629,AP,NORTE,2026,8,VAREJO,7.28
BANANA,PRATA,4629,AP,NORTE,2026,8,PREÇO RECEBIDO P/ PRODUTOR,3.63
BANANA,PRATA,4629,PA,NORTE,2026,8,VAREJO,8.22
BANANA,NANICA,4627,PA,NORTE,2026,8,VAREJO,7.23
BANANA,PRATA,4629,RO,NORTE,2026,8,VAREJO,9.7
BANANA,NANICA,4627,RO,NORTE,2026,8,VAREJO,8.28
BANANA,PRATA,4629,RO,NORTE,2026,8,PREÇO RECEBIDO P/ PRODUTOR,4.17
BANANA,PRATA,4629,RR,NORTE,2026,8,PREÇO RECEBIDO P/ PRODUTOR,2.99
BANANA,NANICA,4627,RR,NORTE,2026,8,VAREJO,8.66
BANANA,PRATA,4629,RR,NORTE,2026,8,VAREJO,8.23
BANANA,PRATA,4629,TO,NORTE,2026,8,VAREJO,6.64
BANANA,PRATA,4629,TO,NORTE,2026,8,PREÇO RECEBIDO P/ PRODUTOR,2.0
BANANA,NANICA,4627,TO,NORTE,2026,8,VAREJO,6.02
BARBANTE,FIBRA,15326,AM,NORTE,2026,7,PREÇO PAGO PELO PRODUTOR,20.0
BARBANTE NYLON,PACOTE 100 UNIDADES,14236,AC,NORTE,2026,7,PREÇO PAGO PELO PRODUTOR,28.0
BARBANTE NYLON,NÃO INFORMADO,11855,AC,NORTE,2026,7,PREÇO PAGO PELO PRODUTOR,29.25
BARCACA PARA SECAGEM,30 M²,15341,AM,NORTE,2026,7,PREÇO PAGO PELO PRODUTOR,
BARCO,"ALUMÍNIO 8,40 M",14877,PA,NORTE,2026,7,PREÇO PAGO PELO PRODUTOR,18630.0
BASAGRAN,600 600 G/L BENTAZON,4028,TO,NORTE,2026,2,PREÇO PAGO PELO PRODUTOR,135.0
BASAGRAN,600 600 G/L BENTAZON,4028,TO,NORTE,2026,3,PREÇO PAGO PELO PRODUTOR,135.0
BATATA,NÃO INFORMADO,5521,AC,NORTE,2026,5,VAREJO,8.55
BATATA,NÃO INFORMADO,5521,AM,NORTE,2026,5,VAREJO,5.59
BATATA,NÃO INFORMADO,5521,AP,NORTE,2026,5,VAREJO,7.4
BATATA,NÃO INFORMADO,5521,PA,NORTE,2026,5,VAREJO,9.01
BATATA,NÃO INFORMADO,5521,RO,NORTE,2026,5,VAREJO,7.52
BATATA,NÃO INFORMADO,5521,RR,NORTE,2026,5,VAREJO,7.94
BATATA,NÃO INFORMADO,5521,TO,NORTE,2026,5,VAREJO,9.89
BATATA,NÃO INFORMADO,5521,AC,NORTE,2026,6,VAREJO,10.45
BATATA,NÃO INFORMADO,5521,AM,NORTE,2026,6,VAREJO,7.07
BATATA,NÃO INFORMADO,5521,AP,NORTE,2026,6,VAREJO,7.91
BATATA,NÃO INFORMADO,5521,PA,NORTE,2026,6,VAREJO,10.36
BATATA,NÃO INFORMADO,5521,RO,NORTE,2026,6,VAREJO,8.56
BATATA,NÃO INFORMADO,5521,RR,NORTE,2026,6,VAREJO,8.87
BATATA,NÃO INFORMADO,5521,TO,NORTE,2026,6,VAREJO,11.68
BATATA,NÃO INFORMADO,5521,AC,NORTE,2026,7,VAREJO,9.62
BATATA,NÃO INFORMADO,5521,AM,NORTE,2026,7,VAREJO,7.66
BATATA,NÃO INFORMADO,5521,AP,NORTE,2026,7,VAREJO,8.61
BATATA,NÃO INFORMADO,5521,PA,NORTE,2026,7,VAREJO,9.34
BATATA,NÃO INFORMADO,5521,RO,NORTE,2026,7,VAREJO,8.1
BATATA,NÃO INFORMADO,5521,RR,NORTE,2026,7,VAREJO,9.68
BATATA,NÃO INFORMADO,5521,TO,NORTE,2026,7,VAREJO,8.26
BATATA,NÃO INFORMADO,5521,AC,NORTE,2026,8,VAREJO,7.23
BATATA,NÃO INFORMADO,5521,AM,NORTE,2026,8,VAREJO,6.78
BATATA,NÃO INFORMADO,5521,AP,NORTE,2026,8,VAREJO,8.51
BATATA,NÃO INFORMADO,5521,PA,NORTE,2026,8,VAREJO,7.69
BATATA,NÃO INFORMADO,5521,RO,NORTE,2026,8,VAREJO,5.98
BATATA,NÃO INFORMADO,5521,RR,NORTE,2026,8,VAREJO,8.3
BATATA,NÃO INFORMADO,5521,TO,NORTE,2026,8,VAREJO,6.09
BATATA-DOCE,NÃO INFORMADO,9787,AC,NORTE,2025,9,PREÇO RECEBIDO P/ PRODUTOR,0.41
BATATA-DOCE,NÃO INFORMADO,9787,AM,NORTE,2025,9,PREÇO RECEBIDO P/ PRODUTOR,0.9
BATATA-DOCE,NÃO INFORMADO,9787,AC,NORTE,2025,10,PREÇO RECEBIDO P/ PRODUTOR,0.4
BATATA-DOCE,NÃO INFORMADO,9787,AM,NORTE,2025,10,PREÇO RECEBIDO P/ PRODUTOR,1.02
BATATA-DOCE,NÃO INFORMADO,9787,AC,NORTE,2025,11,PREÇO RECEBIDO P/ PRODUTOR,0.4
BATATA-DOCE,NÃO INFORMADO,9787,AM,NORTE,2025,11,PREÇO RECEBIDO P/ PRODUTOR,1.3
BATATA-DOCE,NÃO INFORMADO,9787,AC,NORTE,2025,12,PREÇO RECEBIDO P/ PRODUTOR,0.4
BATATA-DOCE,NÃO INFORMADO,9787,AM,NORTE,2025,12,PREÇO RECEBIDO P/ PRODUTOR,1.2
BATATA-DOCE,NÃO INFORMADO,9787,AC,NORTE,2026,1,PREÇO RECEBIDO P/ PRODUTOR,0.6
BATATA-DOCE,NÃO INFORMADO,9787,AM,NORTE,2026,1,PREÇO RECEBIDO P/ PRODUTOR,0.74
BATATA-DOCE,NÃO INFORMADO,9787,AC,NORTE,2026,2,PREÇO RECEBIDO P/ PRODUTOR,0.6
BATATA-DOCE,NÃO INFORMADO,9787,AM,NORTE,2026,2,PREÇO RECEBIDO P/ PRODUTOR,0.84
BATATA-DOCE,NÃO INFORMADO,9787,AC,NORTE,2026,3,PREÇO RECEBIDO P/ PRODUTOR,0.6
BATATA-DOCE,NÃO INFORMADO,9787,AM,NORTE,2026,3,PREÇO RECEBIDO P/ PRODUTOR,1.0
BATATA-DOCE,NÃO INFORMADO,9787,AC,NORTE,2026,4,PREÇO RECEBIDO P/ PRODUTOR,0.62
BATATA-DOCE,NÃO INFORMADO,9787,AM,NORTE,2026,4,PREÇO RECEBIDO P/ PRODUTOR,1.13
BATATA-DOCE,NÃO INFORMADO,9787,AC,NORTE,2026,5,PREÇO RECEBIDO P/ PRODUTOR,0.7
BATATA-DOCE,NÃO INFORMADO,9787,AM,NORTE,2026,5,PREÇO RECEBIDO P/ PRODUTOR,1.05
BATATA-DOCE,NÃO INFORMADO,9787,AC,NORTE,2026,6,PREÇO RECEBIDO P/ PRODUTOR,1.13
BATATA-DOCE,NÃO INFORMADO,9787,AM,NORTE,2026,6,PREÇO RECEBIDO P/ PRODUTOR,0.95
BATATA-DOCE,NÃO INFORMADO,9787,AC,NORTE,2026,7,PREÇO RECEBIDO P/ PRODUTOR,1.4
BATATA-DOCE,NÃO INFORMADO,9787,AM,NORTE,2026,7,PREÇO RECEBIDO P/ PRODUTOR,0.85
BATATA-DOCE,NÃO INFORMADO,9787,AC,NORTE,2026,8,PREÇO RECEBIDO P/ PRODUTOR,1.52
BATATA-DOCE,NÃO INFORMADO,9787,AM,NORTE,2026,8,PREÇO RECEBIDO P/ PRODUTOR,0.8
BAZUCA GRANELEIRA,12 TONELADAS,10549,TO,NORTE,2025,11,PREÇO PAGO PELO PRODUTOR,138000.0
BAZUCA GRANELEIRA,16.000 L,14032,TO,NORTE,2025,11,PREÇO PAGO PELO PRODUTOR,128500.0
BAZUCA GRANELEIRA,12 TONELADAS,10549,TO,NORTE,2026,2,PREÇO PAGO PELO PRODUTOR,138000.0
BAZUCA GRANELEIRA,16.000 L,14032,TO,NORTE,2026,3,PREÇO PAGO PELO PRODUTOR,125000.0
BAZUCA GRANELEIRA,12 TONELADAS,10549,TO,NORTE,2026,3,PREÇO PAGO PELO PRODUTOR,138000.0
BENEFICIAMENTO DO CAFE,NÃO INFORMADO,5439,RO,NORTE,2025,10,PREÇO PAGO PELO PRODUTOR,1.25
BENEFICIAMENTO DO CAFE,"SECAGEM, PILAGEM E T",12594,RO,NORTE,2025,10,PREÇO PAGO PELO PRODUTOR,1.42
BENEFICIAMENTO DO CAFE,NÃO INFORMADO,5439,RO,NORTE,2025,11,PREÇO PAGO PELO PRODUTOR,1.25
BENEFICIAMENTO DO CAFE,"SECAGEM, PILAGEM E T",12594,RO,NORTE,2025,11,PREÇO PAGO PELO PRODUTOR,1.42
BICA,COM SUPORTE,13148,AC,NORTE,2026,7,PREÇO PAGO PELO PRODUTOR,1.5
BIM + ALTERNE (KIT),NÃO INFORMADO,10672,TO,NORTE,2025,11,PREÇO PAGO PELO PRODUTOR,2138.0
BIM MAX,SC 200 + 160 G/L BEN,14059,TO,NORTE,2026,2,PREÇO PAGO PELO PRODUTOR,140.0
BIM MAX,SC 200 + 160 G/L BEN,14059,TO,NORTE,2026,3,PREÇO PAGO PELO PRODUTOR,140.0
BIOCROP 10,NÃO INFORMADO,14018,TO,NORTE,2025,11,PREÇO PAGO PELO PRODUTOR,170.0
BIOCROP 10,NÃO INFORMADO,14018,TO,NORTE,2026,3,PREÇO PAGO PELO PRODUTOR,173.4
BOI,GORDO,4193,PA,NORTE,2025,9,PREÇO RECEBIDO P/ PRODUTOR,19.49
BOI,GORDO,4193,TO,NORTE,2025,9,PREÇO RECEBIDO P/ PRODUTOR,19.11
BOI,GORDO,4193,PA,NORTE,2025,10,PREÇO RECEBIDO P/ PRODUTOR,19.76
BOI,GORDO,4193,TO,NORTE,2025,10,PREÇO RECEBIDO P/ PRODUTOR,19.16
BOI,GORDO,4193,PA,NORTE,2025,11,PREÇO RECEBIDO P/ PRODUTOR,20.36
BOI,GORDO,4193,TO,NORTE,2025,11,PREÇO RECEBIDO P/ PRODUTOR,19.84
BOI,GORDO,4193,PA,NORTE,2025,12,PREÇO RECEBIDO P/ PRODUTOR,20.07
BOI,GORDO,4193,TO,NORTE,2025,12,PREÇO RECEBIDO P/ PRODUTOR,19.87
BOI,GORDO,4193,PA,NORTE,2026,1,PREÇO RECEBIDO P/ PRODUTOR,20.28
BOI,GORDO,4193,TO,NORTE,2026,1,PREÇO RECEBIDO P/ PRODUTOR,19.75
BOI,GORDO,4193,PA,NORTE,2026,2,PREÇO RECEBIDO P/ PRODUTOR,21.0
BOI,GORDO,4193,TO,NORTE,2026,2,PREÇO RECEBIDO P/ PRODUTOR,20.4
BOI,GORDO,4193,PA,NORTE,2026,3,PREÇO RECEBIDO P/ PRODUTOR,21.69
BOI,GORDO,4193,TO,NORTE,2026,3,PREÇO RECEBIDO P/ PRODUTOR,21.39
BOI,GORDO,4193,PA,NORTE,2026,4,PREÇO RECEBIDO P/ PRODUTOR,23.25
BOI,GORDO,4193,TO,NORTE,2026,4,PREÇO RECEBIDO P/ PRODUTOR,22.51
BOI,GORDO,4193,PA,NORTE,2026,5,PREÇO RECEBIDO P/ PRODUTOR,22.97
BOI,GORDO,4193,TO,NORTE,2026,5,PREÇO RECEBIDO P/ PRODUTOR,22.23
BOI,GORDO,4193,PA,NORTE,2026,6,PREÇO RECEBIDO P/ PRODUTOR,23.03
BOI,GORDO,4193,TO,NORTE,2026,6,PREÇO RECEBIDO P/ PRODUTOR,21.97
BOI,GORDO,4193,PA,NORTE,2026,7,PREÇO RECEBIDO P/ PRODUTOR,21.57
BOI,GORDO,4193,TO,NORTE,2026,7,PREÇO RECEBIDO P/ PRODUTOR,21.05
BOI,GORDO,4193,PA,NORTE,2026,8,PREÇO RECEBIDO P/ PRODUTOR,22.75
BOI,GORDO,4193,TO,NORTE,2026,8,PREÇO RECEBIDO P/ PRODUTOR,22.03
BOMBONA,NÃO INFORMADO,7399,AM,NORTE,2026,7,PREÇO PAGO PELO PRODUTOR,191.0
BORO,NÃO INFORMADO,5784,PA,NORTE,2026,3,PREÇO PAGO PELO PRODUTOR,17.0
BORO AGRICHEM,NÃO INFORMADO,13977,TO,NORTE,2025,11,PREÇO PAGO PELO PRODUTOR,36.9
BORO AGRICHEM,NÃO INFORMADO,13977,TO,NORTE,2026,2,PREÇO PAGO PELO PRODUTOR,36.9
BORO AGRICHEM,NÃO INFORMADO,13977,TO,NORTE,2026,3,PREÇO PAGO PELO PRODUTOR,36.9
BORRACHA,CERNAMBI VIRGEM PREN,7931,AC,NORTE,2025,9,PREÇO RECEBIDO P/ PRODUTOR,3.5
BORRACHA,CERNAMBI VIRGEM PREN,7931,AM,NORTE,2025,9,PREÇO RECEBIDO P/ PRODUTOR,5.76
BORRACHA,CERNAMBI VIRGEM PREN,7931,PA,NORTE,2025,9,PREÇO RECEBIDO P/ PRODUTOR,3.06
BORRACHA,CERNAMBI VIRGEM PREN,7931,RO,NORTE,2025,9,PREÇO RECEBIDO P/ PRODUTOR,3.88
BORRACHA,CERNAMBI VIRGEM PREN,7931,AC,NORTE,2025,10,PREÇO RECEBIDO P/ PRODUTOR,3.5
BORRACHA,CERNAMBI VIRGEM PREN,7931,AM,NORTE,2025,10,PREÇO RECEBIDO P/ PRODUTOR,5.88
BORRACHA,CERNAMBI VIRGEM PREN,7931,PA,NORTE,2025,10,PREÇO RECEBIDO P/ PRODUTOR,3.06
BORRACHA,CERNAMBI VIRGEM PREN,7931,RO,NORTE,2025,10,PREÇO RECEBIDO P/ PRODUTOR,3.94
BORRACHA,CERNAMBI VIRGEM PREN,7931,AC,NORTE,2025,11,PREÇO RECEBIDO P/ PRODUTOR,3.5
BORRACHA,CERNAMBI VIRGEM PREN,7931,AM,NORTE,2025,11,PREÇO RECEBIDO P/ PRODUTOR,5.94
BORRACHA,CERNAMBI VIRGEM PREN,7931,PA,NORTE,2025,11,PREÇO RECEBIDO P/ PRODUTOR,3.06
BORRACHA,CERNAMBI VIRGEM PREN,7931,RO,NORTE,2025,11,PREÇO RECEBIDO P/ PRODUTOR,4.33
BORRACHA,CERNAMBI VIRGEM PREN,7931,AC,NORTE,2025,12,PREÇO RECEBIDO P/ PRODUTOR,3.5
BORRACHA,CERNAMBI VIRGEM PREN,7931,AM,NORTE,2025,12,PREÇO RECEBIDO P/ PRODUTOR,6.27
BORRACHA,CERNAMBI VIRGEM PREN,7931,PA,NORTE,2025,12,PREÇO RECEBIDO P/ PRODUTOR,3.06
BORRACHA,CERNAMBI VIRGEM PREN,7931,RO,NORTE,2025,12,PREÇO RECEBIDO P/ PRODUTOR,4.3
BORRACHA,CERNAMBI VIRGEM PREN,7931,AC,NORTE,2026,1,PREÇO RECEBIDO P/ PRODUTOR,3.5
BORRACHA,CERNAMBI VIRGEM PREN,7931,AM,NORTE,2026,1,PREÇO RECEBIDO P/ PRODUTOR,6.16
BORRACHA,CERNAMBI VIRGEM PREN,7931,PA,NORTE,2026,1,PREÇO RECEBIDO P/ PRODUTOR,2.99
BORRACHA,CERNAMBI VIRGEM PREN,7931,RO,NORTE,2026,1,PREÇO RECEBIDO P/ PRODUTOR,4.23
BORRACHA,CERNAMBI VIRGEM PREN,7931,AC,NORTE,2026,2,PREÇO RECEBIDO P/ PRODUTOR,3.5
BORRACHA,CERNAMBI VIRGEM PREN,7931,AM,NORTE,2026,2,PREÇO RECEBIDO P/ PRODUTOR,6.34
BORRACHA,CERNAMBI VIRGEM PREN,7931,PA,NORTE,2026,2,PREÇO RECEBIDO P/ PRODUTOR,2.99
BORRACHA,CERNAMBI VIRGEM PREN,7931,RO,NORTE,2026,2,PREÇO RECEBIDO P/ PRODUTOR,4.17
BORRACHA,CERNAMBI VIRGEM PREN,7931,AC,NORTE,2026,3,PREÇO RECEBIDO P/ PRODUTOR,3.5
BORRACHA,CERNAMBI VIRGEM PREN,7931,AM,NORTE,2026,3,PREÇO RECEBIDO P/ PRODUTOR,5.56
BORRACHA,CERNAMBI VIRGEM PREN,7931,PA,NORTE,2026,3,PREÇO RECEBIDO P/ PRODUTOR,2.99
BORRACHA,CERNAMBI VIRGEM PREN,7931,RO,NORTE,2026,3,PREÇO RECEBIDO P/ PRODUTOR,4.19
BORRACHA,CERNAMBI VIRGEM PREN,7931,AC,NORTE,2026,4,PREÇO RECEBIDO P/ PRODUTOR,3.5
BORRACHA,CERNAMBI VIRGEM PREN,7931,AM,NORTE,2026,4,PREÇO RECEBIDO P/ PRODUTOR,8.37
BORRACHA,CERNAMBI VIRGEM PREN,7931,PA,NORTE,2026,4,PREÇO RECEBIDO P/ PRODUTOR,2.99
BORRACHA,CERNAMBI VIRGEM PREN,7931,RO,NORTE,2026,4,PREÇO RECEBIDO P/ PRODUTOR,3.58
BORRACHA,CERNAMBI VIRGEM PREN,7931,AC,NORTE,2026,5,PREÇO RECEBIDO P/ PRODUTOR,3.5
BORRACHA,CERNAMBI VIRGEM PREN,7931,AM,NORTE,2026,5,PREÇO RECEBIDO P/ PRODUTOR,8.08
BORRACHA,CERNAMBI VIRGEM PREN,7931,PA,NORTE,2026,5,PREÇO RECEBIDO P/ PRODUTOR,2.99
BORRACHA,CERNAMBI VIRGEM PREN,7931,RO,NORTE,2026,5,PREÇO RECEBIDO P/ PRODUTOR,3.49
BORRACHA,CERNAMBI VIRGEM PREN,7931,AC,NORTE,2026,6,PREÇO RECEBIDO P/ PRODUTOR,3.5
BORRACHA,CERNAMBI VIRGEM PREN,7931,AM,NORTE,2026,6,PREÇO RECEBIDO P/ PRODUTOR,7.99
BORRACHA,CERNAMBI VIRGEM PREN,7931,PA,NORTE,2026,6,PREÇO RECEBIDO P/ PRODUTOR,2.99
BORRACHA,CERNAMBI VIRGEM PREN,7931,RO,NORTE,2026,6,PREÇO RECEBIDO P/ PRODUTOR,3.73
BORRACHA,CERNAMBI VIRGEM PREN,7931,AC,NORTE,2026,7,PREÇO RECEBIDO P/ PRODUTOR,3.5
BORRACHA,CERNAMBI VIRGEM PREN,7931,AM,NORTE,2026,7,PREÇO RECEBIDO P/ PRODUTOR,8.6
BORRACHA,CERNAMBI VIRGEM PREN,7931,PA,NORTE,2026,7,PREÇO RECEBIDO P/ PRODUTOR,2.99
BORRACHA,CERNAMBI VIRGEM PREN,7931,RO,NORTE,2026,7,PREÇO RECEBIDO P/ PRODUTOR,4.64
BORRACHA,CERNAMBI VIRGEM PREN,7931,AC,NORTE,2026,8,PREÇO RECEBIDO P/ PRODUTOR,3.5
BORRACHA,CERNAMBI VIRGEM PREN,7931,AM,NORTE,2026,8,PREÇO RECEBIDO P/ PRODUTOR,7.0
BORRACHA,CERNAMBI VIRGEM PREN,7931,PA,NORTE,2026,8,PREÇO RECEBIDO P/ PRODUTOR,2.99
BORRACHA,CERNAMBI VIRGEM PREN,7931,RO,NORTE,2026,8,PREÇO RECEBIDO P/ PRODUTOR,8.72
BORRACHA NATURAL,DRC 60%,14156,TO,NORTE,2025,9,PREÇO RECEBIDO P/ PRODUTOR,5.7
BORRACHA NATURAL,DRC 60%,14156,TO,NORTE,2025,10,PREÇO RECEBIDO P/ PRODUTOR,5.7
BORRACHA NATURAL,DRC 60%,14156,TO,NORTE,2025,11,PREÇO RECEBIDO P/ PRODUTOR,5.39
BORRACHA NATURAL,DRC 60%,14156,TO,NORTE,2025,12,PREÇO RECEBIDO P/ PRODUTOR,5.07
BORRACHA NATURAL,DRC 60%,14156,TO,NORTE,2026,1,PREÇO RECEBIDO P/ PRODUTOR,5.07
BORRACHA NATURAL,DRC 60%,14156,TO,NORTE,2026,2,PREÇO RECEBIDO P/ PRODUTOR,4.7
BORRACHA NATURAL,DRC 60%,14156,TO,NORTE,2026,3,PREÇO RECEBIDO P/ PRODUTOR,4.7
BORRACHA NATURAL,DRC 60%,14156,TO,NORTE,2026,4,PREÇO RECEBIDO P/ PRODUTOR,4.7
BORRACHA NATURAL,DRC 60%,14156,TO,NORTE,2026,5,PREÇO RECEBIDO P/ PRODUTOR,4.7
BORRACHA NATURAL,DRC 60%,14156,TO,NORTE,2026,6,PREÇO RECEBIDO P/ PRODUTOR,4.77
BORRACHA NATURAL,DRC 60%,14156,TO,NORTE,2026,7,PREÇO RECEBIDO P/ PRODUTOR,4.96
BORRACHA NATURAL,DRC 60%,14156,TO,NORTE,2026,8,PREÇO RECEBIDO P/ PRODUTOR,4.98
BOTA,SETE LÉGUAS,11612,PA,NORTE,2026,3,PREÇO PAGO PELO PRODUTOR,
BOTA,SETE LÉGUAS,11612,AC,NORTE,2026,7,PREÇO PAGO PELO PRODUTOR,75.0
BOTA,SETE LÉGUAS,11612,AC,NORTE,2026,7,PREÇO PAGO PELO PRODUTOR,
BOTA,SETE LÉGUAS,11612,AM,NORTE,2026,7,PREÇO PAGO PELO PRODUTOR,66.33
BOTA,SETE LÉGUAS,11612,AM,NORTE,2026,7,PREÇO PAGO PELO PRODUTOR,
BOTA,SETE LÉGUAS,11612,PA,NORTE,2026,7,PREÇO PAGO PELO PRODUTOR,80.0
BOTA,COURO BRACOL,13890,PA,NORTE,2026,7,PREÇO PAGO PELO PRODUTOR,
BOTA,DE CANO LONGO,12414,PA,NORTE,2026,7,PREÇO PAGO PELO PRODUTOR,80.0
BOTA,SETE LÉGUAS,11612,PA,NORTE,2026,7,PREÇO PAGO PELO PRODUTOR,
BOTIJAO DE GAS 13 KG,NÃO INFORMADO,8021,AM,NORTE,2026,7,PREÇO PAGO PELO PRODUTOR,163.0
BOTINA,NÃO INFORMADO,12285,PA,NORTE,2026,7,PREÇO PAGO PELO PRODUTOR,
BOVINO / EQUINO / MUARES,NÃO INFORMADO,5899,AC,NORTE,2026,7,PREÇO PAGO PELO PRODUTOR,0.45
BURITI,FRUTO,11117,AC,NORTE,2025,9,PREÇO RECEBIDO P/ PRODUTOR,0.91
BURITI,FRUTO,11117,AM,NORTE,2025,9,PREÇO RECEBIDO P/ PRODUTOR,1.44
BURITI,FRUTO,11117,PA,NORTE,2025,9,PREÇO RECEBIDO P/ PRODUTOR,1.1
BURITI,FRUTO,11117,RR,NORTE,2025,9,PREÇO RECEBIDO P/ PRODUTOR,1.63
BURITI,FRUTO,11117,AC,NORTE,2025,10,PREÇO RECEBIDO P/ PRODUTOR,0.91
BURITI,FRUTO,11117,AM,NORTE,2025,10,PREÇO RECEBIDO P/ PRODUTOR,1.45
BURITI,FRUTO,11117,PA,NORTE,2025,10,PREÇO RECEBIDO P/ PRODUTOR,1.1
BURITI,FRUTO,11117,RR,NORTE,2025,10,PREÇO RECEBIDO P/ PRODUTOR,1.65
BURITI,FRUTO,11117,AC,NORTE,2025,11,PREÇO RECEBIDO P/ PRODUTOR,0.91
BURITI,FRUTO,11117,AM,NORTE,2025,11,PREÇO RECEBIDO P/ PRODUTOR,1.54
BURITI,FRUTO,11117,PA,NORTE,2025,11,PREÇO RECEBIDO P/ PRODUTOR,1.1
BURITI,FRUTO,11117,RR,NORTE,2025,11,PREÇO RECEBIDO P/ PRODUTOR,1.65
BURITI,FRUTO,11117,AC,NORTE,2025,12,PREÇO RECEBIDO P/ PRODUTOR,0.85
BURITI,FRUTO,11117,AM,NORTE,2025,12,PREÇO RECEBIDO P/ PRODUTOR,1.53
BURITI,FRUTO,11117,PA,NORTE,2025,12,PREÇO RECEBIDO P/ PRODUTOR,1.13
BURITI,FRUTO,11117,RR,NORTE,2025,12,PREÇO RECEBIDO P/ PRODUTOR,1.65
BURITI,FRUTO,11117,AC,NORTE,2026,1,PREÇO RECEBIDO P/ PRODUTOR,0.7
BURITI,FRUTO,11117,AM,NORTE,2026,1,PREÇO RECEBIDO P/ PRODUTOR,2.31
BURITI,FRUTO,11117,PA,NORTE,2026,1,PREÇO RECEBIDO P/ PRODUTOR,1.16
BURITI,FRUTO,11117,RR,NORTE,2026,1,PREÇO RECEBIDO P/ PRODUTOR,1.6
BURITI,FRUTO,11117,AC,NORTE,2026,2,PREÇO RECEBIDO P/ PRODUTOR,0.7
BURITI,FRUTO,11117,AM,NORTE,2026,2,PREÇO RECEBIDO P/ PRODUTOR,3.15
BURITI,FRUTO,11117,PA,NORTE,2026,2,PREÇO RECEBIDO P/ PRODUTOR,1.3
BURITI,FRUTO,11117,RR,NORTE,2026,2,PREÇO RECEBIDO P/ PRODUTOR,1.7
BURITI,FRUTO,11117,AC,NORTE,2026,3,PREÇO RECEBIDO P/ PRODUTOR,0.7
BURITI,FRUTO,11117,AM,NORTE,2026,3,PREÇO RECEBIDO P/ PRODUTOR,3.15
BURITI,FRUTO,11117,PA,NORTE,2026,3,PREÇO RECEBIDO P/ PRODUTOR,1.38
BURITI,FRUTO,11117,RR,NORTE,2026,3,PREÇO RECEBIDO P/ PRODUTOR,1.89
BURITI,FRUTO,11117,AC,NORTE,2026,4,PREÇO RECEBIDO P/ PRODUTOR,0.7
BURITI,FRUTO,11117,AM,NORTE,2026,4,PREÇO RECEBIDO P/ PRODUTOR,2.66
BURITI,FRUTO,11117,PA,NORTE,2026,4,PREÇO RECEBIDO P/ PRODUTOR,1.53
BURITI,FRUTO,11117,RR,NORTE,2026,4,PREÇO RECEBIDO P/ PRODUTOR,1.88
BURITI,FRUTO,11117,AC,NORTE,2026,5,PREÇO RECEBIDO P/ PRODUTOR,0.7
BURITI,FRUTO,11117,AM,NORTE,2026,5,PREÇO RECEBIDO P/ PRODUTOR,2.69
BURITI,FRUTO,11117,PA,NORTE,2026,5,PREÇO RECEBIDO P/ PRODUTOR,1.64
BURITI,FRUTO,11117,RR,NORTE,2026,5,PREÇO RECEBIDO P/ PRODUTOR,2.03
BURITI,FRUTO,11117,AM,NORTE,2026,6,PREÇO RECEBIDO P/ PRODUTOR,2.68
BURITI,FRUTO,11117,PA,NORTE,2026,6,PREÇO RECEBIDO P/ PRODUTOR,1.76
BURITI,FRUTO,11117,RR,NORTE,2026,6,PREÇO RECEBIDO P/ PRODUTOR,2.09
BURITI,FRUTO,11117,AM,NORTE,2026,7,PREÇO RECEBIDO P/ PRODUTOR,2.66
BURITI,FRUTO,11117,PA,NORTE,2026,7,PREÇO RECEBIDO P/ PRODUTOR,1.5
BURITI,FRUTO,11117,RR,NORTE,2026,7,PREÇO RECEBIDO P/ PRODUTOR,2.04
BURITI,FRUTO,11117,AM,NORTE,2026,8,PREÇO RECEBIDO P/ PRODUTOR,2.82
BURITI,FRUTO,11117,RR,NORTE,2026,8,PREÇO RECEBIDO P/ PRODUTOR,2.03
CACAU CULTIVADO,NÃO INFORMADO,11953,PA,NORTE,2025,9,PREÇO RECEBIDO P/ PRODUTOR,27.75
CACAU CULTIVADO,NÃO INFORMADO,11953,RO,NORTE,2025,9,PREÇO RECEBIDO P/ PRODUTOR,31.82
CACAU CULTIVADO,NÃO INFORMADO,11953,PA,NORTE,2025,10,PREÇO RECEBIDO P/ PRODUTOR,20.65
CACAU CULTIVADO,NÃO INFORMADO,11953,RO,NORTE,2025,10,PREÇO RECEBIDO P/ PRODUTOR,19.57
CACAU CULTIVADO,NÃO INFORMADO,11953,PA,NORTE,2025,11,PREÇO RECEBIDO P/ PRODUTOR,22.0
CACAU CULTIVADO,NÃO INFORMADO,11953,RO,NORTE,2025,11,PREÇO RECEBIDO P/ PRODUTOR,21.63
CACAU CULTIVADO,NÃO INFORMADO,11953,PA,NORTE,2025,12,PREÇO RECEBIDO P/ PRODUTOR,23.52
CACAU CULTIVADO,NÃO INFORMADO,11953,RO,NORTE,2025,12,PREÇO RECEBIDO P/ PRODUTOR,23.9
CACAU CULTIVADO,NÃO INFORMADO,11953,PA,NORTE,2026,1,PREÇO RECEBIDO P/ PRODUTOR,20.3
CACAU CULTIVADO,NÃO INFORMADO,11953,RO,NORTE,2026,1,PREÇO RECEBIDO P/ PRODUTOR,19.72
CACAU CULTIVADO,NÃO INFORMADO,11953,PA,NORTE,2026,2,PREÇO RECEBIDO P/ PRODUTOR,12.25
CACAU CULTIVADO,NÃO INFORMADO,11953,RO,NORTE,2026,2,PREÇO RECEBIDO P/ PRODUTOR,12.3
CACAU CULTIVADO,NÃO INFORMADO,11953,PA,NORTE,2026,3,PREÇO RECEBIDO P/ PRODUTOR,11.13
CACAU CULTIVADO,NÃO INFORMADO,11953,RO,NORTE,2026,3,PREÇO RECEBIDO P/ PRODUTOR,11.07
CACAU CULTIVADO,NÃO INFORMADO,11953,PA,NORTE,2026,4,PREÇO RECEBIDO P/ PRODUTOR,11.66
CACAU CULTIVADO,NÃO INFORMADO,11953,RO,NORTE,2026,4,PREÇO RECEBIDO P/ PRODUTOR,12.36
CACAU CULTIVADO,NÃO INFORMADO,11953,PA,NORTE,2026,5,PREÇO RECEBIDO P/ PRODUTOR,13.79
CACAU CULTIVADO,NÃO INFORMADO,11953,RO,NORTE,2026,5,PREÇO RECEBIDO P/ PRODUTOR,14.28
CACAU CULTIVADO,NÃO INFORMADO,11953,PA,NORTE,2026,6,PREÇO RECEBIDO P/ PRODUTOR,16.38
CACAU CULTIVADO,NÃO INFORMADO,11953,RO,NORTE,2026,6,PREÇO RECEBIDO P/ PRODUTOR,15.88
CACAU CULTIVADO,NÃO INFORMADO,11953,PA,NORTE,2026,7,PREÇO RECEBIDO P/ PRODUTOR,16.5
CACAU CULTIVADO,NÃO INFORMADO,11953,RO,NORTE,2026,7,PREÇO RECEBIDO P/ PRODUTOR,20.49
CACAU CULTIVADO,NÃO INFORMADO,11953,PA,NORTE,2026,8,PREÇO RECEBIDO P/ PRODUTOR,16.88
CACAU CULTIVADO,NÃO INFORMADO,11953,RO,NORTE,2026,8,PREÇO RECEBIDO P/ PRODUTOR,20.41
CACAU EXTRATIVO,AMÊNDOA,10920,AM,NORTE,2025,9,PREÇO RECEBIDO P/ PRODUTOR,35.63
CACAU EXTRATIVO,AMÊNDOA,10920,AM,NORTE,2025,10,PREÇO RECEBIDO P/ PRODUTOR,33.92
CACAU EXTRATIVO,AMÊNDOA,10920,PA,NORTE,2025,10,PREÇO RECEBIDO P/ PRODUTOR,8.93
CACAU EXTRATIVO,AMÊNDOA,10920,AM,NORTE,2025,11,PREÇO RECEBIDO P/ PRODUTOR,34.08
CACAU EXTRATIVO,AMÊNDOA,10920,PA,NORTE,2025,11,PREÇO RECEBIDO P/ PRODUTOR,6.0
CACAU EXTRATIVO,AMÊNDOA,10920,AM,NORTE,2025,12,PREÇO RECEBIDO P/ PRODUTOR,35.5
CACAU EXTRATIVO,AMÊNDOA,10920,PA,NORTE,2025,12,PREÇO RECEBIDO P/ PRODUTOR,6.46
CACAU EXTRATIVO,AMÊNDOA,10920,AM,NORTE,2026,1,PREÇO RECEBIDO P/ PRODUTOR,35.38
CACAU EXTRATIVO,AMÊNDOA,10920,PA,NORTE,2026,1,PREÇO RECEBIDO P/ PRODUTOR,7.13
CACAU EXTRATIVO,AMÊNDOA,10920,AM,NORTE,2026,2,PREÇO RECEBIDO P/ PRODUTOR,34.43
CACAU EXTRATIVO,AMÊNDOA,10920,PA,NORTE,2026,2,PREÇO RECEBIDO P/ PRODUTOR,8.0
CACAU EXTRATIVO,AMÊNDOA,10920,AM,NORTE,2026,3,PREÇO RECEBIDO P/ PRODUTOR,10.25
CACAU EXTRATIVO,AMÊNDOA,10920,PA,NORTE,2026,3,PREÇO RECEBIDO P/ PRODUTOR,6.5
CACAU EXTRATIVO,AMÊNDOA,10920,AM,NORTE,2026,4,PREÇO RECEBIDO P/ PRODUTOR,10.67
CACAU EXTRATIVO,AMÊNDOA,10920,PA,NORTE,2026,4,PREÇO RECEBIDO P/ PRODUTOR,5.91
CACAU EXTRATIVO,AMÊNDOA,10920,AM,NORTE,2026,5,PREÇO RECEBIDO P/ PRODUTOR,7.79
CACAU EXTRATIVO,AMÊNDOA,10920,PA,NORTE,2026,5,PREÇO RECEBIDO P/ PRODUTOR,5.5
CACAU EXTRATIVO,AMÊNDOA,10920,AM,NORTE,2026,6,PREÇO RECEBIDO P/ PRODUTOR,8.1
CACAU EXTRATIVO,AMÊNDOA,10920,PA,NORTE,2026,6,PREÇO RECEBIDO P/ PRODUTOR,7.25
CACAU EXTRATIVO,AMÊNDOA,10920,AM,NORTE,2026,7,PREÇO RECEBIDO P/ PRODUTOR,8.5
CACAU EXTRATIVO,AMÊNDOA,10920,PA,NORTE,2026,7,PREÇO RECEBIDO P/ PRODUTOR,9.0
CACAU EXTRATIVO,AMÊNDOA,10920,AM,NORTE,2026,8,PREÇO RECEBIDO P/ PRODUTOR,8.25
CACAU EXTRATIVO,AMÊNDOA,10920,PA,NORTE,2026,8,PREÇO RECEBIDO P/ PRODUTOR,10.13
CAFE,CONILLON,7090,AC,NORTE,2025,9,PREÇO RECEBIDO P/ PRODUTOR,17.09
CAFE,MOÍDO E TORRADO,4704,AC,NORTE,2025,9,VAREJO,73.06
CAFE,MOÍDO E TORRADO,4704,AC,NORTE,2025,9,ATACADO,78.85
CAFE,MOÍDO E TORRADO,4704,AM,NORTE,2025,9,VAREJO,69.76
CAFE,CONILLON TIPO 7,6935,AM,NORTE,2025,9,PREÇO RECEBIDO P/ PRODUTOR,23.29
CAFE,MOÍDO E TORRADO,4704,AP,NORTE,2025,9,ATACADO,64.01
CAFE,MOÍDO E TORRADO,4704,AP,NORTE,2025,9,VAREJO,67.45
CAFE,MOÍDO E TORRADO,4704,PA,NORTE,2025,9,ATACADO,65.8
CAFE,MOÍDO E TORRADO,4704,PA,NORTE,2025,9,VAREJO,70.11
CAFE,MOÍDO E TORRADO,4704,RO,NORTE,2025,9,ATACADO,63.34
CAFE,MOÍDO E TORRADO,4704,RO,NORTE,2025,9,VAREJO,73.56
CAFE,CONILLON BICA CORRID,11239,RO,NORTE,2025,9,PREÇO RECEBIDO P/ PRODUTOR,21.96
CAFE,MOÍDO E TORRADO,4704,RR,NORTE,2025,9,ATACADO,55.56
CAFE,MOÍDO E TORRADO,4704,RR,NORTE,2025,9,VAREJO,71.97
CAFE,MOÍDO E TORRADO,4704,TO,NORTE,2025,9,VAREJO,74.51
CAFE,MOÍDO E TORRADO,4704,TO,NORTE,2025,9,ATACADO,63.48
CAFE,CONILLON,7090,AC,NORTE,2025,10,PREÇO RECEBIDO P/ PRODUTOR,18.33
CAFE,MOÍDO E TORRADO,4704,AC,NORTE,2025,10,ATACADO,79.2
CAFE,MOÍDO E TORRADO,4704,AC,NORTE,2025,10,VAREJO,72.23
CAFE,CONILLON TIPO 7,6935,AM,NORTE,2025,10,PREÇO RECEBIDO P/ PRODUTOR,23.26
CAFE,MOÍDO E TORRADO,4704,AM,NORTE,2025,10,VAREJO,69.74
CAFE,MOÍDO E TORRADO,4704,AP,NORTE,2025,10,VAREJO,66.95
CAFE,MOÍDO E TORRADO,4704,AP,NORTE,2025,10,ATACADO,62.7
CAFE,MOÍDO E TORRADO,4704,PA,NORTE,2025,10,VAREJO,69.87
CAFE,MOÍDO E TORRADO,4704,PA,NORTE,2025,10,ATACADO,62.94
CAFE,MOÍDO E TORRADO,4704,RO,NORTE,2025,10,ATACADO,65.4
CAFE,MOÍDO E TORRADO,4704,RO,NORTE,2025,10,VAREJO,73.91
CAFE,CONILLON BICA CORRID,11239,RO,NORTE,2025,10,PREÇO RECEBIDO P/ PRODUTOR,21.21
CAFE,MOÍDO E TORRADO,4704,RR,NORTE,2025,10,ATACADO,51.96
CAFE,MOÍDO E TORRADO,4704,RR,NORTE,2025,10,VAREJO,71.79
CAFE,MOÍDO E TORRADO,4704,TO,NORTE,2025,10,VAREJO,73.75
CAFE,MOÍDO E TORRADO,4704,TO,NORTE,2025,10,ATACADO,63.88
CAFE,CONILLON,7090,AC,NORTE,2025,11,PREÇO RECEBIDO P/ PRODUTOR,19.15
CAFE,MOÍDO E TORRADO,4704,AC,NORTE,2025,11,VAREJO,71.99
CAFE,MOÍDO E TORRADO,4704,AC,NORTE,2025,11,ATACADO,79.2
CAFE,CONILLON TIPO 7,6935,AM,NORTE,2025,11,PREÇO RECEBIDO P/ PRODUTOR,23.13
CAFE,MOÍDO E TORRADO,4704,AM,NORTE,2025,11,VAREJO,67.68
CAFE,MOÍDO E TORRADO,4704,AP,NORTE,2025,11,ATACADO,59.82
CAFE,MOÍDO E TORRADO,4704,AP,NORTE,2025,11,VAREJO,68.15
CAFE,MOÍDO E TORRADO,4704,PA,NORTE,2025,11,ATACADO,59.15
CAFE,MOÍDO E TORRADO,4704,PA,NORTE,2025,11,VAREJO,69.89
CAFE,MOÍDO E TORRADO,4704,RO,NORTE,2025,11,VAREJO,73.24
CAFE,MOÍDO E TORRADO,4704,RO,NORTE,2025,11,ATACADO,70.81
CAFE,CONILLON BICA CORRID,11239,RO,NORTE,2025,11,PREÇO RECEBIDO P/ PRODUTOR,21.47
CAFE,MOÍDO E TORRADO,4704,RR,NORTE,2025,11,VAREJO,71.8
CAFE,MOÍDO E TORRADO,4704,RR,NORTE,2025,11,ATACADO,51.8
CAFE,MOÍDO E TORRADO,4704,TO,NORTE,2025,11,VAREJO,73.76
CAFE,MOÍDO E TORRADO,4704,TO,NORTE,2025,11,ATACADO,62.17
CAFE,CONILLON,7090,AC,NORTE,2025,12,PREÇO RECEBIDO P/ PRODUTOR,18.83
CAFE,MOÍDO E TORRADO,4704,AC,NORTE,2025,12,ATACADO,77.92
CAFE,MOÍDO E TORRADO,4704,AC,NORTE,2025,12,VAREJO,70.96
CAFE,MOÍDO E TORRADO,4704,AM,NORTE,2025,12,VAREJO,70.37
CAFE,CONILLON TIPO 7,6935,AM,NORTE,2025,12,PREÇO RECEBIDO P/ PRODUTOR,22.24
CAFE,MOÍDO E TORRADO,4704,AP,NORTE,2025,12,VAREJO,68.1
CAFE,MOÍDO E TORRADO,4704,AP,NORTE,2025,12,ATACADO,58.49
CAFE,MOÍDO E TORRADO,4704,PA,NORTE,2025,12,ATACADO,58.14
CAFE,MOÍDO E TORRADO,4704,PA,NORTE,2025,12,VAREJO,69.26
CAFE,MOÍDO E TORRADO,4704,RO,NORTE,2025,12,ATACADO,69.13
CAFE,MOÍDO E TORRADO,4704,RO,NORTE,2025,12,VAREJO,72.16
CAFE,CONILLON BICA CORRID,11239,RO,NORTE,2025,12,PREÇO RECEBIDO P/ PRODUTOR,20.68
CAFE,MOÍDO E TORRADO,4704,RR,NORTE,2025,12,ATACADO,51.0
CAFE,MOÍDO E TORRADO,4704,RR,NORTE,2025,12,VAREJO,72.45
CAFE,MOÍDO E TORRADO,4704,TO,NORTE,2025,12,ATACADO,63.48
CAFE,MOÍDO E TORRADO,4704,TO,NORTE,2025,12,VAREJO,71.29
CAFE,CONILLON,7090,AC,NORTE,2026,1,PREÇO RECEBIDO P/ PRODUTOR,18.33
CAFE,MOÍDO E TORRADO,4704,AC,NORTE,2026,1,VAREJO,69.68
CAFE,MOÍDO E TORRADO,4704,AM,NORTE,2026,1,VAREJO,66.65
CAFE,CONILLON TIPO 7,6935,AM,NORTE,2026,1,PREÇO RECEBIDO P/ PRODUTOR,21.56
CAFE,MOÍDO E TORRADO,4704,AP,NORTE,2026,1,VAREJO,65.14
CAFE,MOÍDO E TORRADO,4704,PA,NORTE,2026,1,VAREJO,68.13
CAFE,MOÍDO E TORRADO,4704,RO,NORTE,2026,1,VAREJO,70.94
CAFE,CONILLON BICA CORRID,11239,RO,NORTE,2026,1,PREÇO RECEBIDO P/ PRODUTOR,20.36
CAFE,MOÍDO E TORRADO,4704,RR,NORTE,2026,1,VAREJO,73.57
CAFE,MOÍDO E TORRADO,4704,TO,NORTE,2026,1,VAREJO,70.2
CAFE,CONILLON,7090,AC,NORTE,2026,2,PREÇO RECEBIDO P/ PRODUTOR,18.33
CAFE,MOÍDO E TORRADO,4704,AC,NORTE,2026,2,VAREJO,68.98
CAFE,CONILLON TIPO 7,6935,AM,NORTE,2026,2,PREÇO RECEBIDO P/ PRODUTOR,20.64
CAFE,MOÍDO E TORRADO,4704,AM,NORTE,2026,2,VAREJO,66.44
CAFE,MOÍDO E TORRADO,4704,AP,NORTE,2026,2,VAREJO,67.48
CAFE,MOÍDO E TORRADO,4704,PA,NORTE,2026,2,VAREJO,67.99
CAFE,MOÍDO E TORRADO,4704,RO,NORTE,2026,2,VAREJO,71.38
CAFE,CONILLON BICA CORRID,11239,RO,NORTE,2026,2,PREÇO RECEBIDO P/ PRODUTOR,18.58
CAFE,MOÍDO E TORRADO,4704,RR,NORTE,2026,2,VAREJO,72.14
CAFE,MOÍDO E TORRADO,4704,TO,NORTE,2026,2,VAREJO,69.73
CAFE,MOÍDO E TORRADO,4704,AC,NORTE,2026,3,VAREJO,68.5
CAFE,MOÍDO E TORRADO,4704,AM,NORTE,2026,3,VAREJO,64.76
CAFE,MOÍDO E TORRADO,4704,AP,NORTE,2026,3,VAREJO,68.25
CAFE,MOÍDO E TORRADO,4704,PA,NORTE,2026,3,VAREJO,67.27
CAFE,MOÍDO E TORRADO,4704,RO,NORTE,2026,3,VAREJO,70.96
CAFE,MOÍDO E TORRADO,4704,RR,NORTE,2026,3,VAREJO,73.63
CAFE,MOÍDO E TORRADO,4704,TO,NORTE,2026,3,VAREJO,69.74
CAFE,MOÍDO E TORRADO,4704,AC,NORTE,2026,4,VAREJO,65.9
CAFE,MOÍDO E TORRADO,4704,AM,NORTE,2026,4,VAREJO,66.29
CAFE,MOÍDO E TORRADO,4704,AP,NORTE,2026,4,VAREJO,67.47
CAFE,MOÍDO E TORRADO,4704,PA,NORTE,2026,4,VAREJO,65.62
CAFE,MOÍDO E TORRADO,4704,RO,NORTE,2026,4,VAREJO,69.22
CAFE,MOÍDO E TORRADO,4704,RR,NORTE,2026,4,VAREJO,72.72
CAFE,MOÍDO E TORRADO,4704,TO,NORTE,2026,4,VAREJO,68.5
CAFE,MOÍDO E TORRADO,4704,AC,NORTE,2026,5,VAREJO,63.23
CAFE,MOÍDO E TORRADO,4704,AM,NORTE,2026,5,VAREJO,65.0
CAFE,MOÍDO E TORRADO,4704,AP,NORTE,2026,5,VAREJO,64.19
CAFE,MOÍDO E TORRADO,4704,PA,NORTE,2026,5,VAREJO,65.65
CAFE,MOÍDO E TORRADO,4704,RO,NORTE,2026,5,VAREJO,66.62
CAFE,MOÍDO E TORRADO,4704,RR,NORTE,2026,5,VAREJO,70.62
CAFE,MOÍDO E TORRADO,4704,TO,NORTE,2026,5,VAREJO,68.04
CAIXA PLASTICA,VAZADA - BASQUETA DE,12417,PA,NORTE,2026,7,PREÇO PAGO PELO PRODUTOR,65.0
CAIXA PLASTICA,NÃO INFORMADO,11068,PA,NORTE,2026,7,PREÇO PAGO PELO PRODUTOR,60.0
CALCARIO CALCITICO,NÃO INFORMADO,4538,TO,NORTE,2025,11,PREÇO PAGO PELO PRODUTOR,0.23
CALCARIO CALCITICO,NÃO INFORMADO,4538,TO,NORTE,2026,3,PREÇO PAGO PELO PRODUTOR,0.28
CALCARIO DOLOMITICO,NÃO INFORMADO,4539,PA,NORTE,2025,9,PREÇO PAGO PELO PRODUTOR,0.55
CALCARIO DOLOMITICO,NÃO INFORMADO,4539,RO,NORTE,2025,10,PREÇO PAGO PELO PRODUTOR,0.73
CALCARIO DOLOMITICO,PRNT - PODER RELATIV,13024,RO,NORTE,2025,10,PREÇO PAGO PELO PRODUTOR,0.7
CALCARIO DOLOMITICO,PRNT - PODER RELATIV,13024,RO,NORTE,2025,11,PREÇO PAGO PELO PRODUTOR,0.7
CALCARIO DOLOMITICO,NÃO INFORMADO,4539,TO,NORTE,2025,11,PREÇO PAGO PELO PRODUTOR,0.16
CALCARIO DOLOMITICO,NÃO INFORMADO,4539,TO,NORTE,2026,2,PREÇO PAGO PELO PRODUTOR,0.14
CALCARIO DOLOMITICO,NÃO INFORMADO,4539,TO,NORTE,2026,3,PREÇO PAGO PELO PRODUTOR,0.2
CAMA,DE FRANGO,12948,RO,NORTE,2025,10,PREÇO PAGO PELO PRODUTOR,0.35
CAMA,DE FRANGO,12948,RO,NORTE,2025,11,PREÇO PAGO PELO PRODUTOR,0.35
CANECA,500 ML,14143,AC,NORTE,2026,7,PREÇO PAGO PELO PRODUTOR,3.8
CANOA DE MADEIRA,REMO - MANUAL DE 5 A,12402,AM,NORTE,2026,3,PREÇO PAGO PELO PRODUTOR,2300.0
CANOA DE MADEIRA,6 METROS,14983,PA,NORTE,2026,5,PREÇO PAGO PELO PRODUTOR,4000.0
CANOA DE MADEIRA,10 METROS,14911,AC,NORTE,2026,7,PREÇO PAGO PELO PRODUTOR,8000.0
CANOA DE MADEIRA,"0,5M X 8M",14089,AM,NORTE,2026,7,PREÇO PAGO PELO PRODUTOR,3200.0
CANOA DE MADEIRA,10 METROS,14911,AM,NORTE,2026,7,PREÇO PAGO PELO PRODUTOR,6000.0
CANOA DE MADEIRA,7 METROS,14912,AM,NORTE,2026,7,PREÇO PAGO PELO PRODUTOR,2500.0
CANOA DE MADEIRA,8 METROS,15321,AM,NORTE,2026,7,PREÇO PAGO PELO PRODUTOR,3000.0
CANOA DE MADEIRA,"0,5M X 8M",14089,PA,NORTE,2026,7,PREÇO PAGO PELO PRODUTOR,3400.0
CANOA DE MADEIRA,7 METROS,14912,PA,NORTE,2026,7,PREÇO PAGO PELO PRODUTOR,1600.0
CANOA DE MADEIRA,6 METROS,14983,PA,NORTE,2026,7,PREÇO PAGO PELO PRODUTOR,3500.0
CAPACETE,NÃO INFORMADO,11643,PA,NORTE,2026,7,PREÇO PAGO PELO PRODUTOR,45.0
CARA,NÃO INFORMADO,5526,AM,NORTE,2025,9,PREÇO RECEBIDO P/ PRODUTOR,2.21
CARA,NÃO INFORMADO,5526,AM,NORTE,2025,10,PREÇO RECEBIDO P/ PRODUTOR,2.15
CARA,NÃO INFORMADO,5526,RO,NORTE,2025,10,PREÇO RECEBIDO P/ PRODUTOR,6.0
CARA,NÃO INFORMADO,5526,AM,NORTE,2025,11,PREÇO RECEBIDO P/ PRODUTOR,2.15
CARA,NÃO INFORMADO,5526,RO,NORTE,2025,11,PREÇO RECEBIDO P/ PRODUTOR,6.17
CARA,NÃO INFORMADO,5526,AM,NORTE,2025,12,PREÇO RECEBIDO P/ PRODUTOR,2.17
CARA,NÃO INFORMADO,5526,RO,NORTE,2025,12,PREÇO RECEBIDO P/ PRODUTOR,6.0
CARA,NÃO INFORMADO,5526,AM,NORTE,2026,1,PREÇO RECEBIDO P/ PRODUTOR,3.08
CARA,NÃO INFORMADO,5526,RO,NORTE,2026,1,PREÇO RECEBIDO P/ PRODUTOR,5.38
CARA,NÃO INFORMADO,5526,AM,NORTE,2026,2,PREÇO RECEBIDO P/ PRODUTOR,5.5
CARA,NÃO INFORMADO,5526,RO,NORTE,2026,2,PREÇO RECEBIDO P/ PRODUTOR,5.5
CARA,NÃO INFORMADO,5526,AM,NORTE,2026,3,PREÇO RECEBIDO P/ PRODUTOR,5.5
CARA,NÃO INFORMADO,5526,RO,NORTE,2026,3,PREÇO RECEBIDO P/ PRODUTOR,3.0
CARA,NÃO INFORMADO,5526,AM,NORTE,2026,4,PREÇO RECEBIDO P/ PRODUTOR,6.23
CARA,NÃO INFORMADO,5526,RO,NORTE,2026,4,PREÇO RECEBIDO P/ PRODUTOR,3.0
CARA,NÃO INFORMADO,5526,AM,NORTE,2026,5,PREÇO RECEBIDO P/ PRODUTOR,6.24
CARA,NÃO INFORMADO,5526,RO,NORTE,2026,5,PREÇO RECEBIDO P/ PRODUTOR,1.57
CARA,NÃO INFORMADO,5526,AM,NORTE,2026,6,PREÇO RECEBIDO P/ PRODUTOR,6.25
CARA,NÃO INFORMADO,5526,RO,NORTE,2026,6,PREÇO RECEBIDO P/ PRODUTOR,1.75
CARA,NÃO INFORMADO,5526,AM,NORTE,2026,7,PREÇO RECEBIDO P/ PRODUTOR,6.5
CARA,NÃO INFORMADO,5526,RO,NORTE,2026,7,PREÇO RECEBIDO P/ PRODUTOR,1.83
CARA,NÃO INFORMADO,5526,AM,NORTE,2026,8,PREÇO RECEBIDO P/ PRODUTOR,5.63
CARA,NÃO INFORMADO,5526,RO,NORTE,2026,8,PREÇO RECEBIDO P/ PRODUTOR,3.08
CARNE BOVINA,COXÃO DURO S/OSSO,4282,AC,NORTE,2025,9,VAREJO,30.94
CARNE BOVINA,PATINHO S/OSSO,4289,AC,NORTE,2025,9,VAREJO,34.58
CARNE BOVINA,COXÃO MOLE S/OSSO,4283,AC,NORTE,2025,9,VAREJO,36.08
CARNE BOVINA,PATINHO S/OSSO,4289,AM,NORTE,2025,9,VAREJO,41.66
CARNE BOVINA,COXÃO MOLE S/OSSO,4283,AM,NORTE,2025,9,VAREJO,41.57
CARNE BOVINA,COXÃO DURO S/OSSO,4282,AM,NORTE,2025,9,VAREJO,38.11
CARNE BOVINA,PATINHO S/OSSO,4289,AP,NORTE,2025,9,VAREJO,42.83
CARNE BOVINA,COXÃO MOLE S/OSSO,4283,AP,NORTE,2025,9,VAREJO,42.24
CARNE BOVINA,COXÃO DURO S/OSSO,4282,AP,NORTE,2025,9,VAREJO,37.55
CARNE BOVINA,PATINHO S/OSSO,4289,PA,NORTE,2025,9,VAREJO,41.07
CARNE BOVINA,COXÃO DURO S/OSSO,4282,PA,NORTE,2025,9,VAREJO,38.64
CARNE BOVINA,COXÃO MOLE S/OSSO,4283,PA,NORTE,2025,9,VAREJO,40.94
CARNE BOVINA,DIANTEIRO COM OSSO,11158,PA,NORTE,2025,9,ATACADO,28.73
CARNE BOVINA,COXÃO MOLE S/OSSO,4283,RO,NORTE,2025,9,VAREJO,36.85
CARNE BOVINA,PATINHO S/OSSO,4289,RO,NORTE,2025,9,VAREJO,35.38
CARNE BOVINA,COXÃO DURO S/OSSO,4282,RO,NORTE,2025,9,VAREJO,32.54
CARNE BOVINA,COXÃO MOLE S/OSSO,4283,RR,NORTE,2025,9,VAREJO,44.74
CARNE BOVINA,COXÃO DURO S/OSSO,4282,RR,NORTE,2025,9,VAREJO,40.49
CARNE BOVINA,PATINHO S/OSSO,4289,RR,NORTE,2025,9,VAREJO,43.49
CARNE BOVINA,COXÃO MOLE S/OSSO,4283,TO,NORTE,2025,9,VAREJO,46.55
CARNE BOVINA,PATINHO S/OSSO,4289,TO,NORTE,2025,9,VAREJO,43.48
CARNE BOVINA,COXÃO DURO S/OSSO,4282,TO,NORTE,2025,9,VAREJO,42.47
CARNE BOVINA,COXÃO DURO S/OSSO,4282,AC,NORTE,2025,10,VAREJO,31.41
CARNE BOVINA,COXÃO MOLE S/OSSO,4283,AC,NORTE,2025,10,VAREJO,36.52
CARNE BOVINA,PATINHO S/OSSO,4289,AC,NORTE,2025,10,VAREJO,34.83
CARNE BOVINA,COXÃO MOLE S/OSSO,4283,AM,NORTE,2025,10,VAREJO,40.81
CARNE BOVINA,COXÃO DURO S/OSSO,4282,AM,NORTE,2025,10,VAREJO,38.3
CARNE BOVINA,PATINHO S/OSSO,4289,AM,NORTE,2025,10,VAREJO,40.39
CARNE BOVINA,COXÃO MOLE S/OSSO,4283,AP,NORTE,2025,10,VAREJO,42.32
CARNE BOVINA,COXÃO DURO S/OSSO,4282,AP,NORTE,2025,10,VAREJO,37.49
CARNE BOVINA,PATINHO S/OSSO,4289,AP,NORTE,2025,10,VAREJO,43.29
CARNE BOVINA,PATINHO S/OSSO,4289,PA,NORTE,2025,10,VAREJO,41.34
CARNE BOVINA,COXÃO DURO S/OSSO,4282,PA,NORTE,2025,10,VAREJO,38.24
CARNE BOVINA,COXÃO MOLE S/OSSO,4283,PA,NORTE,2025,10,VAREJO,41.66
CARNE BOVINA,DIANTEIRO COM OSSO,11158,PA,NORTE,2025,10,ATACADO,28.93
CARNE BOVINA,COXÃO MOLE S/OSSO,4283,RO,NORTE,2025,10,VAREJO,36.63
CARNE BOVINA,PATINHO S/OSSO,4289,RO,NORTE,2025,10,VAREJO,35.51
CARNE BOVINA,COXÃO DURO S/OSSO,4282,RO,NORTE,2025,10,VAREJO,32.89
CARNE BOVINA,COXÃO DURO S/OSSO,4282,RR,NORTE,2025,10,VAREJO,40.38
CARNE BOVINA,COXÃO MOLE S/OSSO,4283,RR,NORTE,2025,10,VAREJO,45.24
CARNE BOVINA,PATINHO S/OSSO,4289,RR,NORTE,2025,10,VAREJO,43.84
CARNE BOVINA,COXÃO DURO S/OSSO,4282,TO,NORTE,2025,10,VAREJO,42.47
CARNE BOVINA,PATINHO S/OSSO,4289,TO,NORTE,2025,10,VAREJO,43.48
CARNE BOVINA,COXÃO MOLE S/OSSO,4283,TO,NORTE,2025,10,VAREJO,46.55
CARNE BOVINA,COXÃO DURO S/OSSO,4282,AC,NORTE,2025,11,VAREJO,32.1
CARNE BOVINA,PATINHO S/OSSO,4289,AC,NORTE,2025,11,VAREJO,35.8
CARNE BOVINA,COXÃO MOLE S/OSSO,4283,AC,NORTE,2025,11,VAREJO,37.38
CARNE BOVINA,COXÃO DURO S/OSSO,4282,AM,NORTE,2025,11,VAREJO,37.86
CARNE BOVINA,COXÃO MOLE S/OSSO,4283,AM,NORTE,2025,11,VAREJO,42.85
CARNE BOVINA,PATINHO S/OSSO,4289,AM,NORTE,2025,11,VAREJO,41.15
CARNE BOVINA,PATINHO S/OSSO,4289,AP,NORTE,2025,11,VAREJO,43.25
CARNE BOVINA,COXÃO MOLE S/OSSO,4283,AP,NORTE,2025,11,VAREJO,41.98
CARNE BOVINA,COXÃO DURO S/OSSO,4282,AP,NORTE,2025,11,VAREJO,37.42
CARNE BOVINA,COXÃO MOLE S/OSSO,4283,PA,NORTE,2025,11,VAREJO,42.73
CARNE BOVINA,COXÃO DURO S/OSSO,4282,PA,NORTE,2025,11,VAREJO,39.88
CARNE BOVINA,PATINHO S/OSSO,4289,PA,NORTE,2025,11,VAREJO,42.59
CARNE BOVINA,DIANTEIRO COM OSSO,11158,PA,NORTE,2025,11,ATACADO,27.66
CARNE BOVINA,COXÃO DURO S/OSSO,4282,RO,NORTE,2025,11,VAREJO,32.85
CARNE BOVINA,PATINHO S/OSSO,4289,RO,NORTE,2025,11,VAREJO,35.41
CARNE BOVINA,COXÃO MOLE S/OSSO,4283,RO,NORTE,2025,11,VAREJO,36.65
CARNE BOVINA,COXÃO MOLE S/OSSO,4283,RR,NORTE,2025,11,VAREJO,46.3
CARNE BOVINA,COXÃO DURO S/OSSO,4282,RR,NORTE,2025,11,VAREJO,40.75
CARNE BOVINA,PATINHO S/OSSO,4289,RR,NORTE,2025,11,VAREJO,44.78
CARNE BOVINA,PATINHO S/OSSO,4289,TO,NORTE,2025,11,VAREJO,43.48
CARNE BOVINA,COXÃO DURO S/OSSO,4282,TO,NORTE,2025,11,VAREJO,42.47
CARNE BOVINA,COXÃO MOLE S/OSSO,4283,TO,NORTE,2025,11,VAREJO,46.55
CARNE BOVINA,PATINHO S/OSSO,4289,AC,NORTE,2025,12,VAREJO,36.42
CARNE BOVINA,COXÃO DURO S/OSSO,4282,AC,NORTE,2025,12,VAREJO,32.47
CARNE BOVINA,COXÃO MOLE S/OSSO,4283,AC,NORTE,2025,12,VAREJO,38.3
CARNE BOVINA,COXÃO MOLE S/OSSO,4283,AM,NORTE,2025,12,VAREJO,43.63
CARNE BOVINA,COXÃO DURO S/OSSO,4282,AM,NORTE,2025,12,VAREJO,39.37
CARNE BOVINA,PATINHO S/OSSO,4289,AM,NORTE,2025,12,VAREJO,42.78
CARNE BOVINA,PATINHO S/OSSO,4289,AP,NORTE,2025,12,VAREJO,43.7
CARNE BOVINA,COXÃO DURO S/OSSO,4282,AP,NORTE,2025,12,VAREJO,37.13
CARNE BOVINA,COXÃO MOLE S/OSSO,4283,AP,NORTE,2025,12,VAREJO,43.13
CARNE BOVINA,COXÃO MOLE S/OSSO,4283,PA,NORTE,2025,12,VAREJO,43.09
CARNE BOVINA,COXÃO DURO S/OSSO,4282,PA,NORTE,2025,12,VAREJO,40.61
CARNE BOVINA,PATINHO S/OSSO,4289,PA,NORTE,2025,12,VAREJO,43.03
CARNE BOVINA,DIANTEIRO COM OSSO,11158,PA,NORTE,2025,12,ATACADO,28.53
CARNE BOVINA,COXÃO DURO S/OSSO,4282,RO,NORTE,2025,12,VAREJO,33.24
CARNE BOVINA,COXÃO MOLE S/OSSO,4283,RO,NORTE,2025,12,VAREJO,37.48
CARNE BOVINA,PATINHO S/OSSO,4289,RO,NORTE,2025,12,VAREJO,36.62
CARNE BOVINA,COXÃO DURO S/OSSO,4282,RR,NORTE,2025,12,VAREJO,40.99
CARNE BOVINA,PATINHO S/OSSO,4289,RR,NORTE,2025,12,VAREJO,45.1
CARNE BOVINA,COXÃO MOLE S/OSSO,4283,RR,NORTE,2025,12,VAREJO,45.12
CARNE BOVINA,PATINHO S/OSSO,4289,TO,NORTE,2025,12,VAREJO,44.57
CARNE BOVINA,COXÃO MOLE S/OSSO,4283,TO,NORTE,2025,12,VAREJO,47.52
CARNE BOVINA,COXÃO DURO S/OSSO,4282,TO,NORTE,2025,12,VAREJO,44.32
CARNE BOVINA,COXÃO MOLE S/OSSO,4283,AC,NORTE,2026,1,VAREJO,38.88
CARNE BOVINA,COXÃO DURO S/OSSO,4282,AC,NORTE,2026,1,VAREJO,33.25
CARNE BOVINA,PATINHO S/OSSO,4289,AC,NORTE,2026,1,VAREJO,37.3
CARNE BOVINA,PATINHO S/OSSO,4289,AM,NORTE,2026,1,VAREJO,43.18
CARNE BOVINA,COXÃO MOLE S/OSSO,4283,AM,NORTE,2026,1,VAREJO,44.94
CARNE BOVINA,COXÃO DURO S/OSSO,4282,AM,NORTE,2026,1,VAREJO,40.68
CARNE BOVINA,COXÃO DURO S/OSSO,4282,AP,NORTE,2026,1,VAREJO,38.58
CARNE BOVINA,COXÃO MOLE S/OSSO,4283,AP,NORTE,2026,1,VAREJO,44.27
CARNE BOVINA,PATINHO S/OSSO,4289,AP,NORTE,2026,1,VAREJO,43.7
CARNE BOVINA,COXÃO MOLE S/OSSO,4283,PA,NORTE,2026,1,VAREJO,44.31
CARNE BOVINA,COXÃO DURO S/OSSO,4282,PA,NORTE,2026,1,VAREJO,41.16
CARNE BOVINA,PATINHO S/OSSO,4289,PA,NORTE,2026,1,VAREJO,43.0
CARNE BOVINA,PATINHO S/OSSO,4289,RO,NORTE,2026,1,VAREJO,35.99
CARNE BOVINA,COXÃO MOLE S/OSSO,4283,RO,NORTE,2026,1,VAREJO,37.49
CARNE BOVINA,COXÃO DURO S/OSSO,4282,RO,NORTE,2026,1,VAREJO,33.19
CARNE BOVINA,COXÃO MOLE S/OSSO,4283,RR,NORTE,2026,1,VAREJO,45.02
CARNE BOVINA,COXÃO DURO S/OSSO,4282,RR,NORTE,2026,1,VAREJO,40.93
CARNE BOVINA,PATINHO S/OSSO,4289,RR,NORTE,2026,1,VAREJO,44.5
CARNE BOVINA,COXÃO DURO S/OSSO,4282,TO,NORTE,2026,1,VAREJO,44.4
CARNE BOVINA,PATINHO S/OSSO,4289,TO,NORTE,2026,1,VAREJO,44.67
CARNE BOVINA,COXÃO MOLE S/OSSO,4283,TO,NORTE,2026,1,VAREJO,47.57
CARNE BOVINA,PATINHO S/OSSO,4289,AC,NORTE,2026,2,VAREJO,38.34
CARNE BOVINA,COXÃO MOLE S/OSSO,4283,AC,NORTE,2026,2,VAREJO,40.2
CARNE BOVINA,COXÃO DURO S/OSSO,4282,AC,NORTE,2026,2,VAREJO,34.11
CARNE BOVINA,COXÃO DURO S/OSSO,4282,AM,NORTE,2026,2,VAREJO,40.47
CARNE BOVINA,PATINHO S/OSSO,4289,AM,NORTE,2026,2,VAREJO,42.41
CARNE BOVINA,COXÃO MOLE S/OSSO,4283,AM,NORTE,2026,2,VAREJO,43.52
CARNE BOVINA,COXÃO MOLE S/OSSO,4283,AP,NORTE,2026,2,VAREJO,43.91
CARNE BOVINA,COXÃO DURO S/OSSO,4282,AP,NORTE,2026,2,VAREJO,38.45
CARNE BOVINA,PATINHO S/OSSO,4289,AP,NORTE,2026,2,VAREJO,43.8
CARNE BOVINA,COXÃO DURO S/OSSO,4282,PA,NORTE,2026,2,VAREJO,41.32
CARNE BOVINA,PATINHO S/OSSO,4289,PA,NORTE,2026,2,VAREJO,43.54
CARNE BOVINA,COXÃO MOLE S/OSSO,4283,PA,NORTE,2026,2,VAREJO,44.33
CARNE BOVINA,PATINHO S/OSSO,4289,RO,NORTE,2026,2,VAREJO,36.77
CARNE BOVINA,COXÃO DURO S/OSSO,4282,RO,NORTE,2026,2,VAREJO,33.66
CARNE BOVINA,COXÃO MOLE S/OSSO,4283,RO,NORTE,2026,2,VAREJO,38.62
CARNE BOVINA,COXÃO MOLE S/OSSO,4283,RR,NORTE,2026,2,VAREJO,45.14
CARNE BOVINA,PATINHO S/OSSO,4289,RR,NORTE,2026,2,VAREJO,45.23
CARNE BOVINA,COXÃO DURO S/OSSO,4282,RR,NORTE,2026,2,VAREJO,41.2
CARNE BOVINA,PATINHO S/OSSO,4289,TO,NORTE,2026,2,VAREJO,44.44
CARNE BOVINA,COXÃO MOLE S/OSSO,4283,TO,NORTE,2026,2,VAREJO,47.47
CARNE BOVINA,COXÃO DURO S/OSSO,4282,TO,NORTE,2026,2,VAREJO,44.17
CARNE BOVINA,PATINHO S/OSSO,4289,AC,NORTE,2026,3,VAREJO,38.71
CARNE BOVINA,COXÃO MOLE S/OSSO,4283,AC,NORTE,2026,3,VAREJO,40.9
CARNE BOVINA,COXÃO DURO S/OSSO,4282,AC,NORTE,2026,3,VAREJO,35.16
CARNE BOVINA,COXÃO DURO S/OSSO,4282,AM,NORTE,2026,3,VAREJO,42.11
CARNE BOVINA,PATINHO S/OSSO,4289,AM,NORTE,2026,3,VAREJO,45.65
CARNE BOVINA,COXÃO MOLE S/OSSO,4283,AM,NORTE,2026,3,VAREJO,46.0
CARNE BOVINA,COXÃO MOLE S/OSSO,4283,AP,NORTE,2026,3,VAREJO,44.26
CARNE BOVINA,PATINHO S/OSSO,4289,AP,NORTE,2026,3,VAREJO,44.27
CARNE BOVINA,COXÃO DURO S/OSSO,4282,AP,NORTE,2026,3,VAREJO,38.27
CARNE BOVINA,PATINHO S/OSSO,4289,PA,NORTE,2026,3,VAREJO,44.09
CARNE BOVINA,COXÃO DURO S/OSSO,4282,PA,NORTE,2026,3,VAREJO,42.24
CARNE BOVINA,COXÃO MOLE S/OSSO,4283,PA,NORTE,2026,3,VAREJO,44.84
CARNE BOVINA,COXÃO DURO S/OSSO,4282,RO,NORTE,2026,3,VAREJO,34.11
CARNE BOVINA,COXÃO MOLE S/OSSO,4283,RO,NORTE,2026,3,VAREJO,38.25
CARNE BOVINA,PATINHO S/OSSO,4289,RO,NORTE,2026,3,VAREJO,37.25
CARNE BOVINA,PATINHO S/OSSO,4289,RR,NORTE,2026,3,VAREJO,44.62
CARNE BOVINA,COXÃO DURO S/OSSO,4282,RR,NORTE,2026,3,VAREJO,41.05
CARNE BOVINA,COXÃO MOLE S/OSSO,4283,RR,NORTE,2026,3,VAREJO,45.32
CARNE BOVINA,COXÃO MOLE S/OSSO,4283,TO,NORTE,2026,3,VAREJO,49.85
CARNE BOVINA,PATINHO S/OSSO,4289,TO,NORTE,2026,3,VAREJO,46.58
CARNE BOVINA,COXÃO DURO S/OSSO,4282,TO,NORTE,2026,3,VAREJO,46.27
CARNE BOVINA,PATINHO S/OSSO,4289,AC,NORTE,2026,4,VAREJO,39.7
CARNE BOVINA,COXÃO MOLE S/OSSO,4283,AC,NORTE,2026,4,VAREJO,41.24
CARNE BOVINA,COXÃO DURO S/OSSO,4282,AC,NORTE,2026,4,VAREJO,35.94
CARNE BOVINA,COXÃO MOLE S/OSSO,4283,AM,NORTE,2026,4,VAREJO,47.14
CARNE BOVINA,COXÃO DURO S/OSSO,4282,AM,NORTE,2026,4,VAREJO,42.15
CARNE BOVINA,PATINHO S/OSSO,4289,AM,NORTE,2026,4,VAREJO,46.15
CARNE BOVINA,COXÃO DURO S/OSSO,4282,AP,NORTE,2026,4,VAREJO,39.31
CARNE BOVINA,PATINHO S/OSSO,4289,AP,NORTE,2026,4,VAREJO,45.44
CARNE BOVINA,COXÃO MOLE S/OSSO,4283,AP,NORTE,2026,4,VAREJO,44.96
CARNE BOVINA,PATINHO S/OSSO,4289,PA,NORTE,2026,4,VAREJO,44.94
CARNE BOVINA,COXÃO DURO S/OSSO,4282,PA,NORTE,2026,4,VAREJO,42.85
CARNE BOVINA,COXÃO MOLE S/OSSO,4283,PA,NORTE,2026,4,VAREJO,45.84
CARNE BOVINA,COXÃO MOLE S/OSSO,4283,RO,NORTE,2026,4,VAREJO,38.74
CARNE BOVINA,PATINHO S/OSSO,4289,RO,NORTE,2026,4,VAREJO,37.56
CARNE BOVINA,COXÃO DURO S/OSSO,4282,RO,NORTE,2026,4,VAREJO,34.67
CARNE BOVINA,COXÃO DURO S/OSSO,4282,RR,NORTE,2026,4,VAREJO,41.33
CARNE BOVINA,PATINHO S/OSSO,4289,RR,NORTE,2026,4,VAREJO,44.99
CARNE BOVINA,COXÃO MOLE S/OSSO,4283,RR,NORTE,2026,4,VAREJO,46.23
CARNE BOVINA,COXÃO DURO S/OSSO,4282,TO,NORTE,2026,4,VAREJO,46.03
CARNE BOVINA,PATINHO S/OSSO,4289,TO,NORTE,2026,4,VAREJO,45.87
CARNE BOVINA,COXÃO MOLE S/OSSO,4283,TO,NORTE,2026,4,VAREJO,49.56
CARNE BOVINA,COXÃO MOLE S/OSSO,4283,AC,NORTE,2026,5,VAREJO,42.19
CARNE BOVINA,COXÃO DURO S/OSSO,4282,AC,NORTE,2026,5,VAREJO,36.8
CARNE BOVINA,PATINHO S/OSSO,4289,AC,NORTE,2026,5,VAREJO,40.27
CARNE BOVINA,COXÃO MOLE S/OSSO,4283,AM,NORTE,2026,5,VAREJO,47.72
CARNE BOVINA,COXÃO DURO S/OSSO,4282,AM,NORTE,2026,5,VAREJO,43.67
CARNE BOVINA,PATINHO S/OSSO,4289,AM,NORTE,2026,5,VAREJO,46.41
CARNE BOVINA,COXÃO DURO S/OSSO,4282,AP,NORTE,2026,5,VAREJO,40.23
CARNE BOVINA,PATINHO S/OSSO,4289,AP,NORTE,2026,5,VAREJO,45.96
CARNE BOVINA,COXÃO MOLE S/OSSO,4283,AP,NORTE,2026,5,VAREJO,46.07
CARNE BOVINA,COXÃO MOLE S/OSSO,4283,PA,NORTE,2026,5,VAREJO,46.26
CARNE BOVINA,COXÃO DURO S/OSSO,4282,PA,NORTE,2026,5,VAREJO,43.57
CARNE BOVINA,PATINHO S/OSSO,4289,PA,NORTE,2026,5,VAREJO,45.37
CARNE BOVINA,PATINHO S/OSSO,4289,RO,NORTE,2026,5,VAREJO,40.66
CARNE BOVINA,COXÃO DURO S/OSSO,4282,RO,NORTE,2026,5,VAREJO,37.36
CARNE BOVINA,COXÃO MOLE S/OSSO,4283,RO,NORTE,2026,5,VAREJO,41.22
CARNE BOVINA,PATINHO S/OSSO,4289,RR,NORTE,2026,5,VAREJO,46.7
CARNE BOVINA,COXÃO MOLE S/OSSO,4283,RR,NORTE,2026,5,VAREJO,48.07
CARNE BOVINA,COXÃO DURO S/OSSO,4282,RR,NORTE,2026,5,VAREJO,42.94
CARNE BOVINA,PATINHO S/OSSO,4289,TO,NORTE,2026,5,VAREJO,47.4
CARNE BOVINA,COXÃO MOLE S/OSSO,4283,TO,NORTE,2026,5,VAREJO,51.05
CARNE BOVINA,COXÃO DURO S/OSSO,4282,TO,NORTE,2026,5,VAREJO,47.3
CARNE DE FRANGO,CONGELADO,4244,PA,NORTE,2025,9,ATACADO,9.84
CARNE DE FRANGO,CONGELADO,4244,PA,NORTE,2025,10,ATACADO,9.26
CARNE DE FRANGO,CONGELADO,4244,PA,NORTE,2025,11,ATACADO,9.49
CARNE DE FRANGO,CONGELADO,4244,PA,NORTE,2025,12,ATACADO,9.7
CAROCO DE ALGODAO,NÃO INFORMADO,4724,TO,NORTE,2025,9,PREÇO RECEBIDO P/ PRODUTOR,1.25
CAROCO DE ALGODAO,NÃO INFORMADO,4724,TO,NORTE,2025,10,PREÇO RECEBIDO P/ PRODUTOR,1.25
CAROCO DE ALGODAO,NÃO INFORMADO,4724,TO,NORTE,2025,11,PREÇO RECEBIDO P/ PRODUTOR,1.25
CAROCO DE ALGODAO,NÃO INFORMADO,4724,TO,NORTE,2025,12,PREÇO RECEBIDO P/ PRODUTOR,1.25
CAROCO DE ALGODAO,NÃO INFORMADO,4724,TO,NORTE,2026,1,PREÇO RECEBIDO P/ PRODUTOR,1.25
CAROCO DE ALGODAO,NÃO INFORMADO,4724,TO,NORTE,2026,2,PREÇO RECEBIDO P/ PRODUTOR,1.15
CAROCO DE ALGODAO,NÃO INFORMADO,4724,TO,NORTE,2026,3,PREÇO RECEBIDO P/ PRODUTOR,1.15
CAROCO DE ALGODAO,NÃO INFORMADO,4724,TO,NORTE,2026,4,PREÇO RECEBIDO P/ PRODUTOR,1.15
CAROCO DE ALGODAO,NÃO INFORMADO,4724,TO,NORTE,2026,5,PREÇO RECEBIDO P/ PRODUTOR,1.15
CAROCO DE ALGODAO,NÃO INFORMADO,4724,TO,NORTE,2026,6,PREÇO RECEBIDO P/ PRODUTOR,1.15
CAROCO DE ALGODAO,NÃO INFORMADO,4724,TO,NORTE,2026,7,PREÇO RECEBIDO P/ PRODUTOR,1.15
CAROCO DE ALGODAO,NÃO INFORMADO,4724,TO,NORTE,2026,8,PREÇO RECEBIDO P/ PRODUTOR,0.98
CARRETA GRANELEIRA,5 TONELADAS 4 PNEUS,7436,TO,NORTE,2025,11,PREÇO PAGO PELO PRODUTOR,32800.0
CARRETA GRANELEIRA,5 TONELADAS 4 PNEUS,7436,TO,NORTE,2026,3,PREÇO PAGO PELO PRODUTOR,30500.0
CARRINHO DE MAO,NÃO INFORMADO,8672,RO,NORTE,2025,10,PREÇO PAGO PELO PRODUTOR,211.67
CARRINHO DE MAO,NÃO INFORMADO,8672,RO,NORTE,2025,11,PREÇO PAGO PELO PRODUTOR,211.67
CASA DE ALVENARIA P/ ADMI,NÃO INFORMADO,4393,PA,NORTE,2025,9,PREÇO PAGO PELO PRODUTOR,
CASA DE ALVENARIA P/ ADMI,NÃO INFORMADO,4393,RO,NORTE,2025,10,PREÇO PAGO PELO PRODUTOR,
CASA DE ALVENARIA P/ ADMI,NÃO INFORMADO,4393,TO,NORTE,2025,11,PREÇO PAGO PELO PRODUTOR,
CASA DE ALVENARIA P/ ADMI,NÃO INFORMADO,4393,TO,NORTE,2026,2,PREÇO PAGO PELO PRODUTOR,
CASA DE ALVENARIA P/ ADMI,NÃO INFORMADO,4393,AM,NORTE,2026,3,PREÇO PAGO PELO PRODUTOR,
CASA DE ALVENARIA P/ ADMI,NÃO INFORMADO,4393,PA,NORTE,2026,3,PREÇO PAGO PELO PRODUTOR,
CASA DE ALVENARIA P/ ADMI,NÃO INFORMADO,4393,TO,NORTE,2026,3,PREÇO PAGO PELO PRODUTOR,
CASA DE ALVENARIA P/ ADMI,NÃO INFORMADO,4393,PA,NORTE,2026,7,PREÇO PAGO PELO PRODUTOR,
CASA DE ALVENARIA P/ EMPR,NÃO INFORMADO,4394,TO,NORTE,2025,11,PREÇO PAGO PELO PRODUTOR,
CASA DE ALVENARIA P/ EMPR,NÃO INFORMADO,4394,TO,NORTE,2026,2,PREÇO PAGO PELO PRODUTOR,
CASA DE ALVENARIA P/ EMPR,NÃO INFORMADO,4394,PA,NORTE,2026,3,PREÇO PAGO PELO PRODUTOR,
CASA DE ALVENARIA P/ EMPR,NÃO INFORMADO,4394,TO,NORTE,2026,3,PREÇO PAGO PELO PRODUTOR,
CASA DE ALVENARIA P/ SUBE,TRANSFORMADOR 10 KVA,12588,RO,NORTE,2025,10,PREÇO PAGO PELO PRODUTOR,28000.0
CASA DE ALVENARIA P/ SUBE,TRANSFORMADOR 10 KVA,12588,RO,NORTE,2025,11,PREÇO PAGO PELO PRODUTOR,28000.0
CASA DE FARINHA,NÃO INFORMADO,13911,PA,NORTE,2025,9,PREÇO PAGO PELO PRODUTOR,
CASA DE FARINHA,NÃO INFORMADO,13911,AM,NORTE,2026,3,PREÇO PAGO PELO PRODUTOR,
CASA DE FARINHA,NÃO INFORMADO,13911,PA,NORTE,2026,3,PREÇO PAGO PELO PRODUTOR,
CASA DE MADEIRA,NÃO INFORMADO,12366,PA,NORTE,2025,9,PREÇO PAGO PELO PRODUTOR,
CASA DE MADEIRA,NÃO INFORMADO,12366,RO,NORTE,2025,10,PREÇO PAGO PELO PRODUTOR,
CASA DE MADEIRA,NÃO INFORMADO,12366,RO,NORTE,2025,11,PREÇO PAGO PELO PRODUTOR,
CASA DE MADEIRA,NÃO INFORMADO,12366,PA,NORTE,2026,3,PREÇO PAGO PELO PRODUTOR,
CASA DE MADEIRA,NÃO INFORMADO,12366,AC,NORTE,2026,7,PREÇO PAGO PELO PRODUTOR,
CASA DE MADEIRA,NÃO INFORMADO,12366,AM,NORTE,2026,7,PREÇO PAGO PELO PRODUTOR,
CASA DE MADEIRA,NÃO INFORMADO,12366,PA,NORTE,2026,7,PREÇO PAGO PELO PRODUTOR,
CASTANHA DE BABACU,AMÊNDOA,7995,PA,NORTE,2025,9,PREÇO RECEBIDO P/ PRODUTOR,6.5
CASTANHA DE BABACU,AMÊNDOA,7995,TO,NORTE,2025,9,PREÇO RECEBIDO P/ PRODUTOR,5.0
CASTANHA DE BABACU,AMÊNDOA,7995,PA,NORTE,2025,10,PREÇO RECEBIDO P/ PRODUTOR,6.5
CASTANHA DE BABACU,AMÊNDOA,7995,TO,NORTE,2025,10,PREÇO RECEBIDO P/ PRODUTOR,5.0
CASTANHA DE BABACU,AMÊNDOA,7995,PA,NORTE,2025,11,PREÇO RECEBIDO P/ PRODUTOR,6.5
CASTANHA DE BABACU,AMÊNDOA,7995,TO,NORTE,2025,11,PREÇO RECEBIDO P/ PRODUTOR,5.0
CASTANHA DE BABACU,AMÊNDOA,7995,PA,NORTE,2025,12,PREÇO RECEBIDO P/ PRODUTOR,6.5
CASTANHA DE BABACU,AMÊNDOA,7995,TO,NORTE,2025,12,PREÇO RECEBIDO P/ PRODUTOR,5.0
CASTANHA DE BABACU,AMÊNDOA,7995,PA,NORTE,2026,1,PREÇO RECEBIDO P/ PRODUTOR,6.5
CASTANHA DE BABACU,AMÊNDOA,7995,TO,NORTE,2026,1,PREÇO RECEBIDO P/ PRODUTOR,6.0
CASTANHA DE BABACU,AMÊNDOA,7995,TO,NORTE,2026,2,PREÇO RECEBIDO P/ PRODUTOR,6.0
CASTANHA DE BABACU,AMÊNDOA,7995,TO,NORTE,2026,3,PREÇO RECEBIDO P/ PRODUTOR,6.0
CASTANHA DE BABACU,AMÊNDOA,7995,PA,NORTE,2026,4,PREÇO RECEBIDO P/ PRODUTOR,8.0
CASTANHA DE BABACU,AMÊNDOA,7995,TO,NORTE,2026,4,PREÇO RECEBIDO P/ PRODUTOR,6.0
CASTANHA DE BABACU,AMÊNDOA,7995,PA,NORTE,2026,5,PREÇO RECEBIDO P/ PRODUTOR,8.0
CASTANHA DE BABACU,AMÊNDOA,7995,TO,NORTE,2026,5,PREÇO RECEBIDO P/ PRODUTOR,6.0
CASTANHA DE BABACU,AMÊNDOA,7995,PA,NORTE,2026,6,PREÇO RECEBIDO P/ PRODUTOR,8.0
CASTANHA DE BABACU,AMÊNDOA,7995,TO,NORTE,2026,6,PREÇO RECEBIDO P/ PRODUTOR,6.0
CASTANHA DE BABACU,AMÊNDOA,7995,PA,NORTE,2026,7,PREÇO RECEBIDO P/ PRODUTOR,8.0
CASTANHA DE BABACU,AMÊNDOA,7995,TO,NORTE,2026,7,PREÇO RECEBIDO P/ PRODUTOR,6.0
CASTANHA DE BABACU,AMÊNDOA,7995,PA,NORTE,2026,8,PREÇO RECEBIDO P/ PRODUTOR,10.0
CASTANHA DE BABACU,AMÊNDOA,7995,TO,NORTE,2026,8,PREÇO RECEBIDO P/ PRODUTOR,9.0
CASTANHA DO BRASIL,BENEFICIADA,4177,AM,NORTE,2025,9,ATACADO,23.52
CASTANHA DO BRASIL,BENEFICIADA,4177,AM,NORTE,2025,10,ATACADO,26.98
CASTANHA DO BRASIL,EM CASCA,4178,AP,NORTE,2025,10,PREÇO RECEBIDO P/ PRODUTOR,20.0
CASTANHA DO BRASIL,BENEFICIADA,4177,AM,NORTE,2025,11,ATACADO,27.25
CASTANHA DO BRASIL,EM CASCA,4178,RO,NORTE,2025,11,PREÇO RECEBIDO P/ PRODUTOR,10.59
CASTANHA DO BRASIL,BENEFICIADA,4177,AM,NORTE,2025,12,ATACADO,27.51
CASTANHA DO BRASIL,EM CASCA,4178,RO,NORTE,2025,12,PREÇO RECEBIDO P/ PRODUTOR,10.48
CASTANHA DO BRASIL,EM CASCA,4178,AC,NORTE,2026,1,PREÇO RECEBIDO P/ PRODUTOR,11.5
CASTANHA DO BRASIL,BENEFICIADA,4177,AM,NORTE,2026,1,ATACADO,26.17
CASTANHA DO BRASIL,EM CASCA,4178,AM,NORTE,2026,1,PREÇO RECEBIDO P/ PRODUTOR,7.52
CASTANHA DO BRASIL,EM CASCA,4178,AP,NORTE,2026,1,PREÇO RECEBIDO P/ PRODUTOR,10.25
CASTANHA DO BRASIL,EM CASCA,4178,PA,NORTE,2026,1,PREÇO RECEBIDO P/ PRODUTOR,6.65
CASTANHA DO BRASIL,EM CASCA,4178,RO,NORTE,2026,1,PREÇO RECEBIDO P/ PRODUTOR,7.83
CASTANHA DO BRASIL,EM CASCA,4178,RR,NORTE,2026,1,PREÇO RECEBIDO P/ PRODUTOR,10.0
CASTANHA DO BRASIL,EM CASCA,4178,AC,NORTE,2026,2,PREÇO RECEBIDO P/ PRODUTOR,11.5
CASTANHA DO BRASIL,EM CASCA,4178,AM,NORTE,2026,2,PREÇO RECEBIDO P/ PRODUTOR,8.6
CASTANHA DO BRASIL,BENEFICIADA,4177,AM,NORTE,2026,2,ATACADO,26.33
CASTANHA DO BRASIL,EM CASCA,4178,AP,NORTE,2026,2,PREÇO RECEBIDO P/ PRODUTOR,9.5
CASTANHA DO BRASIL,EM CASCA,4178,PA,NORTE,2026,2,PREÇO RECEBIDO P/ PRODUTOR,7.33
CASTANHA DO BRASIL,EM CASCA,4178,RO,NORTE,2026,2,PREÇO RECEBIDO P/ PRODUTOR,8.11
CASTANHA DO BRASIL,EM CASCA,4178,RR,NORTE,2026,2,PREÇO RECEBIDO P/ PRODUTOR,9.26
CASTANHA DO BRASIL,EM CASCA,4178,AC,NORTE,2026,3,PREÇO RECEBIDO P/ PRODUTOR,9.71
CASTANHA DO BRASIL,EM CASCA,4178,AM,NORTE,2026,3,PREÇO RECEBIDO P/ PRODUTOR,8.33
CASTANHA DO BRASIL,BENEFICIADA,4177,AM,NORTE,2026,3,ATACADO,38.05
CASTANHA DO BRASIL,EM CASCA,4178,AP,NORTE,2026,3,PREÇO RECEBIDO P/ PRODUTOR,7.63
CASTANHA DO BRASIL,EM CASCA,4178,PA,NORTE,2026,3,PREÇO RECEBIDO P/ PRODUTOR,15.95
CASTANHA DO BRASIL,EM CASCA,4178,RO,NORTE,2026,3,PREÇO RECEBIDO P/ PRODUTOR,5.98
CASTANHA DO BRASIL,EM CASCA,4178,RR,NORTE,2026,3,PREÇO RECEBIDO P/ PRODUTOR,8.62
CASTANHA DO BRASIL,EM CASCA,4178,AC,NORTE,2026,4,PREÇO RECEBIDO P/ PRODUTOR,6.67
CASTANHA DO BRASIL,BENEFICIADA,4177,AM,NORTE,2026,4,ATACADO,50.5
CASTANHA DO BRASIL,EM CASCA,4178,AM,NORTE,2026,4,PREÇO RECEBIDO P/ PRODUTOR,8.67
CASTANHA DO BRASIL,EM CASCA,4178,AP,NORTE,2026,4,PREÇO RECEBIDO P/ PRODUTOR,6.23
CASTANHA DO BRASIL,EM CASCA,4178,PA,NORTE,2026,4,PREÇO RECEBIDO P/ PRODUTOR,13.97
CASTANHA DO BRASIL,EM CASCA,4178,RO,NORTE,2026,4,PREÇO RECEBIDO P/ PRODUTOR,5.35
CASTANHA DO BRASIL,EM CASCA,4178,RR,NORTE,2026,4,PREÇO RECEBIDO P/ PRODUTOR,8.96
CASTANHA DO BRASIL,EM CASCA,4178,AC,NORTE,2026,5,PREÇO RECEBIDO P/ PRODUTOR,5.94
CASTANHA DO BRASIL,BENEFICIADA,4177,AM,NORTE,2026,5,ATACADO,60.37
CASTANHA DO BRASIL,EM CASCA,4178,AM,NORTE,2026,5,PREÇO RECEBIDO P/ PRODUTOR,7.97
CASTANHA DO BRASIL,EM CASCA,4178,AP,NORTE,2026,5,PREÇO RECEBIDO P/ PRODUTOR,4.05
CASTANHA DO BRASIL,EM CASCA,4178,PA,NORTE,2026,5,PREÇO RECEBIDO P/ PRODUTOR,12.94
CASTANHA DO BRASIL,EM CASCA,4178,RO,NORTE,2026,5,PREÇO RECEBIDO P/ PRODUTOR,5.83
CASTANHA DO BRASIL,EM CASCA,4178,RR,NORTE,2026,5,PREÇO RECEBIDO P/ PRODUTOR,7.74
CASTANHA DO BRASIL,EM CASCA,4178,AC,NORTE,2026,6,PREÇO RECEBIDO P/ PRODUTOR,5.94
CASTANHA DO BRASIL,BENEFICIADA,4177,AM,NORTE,2026,6,ATACADO,70.0
CASTANHA DO BRASIL,EM CASCA,4178,AM,NORTE,2026,6,PREÇO RECEBIDO P/ PRODUTOR,7.27
CASTANHA DO BRASIL,EM CASCA,4178,AP,NORTE,2026,6,PREÇO RECEBIDO P/ PRODUTOR,5.05
CASTANHA DO BRASIL,EM CASCA,4178,PA,NORTE,2026,6,PREÇO RECEBIDO P/ PRODUTOR,13.57
CASTANHA DO BRASIL,EM CASCA,4178,RO,NORTE,2026,6,PREÇO RECEBIDO P/ PRODUTOR,5.92
CASTANHA DO BRASIL,EM CASCA,4178,RR,NORTE,2026,6,PREÇO RECEBIDO P/ PRODUTOR,7.06
CASTANHA DO BRASIL,EM CASCA,4178,AC,NORTE,2026,7,PREÇO RECEBIDO P/ PRODUTOR,6.32
CASTANHA DO BRASIL,BENEFICIADA,4177,AM,NORTE,2026,7,ATACADO,72.2
CASTANHA DO BRASIL,EM CASCA,4178,AM,NORTE,2026,7,PREÇO RECEBIDO P/ PRODUTOR,7.07
CASTANHA DO BRASIL,EM CASCA,4178,AP,NORTE,2026,7,PREÇO RECEBIDO P/ PRODUTOR,6.39
CASTANHA DO BRASIL,EM CASCA,4178,PA,NORTE,2026,7,PREÇO RECEBIDO P/ PRODUTOR,14.42
CASTANHA DO BRASIL,EM CASCA,4178,RO,NORTE,2026,7,PREÇO RECEBIDO P/ PRODUTOR,6.68
CASTANHA DO BRASIL,EM CASCA,4178,RR,NORTE,2026,7,PREÇO RECEBIDO P/ PRODUTOR,8.34
CASTANHA DO BRASIL,EM CASCA,4178,AC,NORTE,2026,8,PREÇO RECEBIDO P/ PRODUTOR,7.27
CASTANHA DO BRASIL,BENEFICIADA,4177,AM,NORTE,2026,8,ATACADO,73.86
CASTANHA DO BRASIL,EM CASCA,4178,AP,NORTE,2026,8,PREÇO RECEBIDO P/ PRODUTOR,5.0
CASTANHA DO BRASIL,EM CASCA,4178,PA,NORTE,2026,8,PREÇO RECEBIDO P/ PRODUTOR,18.0
CASTANHA DO BRASIL,EM CASCA,4178,RO,NORTE,2026,8,PREÇO RECEBIDO P/ PRODUTOR,7.39
CASTANHA DO BRASIL,EM CASCA,4178,RR,NORTE,2026,8,PREÇO RECEBIDO P/ PRODUTOR,10.52
CERCOBIN,875 WG 875 G/KG TIOF,14131,RO,NORTE,2025,10,PREÇO PAGO PELO PRODUTOR,103.33
CERCOBIN,875 WG 875 G/KG TIOF,14131,RO,NORTE,2025,11,PREÇO PAGO PELO PRODUTOR,103.33
CERCOBIN,700 PM 700 G/KG TIOF,3988,PA,NORTE,2026,3,PREÇO PAGO PELO PRODUTOR,70.0
CERTEZA,NÃO INFORMADO,10526,TO,NORTE,2025,11,PREÇO PAGO PELO PRODUTOR,138.4
CERTEZA,NÃO INFORMADO,10526,TO,NORTE,2026,2,PREÇO PAGO PELO PRODUTOR,145.0
CERTEZA,NÃO INFORMADO,10526,TO,NORTE,2026,3,PREÇO PAGO PELO PRODUTOR,145.0
CHAPEU,DE PALHA,12348,AM,NORTE,2026,7,PREÇO PAGO PELO PRODUTOR,25.0
CIPERMETRINA,NÃO INFORMADO,7246,TO,NORTE,2025,11,PREÇO PAGO PELO PRODUTOR,46.15
CIPERMETRINA,NORTOX 250 EC 250 G/,7247,TO,NORTE,2025,11,PREÇO PAGO PELO PRODUTOR,34.42
CIPERMETRINA,NÃO INFORMADO,7246,TO,NORTE,2026,2,PREÇO PAGO PELO PRODUTOR,46.15
CIPERMETRINA,NORTOX 250 EC 250 G/,7247,TO,NORTE,2026,3,PREÇO PAGO PELO PRODUTOR,36.2
CIPERMETRINA,NÃO INFORMADO,7246,TO,NORTE,2026,3,PREÇO PAGO PELO PRODUTOR,46.15
CLINCHER,NÃO INFORMADO,7159,TO,NORTE,2025,11,PREÇO PAGO PELO PRODUTOR,193.4
CLINCHER,NÃO INFORMADO,7159,TO,NORTE,2026,2,PREÇO PAGO PELO PRODUTOR,193.4
CLINCHER,NÃO INFORMADO,7159,TO,NORTE,2026,3,PREÇO PAGO PELO PRODUTOR,193.4
CLORETO DE POTASSIO,NÃO INFORMADO,4541,RO,NORTE,2025,10,PREÇO PAGO PELO PRODUTOR,4.4
CLORETO DE POTASSIO,NÃO INFORMADO,4541,RO,NORTE,2025,11,PREÇO PAGO PELO PRODUTOR,4.4
CLORETO DE POTASSIO,60%,10977,TO,NORTE,2025,11,PREÇO PAGO PELO PRODUTOR,2.98
CLORETO DE POTASSIO,60%,10977,TO,NORTE,2026,3,PREÇO PAGO PELO PRODUTOR,2.89
CLORIMURON,WG 250 G/KG CLORIMUR,10226,RO,NORTE,2025,10,PREÇO PAGO PELO PRODUTOR,146.44
CMZ INFINITY,NÃO INFORMADO,13973,TO,NORTE,2025,11,PREÇO PAGO PELO PRODUTOR,146.0
CMZ INFINITY,NÃO INFORMADO,13973,TO,NORTE,2026,2,PREÇO PAGO PELO PRODUTOR,146.0
CMZ INFINITY,NÃO INFORMADO,13973,TO,NORTE,2026,3,PREÇO PAGO PELO PRODUTOR,146.0
COBOX,840 G/KG OXICLORETO,3991,RO,NORTE,2025,10,PREÇO PAGO PELO PRODUTOR,81.5
COCO DE BABACU,NÃO INFORMADO,7891,TO,NORTE,2026,1,PREÇO RECEBIDO P/ PRODUTOR,0.0
COLHEITA,NÃO INFORMADO,8433,PA,NORTE,2026,3,PREÇO PAGO PELO PRODUTOR,
COLHEITADEIRA,258 NEW HOLLAND TC 5,14031,TO,NORTE,2025,11,PREÇO PAGO PELO PRODUTOR,1602500.0
COLHEITADEIRA,258 NEW HOLLAND TC 5,14031,TO,NORTE,2026,2,PREÇO PAGO PELO PRODUTOR,1460000.0
COLHEITADEIRA,258 NEW HOLLAND TC 5,14031,TO,NORTE,2026,3,PREÇO PAGO PELO PRODUTOR,1505000.0
CONCHA DIANTEIRA,01 TONELADA,10688,TO,NORTE,2025,11,PREÇO PAGO PELO PRODUTOR,14500.0
CONCHA DIANTEIRA,01 TONELADA,10688,TO,NORTE,2026,2,PREÇO PAGO PELO PRODUTOR,65000.0
CONCHA DIANTEIRA,01 TONELADA,10688,TO,NORTE,2026,3,PREÇO PAGO PELO PRODUTOR,65000.0
CONJUNTO GOTEJAMENTO,5,10994,RO,NORTE,2025,10,PREÇO PAGO PELO PRODUTOR,23333.33
CONJUNTO GOTEJAMENTO,5,10994,RO,NORTE,2025,11,PREÇO PAGO PELO PRODUTOR,23333.33
CORDA,NYLON,14942,AC,NORTE,2026,7,PREÇO PAGO PELO PRODUTOR,45.63
CORTE DE MUDA (VASSOURA),NÃO INFORMADO,14573,PA,NORTE,2026,3,PREÇO PAGO PELO PRODUTOR,
CUIA,500 ML PARA SANGRIA,13903,PA,NORTE,2026,7,PREÇO PAGO PELO PRODUTOR,7.0
CYPRESS 400 EC,250 G/L + 150 G/L DI,14026,TO,NORTE,2025,11,PREÇO PAGO PELO PRODUTOR,215.48
CYPRESS 400 EC,250 G/L + 150 G/L DI,14026,TO,NORTE,2026,3,PREÇO PAGO PELO PRODUTOR,210.5
DANIMEN,300 EC 300 G/L FENPR,8467,RO,NORTE,2025,10,PREÇO PAGO PELO PRODUTOR,193.85
DECIS,025 EC 25 G/L DELTAM,4103,PA,NORTE,2026,3,PREÇO PAGO PELO PRODUTOR,129.0
DEPOSITO DE AGROTOXICO,DEPÓSITO PARA DEFENS,15514,TO,NORTE,2026,3,PREÇO PAGO PELO PRODUTOR,
DESMATAMENTO,COM MOTOSSERRA,8680,PA,NORTE,2025,9,PREÇO PAGO PELO PRODUTOR,
DESMATAMENTO,COM MOTOSSERRA,8680,PA,NORTE,2026,3,PREÇO PAGO PELO PRODUTOR,
DIARISTA,SERVIÇOS GERAIS,5452,AM,NORTE,2026,7,PREÇO PAGO PELO PRODUTOR,
DIARISTA,COLHEITA AÇAÍ BASQUE,12424,PA,NORTE,2026,7,PREÇO PAGO PELO PRODUTOR,25.0
DIARISTA ROCAGEM S/ ENCAR,ROÇADEIRA MOTORIZADA,12472,RO,NORTE,2025,10,PREÇO PAGO PELO PRODUTOR,
DIARISTA ROCAGEM S/ ENCAR,ROÇADEIRA MOTORIZADA,12472,RO,NORTE,2025,11,PREÇO PAGO PELO PRODUTOR,
DIARISTA ROCAGEM S/ ENCAR,NÃO INFORMADO,9750,PA,NORTE,2026,3,PREÇO PAGO PELO PRODUTOR,
DIARISTA ROCAGEM S/ ENCAR,NÃO INFORMADO,9750,PA,NORTE,2026,5,PREÇO PAGO PELO PRODUTOR,
DIARISTA ROCAGEM S/ ENCAR,NÃO INFORMADO,9750,PA,NORTE,2026,7,PREÇO PAGO PELO PRODUTOR,
DIARISTA SEM ENCARGOS,SERVIÇOS GERAIS SEM,9247,PA,NORTE,2025,9,PREÇO PAGO PELO PRODUTOR,
DIARISTA SEM ENCARGOS,COLHEITA AÇAÍ,13184,PA,NORTE,2025,9,PREÇO PAGO PELO PRODUTOR,1.25
DIARISTA SEM ENCARGOS,ABERTURA DE COVAS SE,11120,PA,NORTE,2025,9,PREÇO PAGO PELO PRODUTOR,
DIARISTA SEM ENCARGOS,COLHEITA AÇAÍ,13184,PA,NORTE,2025,10,PREÇO PAGO PELO PRODUTOR,1.25
DIARISTA SEM ENCARGOS,COLHEITA CAFÉ,14385,RO,NORTE,2025,10,PREÇO PAGO PELO PRODUTOR,0.35
DIARISTA SEM ENCARGOS,COLHEITA DA SAIA DO,15417,RO,NORTE,2025,10,PREÇO PAGO PELO PRODUTOR,0.4
DIARISTA SEM ENCARGOS,PODA APÓS A COLHEITA,15441,RO,NORTE,2025,10,PREÇO PAGO PELO PRODUTOR,0.3
DIARISTA SEM ENCARGOS,SERVIÇOS GERAIS SEM,9247,RO,NORTE,2025,10,PREÇO PAGO PELO PRODUTOR,
DIARISTA SEM ENCARGOS,COLHEITA SEM ENCARGO,9246,RO,NORTE,2025,10,PREÇO PAGO PELO PRODUTOR,0.35
DIARISTA SEM ENCARGOS,APLICAÇÃO DE AGROTÓX,9245,RO,NORTE,2025,10,PREÇO PAGO PELO PRODUTOR,
DIARISTA SEM ENCARGOS,DESBROTA SEM ENCARGO,11129,RO,NORTE,2025,10,PREÇO PAGO PELO PRODUTOR,0.3
DIARISTA SEM ENCARGOS,APLICAÇÃO DE AGROTÓX,9245,RO,NORTE,2025,11,PREÇO PAGO PELO PRODUTOR,
DIARISTA SEM ENCARGOS,COLHEITA SEM ENCARGO,9246,RO,NORTE,2025,11,PREÇO PAGO PELO PRODUTOR,0.35
DIARISTA SEM ENCARGOS,PODA APÓS A COLHEITA,15441,RO,NORTE,2025,11,PREÇO PAGO PELO PRODUTOR,0.4
DIARISTA SEM ENCARGOS,COLHEITA DA SAIA DO,15417,RO,NORTE,2025,11,PREÇO PAGO PELO PRODUTOR,0.4
DIARISTA SEM ENCARGOS,DESBROTA SEM ENCARGO,11129,RO,NORTE,2025,11,PREÇO PAGO PELO PRODUTOR,0.3
DIARISTA SEM ENCARGOS,SERVIÇOS GERAIS SEM,9247,AM,NORTE,2026,2,PREÇO PAGO PELO PRODUTOR,
DIARISTA SEM ENCARGOS,SERVIÇOS GERAIS SEM,9247,AM,NORTE,2026,3,PREÇO PAGO PELO PRODUTOR,
DIARISTA SEM ENCARGOS,APLICAÇÃO DE ADUBO S,10488,PA,NORTE,2026,3,PREÇO PAGO PELO PRODUTOR,
DIARISTA SEM ENCARGOS,SERVIÇOS GERAIS SEM,9247,PA,NORTE,2026,3,PREÇO PAGO PELO PRODUTOR,
DIARISTA SEM ENCARGOS,APLICAÇÃO DE AGROTÓX,9245,PA,NORTE,2026,3,PREÇO PAGO PELO PRODUTOR,
DIARISTA SEM ENCARGOS,PODA,12437,PA,NORTE,2026,3,PREÇO PAGO PELO PRODUTOR,
DIARISTA SEM ENCARGOS,CACAU PODA PARA CONT,12905,PA,NORTE,2026,3,PREÇO PAGO PELO PRODUTOR,4.0
DIARISTA SEM ENCARGOS,ABACAXI COBERTURA DO,11794,PA,NORTE,2026,3,PREÇO PAGO PELO PRODUTOR,
DIARISTA SEM ENCARGOS,DESBROTA SEM ENCARGO,11129,PA,NORTE,2026,3,PREÇO PAGO PELO PRODUTOR,
DIARISTA SEM ENCARGOS,COLHEITA AÇAÍ,13184,PA,NORTE,2026,5,PREÇO PAGO PELO PRODUTOR,4.87
DIARISTA SEM ENCARGOS,COM REFEIÇÃO,14142,AC,NORTE,2026,7,PREÇO PAGO PELO PRODUTOR,
DIARISTA SEM ENCARGOS,SERVIÇOS GERAIS SEM,9247,AC,NORTE,2026,7,PREÇO PAGO PELO PRODUTOR,
DIARISTA SEM ENCARGOS,NÃO INFORMADO,9244,AM,NORTE,2026,7,PREÇO PAGO PELO PRODUTOR,
DIARISTA SEM ENCARGOS,SERVIÇOS GERAIS SEM,9247,AM,NORTE,2026,7,PREÇO PAGO PELO PRODUTOR,
DIARISTA SEM ENCARGOS,ROÇAGEM SEM ENCARGOS,15331,AM,NORTE,2026,7,PREÇO PAGO PELO PRODUTOR,
DIARISTA SEM ENCARGOS,NÃO INFORMADO,9244,PA,NORTE,2026,7,PREÇO PAGO PELO PRODUTOR,
DIARISTA SEM ENCARGOS,SERVIÇOS GERAIS SEM,9247,PA,NORTE,2026,7,PREÇO PAGO PELO PRODUTOR,
DIARISTA SEM ENCARGOS,COLHEITA AÇAÍ,13184,PA,NORTE,2026,7,PREÇO PAGO PELO PRODUTOR,4.87
DIQUAT,"373,5 G/L + 200 G/L",14029,TO,NORTE,2025,11,PREÇO PAGO PELO PRODUTOR,23.75
DIQUAT,"373,5 G/L + 200 G/L",14029,TO,NORTE,2026,3,PREÇO PAGO PELO PRODUTOR,21.9
"DISTRIBUIDOR DE ADUBO, CA",3 TONELADAS 4 RODAS,8050,PA,NORTE,2025,9,PREÇO PAGO PELO PRODUTOR,70000.0
"DISTRIBUIDOR DE ADUBO, CA","1,5 TONELADA STARA",13976,TO,NORTE,2025,11,PREÇO PAGO PELO PRODUTOR,40000.0
"DISTRIBUIDOR DE ADUBO, CA",12 TONELADAS JAN LAN,12170,TO,NORTE,2025,11,PREÇO PAGO PELO PRODUTOR,46000.0
"DISTRIBUIDOR DE ADUBO, CA",5.500 KG PICCIN MAST,14010,TO,NORTE,2025,11,PREÇO PAGO PELO PRODUTOR,37900.0
"DISTRIBUIDOR DE ADUBO, CA","1,5 TONELADA STARA",13976,TO,NORTE,2026,2,PREÇO PAGO PELO PRODUTOR,40000.0
"DISTRIBUIDOR DE ADUBO, CA",12 TONELADAS JAN LAN,12170,TO,NORTE,2026,2,PREÇO PAGO PELO PRODUTOR,80000.0
"DISTRIBUIDOR DE ADUBO, CA","1,5 TONELADA STARA",13976,TO,NORTE,2026,3,PREÇO PAGO PELO PRODUTOR,40000.0
"DISTRIBUIDOR DE ADUBO, CA",12 TONELADAS JAN LAN,12170,TO,NORTE,2026,3,PREÇO PAGO PELO PRODUTOR,80000.0
"DISTRIBUIDOR DE ADUBO, CA",5.500 KG PICCIN MAST,14010,TO,NORTE,2026,3,PREÇO PAGO PELO PRODUTOR,35400.0
DIURON,SC 500 G/L DIUROM,14856,PA,NORTE,2026,3,PREÇO PAGO PELO PRODUTOR,50.0
EMBUCHAMENTO DA RABETA,NÃO INFORMADO,14906,AM,NORTE,2026,7,PREÇO PAGO PELO PRODUTOR,85.0
ENERGIA ELETRICA,NÃO INFORMADO,4423,PA,NORTE,2025,9,PREÇO PAGO PELO PRODUTOR,
ENERGIA ELETRICA,NÃO INFORMADO,4423,RO,NORTE,2025,10,PREÇO PAGO PELO PRODUTOR,
ENERGIA ELETRICA,NÃO INFORMADO,4423,TO,NORTE,2025,11,PREÇO PAGO PELO PRODUTOR,
ENERGIA ELETRICA,NÃO INFORMADO,4423,TO,NORTE,2026,2,PREÇO PAGO PELO PRODUTOR,
ENERGIA ELETRICA,NÃO INFORMADO,4423,AM,NORTE,2026,3,PREÇO PAGO PELO PRODUTOR,
ENERGIA ELETRICA,NÃO INFORMADO,4423,PA,NORTE,2026,3,PREÇO PAGO PELO PRODUTOR,
ENERGIA ELETRICA,NÃO INFORMADO,4423,TO,NORTE,2026,3,PREÇO PAGO PELO PRODUTOR,
ENERGIA ELETRICA,NÃO INFORMADO,4423,PA,NORTE,2026,5,PREÇO PAGO PELO PRODUTOR,
ENERGIA ELETRICA,NÃO INFORMADO,4423,AC,NORTE,2026,7,PREÇO PAGO PELO PRODUTOR,
ENERGIA ELETRICA,NÃO INFORMADO,4423,AM,NORTE,2026,7,PREÇO PAGO PELO PRODUTOR,
ENERGIA ELETRICA,NÃO INFORMADO,4423,PA,NORTE,2026,7,PREÇO PAGO PELO PRODUTOR,
ENGEO,PLENO 141 + 106 G/L,7297,TO,NORTE,2025,11,PREÇO PAGO PELO PRODUTOR,237.8
ENGEO,PLENO 141 + 106 G/L,7297,TO,NORTE,2026,3,PREÇO PAGO PELO PRODUTOR,240.3
"EPI COMPLETO (OCULOS, LUV",NÃO INFORMADO,12595,RO,NORTE,2025,10,PREÇO PAGO PELO PRODUTOR,134.0
"EPI COMPLETO (OCULOS, LUV",NÃO INFORMADO,12595,RO,NORTE,2025,11,PREÇO PAGO PELO PRODUTOR,134.0
ESCARIFICADOR AGRICOLA,9 HASTES,14013,TO,NORTE,2025,11,PREÇO PAGO PELO PRODUTOR,63500.0
ESCARIFICADOR AGRICOLA,9 HASTES,14013,TO,NORTE,2026,3,PREÇO PAGO PELO PRODUTOR,58000.0
ESPALHANTE ADESIVO,RUBI,14843,PA,NORTE,2026,3,PREÇO PAGO PELO PRODUTOR,135.0
ESTACAS,DE MADEIRA,12886,PA,NORTE,2025,9,PREÇO PAGO PELO PRODUTOR,0.6
ESTACAS,DE MADEIRA,12886,PA,NORTE,2025,10,PREÇO PAGO PELO PRODUTOR,0.6
ESTRUTURA PARA ABASTECIME,NÃO INFORMADO,13947,TO,NORTE,2025,11,PREÇO PAGO PELO PRODUTOR,
ESTRUTURA PARA ABASTECIME,NÃO INFORMADO,13947,TO,NORTE,2026,3,PREÇO PAGO PELO PRODUTOR,40000.0
ESTUFA,NÃO INFORMADO,11341,PA,NORTE,2026,3,PREÇO PAGO PELO PRODUTOR,
ESTUFA,COBERTO COM LONA E C,13898,PA,NORTE,2026,7,PREÇO PAGO PELO PRODUTOR,3800.0
ETHREL 720,720 G/L ETEFOM,14858,PA,NORTE,2026,3,PREÇO PAGO PELO PRODUTOR,225.0
EVOLUTION,"37,5 G/KG + 525 G/KG",14022,TO,NORTE,2025,11,PREÇO PAGO PELO PRODUTOR,59.3
EVOLUTION,"37,5 G/KG + 525 G/KG",14022,TO,NORTE,2026,3,PREÇO PAGO PELO PRODUTOR,57.5
FACA,PARA SANGRIA,13151,AC,NORTE,2026,7,PREÇO PAGO PELO PRODUTOR,40.0
FACA,CABO PRETO 7'',15373,AM,NORTE,2026,7,PREÇO PAGO PELO PRODUTOR,36.0
FACA,CABO BRANCO 8'',15374,AM,NORTE,2026,7,PREÇO PAGO PELO PRODUTOR,36.0
FACA,NÃO INFORMADO,8669,PA,NORTE,2026,7,PREÇO PAGO PELO PRODUTOR,20.0
FACAO,128 CM TRAMONTINA,13899,AM,NORTE,2026,2,PREÇO PAGO PELO PRODUTOR,65.0
FACAO,128 CM TRAMONTINA,13899,AM,NORTE,2026,3,PREÇO PAGO PELO PRODUTOR,60.0
FACAO,16 POLEGADAS TRAMONT,14239,AC,NORTE,2026,7,PREÇO PAGO PELO PRODUTOR,100.0
FACAO,"60 CM, COM BAINHA TR",15316,AM,NORTE,2026,7,PREÇO PAGO PELO PRODUTOR,80.0
FACAO,"50 CM, COM BAINHA TR",15315,AM,NORTE,2026,7,PREÇO PAGO PELO PRODUTOR,60.0
FACAO,12 POLEGADAS COM BAI,15325,AM,NORTE,2026,7,PREÇO PAGO PELO PRODUTOR,55.0
FACAO,58 CM TRAMONTINA,11611,AM,NORTE,2026,7,PREÇO PAGO PELO PRODUTOR,82.0
FACAO,22 POLEGADAS,14982,PA,NORTE,2026,7,PREÇO PAGO PELO PRODUTOR,75.0
FACAO,128 CM TRAMONTINA,13899,PA,NORTE,2026,7,PREÇO PAGO PELO PRODUTOR,70.0
FACAO,COM BAINHA COLLINS,13893,PA,NORTE,2026,7,PREÇO PAGO PELO PRODUTOR,90.0
FACAO,20 POLEGADAS TRAMONT,14094,PA,NORTE,2026,7,PREÇO PAGO PELO PRODUTOR,68.0
FACAO,NÃO INFORMADO,11610,PA,NORTE,2026,7,PREÇO PAGO PELO PRODUTOR,70.0
FACAO,58 CM TRAMONTINA,11611,PA,NORTE,2026,7,PREÇO PAGO PELO PRODUTOR,65.0
FACAO 127,NÃO INFORMADO,14868,AM,NORTE,2026,7,PREÇO PAGO PELO PRODUTOR,79.0
FACAO 127,NÃO INFORMADO,14868,PA,NORTE,2026,7,PREÇO PAGO PELO PRODUTOR,98.0
FACAO Nº 128,TERÇADO,12381,AC,NORTE,2026,7,PREÇO PAGO PELO PRODUTOR,106.0
FACAO Nº 128,TERÇADO,12381,AM,NORTE,2026,7,PREÇO PAGO PELO PRODUTOR,92.5
FARINHA DE MANDIOCA,MÉDIA AMARELO (A) 1,368,AC,NORTE,2025,9,ATACADO,5.34
FARINHA DE MANDIOCA,MÉDIA BRANCO (A) 1 S,363,AC,NORTE,2025,9,ATACADO,6.79
FARINHA DE MANDIOCA,MÉDIA SECA BRANCA,11247,AC,NORTE,2025,9,PREÇO RECEBIDO P/ PRODUTOR,3.07
FARINHA DE MANDIOCA,SECA AMARELA,15347,AC,NORTE,2025,9,VAREJO,5.8
FARINHA DE MANDIOCA,FINA SECA,11280,AM,NORTE,2025,9,PREÇO RECEBIDO P/ PRODUTOR,3.6
FARINHA DE MANDIOCA,MÉDIA D'ÁGUA,11279,AM,NORTE,2025,9,PREÇO RECEBIDO P/ PRODUTOR,6.0
FARINHA DE MANDIOCA,GROSSA(O) TIPO 1 D'Á,11311,AM,NORTE,2025,9,ATACADO,5.56
FARINHA DE MANDIOCA,MÉDIA TIPO 1 SECA,11174,AM,NORTE,2025,9,ATACADO,4.6
FARINHA DE MANDIOCA,D'ÁGUA AMARELA,15346,AM,NORTE,2025,9,VAREJO,5.16
FARINHA DE MANDIOCA,SECA AMARELA,15347,AP,NORTE,2025,9,VAREJO,6.64
FARINHA DE MANDIOCA,GROSSA AMARELO (A) 1,279,AP,NORTE,2025,9,ATACADO,5.4
FARINHA DE MANDIOCA,MÉDIA TIPO 1 SECA,11174,AP,NORTE,2025,9,ATACADO,5.39
FARINHA DE MANDIOCA,MÉDIA TIPO 2 SECA,11215,AP,NORTE,2025,9,ATACADO,8.0
FARINHA DE MANDIOCA,MÉDIA SECA,11244,PA,NORTE,2025,9,PREÇO RECEBIDO P/ PRODUTOR,6.67
FARINHA DE MANDIOCA,MÉDIA TIPO 1 SECA,11174,PA,NORTE,2025,9,ATACADO,5.51
FARINHA DE MANDIOCA,TORRADA BRANCA,15344,PA,NORTE,2025,9,VAREJO,10.62
FARINHA DE MANDIOCA,SECA AMARELA,15347,RO,NORTE,2025,9,VAREJO,6.92
FARINHA DE MANDIOCA,MÉDIA AMARELO (A) 1,368,RO,NORTE,2025,9,ATACADO,5.24
FARINHA DE MANDIOCA,D'ÁGUA AMARELA,15346,RR,NORTE,2025,9,VAREJO,9.74
FARINHA DE MANDIOCA,MÉDIA TIPO 1 D'ÁGUA,11920,RR,NORTE,2025,9,ATACADO,11.63
FARINHA DE MANDIOCA,GROSSA(O) D'ÁGUA,12274,RR,NORTE,2025,9,PREÇO RECEBIDO P/ PRODUTOR,9.44
FARINHA DE MANDIOCA,MÉDIA TIPO 1 SECA,11174,RR,NORTE,2025,9,ATACADO,19.7
FARINHA DE MANDIOCA,CRUA BRANCA,15345,TO,NORTE,2025,9,VAREJO,9.74
FARINHA DE MANDIOCA,MÉDIA TIPO 1 SECA,11174,TO,NORTE,2025,9,ATACADO,5.29
FARINHA DE MANDIOCA,MÉDIA SECA,11244,TO,NORTE,2025,9,PREÇO RECEBIDO P/ PRODUTOR,8.75
FARINHA DE MANDIOCA,MÉDIA SECA BRANCA,11247,AC,NORTE,2025,10,PREÇO RECEBIDO P/ PRODUTOR,3.07
FARINHA DE MANDIOCA,MÉDIA BRANCO (A) 1 S,363,AC,NORTE,2025,10,ATACADO,6.92
FARINHA DE MANDIOCA,MÉDIA AMARELO (A) 1,368,AC,NORTE,2025,10,ATACADO,5.12
FARINHA DE MANDIOCA,SECA AMARELA,15347,AC,NORTE,2025,10,VAREJO,5.9
FARINHA DE MANDIOCA,MÉDIA TIPO 1 SECA,11174,AM,NORTE,2025,10,ATACADO,4.48
FARINHA DE MANDIOCA,FINA SECA,11280,AM,NORTE,2025,10,PREÇO RECEBIDO P/ PRODUTOR,3.6
FARINHA DE MANDIOCA,MÉDIA D'ÁGUA,11279,AM,NORTE,2025,10,PREÇO RECEBIDO P/ PRODUTOR,6.0
FARINHA DE MANDIOCA,GROSSA(O) TIPO 1 D'Á,11311,AM,NORTE,2025,10,ATACADO,5.21
FARINHA DE MANDIOCA,D'ÁGUA AMARELA,15346,AM,NORTE,2025,10,VAREJO,5.19
FARINHA DE MANDIOCA,SECA AMARELA,15347,AP,NORTE,2025,10,VAREJO,6.98
FARINHA DE MANDIOCA,MÉDIA TIPO 1 SECA,11174,AP,NORTE,2025,10,ATACADO,5.67
FARINHA DE MANDIOCA,MÉDIA TIPO 2 SECA,11215,AP,NORTE,2025,10,ATACADO,8.67
FARINHA DE MANDIOCA,GROSSA AMARELO (A) 1,279,AP,NORTE,2025,10,ATACADO,5.8
FARINHA DE MANDIOCA,MÉDIA SECA,11244,PA,NORTE,2025,10,PREÇO RECEBIDO P/ PRODUTOR,6.92
FARINHA DE MANDIOCA,MÉDIA TIPO 1 SECA,11174,PA,NORTE,2025,10,ATACADO,5.59
FARINHA DE MANDIOCA,TORRADA BRANCA,15344,PA,NORTE,2025,10,VAREJO,10.97
FARINHA DE MANDIOCA,SECA AMARELA,15347,RO,NORTE,2025,10,VAREJO,6.64
FARINHA DE MANDIOCA,MÉDIA AMARELO (A) 1,368,RO,NORTE,2025,10,ATACADO,5.24
FARINHA DE MANDIOCA,MÉDIA TIPO 1 D'ÁGUA,11920,RR,NORTE,2025,10,ATACADO,10.89
FARINHA DE MANDIOCA,GROSSA(O) D'ÁGUA,12274,RR,NORTE,2025,10,PREÇO RECEBIDO P/ PRODUTOR,8.65
FARINHA DE MANDIOCA,D'ÁGUA AMARELA,15346,RR,NORTE,2025,10,VAREJO,9.26
FARINHA DE MANDIOCA,MÉDIA TIPO 1 SECA,11174,RR,NORTE,2025,10,ATACADO,16.42
FARINHA DE MANDIOCA,CRUA BRANCA,15345,TO,NORTE,2025,10,VAREJO,9.64
FARINHA DE MANDIOCA,MÉDIA SECA,11244,TO,NORTE,2025,10,PREÇO RECEBIDO P/ PRODUTOR,8.75
FARINHA DE MANDIOCA,MÉDIA TIPO 1 SECA,11174,TO,NORTE,2025,10,ATACADO,5.56
FARINHA DE MANDIOCA,MÉDIA SECA BRANCA,11247,AC,NORTE,2025,11,PREÇO RECEBIDO P/ PRODUTOR,3.07
FARINHA DE MANDIOCA,MÉDIA AMARELO (A) 1,368,AC,NORTE,2025,11,ATACADO,5.12
FARINHA DE MANDIOCA,MÉDIA BRANCO (A) 1 S,363,AC,NORTE,2025,11,ATACADO,6.92
FARINHA DE MANDIOCA,SECA AMARELA,15347,AC,NORTE,2025,11,VAREJO,5.81
FARINHA DE MANDIOCA,GROSSA(O) TIPO 1 D'Á,11311,AM,NORTE,2025,11,ATACADO,4.75
FARINHA DE MANDIOCA,FINA SECA,11280,AM,NORTE,2025,11,PREÇO RECEBIDO P/ PRODUTOR,3.15
FARINHA DE MANDIOCA,MÉDIA TIPO 1 SECA,11174,AM,NORTE,2025,11,ATACADO,4.6
FARINHA DE MANDIOCA,MÉDIA D'ÁGUA,11279,AM,NORTE,2025,11,PREÇO RECEBIDO P/ PRODUTOR,5.6
FARINHA DE MANDIOCA,D'ÁGUA AMARELA,15346,AM,NORTE,2025,11,VAREJO,4.77
FARINHA DE MANDIOCA,SECA AMARELA,15347,AP,NORTE,2025,11,VAREJO,6.74
FARINHA DE MANDIOCA,MÉDIA TIPO 2 SECA,11215,AP,NORTE,2025,11,ATACADO,9.0
FARINHA DE MANDIOCA,MÉDIA TIPO 1 SECA,11174,AP,NORTE,2025,11,ATACADO,6.38
FARINHA DE MANDIOCA,GROSSA AMARELO (A) 1,279,AP,NORTE,2025,11,ATACADO,5.6
FARINHA DE MANDIOCA,MÉDIA TIPO 1 SECA,11174,PA,NORTE,2025,11,ATACADO,5.74
FARINHA DE MANDIOCA,MÉDIA SECA,11244,PA,NORTE,2025,11,PREÇO RECEBIDO P/ PRODUTOR,7.04
FARINHA DE MANDIOCA,TORRADA BRANCA,15344,PA,NORTE,2025,11,VAREJO,10.79
FARINHA DE MANDIOCA,SECA AMARELA,15347,RO,NORTE,2025,11,VAREJO,6.52
FARINHA DE MANDIOCA,MÉDIA AMARELO (A) 1,368,RO,NORTE,2025,11,ATACADO,4.91
FARINHA DE MANDIOCA,D'ÁGUA AMARELA,15346,RR,NORTE,2025,11,VAREJO,9.74
FARINHA DE MANDIOCA,GROSSA(O) D'ÁGUA,12274,RR,NORTE,2025,11,PREÇO RECEBIDO P/ PRODUTOR,8.8
FARINHA DE MANDIOCA,MÉDIA TIPO 1 D'ÁGUA,11920,RR,NORTE,2025,11,ATACADO,9.99
FARINHA DE MANDIOCA,MÉDIA TIPO 1 SECA,11174,RR,NORTE,2025,11,ATACADO,16.9
FARINHA DE MANDIOCA,CRUA BRANCA,15345,TO,NORTE,2025,11,VAREJO,9.62
FARINHA DE MANDIOCA,MÉDIA SECA,11244,TO,NORTE,2025,11,PREÇO RECEBIDO P/ PRODUTOR,8.75
FARINHA DE MANDIOCA,MÉDIA TIPO 1 SECA,11174,TO,NORTE,2025,11,ATACADO,5.45
FARINHA DE MANDIOCA,MÉDIA SECA BRANCA,11247,AC,NORTE,2025,12,PREÇO RECEBIDO P/ PRODUTOR,3.05
FARINHA DE MANDIOCA,MÉDIA BRANCO (A) 1 S,363,AC,NORTE,2025,12,ATACADO,6.92
FARINHA DE MANDIOCA,MÉDIA AMARELO (A) 1,368,AC,NORTE,2025,12,ATACADO,5.58
FARINHA DE MANDIOCA,SECA AMARELA,15347,AC,NORTE,2025,12,VAREJO,5.9
FARINHA DE MANDIOCA,MÉDIA D'ÁGUA,11279,AM,NORTE,2025,12,PREÇO RECEBIDO P/ PRODUTOR,6.47
FARINHA DE MANDIOCA,GROSSA(O) TIPO 1 D'Á,11311,AM,NORTE,2025,12,ATACADO,4.78
FARINHA DE MANDIOCA,MÉDIA TIPO 1 SECA,11174,AM,NORTE,2025,12,ATACADO,4.68
FARINHA DE MANDIOCA,FINA SECA,11280,AM,NORTE,2025,12,PREÇO RECEBIDO P/ PRODUTOR,3.37
FARINHA DE MANDIOCA,D'ÁGUA AMARELA,15346,AM,NORTE,2025,12,VAREJO,4.79
FARINHA DE MANDIOCA,SECA AMARELA,15347,AP,NORTE,2025,12,VAREJO,6.81
FARINHA DE MANDIOCA,MÉDIA TIPO 1 SECA,11174,AP,NORTE,2025,12,ATACADO,6.73
FARINHA DE MANDIOCA,MÉDIA TIPO 2 SECA,11215,AP,NORTE,2025,12,ATACADO,9.33
FARINHA DE MANDIOCA,GROSSA AMARELO (A) 1,279,AP,NORTE,2025,12,ATACADO,6.0
FARINHA DE MANDIOCA,MÉDIA TIPO 1 SECA,11174,PA,NORTE,2025,12,ATACADO,5.83
FARINHA DE MANDIOCA,MÉDIA SECA,11244,PA,NORTE,2025,12,PREÇO RECEBIDO P/ PRODUTOR,6.59
FARINHA DE MANDIOCA,TORRADA BRANCA,15344,PA,NORTE,2025,12,VAREJO,10.64
FARINHA DE MANDIOCA,SECA AMARELA,15347,RO,NORTE,2025,12,VAREJO,6.5
FARINHA DE MANDIOCA,MÉDIA AMARELO (A) 1,368,RO,NORTE,2025,12,ATACADO,5.74
FARINHA DE MANDIOCA,MÉDIA TIPO 1 D'ÁGUA,11920,RR,NORTE,2025,12,ATACADO,9.56
FARINHA DE MANDIOCA,GROSSA(O) D'ÁGUA,12274,RR,NORTE,2025,12,PREÇO RECEBIDO P/ PRODUTOR,9.77
FARINHA DE MANDIOCA,D'ÁGUA AMARELA,15346,RR,NORTE,2025,12,VAREJO,9.52
FARINHA DE MANDIOCA,MÉDIA TIPO 1 SECA,11174,RR,NORTE,2025,12,ATACADO,17.04
FARINHA DE MANDIOCA,CRUA BRANCA,15345,TO,NORTE,2025,12,VAREJO,9.45
FARINHA DE MANDIOCA,MÉDIA SECA,11244,TO,NORTE,2025,12,PREÇO RECEBIDO P/ PRODUTOR,8.75
FARINHA DE MANDIOCA,MÉDIA TIPO 1 SECA,11174,TO,NORTE,2025,12,ATACADO,5.49
FARINHA DE MANDIOCA,SECA AMARELA,15347,AC,NORTE,2026,1,VAREJO,5.57
FARINHA DE MANDIOCA,FINA SECA,11280,AM,NORTE,2026,1,PREÇO RECEBIDO P/ PRODUTOR,2.4
FARINHA DE MANDIOCA,MÉDIA D'ÁGUA,11279,AM,NORTE,2026,1,PREÇO RECEBIDO P/ PRODUTOR,7.0
FARINHA DE MANDIOCA,D'ÁGUA AMARELA,15346,AM,NORTE,2026,1,VAREJO,4.81
FARINHA DE MANDIOCA,SECA AMARELA,15347,AP,NORTE,2026,1,VAREJO,6.94
FARINHA DE MANDIOCA,TORRADA BRANCA,15344,PA,NORTE,2026,1,VAREJO,8.62
FARINHA DE MANDIOCA,MÉDIA SECA,11244,PA,NORTE,2026,1,PREÇO RECEBIDO P/ PRODUTOR,6.53
FARINHA DE MANDIOCA,SECA AMARELA,15347,RO,NORTE,2026,1,VAREJO,6.46
FARINHA DE MANDIOCA,GROSSA(O) D'ÁGUA,12274,RR,NORTE,2026,1,PREÇO RECEBIDO P/ PRODUTOR,11.25
FARINHA DE MANDIOCA,D'ÁGUA AMARELA,15346,RR,NORTE,2026,1,VAREJO,9.47
FARINHA DE MANDIOCA,MÉDIA SECA,11244,TO,NORTE,2026,1,PREÇO RECEBIDO P/ PRODUTOR,8.94
FARINHA DE MANDIOCA,CRUA BRANCA,15345,TO,NORTE,2026,1,VAREJO,9.45
FARINHA DE MANDIOCA,SECA AMARELA,15347,AC,NORTE,2026,2,VAREJO,5.64
FARINHA DE MANDIOCA,FINA SECA,11280,AM,NORTE,2026,2,PREÇO RECEBIDO P/ PRODUTOR,3.63
FARINHA DE MANDIOCA,MÉDIA D'ÁGUA,11279,AM,NORTE,2026,2,PREÇO RECEBIDO P/ PRODUTOR,6.18
FARINHA DE MANDIOCA,D'ÁGUA AMARELA,15346,AM,NORTE,2026,2,VAREJO,4.79
FARINHA DE MANDIOCA,SECA AMARELA,15347,AP,NORTE,2026,2,VAREJO,7.02
FARINHA DE MANDIOCA,TORRADA BRANCA,15344,PA,NORTE,2026,2,VAREJO,8.45
FARINHA DE MANDIOCA,MÉDIA SECA,11244,PA,NORTE,2026,2,PREÇO RECEBIDO P/ PRODUTOR,6.35
FARINHA DE MANDIOCA,SECA AMARELA,15347,RO,NORTE,2026,2,VAREJO,6.27
FARINHA DE MANDIOCA,GROSSA(O) D'ÁGUA,12274,RR,NORTE,2026,2,PREÇO RECEBIDO P/ PRODUTOR,8.0
FARINHA DE MANDIOCA,D'ÁGUA AMARELA,15346,RR,NORTE,2026,2,VAREJO,8.91
FARINHA DE MANDIOCA,MÉDIA SECA,11244,TO,NORTE,2026,2,PREÇO RECEBIDO P/ PRODUTOR,9.0
FARINHA DE MANDIOCA,CRUA BRANCA,15345,TO,NORTE,2026,2,VAREJO,9.47
FARINHA DE MANDIOCA,SECA AMARELA,15347,AC,NORTE,2026,3,VAREJO,5.54
FARINHA DE MANDIOCA,MÉDIA D'ÁGUA,11279,AM,NORTE,2026,3,PREÇO RECEBIDO P/ PRODUTOR,5.9
FARINHA DE MANDIOCA,FINA SECA,11280,AM,NORTE,2026,3,PREÇO RECEBIDO P/ PRODUTOR,3.91
FARINHA DE MANDIOCA,D'ÁGUA AMARELA,15346,AM,NORTE,2026,3,VAREJO,4.89
FARINHA DE MANDIOCA,SECA AMARELA,15347,AP,NORTE,2026,3,VAREJO,7.11
FARINHA DE MANDIOCA,TORRADA BRANCA,15344,PA,NORTE,2026,3,VAREJO,8.43
FARINHA DE MANDIOCA,MÉDIA SECA,11244,PA,NORTE,2026,3,PREÇO RECEBIDO P/ PRODUTOR,6.31
FARINHA DE MANDIOCA,SECA AMARELA,15347,RO,NORTE,2026,3,VAREJO,6.35
FARINHA DE MANDIOCA,D'ÁGUA AMARELA,15346,RR,NORTE,2026,3,VAREJO,9.37
FARINHA DE MANDIOCA,GROSSA(O) D'ÁGUA,12274,RR,NORTE,2026,3,PREÇO RECEBIDO P/ PRODUTOR,7.36
FARINHA DE MANDIOCA,MÉDIA SECA,11244,TO,NORTE,2026,3,PREÇO RECEBIDO P/ PRODUTOR,9.0
FARINHA DE MANDIOCA,CRUA BRANCA,15345,TO,NORTE,2026,3,VAREJO,9.46
FARINHA DE MANDIOCA,SECA AMARELA,15347,AC,NORTE,2026,4,VAREJO,5.51
FARINHA DE MANDIOCA,FINA SECA,11280,AM,NORTE,2026,4,PREÇO RECEBIDO P/ PRODUTOR,3.86
FARINHA DE MANDIOCA,MÉDIA D'ÁGUA,11279,AM,NORTE,2026,4,PREÇO RECEBIDO P/ PRODUTOR,5.96
FARINHA DE MANDIOCA,D'ÁGUA AMARELA,15346,AM,NORTE,2026,4,VAREJO,5.09
FARINHA DE MANDIOCA,SECA AMARELA,15347,AP,NORTE,2026,4,VAREJO,7.29
FARINHA DE MANDIOCA,TORRADA BRANCA,15344,PA,NORTE,2026,4,VAREJO,8.41
FARINHA DE MANDIOCA,MÉDIA SECA,11244,PA,NORTE,2026,4,PREÇO RECEBIDO P/ PRODUTOR,6.18
FARINHA DE MANDIOCA,SECA AMARELA,15347,RO,NORTE,2026,4,VAREJO,6.32
FARINHA DE MANDIOCA,GROSSA(O) D'ÁGUA,12274,RR,NORTE,2026,4,PREÇO RECEBIDO P/ PRODUTOR,7.46
FARINHA DE MANDIOCA,D'ÁGUA AMARELA,15346,RR,NORTE,2026,4,VAREJO,9.18
FARINHA DE MANDIOCA,CRUA BRANCA,15345,TO,NORTE,2026,4,VAREJO,9.36
FARINHA DE MANDIOCA,MÉDIA SECA,11244,TO,NORTE,2026,4,PREÇO RECEBIDO P/ PRODUTOR,9.37
FARINHA DE MANDIOCA,SECA AMARELA,15347,AC,NORTE,2026,5,VAREJO,5.53
FARINHA DE MANDIOCA,FINA SECA,11280,AM,NORTE,2026,5,PREÇO RECEBIDO P/ PRODUTOR,3.12
FARINHA DE MANDIOCA,MÉDIA D'ÁGUA,11279,AM,NORTE,2026,5,PREÇO RECEBIDO P/ PRODUTOR,5.22
FARINHA DE MANDIOCA,D'ÁGUA AMARELA,15346,AM,NORTE,2026,5,VAREJO,5.41
FARINHA DE MANDIOCA,SECA AMARELA,15347,AP,NORTE,2026,5,VAREJO,7.51
FARINHA DE MANDIOCA,TORRADA BRANCA,15344,PA,NORTE,2026,5,VAREJO,8.41
FARINHA DE MANDIOCA,MÉDIA SECA,11244,PA,NORTE,2026,5,PREÇO RECEBIDO P/ PRODUTOR,5.24
FARINHA DE MANDIOCA,SECA AMARELA,15347,RO,NORTE,2026,5,VAREJO,6.42
FARINHA DE MANDIOCA,GROSSA(O) D'ÁGUA,12274,RR,NORTE,2026,5,PREÇO RECEBIDO P/ PRODUTOR,7.38
FARINHA DE MANDIOCA,D'ÁGUA AMARELA,15346,RR,NORTE,2026,5,VAREJO,8.55
FARINHA DE MANDIOCA,CRUA BRANCA,15345,TO,NORTE,2026,5,VAREJO,9.47
FARINHA DE MANDIOCA,MÉDIA SECA,11244,TO,NORTE,2026,5,PREÇO RECEBIDO P/ PRODUTOR,10.0
FARINHA DE MANDIOCA,MÉDIA SECA BRANCA,11247,AC,NORTE,2026,6,PREÇO RECEBIDO P/ PRODUTOR,3.6
FARINHA DE MANDIOCA,SECA AMARELA,15347,AC,NORTE,2026,6,VAREJO,5.66
FARINHA DE MANDIOCA,MÉDIA D'ÁGUA,11279,AM,NORTE,2026,6,PREÇO RECEBIDO P/ PRODUTOR,5.55
FARINHA DE MANDIOCA,FINA SECA,11280,AM,NORTE,2026,6,PREÇO RECEBIDO P/ PRODUTOR,3.03
FARINHA DE MANDIOCA,D'ÁGUA AMARELA,15346,AM,NORTE,2026,6,VAREJO,5.62
FARINHA DE MANDIOCA,SECA AMARELA,15347,AP,NORTE,2026,6,VAREJO,7.73
FARINHA DE MANDIOCA,TORRADA BRANCA,15344,PA,NORTE,2026,6,VAREJO,8.38
FARINHA DE MANDIOCA,MÉDIA SECA,11244,PA,NORTE,2026,6,PREÇO RECEBIDO P/ PRODUTOR,5.2
FARINHA DE MANDIOCA,SECA AMARELA,15347,RO,NORTE,2026,6,VAREJO,6.32
FARINHA DE MANDIOCA,D'ÁGUA AMARELA,15346,RR,NORTE,2026,6,VAREJO,9.25
FARINHA DE MANDIOCA,GROSSA(O) D'ÁGUA,12274,RR,NORTE,2026,6,PREÇO RECEBIDO P/ PRODUTOR,7.81
FARINHA DE MANDIOCA,CRUA BRANCA,15345,TO,NORTE,2026,6,VAREJO,9.24
FARINHA DE MANDIOCA,MÉDIA SECA,11244,TO,NORTE,2026,6,PREÇO RECEBIDO P/ PRODUTOR,10.0
FARINHA DE MANDIOCA,MÉDIA SECA BRANCA,11247,AC,NORTE,2026,7,PREÇO RECEBIDO P/ PRODUTOR,3.6
FARINHA DE MANDIOCA,SECA AMARELA,15347,AC,NORTE,2026,7,VAREJO,5.71
FARINHA DE MANDIOCA,FINA SECA,11280,AM,NORTE,2026,7,PREÇO RECEBIDO P/ PRODUTOR,2.86
FARINHA DE MANDIOCA,MÉDIA D'ÁGUA,11279,AM,NORTE,2026,7,PREÇO RECEBIDO P/ PRODUTOR,6.01
FARINHA DE MANDIOCA,D'ÁGUA AMARELA,15346,AM,NORTE,2026,7,VAREJO,5.73
FARINHA DE MANDIOCA,SECA AMARELA,15347,AP,NORTE,2026,7,VAREJO,7.68
FARINHA DE MANDIOCA,TORRADA BRANCA,15344,PA,NORTE,2026,7,VAREJO,8.3
FARINHA DE MANDIOCA,MÉDIA SECA,11244,PA,NORTE,2026,7,PREÇO RECEBIDO P/ PRODUTOR,5.06
FARINHA DE MANDIOCA,SECA AMARELA,15347,RO,NORTE,2026,7,VAREJO,6.34
FARINHA DE MANDIOCA,GROSSA(O) D'ÁGUA,12274,RR,NORTE,2026,7,PREÇO RECEBIDO P/ PRODUTOR,8.43
FARINHA DE MANDIOCA,D'ÁGUA AMARELA,15346,RR,NORTE,2026,7,VAREJO,9.12
FARINHA DE MANDIOCA,CRUA BRANCA,15345,TO,NORTE,2026,7,VAREJO,9.24
FARINHA DE MANDIOCA,MÉDIA SECA,11244,TO,NORTE,2026,7,PREÇO RECEBIDO P/ PRODUTOR,10.0
FARINHA DE MANDIOCA,MÉDIA SECA BRANCA,11247,AC,NORTE,2026,8,PREÇO RECEBIDO P/ PRODUTOR,3.73
FARINHA DE MANDIOCA,SECA AMARELA,15347,AC,NORTE,2026,8,VAREJO,6.22
FARINHA DE MANDIOCA,FINA SECA,11280,AM,NORTE,2026,8,PREÇO RECEBIDO P/ PRODUTOR,3.12
FARINHA DE MANDIOCA,MÉDIA D'ÁGUA,11279,AM,NORTE,2026,8,PREÇO RECEBIDO P/ PRODUTOR,6.03
FARINHA DE MANDIOCA,D'ÁGUA AMARELA,15346,AM,NORTE,2026,8,VAREJO,5.59
FARINHA DE MANDIOCA,SECA AMARELA,15347,AP,NORTE,2026,8,VAREJO,7.85
FARINHA DE MANDIOCA,TORRADA BRANCA,15344,PA,NORTE,2026,8,VAREJO,8.21
FARINHA DE MANDIOCA,MÉDIA SECA,11244,PA,NORTE,2026,8,PREÇO RECEBIDO P/ PRODUTOR,5.24
FARINHA DE MANDIOCA,SECA AMARELA,15347,RO,NORTE,2026,8,VAREJO,6.5
FARINHA DE MANDIOCA,GROSSA(O) D'ÁGUA,12274,RR,NORTE,2026,8,PREÇO RECEBIDO P/ PRODUTOR,9.47
FARINHA DE MANDIOCA,D'ÁGUA AMARELA,15346,RR,NORTE,2026,8,VAREJO,9.16
FARINHA DE MANDIOCA,CRUA BRANCA,15345,TO,NORTE,2026,8,VAREJO,9.19
FARINHA DE MANDIOCA,MÉDIA SECA,11244,TO,NORTE,2026,8,PREÇO RECEBIDO P/ PRODUTOR,9.17
FARINHA DE TRIGO,SEM FERMENTO,14895,AC,NORTE,2025,9,ATACADO,5.1
FARINHA DE TRIGO,SEM FERMENTO,14895,AM,NORTE,2025,9,ATACADO,4.95
FARINHA DE TRIGO,SEM FERMENTO,14895,AP,NORTE,2025,9,ATACADO,4.42
FARINHA DE TRIGO,SEM FERMENTO,14895,PA,NORTE,2025,9,ATACADO,4.57
FARINHA DE TRIGO,SEM FERMENTO,14895,RO,NORTE,2025,9,ATACADO,4.4
FARINHA DE TRIGO,SEM FERMENTO,14895,RR,NORTE,2025,9,ATACADO,3.99
FARINHA DE TRIGO,SEM FERMENTO,14895,TO,NORTE,2025,9,ATACADO,4.98
FARINHA DE TRIGO,SEM FERMENTO,14895,AC,NORTE,2025,10,ATACADO,5.22
FARINHA DE TRIGO,SEM FERMENTO,14895,AM,NORTE,2025,10,ATACADO,4.83
FARINHA DE TRIGO,SEM FERMENTO,14895,AP,NORTE,2025,10,ATACADO,4.38
FARINHA DE TRIGO,SEM FERMENTO,14895,PA,NORTE,2025,10,ATACADO,4.39
FARINHA DE TRIGO,SEM FERMENTO,14895,RO,NORTE,2025,10,ATACADO,4.12
FARINHA DE TRIGO,SEM FERMENTO,14895,RR,NORTE,2025,10,ATACADO,3.47
FARINHA DE TRIGO,SEM FERMENTO,14895,TO,NORTE,2025,10,ATACADO,5.22
FARINHA DE TRIGO,SEM FERMENTO,14895,AC,NORTE,2025,11,ATACADO,5.22
FARINHA DE TRIGO,SEM FERMENTO,14895,AM,NORTE,2025,11,ATACADO,5.09
FARINHA DE TRIGO,SEM FERMENTO,14895,AP,NORTE,2025,11,ATACADO,4.45
FARINHA DE TRIGO,SEM FERMENTO,14895,PA,NORTE,2025,11,ATACADO,4.36
FARINHA DE TRIGO,SEM FERMENTO,14895,RO,NORTE,2025,11,ATACADO,3.57
FARINHA DE TRIGO,SEM FERMENTO,14895,RR,NORTE,2025,11,ATACADO,3.65
FARINHA DE TRIGO,SEM FERMENTO,14895,TO,NORTE,2025,11,ATACADO,4.99
FARINHA DE TRIGO,SEM FERMENTO,14895,AC,NORTE,2025,12,ATACADO,4.63
FARINHA DE TRIGO,SEM FERMENTO,14895,AM,NORTE,2025,12,ATACADO,4.69
FARINHA DE TRIGO,SEM FERMENTO,14895,AP,NORTE,2025,12,ATACADO,4.62
FARINHA DE TRIGO,SEM FERMENTO,14895,PA,NORTE,2025,12,ATACADO,4.4
FARINHA DE TRIGO,SEM FERMENTO,14895,RO,NORTE,2025,12,ATACADO,4.38
FARINHA DE TRIGO,SEM FERMENTO,14895,RR,NORTE,2025,12,ATACADO,3.7
FARINHA DE TRIGO,SEM FERMENTO,14895,TO,NORTE,2025,12,ATACADO,5.11
FARINHA DE TRIGO,NÃO INFORMADO,4455,AC,NORTE,2026,5,VAREJO,6.23
FARINHA DE TRIGO,NÃO INFORMADO,4455,AM,NORTE,2026,5,VAREJO,5.11
FARINHA DE TRIGO,NÃO INFORMADO,4455,AP,NORTE,2026,5,VAREJO,5.12
FARINHA DE TRIGO,NÃO INFORMADO,4455,PA,NORTE,2026,5,VAREJO,4.97
FARINHA DE TRIGO,NÃO INFORMADO,4455,RO,NORTE,2026,5,VAREJO,4.71
FARINHA DE TRIGO,NÃO INFORMADO,4455,RR,NORTE,2026,5,VAREJO,6.39
FARINHA DE TRIGO,NÃO INFORMADO,4455,TO,NORTE,2026,5,VAREJO,6.51
FARINHA DE TRIGO,NÃO INFORMADO,4455,AC,NORTE,2026,6,VAREJO,6.1
FARINHA DE TRIGO,NÃO INFORMADO,4455,AM,NORTE,2026,6,VAREJO,5.17
FARINHA DE TRIGO,NÃO INFORMADO,4455,AP,NORTE,2026,6,VAREJO,5.15
FARINHA DE TRIGO,NÃO INFORMADO,4455,PA,NORTE,2026,6,VAREJO,5.1
FARINHA DE TRIGO,NÃO INFORMADO,4455,RO,NORTE,2026,6,VAREJO,4.81
FARINHA DE TRIGO,NÃO INFORMADO,4455,RR,NORTE,2026,6,VAREJO,6.29
FARINHA DE TRIGO,NÃO INFORMADO,4455,TO,NORTE,2026,6,VAREJO,6.54
FARINHA DE TRIGO,NÃO INFORMADO,4455,AC,NORTE,2026,7,VAREJO,6.03
FARINHA DE TRIGO,NÃO INFORMADO,4455,AM,NORTE,2026,7,VAREJO,5.25
FARINHA DE TRIGO,NÃO INFORMADO,4455,AP,NORTE,2026,7,VAREJO,5.27
FARINHA DE TRIGO,NÃO INFORMADO,4455,PA,NORTE,2026,7,VAREJO,5.04
FARINHA DE TRIGO,NÃO INFORMADO,4455,RO,NORTE,2026,7,VAREJO,4.71
FARINHA DE TRIGO,NÃO INFORMADO,4455,RR,NORTE,2026,7,VAREJO,6.24
FARINHA DE TRIGO,NÃO INFORMADO,4455,TO,NORTE,2026,7,VAREJO,6.6
FARINHA DE TRIGO,NÃO INFORMADO,4455,AC,NORTE,2026,8,VAREJO,6.11
FARINHA DE TRIGO,NÃO INFORMADO,4455,AM,NORTE,2026,8,VAREJO,5.24
FARINHA DE TRIGO,NÃO INFORMADO,4455,AP,NORTE,2026,8,VAREJO,5.17
FARINHA DE TRIGO,NÃO INFORMADO,4455,PA,NORTE,2026,8,VAREJO,5.04
FARINHA DE TRIGO,NÃO INFORMADO,4455,RO,NORTE,2026,8,VAREJO,4.71
FARINHA DE TRIGO,NÃO INFORMADO,4455,RR,NORTE,2026,8,VAREJO,6.2
FARINHA DE TRIGO,NÃO INFORMADO,4455,TO,NORTE,2026,8,VAREJO,6.66
FECULA DE MANDIOCA,TIPO 1,10715,TO,NORTE,2025,9,ATACADO,5.4
FECULA DE MANDIOCA,TIPO 1,10715,TO,NORTE,2025,10,ATACADO,5.4
FECULA DE MANDIOCA,TIPO 1,10715,TO,NORTE,2025,11,ATACADO,5.4
FECULA DE MANDIOCA,TIPO 1,10715,TO,NORTE,2025,12,ATACADO,5.4
FEIJAO,COMUM CORES,8778,AC,NORTE,2025,9,PREÇO RECEBIDO P/ PRODUTOR,5.69
FEIJAO,COMUM CORES TIPO 1,8779,AC,NORTE,2025,9,VAREJO,6.62
FEIJAO,COMUM CORES TIPO 1,8779,AC,NORTE,2025,9,ATACADO,5.92
FEIJAO,COMUM CORES TIPO 1,8779,AM,NORTE,2025,9,VAREJO,6.15
FEIJAO,COMUM PRETO TIPO 1,8781,AM,NORTE,2025,9,ATACADO,6.5
FEIJAO,COMUM CORES TIPO 1,8779,AM,NORTE,2025,9,ATACADO,5.47
FEIJAO,CAUPI TIPO 1,8786,AM,NORTE,2025,9,ATACADO,6.83
FEIJAO,COMUM CORES TIPO 1,8779,AP,NORTE,2025,9,ATACADO,4.89
FEIJAO,CAUPI,8629,AP,NORTE,2025,9,PREÇO RECEBIDO P/ PRODUTOR,1.67
FEIJAO,COMUM CORES TIPO 1,8779,AP,NORTE,2025,9,VAREJO,5.76
FEIJAO,COMUM PRETO TIPO 1,8781,PA,NORTE,2025,9,ATACADO,5.52
FEIJAO,COMUM CORES TIPO 1,8779,PA,NORTE,2025,9,VAREJO,5.3
FEIJAO,COMUM CORES TIPO 1,8779,PA,NORTE,2025,9,ATACADO,4.79
FEIJAO,CAUPI TIPO 1,8786,PA,NORTE,2025,9,ATACADO,5.65
FEIJAO,CAUPI,8629,PA,NORTE,2025,9,PREÇO RECEBIDO P/ PRODUTOR,4.57
FEIJAO,COMUM CORES TIPO 1,8779,RO,NORTE,2025,9,VAREJO,5.68
FEIJAO,COMUM CORES TIPO 1,8779,RO,NORTE,2025,9,ATACADO,4.16
FEIJAO,COMUM PRETO TIPO 1,8781,RO,NORTE,2025,9,ATACADO,5.34
FEIJAO,COMUM CORES TIPO 1,8779,RR,NORTE,2025,9,VAREJO,6.94
FEIJAO,COMUM CORES TIPO 1,8779,RR,NORTE,2025,9,ATACADO,8.09
FEIJAO,COMUM CORES,8778,TO,NORTE,2025,9,PREÇO RECEBIDO P/ PRODUTOR,3.17
FEIJAO,CAUPI,8629,TO,NORTE,2025,9,PREÇO RECEBIDO P/ PRODUTOR,2.5
FEIJAO,COMUM PRETO TIPO 1,8781,TO,NORTE,2025,9,ATACADO,6.26
FEIJAO,CAUPI TIPO 1,8786,TO,NORTE,2025,9,ATACADO,6.89
FEIJAO,COMUM CORES TIPO 1,8779,TO,NORTE,2025,9,ATACADO,6.14
FEIJAO,COMUM CORES TIPO 1,8779,TO,NORTE,2025,9,VAREJO,7.78
FEIJAO,COMUM CORES TIPO 1,8779,AC,NORTE,2025,10,VAREJO,6.59
FEIJAO,COMUM CORES TIPO 1,8779,AC,NORTE,2025,10,ATACADO,6.3
FEIJAO,COMUM CORES,8778,AC,NORTE,2025,10,PREÇO RECEBIDO P/ PRODUTOR,5.7
FEIJAO,COMUM CORES TIPO 1,8779,AM,NORTE,2025,10,ATACADO,5.63
FEIJAO,COMUM PRETO TIPO 1,8781,AM,NORTE,2025,10,ATACADO,6.19
FEIJAO,CAUPI TIPO 1,8786,AM,NORTE,2025,10,ATACADO,6.49
FEIJAO,COMUM CORES TIPO 1,8779,AM,NORTE,2025,10,VAREJO,6.35
FEIJAO,COMUM CORES TIPO 1,8779,AP,NORTE,2025,10,VAREJO,6.16
FEIJAO,CAUPI,8629,AP,NORTE,2025,10,PREÇO RECEBIDO P/ PRODUTOR,1.94
FEIJAO,COMUM CORES TIPO 1,8779,AP,NORTE,2025,10,ATACADO,5.08
FEIJAO,COMUM CORES TIPO 1,8779,PA,NORTE,2025,10,VAREJO,5.37
FEIJAO,CAUPI TIPO 1,8786,PA,NORTE,2025,10,ATACADO,5.72
FEIJAO,COMUM CORES TIPO 1,8779,PA,NORTE,2025,10,ATACADO,4.82
FEIJAO,COMUM PRETO TIPO 1,8781,PA,NORTE,2025,10,ATACADO,5.44
FEIJAO,CAUPI,8629,PA,NORTE,2025,10,PREÇO RECEBIDO P/ PRODUTOR,4.85
FEIJAO,COMUM CORES TIPO 1,8779,RO,NORTE,2025,10,ATACADO,4.16
FEIJAO,COMUM CORES TIPO 1,8779,RO,NORTE,2025,10,VAREJO,5.91
FEIJAO,COMUM PRETO TIPO 1,8781,RO,NORTE,2025,10,ATACADO,5.34
FEIJAO,COMUM CORES TIPO 1,8779,RR,NORTE,2025,10,VAREJO,6.85
FEIJAO,COMUM CORES TIPO 1,8779,RR,NORTE,2025,10,ATACADO,8.03
FEIJAO,CAUPI TIPO 1,8786,TO,NORTE,2025,10,ATACADO,6.89
FEIJAO,CAUPI,8629,TO,NORTE,2025,10,PREÇO RECEBIDO P/ PRODUTOR,2.32
FEIJAO,COMUM PRETO TIPO 1,8781,TO,NORTE,2025,10,ATACADO,6.22
FEIJAO,COMUM CORES TIPO 1,8779,TO,NORTE,2025,10,VAREJO,7.78
FEIJAO,COMUM CORES TIPO 1,8779,TO,NORTE,2025,10,ATACADO,6.22
FEIJAO,COMUM CORES,8778,TO,NORTE,2025,10,PREÇO RECEBIDO P/ PRODUTOR,3.02
FEIJAO,COMUM CORES TIPO 1,8779,AC,NORTE,2025,11,ATACADO,6.3
FEIJAO,COMUM CORES TIPO 1,8779,AC,NORTE,2025,11,VAREJO,6.6
FEIJAO,COMUM CORES,8778,AC,NORTE,2025,11,PREÇO RECEBIDO P/ PRODUTOR,5.71
FEIJAO,COMUM CORES TIPO 1,8779,AM,NORTE,2025,11,VAREJO,6.55
FEIJAO,CAUPI TIPO 1,8786,AM,NORTE,2025,11,ATACADO,5.85
FEIJAO,COMUM PRETO TIPO 1,8781,AM,NORTE,2025,11,ATACADO,6.27
FEIJAO,COMUM CORES TIPO 1,8779,AM,NORTE,2025,11,ATACADO,5.72
FEIJAO,COMUM CORES TIPO 1,8779,AP,NORTE,2025,11,VAREJO,5.79
FEIJAO,CAUPI,8629,AP,NORTE,2025,11,PREÇO RECEBIDO P/ PRODUTOR,1.97
FEIJAO,COMUM CORES TIPO 1,8779,AP,NORTE,2025,11,ATACADO,5.02
FEIJAO,CAUPI TIPO 1,8786,PA,NORTE,2025,11,ATACADO,5.46
FEIJAO,COMUM PRETO TIPO 1,8781,PA,NORTE,2025,11,ATACADO,5.31
FEIJAO,CAUPI,8629,PA,NORTE,2025,11,PREÇO RECEBIDO P/ PRODUTOR,5.03
FEIJAO,COMUM CORES TIPO 1,8779,PA,NORTE,2025,11,ATACADO,4.94
FEIJAO,COMUM CORES TIPO 1,8779,PA,NORTE,2025,11,VAREJO,5.3
FEIJAO,COMUM CORES TIPO 1,8779,RO,NORTE,2025,11,VAREJO,5.89
FEIJAO,COMUM CORES TIPO 1,8779,RO,NORTE,2025,11,ATACADO,4.18
FEIJAO,COMUM PRETO TIPO 1,8781,RO,NORTE,2025,11,ATACADO,4.52
FEIJAO,COMUM CORES TIPO 1,8779,RR,NORTE,2025,11,VAREJO,7.0
FEIJAO,COMUM CORES TIPO 1,8779,RR,NORTE,2025,11,ATACADO,8.11
FEIJAO,COMUM CORES TIPO 1,8779,TO,NORTE,2025,11,ATACADO,6.47
FEIJAO,CAUPI,8629,TO,NORTE,2025,11,PREÇO RECEBIDO P/ PRODUTOR,2.25
FEIJAO,CAUPI TIPO 1,8786,TO,NORTE,2025,11,ATACADO,6.94
FEIJAO,COMUM PRETO TIPO 1,8781,TO,NORTE,2025,11,ATACADO,5.89
FEIJAO,COMUM CORES TIPO 1,8779,TO,NORTE,2025,11,VAREJO,7.75
FEIJAO,COMUM CORES,8778,TO,NORTE,2025,11,PREÇO RECEBIDO P/ PRODUTOR,3.0
FEIJAO,COMUM CORES TIPO 1,8779,AC,NORTE,2025,12,VAREJO,6.54
FEIJAO,COMUM CORES TIPO 1,8779,AC,NORTE,2025,12,ATACADO,5.45
FEIJAO,COMUM CORES,8778,AC,NORTE,2025,12,PREÇO RECEBIDO P/ PRODUTOR,5.71
FEIJAO,COMUM PRETO TIPO 1,8781,AM,NORTE,2025,12,ATACADO,6.01
FEIJAO,COMUM CORES TIPO 1,8779,AM,NORTE,2025,12,VAREJO,6.82
FEIJAO,COMUM CORES TIPO 1,8779,AM,NORTE,2025,12,ATACADO,5.98
FEIJAO,CAUPI TIPO 1,8786,AM,NORTE,2025,12,ATACADO,5.8
FEIJAO,COMUM CORES TIPO 1,8779,AP,NORTE,2025,12,ATACADO,5.18
FEIJAO,COMUM CORES TIPO 1,8779,AP,NORTE,2025,12,VAREJO,5.79
FEIJAO,CAUPI,8629,AP,NORTE,2025,12,PREÇO RECEBIDO P/ PRODUTOR,1.88
FEIJAO,CAUPI TIPO 1,8786,PA,NORTE,2025,12,ATACADO,5.06
FEIJAO,CAUPI,8629,PA,NORTE,2025,12,PREÇO RECEBIDO P/ PRODUTOR,4.5
FEIJAO,COMUM CORES TIPO 1,8779,PA,NORTE,2025,12,VAREJO,5.5
FEIJAO,COMUM PRETO TIPO 1,8781,PA,NORTE,2025,12,ATACADO,5.05
FEIJAO,COMUM CORES TIPO 1,8779,PA,NORTE,2025,12,ATACADO,5.26
FEIJAO,COMUM CORES TIPO 1,8779,RO,NORTE,2025,12,ATACADO,4.92
FEIJAO,COMUM CORES TIPO 1,8779,RO,NORTE,2025,12,VAREJO,5.87
FEIJAO,COMUM PRETO TIPO 1,8781,RO,NORTE,2025,12,ATACADO,5.44
FEIJAO,COMUM CORES TIPO 1,8779,RR,NORTE,2025,12,ATACADO,8.15
FEIJAO,COMUM CORES TIPO 1,8779,RR,NORTE,2025,12,VAREJO,7.09
FEIJAO,COMUM CORES TIPO 1,8779,TO,NORTE,2025,12,ATACADO,6.32
FEIJAO,COMUM CORES TIPO 1,8779,TO,NORTE,2025,12,VAREJO,7.7
FEIJAO,CAUPI TIPO 1,8786,TO,NORTE,2025,12,ATACADO,6.99
FEIJAO,COMUM PRETO TIPO 1,8781,TO,NORTE,2025,12,ATACADO,5.64
FEIJAO,CAUPI,8629,TO,NORTE,2025,12,PREÇO RECEBIDO P/ PRODUTOR,2.25
FEIJAO,COMUM CORES,8778,TO,NORTE,2025,12,PREÇO RECEBIDO P/ PRODUTOR,3.0
FEIJAO,COMUM CORES,8778,AC,NORTE,2026,1,PREÇO RECEBIDO P/ PRODUTOR,10.0
FEIJAO,COMUM CORES TIPO 1,8779,AC,NORTE,2026,1,VAREJO,6.31
FEIJAO,COMUM CORES TIPO 1,8779,AM,NORTE,2026,1,VAREJO,6.72
FEIJAO,CAUPI,8629,AP,NORTE,2026,1,PREÇO RECEBIDO P/ PRODUTOR,2.0
FEIJAO,COMUM CORES TIPO 1,8779,AP,NORTE,2026,1,VAREJO,5.76
FEIJAO,COMUM CORES TIPO 1,8779,PA,NORTE,2026,1,VAREJO,5.69
FEIJAO,CAUPI,8629,PA,NORTE,2026,1,PREÇO RECEBIDO P/ PRODUTOR,4.62
FEIJAO,COMUM CORES,8778,RO,NORTE,2026,1,PREÇO RECEBIDO P/ PRODUTOR,5.0
FEIJAO,COMUM CORES TIPO 1,8779,RO,NORTE,2026,1,VAREJO,5.73
FEIJAO,CAUPI,8629,RR,NORTE,2026,1,PREÇO RECEBIDO P/ PRODUTOR,8.37
FEIJAO,COMUM CORES TIPO 1,8779,RR,NORTE,2026,1,VAREJO,7.06
FEIJAO,COMUM CORES,8778,TO,NORTE,2026,1,PREÇO RECEBIDO P/ PRODUTOR,3.17
FEIJAO,CAUPI,8629,TO,NORTE,2026,1,PREÇO RECEBIDO P/ PRODUTOR,2.29
FEIJAO,COMUM CORES TIPO 1,8779,TO,NORTE,2026,1,VAREJO,7.57
FEIJAO,COMUM CORES TIPO 1,8779,AC,NORTE,2026,2,VAREJO,6.47
FEIJAO,COMUM CORES,8778,AC,NORTE,2026,2,PREÇO RECEBIDO P/ PRODUTOR,10.0
FEIJAO,COMUM CORES TIPO 1,8779,AM,NORTE,2026,2,VAREJO,6.84
FEIJAO,COMUM CORES TIPO 1,8779,AP,NORTE,2026,2,VAREJO,5.91
FEIJAO,CAUPI,8629,AP,NORTE,2026,2,PREÇO RECEBIDO P/ PRODUTOR,2.0
FEIJAO,COMUM CORES TIPO 1,8779,PA,NORTE,2026,2,VAREJO,6.75
FEIJAO,CAUPI,8629,PA,NORTE,2026,2,PREÇO RECEBIDO P/ PRODUTOR,4.5
FEIJAO,COMUM CORES,8778,RO,NORTE,2026,2,PREÇO RECEBIDO P/ PRODUTOR,5.21
FEIJAO,COMUM CORES TIPO 1,8779,RO,NORTE,2026,2,VAREJO,6.46
FEIJAO,CAUPI,8629,RR,NORTE,2026,2,PREÇO RECEBIDO P/ PRODUTOR,5.67
FEIJAO,COMUM CORES TIPO 1,8779,RR,NORTE,2026,2,VAREJO,6.89
FEIJAO,CAUPI,8629,TO,NORTE,2026,2,PREÇO RECEBIDO P/ PRODUTOR,2.42
FEIJAO,COMUM CORES,8778,TO,NORTE,2026,2,PREÇO RECEBIDO P/ PRODUTOR,3.17
FEIJAO,COMUM CORES TIPO 1,8779,TO,NORTE,2026,2,VAREJO,7.74
FEIJAO,COMUM CORES,8778,AC,NORTE,2026,3,PREÇO RECEBIDO P/ PRODUTOR,10.0
FEIJAO,COMUM CORES TIPO 1,8779,AC,NORTE,2026,3,VAREJO,7.13
FEIJAO,COMUM CORES TIPO 1,8779,AM,NORTE,2026,3,VAREJO,7.22
FEIJAO,CAUPI,8629,AP,NORTE,2026,3,PREÇO RECEBIDO P/ PRODUTOR,2.0
FEIJAO,COMUM CORES TIPO 1,8779,AP,NORTE,2026,3,VAREJO,6.02
FEIJAO,CAUPI,8629,PA,NORTE,2026,3,PREÇO RECEBIDO P/ PRODUTOR,4.96
FEIJAO,COMUM CORES TIPO 1,8779,PA,NORTE,2026,3,VAREJO,8.2
FEIJAO,COMUM CORES TIPO 1,8779,RO,NORTE,2026,3,VAREJO,7.41
FEIJAO,COMUM CORES,8778,RO,NORTE,2026,3,PREÇO RECEBIDO P/ PRODUTOR,5.63
FEIJAO,CAUPI,8629,RR,NORTE,2026,3,PREÇO RECEBIDO P/ PRODUTOR,5.23
FEIJAO,COMUM CORES TIPO 1,8779,RR,NORTE,2026,3,VAREJO,7.36
FEIJAO,COMUM CORES,8778,TO,NORTE,2026,3,PREÇO RECEBIDO P/ PRODUTOR,3.25
FEIJAO,CAUPI,8629,TO,NORTE,2026,3,PREÇO RECEBIDO P/ PRODUTOR,2.44
FEIJAO,COMUM CORES TIPO 1,8779,TO,NORTE,2026,3,VAREJO,8.12
FEIJAO,COMUM CORES TIPO 1,8779,AC,NORTE,2026,4,VAREJO,7.94
FEIJAO,COMUM CORES,8778,AC,NORTE,2026,4,PREÇO RECEBIDO P/ PRODUTOR,10.0
FEIJAO,COMUM CORES TIPO 1,8779,AM,NORTE,2026,4,VAREJO,7.36
FEIJAO,COMUM CORES TIPO 1,8779,AP,NORTE,2026,4,VAREJO,6.6
FEIJAO,CAUPI,8629,AP,NORTE,2026,4,PREÇO RECEBIDO P/ PRODUTOR,2.05
FEIJAO,COMUM CORES TIPO 1,8779,PA,NORTE,2026,4,VAREJO,8.52
FEIJAO,CAUPI,8629,PA,NORTE,2026,4,PREÇO RECEBIDO P/ PRODUTOR,6.01
FEIJAO,COMUM CORES,8778,RO,NORTE,2026,4,PREÇO RECEBIDO P/ PRODUTOR,5.34
FEIJAO,COMUM CORES TIPO 1,8779,RO,NORTE,2026,4,VAREJO,7.68
FEIJAO,CAUPI,8629,RR,NORTE,2026,4,PREÇO RECEBIDO P/ PRODUTOR,5.07
FEIJAO,COMUM CORES TIPO 1,8779,RR,NORTE,2026,4,VAREJO,7.8
FEIJAO,COMUM CORES,8778,TO,NORTE,2026,4,PREÇO RECEBIDO P/ PRODUTOR,3.5
FEIJAO,CAUPI,8629,TO,NORTE,2026,4,PREÇO RECEBIDO P/ PRODUTOR,2.5
FEIJAO,COMUM CORES TIPO 1,8779,TO,NORTE,2026,4,VAREJO,9.57
FEIJAO,COMUM CORES,8778,AC,NORTE,2026,5,PREÇO RECEBIDO P/ PRODUTOR,10.93
FEIJAO,COMUM CORES TIPO 1,8779,AC,NORTE,2026,5,VAREJO,8.2
FEIJAO,COMUM CORES TIPO 1,8779,AM,NORTE,2026,5,VAREJO,7.77
FEIJAO,CAUPI,8629,AP,NORTE,2026,5,PREÇO RECEBIDO P/ PRODUTOR,2.05
FEIJAO,COMUM CORES TIPO 1,8779,AP,NORTE,2026,5,VAREJO,8.67
FEIJAO,CAUPI,8629,PA,NORTE,2026,5,PREÇO RECEBIDO P/ PRODUTOR,4.98
FEIJAO,COMUM CORES TIPO 1,8779,PA,NORTE,2026,5,VAREJO,8.65
FEIJAO,COMUM CORES,8778,RO,NORTE,2026,5,PREÇO RECEBIDO P/ PRODUTOR,6.19
FEIJAO,COMUM CORES TIPO 1,8779,RO,NORTE,2026,5,VAREJO,8.02
FEIJAO,CAUPI,8629,RR,NORTE,2026,5,PREÇO RECEBIDO P/ PRODUTOR,5.11
FEIJAO,COMUM CORES TIPO 1,8779,RR,NORTE,2026,5,VAREJO,8.31
FEIJAO,COMUM CORES,8778,TO,NORTE,2026,5,PREÇO RECEBIDO P/ PRODUTOR,3.52
FEIJAO,CAUPI,8629,TO,NORTE,2026,5,PREÇO RECEBIDO P/ PRODUTOR,2.5
FEIJAO,COMUM CORES TIPO 1,8779,TO,NORTE,2026,5,VAREJO,9.85
FEIJAO,COMUM CORES,8778,AC,NORTE,2026,6,PREÇO RECEBIDO P/ PRODUTOR,11.0
FEIJAO,COMUM CORES TIPO 1,8779,AC,NORTE,2026,6,VAREJO,8.61
FEIJAO,COMUM CORES TIPO 1,8779,AM,NORTE,2026,6,VAREJO,9.24
FEIJAO,COMUM CORES TIPO 1,8779,AP,NORTE,2026,6,VAREJO,9.05
FEIJAO,CAUPI,8629,PA,NORTE,2026,6,PREÇO RECEBIDO P/ PRODUTOR,4.73
FEIJAO,COMUM CORES TIPO 1,8779,PA,NORTE,2026,6,VAREJO,9.17
FEIJAO,COMUM CORES TIPO 1,8779,RO,NORTE,2026,6,VAREJO,8.85
FEIJAO,COMUM CORES,8778,RO,NORTE,2026,6,PREÇO RECEBIDO P/ PRODUTOR,9.58
FEIJAO,COMUM CORES TIPO 1,8779,RR,NORTE,2026,6,VAREJO,8.96
FEIJAO,CAUPI,8629,RR,NORTE,2026,6,PREÇO RECEBIDO P/ PRODUTOR,4.73
FEIJAO,COMUM CORES TIPO 1,8779,TO,NORTE,2026,6,VAREJO,11.66
FEIJAO,CAUPI,8629,TO,NORTE,2026,6,PREÇO RECEBIDO P/ PRODUTOR,2.5
FEIJAO,COMUM CORES,8778,TO,NORTE,2026,6,PREÇO RECEBIDO P/ PRODUTOR,3.58
FEIJAO,COMUM CORES TIPO 1,8779,AC,NORTE,2026,7,VAREJO,8.9
FEIJAO,COMUM CORES,8778,AC,NORTE,2026,7,PREÇO RECEBIDO P/ PRODUTOR,11.13
FEIJAO,COMUM CORES TIPO 1,8779,AM,NORTE,2026,7,VAREJO,9.63
FEIJAO,COMUM CORES TIPO 1,8779,AP,NORTE,2026,7,VAREJO,9.2
FEIJAO,COMUM CORES TIPO 1,8779,PA,NORTE,2026,7,VAREJO,8.9
FEIJAO,CAUPI,8629,PA,NORTE,2026,7,PREÇO RECEBIDO P/ PRODUTOR,4.82
FEIJAO,COMUM CORES TIPO 1,8779,RO,NORTE,2026,7,VAREJO,8.87
FEIJAO,COMUM CORES,8778,RO,NORTE,2026,7,PREÇO RECEBIDO P/ PRODUTOR,10.0
FEIJAO,CAUPI,8629,RR,NORTE,2026,7,PREÇO RECEBIDO P/ PRODUTOR,5.17
FEIJAO,COMUM CORES TIPO 1,8779,RR,NORTE,2026,7,VAREJO,9.43
FEIJAO,COMUM CORES,8778,TO,NORTE,2026,7,PREÇO RECEBIDO P/ PRODUTOR,3.64
FEIJAO,CAUPI,8629,TO,NORTE,2026,7,PREÇO RECEBIDO P/ PRODUTOR,2.5
FEIJAO,COMUM CORES TIPO 1,8779,TO,NORTE,2026,7,VAREJO,12.3
FEIJAO,COMUM CORES,8778,AC,NORTE,2026,8,PREÇO RECEBIDO P/ PRODUTOR,12.0
FEIJAO,COMUM CORES TIPO 1,8779,AC,NORTE,2026,8,VAREJO,8.85
FEIJAO,COMUM CORES TIPO 1,8779,AM,NORTE,2026,8,VAREJO,8.93
FEIJAO,COMUM CORES TIPO 1,8779,AP,NORTE,2026,8,VAREJO,9.22
FEIJAO,COMUM CORES TIPO 1,8779,PA,NORTE,2026,8,VAREJO,8.66
FEIJAO,CAUPI,8629,PA,NORTE,2026,8,PREÇO RECEBIDO P/ PRODUTOR,5.28
FEIJAO,COMUM CORES TIPO 1,8779,RO,NORTE,2026,8,VAREJO,8.47
FEIJAO,COMUM CORES,8778,RO,NORTE,2026,8,PREÇO RECEBIDO P/ PRODUTOR,10.0
FEIJAO,CAUPI,8629,RR,NORTE,2026,8,PREÇO RECEBIDO P/ PRODUTOR,6.89
FEIJAO,COMUM CORES TIPO 1,8779,RR,NORTE,2026,8,VAREJO,9.52
FEIJAO,CAUPI,8629,TO,NORTE,2026,8,PREÇO RECEBIDO P/ PRODUTOR,2.5
FEIJAO,COMUM CORES,8778,TO,NORTE,2026,8,PREÇO RECEBIDO P/ PRODUTOR,3.67
FEIJAO,COMUM CORES TIPO 1,8779,TO,NORTE,2026,8,VAREJO,11.76
FERTILIZANTE FOLIAR,SANFOL AMICUL,12591,RO,NORTE,2025,10,PREÇO PAGO PELO PRODUTOR,90.0
FERTILIZANTE FOLIAR,VITTASPRAY,15439,RO,NORTE,2025,10,PREÇO PAGO PELO PRODUTOR,110.0
FERTILIZANTE FOLIAR,SANFOL AMICUL,12591,RO,NORTE,2025,11,PREÇO PAGO PELO PRODUTOR,90.0
FERTILIZANTE FOLIAR,VITTASPRAY,15439,RO,NORTE,2025,11,PREÇO PAGO PELO PRODUTOR,110.0
FERTILIZANTE FOLIAR,PRIME CITRUS AGRIPON,14030,TO,NORTE,2025,11,PREÇO PAGO PELO PRODUTOR,56.8
FERTILIZANTE FOLIAR,NPK,15507,TO,NORTE,2026,2,PREÇO PAGO PELO PRODUTOR,2.56
FERTILIZANTE FOLIAR,PRIME CITRUS AGRIPON,14030,TO,NORTE,2026,3,PREÇO PAGO PELO PRODUTOR,47.5
FITA CINTA,PLÁSTICA 16 MM - 2.0,15378,AM,NORTE,2026,7,PREÇO PAGO PELO PRODUTOR,320.0
FLOCOS DE MILHO,FLOCÃO,11241,AC,NORTE,2025,9,ATACADO,3.09
FLOCOS DE MILHO,FLOCÃO,11241,AM,NORTE,2025,9,ATACADO,3.9
FLOCOS DE MILHO,PRE-COZIDO,5390,PA,NORTE,2025,9,ATACADO,3.83
FLOCOS DE MILHO,PRE-COZIDO,5390,RO,NORTE,2025,9,ATACADO,4.71
FLOCOS DE MILHO,PRE-COZIDO,5390,RR,NORTE,2025,9,ATACADO,4.9
FLOCOS DE MILHO,FLOCÃO,11241,RR,NORTE,2025,9,ATACADO,6.18
FLOCOS DE MILHO,PRE-COZIDO,5390,TO,NORTE,2025,9,ATACADO,11.98
FLOCOS DE MILHO,FLOCÃO,11241,AC,NORTE,2025,10,ATACADO,3.03
FLOCOS DE MILHO,FLOCÃO,11241,AM,NORTE,2025,10,ATACADO,4.27
FLOCOS DE MILHO,PRE-COZIDO,5390,PA,NORTE,2025,10,ATACADO,3.48
FLOCOS DE MILHO,PRE-COZIDO,5390,RO,NORTE,2025,10,ATACADO,4.71
FLOCOS DE MILHO,PRE-COZIDO,5390,RR,NORTE,2025,10,ATACADO,4.72
FLOCOS DE MILHO,FLOCÃO,11241,RR,NORTE,2025,10,ATACADO,6.04
FLOCOS DE MILHO,PRE-COZIDO,5390,TO,NORTE,2025,10,ATACADO,11.9
FLOCOS DE MILHO,FLOCÃO,11241,AC,NORTE,2025,11,ATACADO,3.03
FLOCOS DE MILHO,FLOCÃO,11241,AM,NORTE,2025,11,ATACADO,3.85
FLOCOS DE MILHO,PRE-COZIDO,5390,PA,NORTE,2025,11,ATACADO,3.73
FLOCOS DE MILHO,PRE-COZIDO,5390,RO,NORTE,2025,11,ATACADO,4.56
FLOCOS DE MILHO,PRE-COZIDO,5390,RR,NORTE,2025,11,ATACADO,4.18
FLOCOS DE MILHO,FLOCÃO,11241,RR,NORTE,2025,11,ATACADO,6.3
FLOCOS DE MILHO,PRE-COZIDO,5390,TO,NORTE,2025,11,ATACADO,11.9
FLOCOS DE MILHO,FLOCÃO,11241,AC,NORTE,2025,12,ATACADO,2.82
FLOCOS DE MILHO,FLOCÃO,11241,AM,NORTE,2025,12,ATACADO,3.66
FLOCOS DE MILHO,PRE-COZIDO,5390,PA,NORTE,2025,12,ATACADO,4.09
FLOCOS DE MILHO,PRE-COZIDO,5390,RO,NORTE,2025,12,ATACADO,5.11
FLOCOS DE MILHO,PRE-COZIDO,5390,RR,NORTE,2025,12,ATACADO,4.2
FLOCOS DE MILHO,FLOCÃO,11241,RR,NORTE,2025,12,ATACADO,6.3
FLOCOS DE MILHO,PRE-COZIDO,5390,TO,NORTE,2025,12,ATACADO,11.9
FLUIL  BPH - REDUTOR DE P,NÃO INFORMADO,14817,TO,NORTE,2026,2,PREÇO PAGO PELO PRODUTOR,66.0
FLUIL  BPH - REDUTOR DE P,NÃO INFORMADO,14817,TO,NORTE,2026,3,PREÇO PAGO PELO PRODUTOR,66.0
FOICE,NÃO INFORMADO,10650,AC,NORTE,2026,7,PREÇO PAGO PELO PRODUTOR,90.0
FORQUILHA,NÃO INFORMADO,13914,AM,NORTE,2026,3,PREÇO PAGO PELO PRODUTOR,6.1
FUBA DE MILHO,COMUM AMARELO,13334,AC,NORTE,2025,9,ATACADO,6.32
FUBA DE MILHO,COMUM AMARELO,13334,AM,NORTE,2025,9,ATACADO,11.2
FUBA DE MILHO,COMUM MIMOSO,5391,AP,NORTE,2025,9,ATACADO,4.79
FUBA DE MILHO,COMUM AMARELO,13334,PA,NORTE,2025,9,ATACADO,6.39
FUBA DE MILHO,COMUM MIMOSO,5391,RO,NORTE,2025,9,ATACADO,3.66
FUBA DE MILHO,COMUM MIMOSO,5391,TO,NORTE,2025,9,ATACADO,6.99
FUBA DE MILHO,COMUM AMARELO,13334,AC,NORTE,2025,10,ATACADO,6.68
FUBA DE MILHO,COMUM AMARELO,13334,AM,NORTE,2025,10,ATACADO,10.58
FUBA DE MILHO,COMUM MIMOSO,5391,AP,NORTE,2025,10,ATACADO,6.58
FUBA DE MILHO,COMUM AMARELO,13334,PA,NORTE,2025,10,ATACADO,6.35
FUBA DE MILHO,COMUM MIMOSO,5391,RO,NORTE,2025,10,ATACADO,4.02
FUBA DE MILHO,COMUM MIMOSO,5391,TO,NORTE,2025,10,ATACADO,6.99
FUBA DE MILHO,COMUM AMARELO,13334,AC,NORTE,2025,11,ATACADO,6.68
FUBA DE MILHO,COMUM AMARELO,13334,AM,NORTE,2025,11,ATACADO,9.53
FUBA DE MILHO,COMUM MIMOSO,5391,AP,NORTE,2025,11,ATACADO,4.59
FUBA DE MILHO,COMUM AMARELO,13334,PA,NORTE,2025,11,ATACADO,5.98
FUBA DE MILHO,COMUM MIMOSO,5391,RO,NORTE,2025,11,ATACADO,3.92
FUBA DE MILHO,COMUM MIMOSO,5391,TO,NORTE,2025,11,ATACADO,6.99
FUBA DE MILHO,COMUM AMARELO,13334,AC,NORTE,2025,12,ATACADO,6.08
FUBA DE MILHO,COMUM AMARELO,13334,AM,NORTE,2025,12,ATACADO,9.61
FUBA DE MILHO,COMUM MIMOSO,5391,AP,NORTE,2025,12,ATACADO,4.77
FUBA DE MILHO,COMUM AMARELO,13334,PA,NORTE,2025,12,ATACADO,5.98
FUBA DE MILHO,COMUM MIMOSO,5391,RO,NORTE,2025,12,ATACADO,4.34
FUBA DE MILHO,COMUM MIMOSO,5391,TO,NORTE,2025,12,ATACADO,6.87
FUSAO EC,110 + 165 G/L METOMI,14079,TO,NORTE,2026,2,PREÇO PAGO PELO PRODUTOR,93.0
FUSAO EC,110 + 165 G/L METOMI,14079,TO,NORTE,2026,3,PREÇO PAGO PELO PRODUTOR,93.0
GALPAO,"COM PISO DE CIMENTO,",13897,PA,NORTE,2026,7,PREÇO PAGO PELO PRODUTOR,
GALPAO DE MADEIRA,NÃO INFORMADO,4406,PA,NORTE,2025,9,PREÇO PAGO PELO PRODUTOR,
GALPAO DE MADEIRA,NÃO INFORMADO,4406,RO,NORTE,2025,10,PREÇO PAGO PELO PRODUTOR,
GALPAO DE MADEIRA,NÃO INFORMADO,4406,RO,NORTE,2025,11,PREÇO PAGO PELO PRODUTOR,
GALPAO DE MADEIRA,NÃO INFORMADO,4406,PA,NORTE,2026,3,PREÇO PAGO PELO PRODUTOR,
GALPAO DE MADEIRA,COBERTO COM PALHA,13906,PA,NORTE,2026,7,PREÇO PAGO PELO PRODUTOR,
GALPAO EMBALAGENS VAZIAS,NÃO INFORMADO,13725,TO,NORTE,2025,11,PREÇO PAGO PELO PRODUTOR,
GALPAO PARA MAQUINAS E IM,NÃO INFORMADO,10036,PA,NORTE,2025,9,PREÇO PAGO PELO PRODUTOR,
GALPAO PARA MAQUINAS E IM,NÃO INFORMADO,10036,TO,NORTE,2025,11,PREÇO PAGO PELO PRODUTOR,
GALPAO PARA MAQUINAS E IM,NÃO INFORMADO,10036,TO,NORTE,2026,2,PREÇO PAGO PELO PRODUTOR,
GALPAO PARA MAQUINAS E IM,NÃO INFORMADO,10036,TO,NORTE,2026,3,PREÇO PAGO PELO PRODUTOR,
GAMIT,NÃO INFORMADO,5615,TO,NORTE,2025,11,PREÇO PAGO PELO PRODUTOR,149.3
GAMIT,NÃO INFORMADO,5615,TO,NORTE,2026,2,PREÇO PAGO PELO PRODUTOR,149.3
GAMIT,NÃO INFORMADO,5615,TO,NORTE,2026,3,PREÇO PAGO PELO PRODUTOR,149.3
GASOLINA,NÃO INFORMADO,4421,RO,NORTE,2025,10,PREÇO PAGO PELO PRODUTOR,6.91
GASOLINA,NÃO INFORMADO,4421,RO,NORTE,2025,11,PREÇO PAGO PELO PRODUTOR,6.84
GASOLINA,NÃO INFORMADO,4421,AM,NORTE,2026,3,PREÇO PAGO PELO PRODUTOR,7.49
GASOLINA,NÃO INFORMADO,4421,PA,NORTE,2026,3,PREÇO PAGO PELO PRODUTOR,7.67
GASOLINA,NÃO INFORMADO,4421,PA,NORTE,2026,5,PREÇO PAGO PELO PRODUTOR,9.0
GASOLINA,NÃO INFORMADO,4421,AC,NORTE,2026,7,PREÇO PAGO PELO PRODUTOR,7.55
GASOLINA,NÃO INFORMADO,4421,AM,NORTE,2026,7,PREÇO PAGO PELO PRODUTOR,9.33
GASOLINA,NÃO INFORMADO,4421,PA,NORTE,2026,7,PREÇO PAGO PELO PRODUTOR,7.61
GLIFOSATO,480 G/L,10092,PA,NORTE,2025,9,PREÇO PAGO PELO PRODUTOR,27.0
GLIFOSATO,NORTOX 480 G/L GLIFO,4042,RO,NORTE,2025,10,PREÇO PAGO PELO PRODUTOR,65.0
GLIFOSATO,540 G/L,13988,TO,NORTE,2025,11,PREÇO PAGO PELO PRODUTOR,28.1
GLIFOSATO,540 G/L,13988,TO,NORTE,2026,2,PREÇO PAGO PELO PRODUTOR,28.1
GLIFOSATO,540 G/L,13988,TO,NORTE,2026,3,PREÇO PAGO PELO PRODUTOR,28.1
GOAL,NÃO INFORMADO,5618,TO,NORTE,2025,11,PREÇO PAGO PELO PRODUTOR,116.3
GOAL,NÃO INFORMADO,5618,TO,NORTE,2026,2,PREÇO PAGO PELO PRODUTOR,116.3
GOAL,NÃO INFORMADO,5618,TO,NORTE,2026,3,PREÇO PAGO PELO PRODUTOR,116.3
GRADE,20 DISCOS DE 28 POL.,4875,PA,NORTE,2025,9,PREÇO PAGO PELO PRODUTOR,70000.0
GRADE ARADORA,28 DISCOS DE 32 POL.,10753,TO,NORTE,2025,11,PREÇO PAGO PELO PRODUTOR,112000.0
GRADE ARADORA,28 DISCOS DE 32 POL.,10753,TO,NORTE,2026,3,PREÇO PAGO PELO PRODUTOR,98000.0
GRADE NIVELADORA,48 DISCOS DE 22 POL.,10060,TO,NORTE,2025,11,PREÇO PAGO PELO PRODUTOR,158000.0
GRADE NIVELADORA,48 DISCOS DE 22 POL.,10060,TO,NORTE,2026,2,PREÇO PAGO PELO PRODUTOR,158000.0
GRADE NIVELADORA,52 DISCOS 22'' MARCH,10199,TO,NORTE,2026,2,PREÇO PAGO PELO PRODUTOR,158000.0
GRADE NIVELADORA,52 DISCOS 22'' MARCH,10199,TO,NORTE,2026,3,PREÇO PAGO PELO PRODUTOR,158000.0
GRAMPO,NÃO INFORMADO,11792,PA,NORTE,2026,3,PREÇO PAGO PELO PRODUTOR,0.0
GUARANA,TIPO 1,9574,AM,NORTE,2025,11,PREÇO RECEBIDO P/ PRODUTOR,80.0
GUINCHO,2T,14737,TO,NORTE,2026,2,PREÇO PAGO PELO PRODUTOR,41500.0
GUINCHO,2T,14737,TO,NORTE,2026,3,PREÇO PAGO PELO PRODUTOR,41500.0
GUINCHO FRONTAL,2.000 KG,14020,TO,NORTE,2025,11,PREÇO PAGO PELO PRODUTOR,22600.0
GUINCHO FRONTAL,2.000 KG,14020,TO,NORTE,2026,3,PREÇO PAGO PELO PRODUTOR,19500.0
GUINCHO HIDRAULICO TRASEI,2000 KG,10417,TO,NORTE,2025,11,PREÇO PAGO PELO PRODUTOR,41500.0
GUINCHO HIDRAULICO TRASEI,2000 KG,10417,TO,NORTE,2026,2,PREÇO PAGO PELO PRODUTOR,41500.0
GUINCHO HIDRAULICO TRASEI,2000 KG,10417,TO,NORTE,2026,3,PREÇO PAGO PELO PRODUTOR,41500.0
IHAROL,NÃO INFORMADO,7127,TO,NORTE,2026,2,PREÇO PAGO PELO PRODUTOR,22.74
IHAROL,NÃO INFORMADO,7127,TO,NORTE,2026,3,PREÇO PAGO PELO PRODUTOR,22.74
INHAME,NÃO INFORMADO,5528,AC,NORTE,2025,9,PREÇO RECEBIDO P/ PRODUTOR,5.87
INHAME,NÃO INFORMADO,5528,AC,NORTE,2025,10,PREÇO RECEBIDO P/ PRODUTOR,5.81
INHAME,NÃO INFORMADO,5528,RO,NORTE,2025,10,PREÇO RECEBIDO P/ PRODUTOR,5.0
INHAME,NÃO INFORMADO,5528,AC,NORTE,2025,11,PREÇO RECEBIDO P/ PRODUTOR,5.81
INHAME,NÃO INFORMADO,5528,RO,NORTE,2025,11,PREÇO RECEBIDO P/ PRODUTOR,5.67
INHAME,NÃO INFORMADO,5528,AC,NORTE,2025,12,PREÇO RECEBIDO P/ PRODUTOR,5.74
INHAME,NÃO INFORMADO,5528,RO,NORTE,2025,12,PREÇO RECEBIDO P/ PRODUTOR,5.0
INHAME,NÃO INFORMADO,5528,AC,NORTE,2026,1,PREÇO RECEBIDO P/ PRODUTOR,10.0
INHAME,NÃO INFORMADO,5528,RO,NORTE,2026,1,PREÇO RECEBIDO P/ PRODUTOR,6.07
INHAME,NÃO INFORMADO,5528,AC,NORTE,2026,2,PREÇO RECEBIDO P/ PRODUTOR,10.0
INHAME,NÃO INFORMADO,5528,RO,NORTE,2026,2,PREÇO RECEBIDO P/ PRODUTOR,6.5
INHAME,NÃO INFORMADO,5528,AC,NORTE,2026,3,PREÇO RECEBIDO P/ PRODUTOR,10.0
INHAME,NÃO INFORMADO,5528,RO,NORTE,2026,3,PREÇO RECEBIDO P/ PRODUTOR,4.29
INHAME,NÃO INFORMADO,5528,AC,NORTE,2026,4,PREÇO RECEBIDO P/ PRODUTOR,10.22
INHAME,NÃO INFORMADO,5528,RO,NORTE,2026,4,PREÇO RECEBIDO P/ PRODUTOR,3.62
INHAME,NÃO INFORMADO,5528,AC,NORTE,2026,5,PREÇO RECEBIDO P/ PRODUTOR,10.29
INHAME,NÃO INFORMADO,5528,RO,NORTE,2026,5,PREÇO RECEBIDO P/ PRODUTOR,3.8
INHAME,NÃO INFORMADO,5528,AC,NORTE,2026,6,PREÇO RECEBIDO P/ PRODUTOR,10.44
INHAME,NÃO INFORMADO,5528,RO,NORTE,2026,6,PREÇO RECEBIDO P/ PRODUTOR,4.5
INHAME,NÃO INFORMADO,5528,AC,NORTE,2026,7,PREÇO RECEBIDO P/ PRODUTOR,10.15
INHAME,NÃO INFORMADO,5528,RO,NORTE,2026,7,PREÇO RECEBIDO P/ PRODUTOR,3.9
INHAME,NÃO INFORMADO,5528,AC,NORTE,2026,8,PREÇO RECEBIDO P/ PRODUTOR,10.31
INHAME,NÃO INFORMADO,5528,RO,NORTE,2026,8,PREÇO RECEBIDO P/ PRODUTOR,4.07
INOCULANTE PARA MILHO,TRADECORP AZZOFIX,14037,TO,NORTE,2025,11,PREÇO PAGO PELO PRODUTOR,
INOCULANTE PARA MILHO,TRADECORP AZZOFIX,14037,TO,NORTE,2026,3,PREÇO PAGO PELO PRODUTOR,
INOCULANTE PARA SOJA,METADE LÍQUIDO + MET,14017,TO,NORTE,2025,11,PREÇO PAGO PELO PRODUTOR,
INOCULANTE PARA SOJA,METADE LÍQUIDO + MET,14017,TO,NORTE,2026,3,PREÇO PAGO PELO PRODUTOR,
JORNAL,NÃO INFORMADO,11787,PA,NORTE,2026,3,PREÇO PAGO PELO PRODUTOR,9.0
JUTA,JUTA/MALVA EM BRUTO,4594,AM,NORTE,2025,9,PREÇO RECEBIDO P/ PRODUTOR,6.0
JUTA,JUTA/MALVA EM BRUTO,4594,AM,NORTE,2025,10,PREÇO RECEBIDO P/ PRODUTOR,6.0
JUTA,JUTA/MALVA EM BRUTO,4594,AM,NORTE,2025,11,PREÇO RECEBIDO P/ PRODUTOR,5.5
JUTA,EMBONECADA TIPO 3,15460,AM,NORTE,2025,12,PREÇO RECEBIDO P/ PRODUTOR,5.1
JUTA,EMBONECADA TIPO 3,15460,AM,NORTE,2026,3,PREÇO RECEBIDO P/ PRODUTOR,4.8
JUTA,EMBONECADA TIPO 3,15460,AM,NORTE,2026,4,PREÇO RECEBIDO P/ PRODUTOR,5.01
JUTA,EMBONECADA TIPO 3,15460,AM,NORTE,2026,5,PREÇO RECEBIDO P/ PRODUTOR,5.07
JUTA,EMBONECADA TIPO 3,15460,AM,NORTE,2026,6,PREÇO RECEBIDO P/ PRODUTOR,5.29
JUTA,EMBONECADA TIPO 3,15460,AM,NORTE,2026,7,PREÇO RECEBIDO P/ PRODUTOR,5.68
JUTA,EMBONECADA TIPO 3,15460,AM,NORTE,2026,8,PREÇO RECEBIDO P/ PRODUTOR,5.59
KLORPAN 480 EC,480 G/L CLORPIRIFÓS,11364,RO,NORTE,2025,10,PREÇO PAGO PELO PRODUTOR,67.67
KLORPAN 480 EC,480 G/L CLORPIRIFÓS,11364,RO,NORTE,2025,11,PREÇO PAGO PELO PRODUTOR,67.67
LAMINA (FACA),PARA SANGRIA,11619,AC,NORTE,2026,7,PREÇO PAGO PELO PRODUTOR,21.0
LAMINA (FACA),PARA SANGRIA,11619,PA,NORTE,2026,7,PREÇO PAGO PELO PRODUTOR,75.0
LANTERNA,LED,11618,AC,NORTE,2026,7,PREÇO PAGO PELO PRODUTOR,180.0
LANTERNA,"LED, DE CABEÇA",15334,AM,NORTE,2026,7,PREÇO PAGO PELO PRODUTOR,43.0
LANTERNA,LED,11618,PA,NORTE,2026,7,PREÇO PAGO PELO PRODUTOR,22.0
LANTERNA,PILHA,14871,PA,NORTE,2026,7,PREÇO PAGO PELO PRODUTOR,45.0
LARANJA,INDÚSTRIA PERA,12290,PA,NORTE,2025,9,PREÇO RECEBIDO P/ PRODUTOR,0.45
LARANJA,INDÚSTRIA PERA,12290,PA,NORTE,2025,10,PREÇO RECEBIDO P/ PRODUTOR,0.61
LARANJA,INDÚSTRIA PERA,12290,PA,NORTE,2025,11,PREÇO RECEBIDO P/ PRODUTOR,0.6
LARANJA,INDÚSTRIA PERA,12290,PA,NORTE,2025,12,PREÇO RECEBIDO P/ PRODUTOR,0.42
LARANJA,INDÚSTRIA PERA,12290,PA,NORTE,2026,1,PREÇO RECEBIDO P/ PRODUTOR,0.35
LARANJA,INDÚSTRIA PERA,12290,PA,NORTE,2026,2,PREÇO RECEBIDO P/ PRODUTOR,0.35
LARANJA,INDÚSTRIA PERA,12290,PA,NORTE,2026,3,PREÇO RECEBIDO P/ PRODUTOR,0.35
LARANJA,INDÚSTRIA PERA,12290,PA,NORTE,2026,4,PREÇO RECEBIDO P/ PRODUTOR,0.33
LARANJA,INDÚSTRIA PERA,12290,PA,NORTE,2026,5,PREÇO RECEBIDO P/ PRODUTOR,0.3
LARANJA,INDÚSTRIA PERA,12290,PA,NORTE,2026,6,PREÇO RECEBIDO P/ PRODUTOR,0.26
LARANJA,INDÚSTRIA PERA,12290,PA,NORTE,2026,7,PREÇO RECEBIDO P/ PRODUTOR,0.26
LARANJA,INDÚSTRIA PERA,12290,PA,NORTE,2026,8,PREÇO RECEBIDO P/ PRODUTOR,0.25
LATAO (PARA COLHEITA),NÃO INFORMADO,12596,RO,NORTE,2025,10,PREÇO PAGO PELO PRODUTOR,35.0
LAVADOR DE MAQUINAS,NÃO INFORMADO,4401,TO,NORTE,2025,11,PREÇO PAGO PELO PRODUTOR,
LAVADOR DE MAQUINAS,NÃO INFORMADO,4401,TO,NORTE,2026,2,PREÇO PAGO PELO PRODUTOR,
LAVADOR DE MAQUINAS,NÃO INFORMADO,4401,TO,NORTE,2026,3,PREÇO PAGO PELO PRODUTOR,
LEITE DE VACA,EM PÓ INTEGRAL,4990,AC,NORTE,2025,9,ATACADO,40.83
LEITE DE VACA,IN NATURA,6542,AC,NORTE,2025,9,PREÇO RECEBIDO P/ PRODUTOR,2.72
LEITE DE VACA,LONGA VIDA INTEGRAL,4998,AC,NORTE,2025,9,VAREJO,7.23
LEITE DE VACA,LONGA VIDA INTEGRAL,4998,AC,NORTE,2025,9,ATACADO,6.54
LEITE DE VACA,IN NATURA,6542,AM,NORTE,2025,9,PREÇO RECEBIDO P/ PRODUTOR,4.66
LEITE DE VACA,EM PÓ INTEGRAL,4990,AM,NORTE,2025,9,ATACADO,39.75
LEITE DE VACA,LONGA VIDA INTEGRAL,4998,AM,NORTE,2025,9,VAREJO,7.02
LEITE DE VACA,LONGA VIDA INTEGRAL,4998,AM,NORTE,2025,9,ATACADO,6.92
LEITE DE VACA,EM PÓ INTEGRAL,4990,AP,NORTE,2025,9,ATACADO,33.26
LEITE DE VACA,LONGA VIDA INTEGRAL,4998,AP,NORTE,2025,9,VAREJO,8.02
LEITE DE VACA,IN NATURA,6542,AP,NORTE,2025,9,PREÇO RECEBIDO P/ PRODUTOR,3.88
LEITE DE VACA,LONGA VIDA INTEGRAL,4998,AP,NORTE,2025,9,ATACADO,7.02
LEITE DE VACA,LONGA VIDA INTEGRAL,4998,PA,NORTE,2025,9,VAREJO,7.93
LEITE DE VACA,IN NATURA,6542,PA,NORTE,2025,9,PREÇO RECEBIDO P/ PRODUTOR,1.85
LEITE DE VACA,LONGA VIDA INTEGRAL,4998,PA,NORTE,2025,9,ATACADO,6.06
LEITE DE VACA,EM PÓ INTEGRAL,4990,PA,NORTE,2025,9,ATACADO,36.07
LEITE DE VACA,IN NATURA,6542,RO,NORTE,2025,9,PREÇO RECEBIDO P/ PRODUTOR,1.87
LEITE DE VACA,LONGA VIDA INTEGRAL,4998,RO,NORTE,2025,9,VAREJO,6.29
LEITE DE VACA,EM PÓ INTEGRAL,4990,RO,NORTE,2025,9,ATACADO,36.65
LEITE DE VACA,EM PÓ INTEGRAL,4990,RR,NORTE,2025,9,ATACADO,35.83
LEITE DE VACA,IN NATURA,6542,RR,NORTE,2025,9,PREÇO RECEBIDO P/ PRODUTOR,5.34
LEITE DE VACA,LONGA VIDA INTEGRAL,4998,RR,NORTE,2025,9,VAREJO,7.61
LEITE DE VACA,LONGA VIDA INTEGRAL,4998,TO,NORTE,2025,9,ATACADO,5.59
LEITE DE VACA,IN NATURA,6542,TO,NORTE,2025,9,PREÇO RECEBIDO P/ PRODUTOR,2.14
LEITE DE VACA,EM PÓ INTEGRAL,4990,TO,NORTE,2025,9,ATACADO,39.78
LEITE DE VACA,LONGA VIDA INTEGRAL,4998,TO,NORTE,2025,9,VAREJO,6.52
LEITE DE VACA,LONGA VIDA INTEGRAL,4998,AC,NORTE,2025,10,ATACADO,6.34
LEITE DE VACA,EM PÓ INTEGRAL,4990,AC,NORTE,2025,10,ATACADO,37.53
LEITE DE VACA,LONGA VIDA INTEGRAL,4998,AC,NORTE,2025,10,VAREJO,7.14
LEITE DE VACA,IN NATURA,6542,AC,NORTE,2025,10,PREÇO RECEBIDO P/ PRODUTOR,2.72
LEITE DE VACA,LONGA VIDA INTEGRAL,4998,AM,NORTE,2025,10,VAREJO,6.86
LEITE DE VACA,EM PÓ INTEGRAL,4990,AM,NORTE,2025,10,ATACADO,39.6
LEITE DE VACA,IN NATURA,6542,AM,NORTE,2025,10,PREÇO RECEBIDO P/ PRODUTOR,4.72
LEITE DE VACA,LONGA VIDA INTEGRAL,4998,AM,NORTE,2025,10,ATACADO,6.57
LEITE DE VACA,EM PÓ INTEGRAL,4990,AP,NORTE,2025,10,ATACADO,33.76
LEITE DE VACA,LONGA VIDA INTEGRAL,4998,AP,NORTE,2025,10,VAREJO,8.25
LEITE DE VACA,LONGA VIDA INTEGRAL,4998,AP,NORTE,2025,10,ATACADO,5.99
LEITE DE VACA,IN NATURA,6542,AP,NORTE,2025,10,PREÇO RECEBIDO P/ PRODUTOR,4.83
LEITE DE VACA,EM PÓ INTEGRAL,4990,PA,NORTE,2025,10,ATACADO,35.31
LEITE DE VACA,LONGA VIDA INTEGRAL,4998,PA,NORTE,2025,10,VAREJO,7.8
LEITE DE VACA,LONGA VIDA INTEGRAL,4998,PA,NORTE,2025,10,ATACADO,5.84
LEITE DE VACA,IN NATURA,6542,PA,NORTE,2025,10,PREÇO RECEBIDO P/ PRODUTOR,1.84
LEITE DE VACA,LONGA VIDA INTEGRAL,4998,RO,NORTE,2025,10,VAREJO,6.12
LEITE DE VACA,IN NATURA,6542,RO,NORTE,2025,10,PREÇO RECEBIDO P/ PRODUTOR,1.87
LEITE DE VACA,EM PÓ INTEGRAL,4990,RO,NORTE,2025,10,ATACADO,36.65
LEITE DE VACA,IN NATURA,6542,RR,NORTE,2025,10,PREÇO RECEBIDO P/ PRODUTOR,5.34
LEITE DE VACA,EM PÓ INTEGRAL,4990,RR,NORTE,2025,10,ATACADO,35.68
LEITE DE VACA,LONGA VIDA INTEGRAL,4998,RR,NORTE,2025,10,VAREJO,7.47
LEITE DE VACA,LONGA VIDA INTEGRAL,4998,TO,NORTE,2025,10,VAREJO,6.52
LEITE DE VACA,IN NATURA,6542,TO,NORTE,2025,10,PREÇO RECEBIDO P/ PRODUTOR,2.14
LEITE DE VACA,LONGA VIDA INTEGRAL,4998,TO,NORTE,2025,10,ATACADO,5.14
LEITE DE VACA,EM PÓ INTEGRAL,4990,TO,NORTE,2025,10,ATACADO,39.78
LEITE DE VACA,LONGA VIDA INTEGRAL,4998,AC,NORTE,2025,11,VAREJO,7.12
LEITE DE VACA,LONGA VIDA INTEGRAL,4998,AC,NORTE,2025,11,ATACADO,6.34
LEITE DE VACA,IN NATURA,6542,AC,NORTE,2025,11,PREÇO RECEBIDO P/ PRODUTOR,2.72
LEITE DE VACA,EM PÓ INTEGRAL,4990,AC,NORTE,2025,11,ATACADO,37.53
LEITE DE VACA,LONGA VIDA INTEGRAL,4998,AM,NORTE,2025,11,ATACADO,5.91
LEITE DE VACA,IN NATURA,6542,AM,NORTE,2025,11,PREÇO RECEBIDO P/ PRODUTOR,4.69
LEITE DE VACA,LONGA VIDA INTEGRAL,4998,AM,NORTE,2025,11,VAREJO,6.83
LEITE DE VACA,EM PÓ INTEGRAL,4990,AM,NORTE,2025,11,ATACADO,38.03
LEITE DE VACA,LONGA VIDA INTEGRAL,4998,AP,NORTE,2025,11,VAREJO,7.7
LEITE DE VACA,IN NATURA,6542,AP,NORTE,2025,11,PREÇO RECEBIDO P/ PRODUTOR,4.85
LEITE DE VACA,EM PÓ INTEGRAL,4990,AP,NORTE,2025,11,ATACADO,33.29
LEITE DE VACA,LONGA VIDA INTEGRAL,4998,AP,NORTE,2025,11,ATACADO,5.37
LEITE DE VACA,LONGA VIDA INTEGRAL,4998,PA,NORTE,2025,11,ATACADO,5.42
LEITE DE VACA,LONGA VIDA INTEGRAL,4998,PA,NORTE,2025,11,VAREJO,7.92
LEITE DE VACA,IN NATURA,6542,PA,NORTE,2025,11,PREÇO RECEBIDO P/ PRODUTOR,1.78
LEITE DE VACA,EM PÓ INTEGRAL,4990,PA,NORTE,2025,11,ATACADO,33.87
LEITE DE VACA,EM PÓ INTEGRAL,4990,RO,NORTE,2025,11,ATACADO,35.5
LEITE DE VACA,LONGA VIDA INTEGRAL,4998,RO,NORTE,2025,11,VAREJO,6.0
LEITE DE VACA,IN NATURA,6542,RO,NORTE,2025,11,PREÇO RECEBIDO P/ PRODUTOR,1.86
LEITE DE VACA,EM PÓ INTEGRAL,4990,RR,NORTE,2025,11,ATACADO,34.98
LEITE DE VACA,LONGA VIDA INTEGRAL,4998,RR,NORTE,2025,11,VAREJO,7.31
LEITE DE VACA,IN NATURA,6542,RR,NORTE,2025,11,PREÇO RECEBIDO P/ PRODUTOR,5.34
LEITE DE VACA,LONGA VIDA INTEGRAL,4998,TO,NORTE,2025,11,ATACADO,4.67
LEITE DE VACA,EM PÓ INTEGRAL,4990,TO,NORTE,2025,11,ATACADO,39.78
LEITE DE VACA,IN NATURA,6542,TO,NORTE,2025,11,PREÇO RECEBIDO P/ PRODUTOR,2.14
LEITE DE VACA,LONGA VIDA INTEGRAL,4998,TO,NORTE,2025,11,VAREJO,6.3
LEITE DE VACA,LONGA VIDA INTEGRAL,4998,AC,NORTE,2025,12,VAREJO,7.0
LEITE DE VACA,LONGA VIDA INTEGRAL,4998,AC,NORTE,2025,12,ATACADO,5.66
LEITE DE VACA,IN NATURA,6542,AC,NORTE,2025,12,PREÇO RECEBIDO P/ PRODUTOR,2.72
LEITE DE VACA,EM PÓ INTEGRAL,4990,AC,NORTE,2025,12,ATACADO,38.2
LEITE DE VACA,LONGA VIDA INTEGRAL,4998,AM,NORTE,2025,12,ATACADO,6.03
LEITE DE VACA,IN NATURA,6542,AM,NORTE,2025,12,PREÇO RECEBIDO P/ PRODUTOR,5.14
LEITE DE VACA,LONGA VIDA INTEGRAL,4998,AM,NORTE,2025,12,VAREJO,6.69
LEITE DE VACA,EM PÓ INTEGRAL,4990,AM,NORTE,2025,12,ATACADO,38.88
LEITE DE VACA,LONGA VIDA INTEGRAL,4998,AP,NORTE,2025,12,ATACADO,5.17
LEITE DE VACA,IN NATURA,6542,AP,NORTE,2025,12,PREÇO RECEBIDO P/ PRODUTOR,4.85
LEITE DE VACA,EM PÓ INTEGRAL,4990,AP,NORTE,2025,12,ATACADO,33.87
LEITE DE VACA,LONGA VIDA INTEGRAL,4998,AP,NORTE,2025,12,VAREJO,7.72
LEITE DE VACA,EM PÓ INTEGRAL,4990,PA,NORTE,2025,12,ATACADO,35.1
LEITE DE VACA,LONGA VIDA INTEGRAL,4998,PA,NORTE,2025,12,VAREJO,7.85
LEITE DE VACA,IN NATURA,6542,PA,NORTE,2025,12,PREÇO RECEBIDO P/ PRODUTOR,1.83
LEITE DE VACA,LONGA VIDA INTEGRAL,4998,PA,NORTE,2025,12,ATACADO,5.76
LEITE DE VACA,IN NATURA,6542,RO,NORTE,2025,12,PREÇO RECEBIDO P/ PRODUTOR,1.77
LEITE DE VACA,EM PÓ INTEGRAL,4990,RO,NORTE,2025,12,ATACADO,36.68
LEITE DE VACA,LONGA VIDA INTEGRAL,4998,RO,NORTE,2025,12,VAREJO,5.95
LEITE DE VACA,IN NATURA,6542,RR,NORTE,2025,12,PREÇO RECEBIDO P/ PRODUTOR,5.79
LEITE DE VACA,EM PÓ INTEGRAL,4990,RR,NORTE,2025,12,ATACADO,35.8
LEITE DE VACA,LONGA VIDA INTEGRAL,4998,RR,NORTE,2025,12,VAREJO,7.55
LEITE DE VACA,IN NATURA,6542,TO,NORTE,2025,12,PREÇO RECEBIDO P/ PRODUTOR,2.14
LEITE DE VACA,LONGA VIDA INTEGRAL,4998,TO,NORTE,2025,12,ATACADO,4.51
LEITE DE VACA,EM PÓ INTEGRAL,4990,TO,NORTE,2025,12,ATACADO,37.25
LEITE DE VACA,LONGA VIDA INTEGRAL,4998,TO,NORTE,2025,12,VAREJO,6.3
LEITE DE VACA,LONGA VIDA INTEGRAL,4998,AC,NORTE,2026,1,VAREJO,6.49
LEITE DE VACA,LONGA VIDA INTEGRAL,4998,AM,NORTE,2026,1,VAREJO,6.53
LEITE DE VACA,IN NATURA,6542,AM,NORTE,2026,1,PREÇO RECEBIDO P/ PRODUTOR,6.92
LEITE DE VACA,LONGA VIDA INTEGRAL,4998,AP,NORTE,2026,1,VAREJO,7.46
LEITE DE VACA,IN NATURA,6542,AP,NORTE,2026,1,PREÇO RECEBIDO P/ PRODUTOR,4.92
LEITE DE VACA,LONGA VIDA INTEGRAL,4998,PA,NORTE,2026,1,VAREJO,7.75
LEITE DE VACA,IN NATURA,6542,PA,NORTE,2026,1,PREÇO RECEBIDO P/ PRODUTOR,1.86
LEITE DE VACA,IN NATURA,6542,RO,NORTE,2026,1,PREÇO RECEBIDO P/ PRODUTOR,1.67
LEITE DE VACA,LONGA VIDA INTEGRAL,4998,RO,NORTE,2026,1,VAREJO,5.56
LEITE DE VACA,IN NATURA,6542,RR,NORTE,2026,1,PREÇO RECEBIDO P/ PRODUTOR,4.91
LEITE DE VACA,LONGA VIDA INTEGRAL,4998,RR,NORTE,2026,1,VAREJO,7.34
LEITE DE VACA,IN NATURA,6542,TO,NORTE,2026,1,PREÇO RECEBIDO P/ PRODUTOR,2.14
LEITE DE VACA,LONGA VIDA INTEGRAL,4998,TO,NORTE,2026,1,VAREJO,5.87
LEITE DE VACA,LONGA VIDA INTEGRAL,4998,AC,NORTE,2026,2,VAREJO,6.18
LEITE DE VACA,LONGA VIDA INTEGRAL,4998,AM,NORTE,2026,2,VAREJO,6.53
LEITE DE VACA,IN NATURA,6542,AM,NORTE,2026,2,PREÇO RECEBIDO P/ PRODUTOR,7.43
LEITE DE VACA,LONGA VIDA INTEGRAL,4998,AP,NORTE,2026,2,VAREJO,7.43
LEITE DE VACA,IN NATURA,6542,AP,NORTE,2026,2,PREÇO RECEBIDO P/ PRODUTOR,4.85
LEITE DE VACA,IN NATURA,6542,PA,NORTE,2026,2,PREÇO RECEBIDO P/ PRODUTOR,1.82
LEITE DE VACA,LONGA VIDA INTEGRAL,4998,PA,NORTE,2026,2,VAREJO,7.55
LEITE DE VACA,IN NATURA,6542,RO,NORTE,2026,2,PREÇO RECEBIDO P/ PRODUTOR,1.62
LEITE DE VACA,LONGA VIDA INTEGRAL,4998,RO,NORTE,2026,2,VAREJO,5.58
LEITE DE VACA,LONGA VIDA INTEGRAL,4998,RR,NORTE,2026,2,VAREJO,7.48
LEITE DE VACA,IN NATURA,6542,RR,NORTE,2026,2,PREÇO RECEBIDO P/ PRODUTOR,5.03
LEITE DE VACA,LONGA VIDA INTEGRAL,4998,TO,NORTE,2026,2,VAREJO,5.82
LEITE DE VACA,IN NATURA,6542,TO,NORTE,2026,2,PREÇO RECEBIDO P/ PRODUTOR,2.14
LEITE DE VACA,LONGA VIDA INTEGRAL,4998,AC,NORTE,2026,3,VAREJO,6.42
LEITE DE VACA,IN NATURA,6542,AM,NORTE,2026,3,PREÇO RECEBIDO P/ PRODUTOR,6.8
LEITE DE VACA,LONGA VIDA INTEGRAL,4998,AM,NORTE,2026,3,VAREJO,6.59
LEITE DE VACA,LONGA VIDA INTEGRAL,4998,AP,NORTE,2026,3,VAREJO,7.37
LEITE DE VACA,IN NATURA,6542,AP,NORTE,2026,3,PREÇO RECEBIDO P/ PRODUTOR,5.04
LEITE DE VACA,LONGA VIDA INTEGRAL,4998,PA,NORTE,2026,3,VAREJO,7.6
LEITE DE VACA,IN NATURA,6542,PA,NORTE,2026,3,PREÇO RECEBIDO P/ PRODUTOR,1.77
LEITE DE VACA,IN NATURA,6542,RO,NORTE,2026,3,PREÇO RECEBIDO P/ PRODUTOR,1.43
LEITE DE VACA,LONGA VIDA INTEGRAL,4998,RO,NORTE,2026,3,VAREJO,5.81
LEITE DE VACA,IN NATURA,6542,RR,NORTE,2026,3,PREÇO RECEBIDO P/ PRODUTOR,4.98
LEITE DE VACA,LONGA VIDA INTEGRAL,4998,RR,NORTE,2026,3,VAREJO,7.46
LEITE DE VACA,IN NATURA,6542,TO,NORTE,2026,3,PREÇO RECEBIDO P/ PRODUTOR,2.14
LEITE DE VACA,LONGA VIDA INTEGRAL,4998,TO,NORTE,2026,3,VAREJO,5.82
LEITE DE VACA,LONGA VIDA INTEGRAL,4998,AC,NORTE,2026,4,VAREJO,6.95
LEITE DE VACA,IN NATURA,6542,AM,NORTE,2026,4,PREÇO RECEBIDO P/ PRODUTOR,6.6
LEITE DE VACA,LONGA VIDA INTEGRAL,4998,AM,NORTE,2026,4,VAREJO,7.34
LEITE DE VACA,IN NATURA,6542,AP,NORTE,2026,4,PREÇO RECEBIDO P/ PRODUTOR,5.19
LEITE DE VACA,LONGA VIDA INTEGRAL,4998,AP,NORTE,2026,4,VAREJO,7.49
LEITE DE VACA,IN NATURA,6542,PA,NORTE,2026,4,PREÇO RECEBIDO P/ PRODUTOR,1.72
LEITE DE VACA,LONGA VIDA INTEGRAL,4998,PA,NORTE,2026,4,VAREJO,7.87
LEITE DE VACA,LONGA VIDA INTEGRAL,4998,RO,NORTE,2026,4,VAREJO,6.49
LEITE DE VACA,IN NATURA,6542,RO,NORTE,2026,4,PREÇO RECEBIDO P/ PRODUTOR,1.43
LEITE DE VACA,IN NATURA,6542,RR,NORTE,2026,4,PREÇO RECEBIDO P/ PRODUTOR,5.46
LEITE DE VACA,LONGA VIDA INTEGRAL,4998,RR,NORTE,2026,4,VAREJO,7.84
LEITE DE VACA,LONGA VIDA INTEGRAL,4998,TO,NORTE,2026,4,VAREJO,6.46
LEITE DE VACA,IN NATURA,6542,TO,NORTE,2026,4,PREÇO RECEBIDO P/ PRODUTOR,2.1
LEITE DE VACA,LONGA VIDA INTEGRAL,4998,AC,NORTE,2026,5,VAREJO,7.34
LEITE DE VACA,IN NATURA,6542,AC,NORTE,2026,5,PREÇO RECEBIDO P/ PRODUTOR,2.07
LEITE DE VACA,IN NATURA,6542,AM,NORTE,2026,5,PREÇO RECEBIDO P/ PRODUTOR,6.5
LEITE DE VACA,LONGA VIDA INTEGRAL,4998,AM,NORTE,2026,5,VAREJO,7.62
LEITE DE VACA,LONGA VIDA INTEGRAL,4998,AP,NORTE,2026,5,VAREJO,8.22
LEITE DE VACA,IN NATURA,6542,AP,NORTE,2026,5,PREÇO RECEBIDO P/ PRODUTOR,5.67
LEITE DE VACA,LONGA VIDA INTEGRAL,4998,PA,NORTE,2026,5,VAREJO,7.96
LEITE DE VACA,IN NATURA,6542,PA,NORTE,2026,5,PREÇO RECEBIDO P/ PRODUTOR,1.89
LEITE DE VACA,IN NATURA,6542,RO,NORTE,2026,5,PREÇO RECEBIDO P/ PRODUTOR,1.59
LEITE DE VACA,LONGA VIDA INTEGRAL,4998,RO,NORTE,2026,5,VAREJO,6.71
LEITE DE VACA,LONGA VIDA INTEGRAL,4998,RR,NORTE,2026,5,VAREJO,7.73
LEITE DE VACA,IN NATURA,6542,RR,NORTE,2026,5,PREÇO RECEBIDO P/ PRODUTOR,5.44
LEITE DE VACA,IN NATURA,6542,TO,NORTE,2026,5,PREÇO RECEBIDO P/ PRODUTOR,1.94
LEITE DE VACA,LONGA VIDA INTEGRAL,4998,TO,NORTE,2026,5,VAREJO,6.49
LEITE DE VACA,IN NATURA,6542,AC,NORTE,2026,6,PREÇO RECEBIDO P/ PRODUTOR,2.06
LEITE DE VACA,IN NATURA,6542,AM,NORTE,2026,6,PREÇO RECEBIDO P/ PRODUTOR,6.02
LEITE DE VACA,IN NATURA,6542,AP,NORTE,2026,6,PREÇO RECEBIDO P/ PRODUTOR,5.83
LEITE DE VACA,IN NATURA,6542,PA,NORTE,2026,6,PREÇO RECEBIDO P/ PRODUTOR,2.07
LEITE DE VACA,IN NATURA,6542,RO,NORTE,2026,6,PREÇO RECEBIDO P/ PRODUTOR,1.92
LEITE DE VACA,IN NATURA,6542,RR,NORTE,2026,6,PREÇO RECEBIDO P/ PRODUTOR,5.64
LEITE DE VACA,IN NATURA,6542,TO,NORTE,2026,6,PREÇO RECEBIDO P/ PRODUTOR,1.91
LEITE DE VACA,IN NATURA,6542,AC,NORTE,2026,7,PREÇO RECEBIDO P/ PRODUTOR,2.04
LEITE DE VACA,IN NATURA,6542,AM,NORTE,2026,7,PREÇO RECEBIDO P/ PRODUTOR,5.36
LEITE DE VACA,IN NATURA,6542,AP,NORTE,2026,7,PREÇO RECEBIDO P/ PRODUTOR,5.83
LEITE DE VACA,IN NATURA,6542,PA,NORTE,2026,7,PREÇO RECEBIDO P/ PRODUTOR,2.12
LEITE DE VACA,IN NATURA,6542,RO,NORTE,2026,7,PREÇO RECEBIDO P/ PRODUTOR,1.92
LEITE DE VACA,IN NATURA,6542,RR,NORTE,2026,7,PREÇO RECEBIDO P/ PRODUTOR,5.58
LEITE DE VACA,IN NATURA,6542,TO,NORTE,2026,7,PREÇO RECEBIDO P/ PRODUTOR,1.91
LEITE DE VACA,IN NATURA,6542,AC,NORTE,2026,8,PREÇO RECEBIDO P/ PRODUTOR,2.08
LEITE DE VACA,IN NATURA,6542,AM,NORTE,2026,8,PREÇO RECEBIDO P/ PRODUTOR,5.66
LEITE DE VACA,IN NATURA,6542,AP,NORTE,2026,8,PREÇO RECEBIDO P/ PRODUTOR,5.89
LEITE DE VACA,IN NATURA,6542,PA,NORTE,2026,8,PREÇO RECEBIDO P/ PRODUTOR,2.14
LEITE DE VACA,IN NATURA,6542,RO,NORTE,2026,8,PREÇO RECEBIDO P/ PRODUTOR,1.9
LEITE DE VACA,IN NATURA,6542,RR,NORTE,2026,8,PREÇO RECEBIDO P/ PRODUTOR,5.66
LEITE DE VACA,IN NATURA,6542,TO,NORTE,2026,8,PREÇO RECEBIDO P/ PRODUTOR,2.29
LI 700,NÃO INFORMADO,10585,TO,NORTE,2025,11,PREÇO PAGO PELO PRODUTOR,72.5
LI 700,NÃO INFORMADO,10585,TO,NORTE,2026,3,PREÇO PAGO PELO PRODUTOR,70.3
LICENCA DE QUEIMA PELO IB,NÃO INFORMADO,13385,PA,NORTE,2025,9,PREÇO PAGO PELO PRODUTOR,
LICENCA DE QUEIMA PELO IB,NÃO INFORMADO,13385,PA,NORTE,2026,3,PREÇO PAGO PELO PRODUTOR,
LIMA AMOLADOR,PARA FACÃO E MACHADO,14097,AC,NORTE,2026,7,PREÇO PAGO PELO PRODUTOR,30.0
LIMA AMOLADOR,LIMATÃO PARA CORRENT,12370,AM,NORTE,2026,7,PREÇO PAGO PELO PRODUTOR,16.0
LIMA AMOLADOR,PARA FACÃO E MACHADO,14097,PA,NORTE,2026,7,PREÇO PAGO PELO PRODUTOR,26.0
LIMA AMOLADOR,LIMATÃO PARA CORRENT,12370,PA,NORTE,2026,7,PREÇO PAGO PELO PRODUTOR,27.0
LIMA CHATA,BASTARDA,12369,AC,NORTE,2026,7,PREÇO PAGO PELO PRODUTOR,17.38
LIMA CHATA,BASTARDA,12369,AM,NORTE,2026,7,PREÇO PAGO PELO PRODUTOR,19.0
LIMA CHATA,NÃO INFORMADO,12313,AM,NORTE,2026,7,PREÇO PAGO PELO PRODUTOR,19.75
LIMA CHATA,NÃO INFORMADO,12313,PA,NORTE,2026,7,PREÇO PAGO PELO PRODUTOR,20.0
LIMA (TERCADO),NÃO INFORMADO,14960,PA,NORTE,2026,7,PREÇO PAGO PELO PRODUTOR,25.0
LIMPEZA DE AREA - COROAME,NÃO INFORMADO,11688,PA,NORTE,2025,9,PREÇO PAGO PELO PRODUTOR,
LIMPEZA DE AREA - COROAME,NÃO INFORMADO,11688,PA,NORTE,2025,10,PREÇO PAGO PELO PRODUTOR,
LIMPEZA DE AREA - COROAME,LIMPEZA DOS AÇAIZEIR,15540,PA,NORTE,2026,7,PREÇO PAGO PELO PRODUTOR,
LONA PLASTICA,4M X 2M = 8M²,12415,PA,NORTE,2026,5,PREÇO PAGO PELO PRODUTOR,20.0
LONA PLASTICA,"6M X 6M, PRETA",15328,AM,NORTE,2026,7,PREÇO PAGO PELO PRODUTOR,35.0
LONA PLASTICA,"70 M², ANTICHAMAS",15317,AM,NORTE,2026,7,PREÇO PAGO PELO PRODUTOR,1900.0
LONA PLASTICA,"4M X 4M, PRETA, DUPL",15327,AM,NORTE,2026,7,PREÇO PAGO PELO PRODUTOR,120.0
LONA PLASTICA,NÃO INFORMADO,9798,AM,NORTE,2026,7,PREÇO PAGO PELO PRODUTOR,
LONA PLASTICA,4M X 2M = 8M²,12415,PA,NORTE,2026,7,PREÇO PAGO PELO PRODUTOR,20.0
LONA PLASTICA,3M X 3M = 9M²,12401,PA,NORTE,2026,7,PREÇO PAGO PELO PRODUTOR,68.0
LONA PLASTICA,"2,5 M X 2,5 M = 5M²,",14092,PA,NORTE,2026,7,PREÇO PAGO PELO PRODUTOR,100.0
LONAS,6X3,11963,AM,NORTE,2026,7,PREÇO PAGO PELO PRODUTOR,370.0
LONAS,PRETA,7499,AM,NORTE,2026,7,PREÇO PAGO PELO PRODUTOR,
LONAS,4M X 6M preta,14957,PA,NORTE,2026,7,PREÇO PAGO PELO PRODUTOR,
LOYANT,NÃO INFORMADO,13974,TO,NORTE,2025,11,PREÇO PAGO PELO PRODUTOR,397.4
LOYANT,NÃO INFORMADO,13974,TO,NORTE,2026,2,PREÇO PAGO PELO PRODUTOR,397.4
LOYANT,NÃO INFORMADO,13974,TO,NORTE,2026,3,PREÇO PAGO PELO PRODUTOR,397.4
LUBRIFICANTE DO CARTER,NÃO INFORMADO,5856,AM,NORTE,2026,7,PREÇO PAGO PELO PRODUTOR,52.0
LUVAS DE PANO,NÃO INFORMADO,11352,RO,NORTE,2025,10,PREÇO PAGO PELO PRODUTOR,
LUVAS DE PANO,NÃO INFORMADO,11352,RO,NORTE,2025,11,PREÇO PAGO PELO PRODUTOR,
LUVAS DE PANO,NÃO INFORMADO,11352,AM,NORTE,2026,7,PREÇO PAGO PELO PRODUTOR,
LUVAS DE PANO,NÃO INFORMADO,11352,AM,NORTE,2026,7,PREÇO PAGO PELO PRODUTOR,7.0
LUVAS DE PANO,PIGMENTADA,13892,AM,NORTE,2026,7,PREÇO PAGO PELO PRODUTOR,
LUVAS DE PANO,PIGMENTADA,13892,PA,NORTE,2026,7,PREÇO PAGO PELO PRODUTOR,
LUVAS DE PANO,NÃO INFORMADO,11352,PA,NORTE,2026,7,PREÇO PAGO PELO PRODUTOR,
LUVAS DE PANO,NÃO INFORMADO,11352,PA,NORTE,2026,7,PREÇO PAGO PELO PRODUTOR,8.5
M2,NÃO INFORMADO,7407,PA,NORTE,2025,9,PREÇO PAGO PELO PRODUTOR,
M2,NÃO INFORMADO,7407,RO,NORTE,2025,10,PREÇO PAGO PELO PRODUTOR,
M2,NÃO INFORMADO,7407,TO,NORTE,2025,11,PREÇO PAGO PELO PRODUTOR,
M2,NÃO INFORMADO,7407,AM,NORTE,2026,3,PREÇO PAGO PELO PRODUTOR,
M2,NÃO INFORMADO,7407,PA,NORTE,2026,3,PREÇO PAGO PELO PRODUTOR,
M2,NÃO INFORMADO,7407,TO,NORTE,2026,3,PREÇO PAGO PELO PRODUTOR,
M2,NÃO INFORMADO,7407,PA,NORTE,2026,5,PREÇO PAGO PELO PRODUTOR,
M2,NÃO INFORMADO,7407,AC,NORTE,2026,7,PREÇO PAGO PELO PRODUTOR,
M2,NÃO INFORMADO,7407,AM,NORTE,2026,7,PREÇO PAGO PELO PRODUTOR,
M2,NÃO INFORMADO,7407,PA,NORTE,2026,7,PREÇO PAGO PELO PRODUTOR,
MACARRAO,ESPAGUETE SÊMOLA COM,11194,AC,NORTE,2025,9,ATACADO,11.08
MACARRAO,ESPAGUETE SÊMOLA COM,11194,AM,NORTE,2025,9,ATACADO,9.95
MACARRAO,ESPAGUETE SÊMOLA SEM,13355,AP,NORTE,2025,9,ATACADO,6.98
MACARRAO,ESPAGUETE SÊMOLA COM,11194,PA,NORTE,2025,9,ATACADO,9.35
MACARRAO,ESPAGUETE SÊMOLA COM,11194,RO,NORTE,2025,9,ATACADO,9.18
MACARRAO,ESPAGUETE SÊMOLA COM,11194,RR,NORTE,2025,9,ATACADO,8.5
MACARRAO,ESPAGUETE SÊMOLA COM,11194,TO,NORTE,2025,9,ATACADO,9.98
MACARRAO,ESPAGUETE SÊMOLA COM,11194,AC,NORTE,2025,10,ATACADO,9.8
MACARRAO,ESPAGUETE SÊMOLA COM,11194,AM,NORTE,2025,10,ATACADO,10.07
MACARRAO,ESPAGUETE SÊMOLA SEM,13355,AP,NORTE,2025,10,ATACADO,6.72
MACARRAO,ESPAGUETE SÊMOLA COM,11194,PA,NORTE,2025,10,ATACADO,9.33
MACARRAO,ESPAGUETE SÊMOLA COM,11194,RO,NORTE,2025,10,ATACADO,9.18
MACARRAO,ESPAGUETE SÊMOLA COM,11194,RR,NORTE,2025,10,ATACADO,7.98
MACARRAO,ESPAGUETE SÊMOLA COM,11194,TO,NORTE,2025,10,ATACADO,9.98
MACARRAO,ESPAGUETE SÊMOLA COM,11194,AC,NORTE,2025,11,ATACADO,9.8
MACARRAO,ESPAGUETE SÊMOLA COM,11194,AM,NORTE,2025,11,ATACADO,9.78
MACARRAO,ESPAGUETE SÊMOLA SEM,13355,AP,NORTE,2025,11,ATACADO,6.98
MACARRAO,ESPAGUETE SÊMOLA COM,11194,PA,NORTE,2025,11,ATACADO,9.17
MACARRAO,ESPAGUETE SÊMOLA COM,11194,RO,NORTE,2025,11,ATACADO,10.44
MACARRAO,ESPAGUETE SÊMOLA COM,11194,RR,NORTE,2025,11,ATACADO,7.74
MACARRAO,ESPAGUETE SÊMOLA COM,11194,TO,NORTE,2025,11,ATACADO,9.89
MACARRAO,ESPAGUETE SÊMOLA COM,11194,AC,NORTE,2025,12,ATACADO,11.0
MACARRAO,ESPAGUETE SÊMOLA COM,11194,AM,NORTE,2025,12,ATACADO,10.42
MACARRAO,ESPAGUETE SÊMOLA SEM,13355,AP,NORTE,2025,12,ATACADO,7.04
MACARRAO,ESPAGUETE SÊMOLA COM,11194,PA,NORTE,2025,12,ATACADO,9.35
MACARRAO,ESPAGUETE SÊMOLA COM,11194,RO,NORTE,2025,12,ATACADO,10.06
MACARRAO,ESPAGUETE SÊMOLA COM,11194,RR,NORTE,2025,12,ATACADO,7.84
MACARRAO,ESPAGUETE SÊMOLA COM,11194,TO,NORTE,2025,12,ATACADO,10.18
MACHADO,FLORESTAL -  BOCA LA,12403,AM,NORTE,2026,7,PREÇO PAGO PELO PRODUTOR,93.0
MACHADO,NÃO INFORMADO,11626,AM,NORTE,2026,7,PREÇO PAGO PELO PRODUTOR,80.0
MACHADO,NÃO INFORMADO,11626,PA,NORTE,2026,7,PREÇO PAGO PELO PRODUTOR,58.0
MANGANES AGRICHEM,NÃO INFORMADO,13978,TO,NORTE,2025,11,PREÇO PAGO PELO PRODUTOR,52.9
MANGANES AGRICHEM,NÃO INFORMADO,13978,TO,NORTE,2026,2,PREÇO PAGO PELO PRODUTOR,52.9
MANGANES AGRICHEM,NÃO INFORMADO,13978,TO,NORTE,2026,3,PREÇO PAGO PELO PRODUTOR,52.9
MANTEIGA,NÃO INFORMADO,8626,AC,NORTE,2025,9,VAREJO,60.04
MANTEIGA,NÃO INFORMADO,8626,AM,NORTE,2025,9,VAREJO,58.91
MANTEIGA,NÃO INFORMADO,8626,AP,NORTE,2025,9,VAREJO,68.05
MANTEIGA,NÃO INFORMADO,8626,PA,NORTE,2025,9,VAREJO,63.81
MANTEIGA,NÃO INFORMADO,8626,RO,NORTE,2025,9,VAREJO,49.97
MANTEIGA,NÃO INFORMADO,8626,RR,NORTE,2025,9,VAREJO,71.94
MANTEIGA,NÃO INFORMADO,8626,TO,NORTE,2025,9,VAREJO,73.51
MANTEIGA,NÃO INFORMADO,8626,AC,NORTE,2025,10,VAREJO,58.24
MANTEIGA,NÃO INFORMADO,8626,AM,NORTE,2025,10,VAREJO,56.41
MANTEIGA,NÃO INFORMADO,8626,AP,NORTE,2025,10,VAREJO,66.31
MANTEIGA,NÃO INFORMADO,8626,PA,NORTE,2025,10,VAREJO,62.45
MANTEIGA,NÃO INFORMADO,8626,RO,NORTE,2025,10,VAREJO,49.11
MANTEIGA,NÃO INFORMADO,8626,RR,NORTE,2025,10,VAREJO,70.22
MANTEIGA,NÃO INFORMADO,8626,TO,NORTE,2025,10,VAREJO,73.64
MANTEIGA,NÃO INFORMADO,8626,AC,NORTE,2025,11,VAREJO,57.81
MANTEIGA,NÃO INFORMADO,8626,AM,NORTE,2025,11,VAREJO,55.85
MANTEIGA,NÃO INFORMADO,8626,AP,NORTE,2025,11,VAREJO,59.83
MANTEIGA,NÃO INFORMADO,8626,PA,NORTE,2025,11,VAREJO,62.55
MANTEIGA,NÃO INFORMADO,8626,RO,NORTE,2025,11,VAREJO,48.4
MANTEIGA,NÃO INFORMADO,8626,RR,NORTE,2025,11,VAREJO,69.68
MANTEIGA,NÃO INFORMADO,8626,TO,NORTE,2025,11,VAREJO,70.21
MANTEIGA,NÃO INFORMADO,8626,AC,NORTE,2025,12,VAREJO,59.11
MANTEIGA,NÃO INFORMADO,8626,AM,NORTE,2025,12,VAREJO,53.35
MANTEIGA,NÃO INFORMADO,8626,AP,NORTE,2025,12,VAREJO,59.38
MANTEIGA,NÃO INFORMADO,8626,PA,NORTE,2025,12,VAREJO,61.39
MANTEIGA,NÃO INFORMADO,8626,RO,NORTE,2025,12,VAREJO,48.44
MANTEIGA,NÃO INFORMADO,8626,RR,NORTE,2025,12,VAREJO,66.53
MANTEIGA,NÃO INFORMADO,8626,TO,NORTE,2025,12,VAREJO,69.47
MANTEIGA,NÃO INFORMADO,8626,AC,NORTE,2026,1,VAREJO,58.0
MANTEIGA,NÃO INFORMADO,8626,AM,NORTE,2026,1,VAREJO,54.9
MANTEIGA,NÃO INFORMADO,8626,AP,NORTE,2026,1,VAREJO,60.13
MANTEIGA,NÃO INFORMADO,8626,PA,NORTE,2026,1,VAREJO,59.55
MANTEIGA,NÃO INFORMADO,8626,RO,NORTE,2026,1,VAREJO,46.46
MANTEIGA,NÃO INFORMADO,8626,RR,NORTE,2026,1,VAREJO,65.9
MANTEIGA,NÃO INFORMADO,8626,TO,NORTE,2026,1,VAREJO,69.85
MANTEIGA,NÃO INFORMADO,8626,AC,NORTE,2026,2,VAREJO,56.19
MANTEIGA,NÃO INFORMADO,8626,AM,NORTE,2026,2,VAREJO,55.0
MANTEIGA,NÃO INFORMADO,8626,AP,NORTE,2026,2,VAREJO,61.03
MANTEIGA,NÃO INFORMADO,8626,PA,NORTE,2026,2,VAREJO,60.02
MANTEIGA,NÃO INFORMADO,8626,RO,NORTE,2026,2,VAREJO,45.69
MANTEIGA,NÃO INFORMADO,8626,RR,NORTE,2026,2,VAREJO,65.56
MANTEIGA,NÃO INFORMADO,8626,TO,NORTE,2026,2,VAREJO,70.51
MANTEIGA,NÃO INFORMADO,8626,AC,NORTE,2026,3,VAREJO,55.93
MANTEIGA,NÃO INFORMADO,8626,AM,NORTE,2026,3,VAREJO,54.53
MANTEIGA,NÃO INFORMADO,8626,AP,NORTE,2026,3,VAREJO,61.73
MANTEIGA,NÃO INFORMADO,8626,PA,NORTE,2026,3,VAREJO,60.46
MANTEIGA,NÃO INFORMADO,8626,RO,NORTE,2026,3,VAREJO,45.25
MANTEIGA,NÃO INFORMADO,8626,RR,NORTE,2026,3,VAREJO,66.68
MANTEIGA,NÃO INFORMADO,8626,TO,NORTE,2026,3,VAREJO,70.61
MANTEIGA,NÃO INFORMADO,8626,AC,NORTE,2026,4,VAREJO,58.46
MANTEIGA,NÃO INFORMADO,8626,AM,NORTE,2026,4,VAREJO,54.43
MANTEIGA,NÃO INFORMADO,8626,AP,NORTE,2026,4,VAREJO,62.05
MANTEIGA,NÃO INFORMADO,8626,PA,NORTE,2026,4,VAREJO,61.34
MANTEIGA,NÃO INFORMADO,8626,RO,NORTE,2026,4,VAREJO,46.34
MANTEIGA,NÃO INFORMADO,8626,RR,NORTE,2026,4,VAREJO,68.29
MANTEIGA,NÃO INFORMADO,8626,TO,NORTE,2026,4,VAREJO,71.53
MANTEIGA,NÃO INFORMADO,8626,AC,NORTE,2026,5,VAREJO,58.24
MANTEIGA,NÃO INFORMADO,8626,AM,NORTE,2026,5,VAREJO,55.1
MANTEIGA,NÃO INFORMADO,8626,AP,NORTE,2026,5,VAREJO,61.65
MANTEIGA,NÃO INFORMADO,8626,PA,NORTE,2026,5,VAREJO,62.6
MANTEIGA,NÃO INFORMADO,8626,RO,NORTE,2026,5,VAREJO,47.56
MANTEIGA,NÃO INFORMADO,8626,RR,NORTE,2026,5,VAREJO,63.41
MANTEIGA,NÃO INFORMADO,8626,TO,NORTE,2026,5,VAREJO,72.21
MAP,NÃO INFORMADO,4550,RO,NORTE,2025,10,PREÇO PAGO PELO PRODUTOR,6.34
MAP,NÃO INFORMADO,4550,RO,NORTE,2025,11,PREÇO PAGO PELO PRODUTOR,6.34
MAP,11-52-0,11909,TO,NORTE,2025,11,PREÇO PAGO PELO PRODUTOR,4.96
MAP,11-52-0,11909,TO,NORTE,2026,3,PREÇO PAGO PELO PRODUTOR,4.84
MARACUJA,NÃO INFORMADO,4658,AC,NORTE,2025,9,PREÇO RECEBIDO P/ PRODUTOR,5.96
MARACUJA,NÃO INFORMADO,4658,AC,NORTE,2025,10,PREÇO RECEBIDO P/ PRODUTOR,6.1
MARACUJA,NÃO INFORMADO,4658,AC,NORTE,2025,11,PREÇO RECEBIDO P/ PRODUTOR,5.94
MARACUJA,NÃO INFORMADO,4658,AC,NORTE,2025,12,PREÇO RECEBIDO P/ PRODUTOR,5.76
MARACUJA,NÃO INFORMADO,4658,AC,NORTE,2026,1,PREÇO RECEBIDO P/ PRODUTOR,9.0
MARACUJA,NÃO INFORMADO,4658,AC,NORTE,2026,2,PREÇO RECEBIDO P/ PRODUTOR,9.0
MARACUJA,NÃO INFORMADO,4658,AC,NORTE,2026,3,PREÇO RECEBIDO P/ PRODUTOR,9.0
MARACUJA,NÃO INFORMADO,4658,AC,NORTE,2026,4,PREÇO RECEBIDO P/ PRODUTOR,9.0
MARACUJA,NÃO INFORMADO,4658,AC,NORTE,2026,5,PREÇO RECEBIDO P/ PRODUTOR,9.0
MARACUJA,NÃO INFORMADO,4658,AC,NORTE,2026,6,PREÇO RECEBIDO P/ PRODUTOR,8.84
MARACUJA,NÃO INFORMADO,4658,AC,NORTE,2026,7,PREÇO RECEBIDO P/ PRODUTOR,8.55
MARACUJA,NÃO INFORMADO,4658,AC,NORTE,2026,8,PREÇO RECEBIDO P/ PRODUTOR,9.06
MATERIAL PARA COLHEITA,BOTA DE BORRACHA  PR,11663,AM,NORTE,2026,7,PREÇO PAGO PELO PRODUTOR,82.0
MATERIA ORGANICA,CAROÇO DE AÇAÍ,13183,PA,NORTE,2025,9,PREÇO PAGO PELO PRODUTOR,0.18
MATERIA ORGANICA,CAROÇO DE AÇAÍ,13183,PA,NORTE,2025,10,PREÇO PAGO PELO PRODUTOR,0.18
METOMIL,NÃO INFORMADO,13710,TO,NORTE,2025,11,PREÇO PAGO PELO PRODUTOR,108.2
METOMIL,SL 215 G/L METOMIL N,13711,TO,NORTE,2025,11,PREÇO PAGO PELO PRODUTOR,26.8
METOMIL,NÃO INFORMADO,13710,TO,NORTE,2026,2,PREÇO PAGO PELO PRODUTOR,108.2
METOMIL,NÃO INFORMADO,13710,TO,NORTE,2026,3,PREÇO PAGO PELO PRODUTOR,108.2
METOMIL,SL 215 G/L METOMIL N,13711,TO,NORTE,2026,3,PREÇO PAGO PELO PRODUTOR,29.5
MILHO,EM GRÃOS,4742,AC,NORTE,2025,9,PREÇO RECEBIDO P/ PRODUTOR,1.58
MILHO,EM GRÃOS,4742,AC,NORTE,2025,9,ATACADO,1.7
MILHO,EM GRÃOS,4742,AM,NORTE,2025,9,ATACADO,1.45
MILHO,EM GRÃOS,4742,AP,NORTE,2025,9,ATACADO,1.51
MILHO,EM GRÃOS,4742,AP,NORTE,2025,9,PREÇO RECEBIDO P/ PRODUTOR,1.04
MILHO,EM GRÃOS,4742,PA,NORTE,2025,9,PREÇO RECEBIDO P/ PRODUTOR,1.17
MILHO,EM GRÃOS,4742,PA,NORTE,2025,9,ATACADO,1.12
MILHO,EM GRÃOS,4742,RO,NORTE,2025,9,ATACADO,1.26
MILHO,EM GRÃOS,4742,RO,NORTE,2025,9,PREÇO RECEBIDO P/ PRODUTOR,0.94
MILHO,EM GRÃOS,4742,RR,NORTE,2025,9,PREÇO RECEBIDO P/ PRODUTOR,1.56
MILHO,EM GRÃOS,4742,RR,NORTE,2025,9,ATACADO,1.58
MILHO,EM GRÃOS,4742,TO,NORTE,2025,9,PREÇO RECEBIDO P/ PRODUTOR,0.9
MILHO,EM GRÃOS,4742,TO,NORTE,2025,9,ATACADO,1.32
MILHO,EM GRÃOS,4742,AC,NORTE,2025,10,ATACADO,1.7
MILHO,EM GRÃOS,4742,AC,NORTE,2025,10,PREÇO RECEBIDO P/ PRODUTOR,1.6
MILHO,EM GRÃOS,4742,AM,NORTE,2025,10,ATACADO,1.48
MILHO,EM GRÃOS,4742,AP,NORTE,2025,10,ATACADO,1.57
MILHO,EM GRÃOS,4742,AP,NORTE,2025,10,PREÇO RECEBIDO P/ PRODUTOR,1.14
MILHO,EM GRÃOS,4742,PA,NORTE,2025,10,ATACADO,1.15
MILHO,EM GRÃOS,4742,PA,NORTE,2025,10,PREÇO RECEBIDO P/ PRODUTOR,1.18
MILHO,EM GRÃOS,4742,RO,NORTE,2025,10,PREÇO RECEBIDO P/ PRODUTOR,1.08
MILHO,EM GRÃOS,4742,RO,NORTE,2025,10,ATACADO,1.28
MILHO,EM GRÃOS,4742,RR,NORTE,2025,10,PREÇO RECEBIDO P/ PRODUTOR,1.33
MILHO,EM GRÃOS,4742,RR,NORTE,2025,10,ATACADO,1.45
MILHO,EM GRÃOS,4742,TO,NORTE,2025,10,ATACADO,1.31
MILHO,EM GRÃOS,4742,TO,NORTE,2025,10,PREÇO RECEBIDO P/ PRODUTOR,0.91
MILHO,EM GRÃOS,4742,AC,NORTE,2025,11,PREÇO RECEBIDO P/ PRODUTOR,1.63
MILHO,EM GRÃOS,4742,AC,NORTE,2025,11,ATACADO,1.72
MILHO,EM GRÃOS,4742,AM,NORTE,2025,11,ATACADO,1.39
MILHO,EM GRÃOS,4742,AP,NORTE,2025,11,ATACADO,1.49
MILHO,EM GRÃOS,4742,AP,NORTE,2025,11,PREÇO RECEBIDO P/ PRODUTOR,1.16
MILHO,EM GRÃOS,4742,PA,NORTE,2025,11,ATACADO,1.16
MILHO,EM GRÃOS,4742,PA,NORTE,2025,11,PREÇO RECEBIDO P/ PRODUTOR,1.17
MILHO,EM GRÃOS,4742,RO,NORTE,2025,11,PREÇO RECEBIDO P/ PRODUTOR,1.08
MILHO,EM GRÃOS,4742,RO,NORTE,2025,11,ATACADO,1.24
MILHO,EM GRÃOS,4742,RR,NORTE,2025,11,PREÇO RECEBIDO P/ PRODUTOR,1.0
MILHO,EM GRÃOS,4742,RR,NORTE,2025,11,ATACADO,1.3
MILHO,EM GRÃOS,4742,TO,NORTE,2025,11,ATACADO,1.34
MILHO,EM GRÃOS,4742,TO,NORTE,2025,11,PREÇO RECEBIDO P/ PRODUTOR,0.93
MILHO,EM GRÃOS,4742,AC,NORTE,2025,12,PREÇO RECEBIDO P/ PRODUTOR,1.69
MILHO,EM GRÃOS,4742,AC,NORTE,2025,12,ATACADO,1.71
MILHO,EM GRÃOS,4742,AM,NORTE,2025,12,ATACADO,1.45
MILHO,EM GRÃOS,4742,AP,NORTE,2025,12,PREÇO RECEBIDO P/ PRODUTOR,1.18
MILHO,EM GRÃOS,4742,AP,NORTE,2025,12,ATACADO,1.52
MILHO,EM GRÃOS,4742,PA,NORTE,2025,12,ATACADO,1.17
MILHO,EM GRÃOS,4742,PA,NORTE,2025,12,PREÇO RECEBIDO P/ PRODUTOR,1.31
MILHO,EM GRÃOS,4742,RO,NORTE,2025,12,ATACADO,1.24
MILHO,EM GRÃOS,4742,RO,NORTE,2025,12,PREÇO RECEBIDO P/ PRODUTOR,1.07
MILHO,EM GRÃOS,4742,RR,NORTE,2025,12,PREÇO RECEBIDO P/ PRODUTOR,1.3
MILHO,EM GRÃOS,4742,RR,NORTE,2025,12,ATACADO,1.27
MILHO,EM GRÃOS,4742,TO,NORTE,2025,12,PREÇO RECEBIDO P/ PRODUTOR,0.94
MILHO,EM GRÃOS,4742,TO,NORTE,2025,12,ATACADO,1.39
MILHO,EM GRÃOS,4742,AC,NORTE,2026,1,ATACADO,1.77
MILHO,EM GRÃOS,4742,AC,NORTE,2026,1,PREÇO RECEBIDO P/ PRODUTOR,1.51
MILHO,EM GRÃOS,4742,AM,NORTE,2026,1,ATACADO,1.46
MILHO,EM GRÃOS,4742,AP,NORTE,2026,1,PREÇO RECEBIDO P/ PRODUTOR,1.25
MILHO,EM GRÃOS,4742,AP,NORTE,2026,1,ATACADO,1.53
MILHO,EM GRÃOS,4742,PA,NORTE,2026,1,ATACADO,1.2
MILHO,EM GRÃOS,4742,PA,NORTE,2026,1,PREÇO RECEBIDO P/ PRODUTOR,1.24
MILHO,EM GRÃOS,4742,RO,NORTE,2026,1,PREÇO RECEBIDO P/ PRODUTOR,1.06
MILHO,EM GRÃOS,4742,RO,NORTE,2026,1,ATACADO,1.26
MILHO,EM GRÃOS,4742,RR,NORTE,2026,1,PREÇO RECEBIDO P/ PRODUTOR,1.09
MILHO,EM GRÃOS,4742,RR,NORTE,2026,1,ATACADO,1.27
MILHO,EM GRÃOS,4742,TO,NORTE,2026,1,ATACADO,1.38
MILHO,EM GRÃOS,4742,TO,NORTE,2026,1,PREÇO RECEBIDO P/ PRODUTOR,0.96
MILHO,EM GRÃOS,4742,AC,NORTE,2026,2,ATACADO,1.81
MILHO,EM GRÃOS,4742,AC,NORTE,2026,2,PREÇO RECEBIDO P/ PRODUTOR,1.56
MILHO,EM GRÃOS,4742,AM,NORTE,2026,2,ATACADO,1.47
MILHO,EM GRÃOS,4742,AP,NORTE,2026,2,PREÇO RECEBIDO P/ PRODUTOR,1.27
MILHO,EM GRÃOS,4742,AP,NORTE,2026,2,ATACADO,1.54
MILHO,EM GRÃOS,4742,PA,NORTE,2026,2,PREÇO RECEBIDO P/ PRODUTOR,1.24
MILHO,EM GRÃOS,4742,PA,NORTE,2026,2,ATACADO,1.21
MILHO,EM GRÃOS,4742,RO,NORTE,2026,2,ATACADO,1.27
MILHO,EM GRÃOS,4742,RO,NORTE,2026,2,PREÇO RECEBIDO P/ PRODUTOR,1.09
MILHO,EM GRÃOS,4742,RR,NORTE,2026,2,ATACADO,1.41
MILHO,EM GRÃOS,4742,RR,NORTE,2026,2,PREÇO RECEBIDO P/ PRODUTOR,1.42
MILHO,EM GRÃOS,4742,TO,NORTE,2026,2,ATACADO,1.37
MILHO,EM GRÃOS,4742,TO,NORTE,2026,2,PREÇO RECEBIDO P/ PRODUTOR,0.92
MILHO,EM GRÃOS,4742,AC,NORTE,2026,3,PREÇO RECEBIDO P/ PRODUTOR,1.55
MILHO,EM GRÃOS,4742,AC,NORTE,2026,3,ATACADO,1.74
MILHO,EM GRÃOS,4742,AM,NORTE,2026,3,ATACADO,1.51
MILHO,EM GRÃOS,4742,AP,NORTE,2026,3,PREÇO RECEBIDO P/ PRODUTOR,1.36
MILHO,EM GRÃOS,4742,AP,NORTE,2026,3,ATACADO,1.61
MILHO,EM GRÃOS,4742,PA,NORTE,2026,3,PREÇO RECEBIDO P/ PRODUTOR,1.24
MILHO,EM GRÃOS,4742,PA,NORTE,2026,3,ATACADO,1.27
MILHO,EM GRÃOS,4742,RO,NORTE,2026,3,PREÇO RECEBIDO P/ PRODUTOR,1.08
MILHO,EM GRÃOS,4742,RO,NORTE,2026,3,ATACADO,1.28
MILHO,EM GRÃOS,4742,RR,NORTE,2026,3,PREÇO RECEBIDO P/ PRODUTOR,1.4
MILHO,EM GRÃOS,4742,RR,NORTE,2026,3,ATACADO,1.41
MILHO,EM GRÃOS,4742,TO,NORTE,2026,3,ATACADO,1.37
MILHO,EM GRÃOS,4742,TO,NORTE,2026,3,PREÇO RECEBIDO P/ PRODUTOR,0.92
MILHO,EM GRÃOS,4742,AC,NORTE,2026,4,PREÇO RECEBIDO P/ PRODUTOR,1.52
MILHO,EM GRÃOS,4742,AC,NORTE,2026,4,ATACADO,1.71
MILHO,EM GRÃOS,4742,AM,NORTE,2026,4,ATACADO,1.53
MILHO,EM GRÃOS,4742,AP,NORTE,2026,4,ATACADO,1.76
MILHO,EM GRÃOS,4742,AP,NORTE,2026,4,PREÇO RECEBIDO P/ PRODUTOR,1.43
MILHO,EM GRÃOS,4742,PA,NORTE,2026,4,ATACADO,1.26
MILHO,EM GRÃOS,4742,PA,NORTE,2026,4,PREÇO RECEBIDO P/ PRODUTOR,1.26
MILHO,EM GRÃOS,4742,RO,NORTE,2026,4,ATACADO,1.29
MILHO,EM GRÃOS,4742,RO,NORTE,2026,4,PREÇO RECEBIDO P/ PRODUTOR,1.08
MILHO,EM GRÃOS,4742,RR,NORTE,2026,4,ATACADO,1.4
MILHO,EM GRÃOS,4742,RR,NORTE,2026,4,PREÇO RECEBIDO P/ PRODUTOR,1.49
MILHO,EM GRÃOS,4742,TO,NORTE,2026,4,ATACADO,1.36
MILHO,EM GRÃOS,4742,TO,NORTE,2026,4,PREÇO RECEBIDO P/ PRODUTOR,0.94
MILHO,EM GRÃOS,4742,AC,NORTE,2026,5,PREÇO RECEBIDO P/ PRODUTOR,1.55
MILHO,EM GRÃOS,4742,AC,NORTE,2026,5,ATACADO,1.7
MILHO,EM GRÃOS,4742,AM,NORTE,2026,5,ATACADO,1.53
MILHO,EM GRÃOS,4742,AP,NORTE,2026,5,PREÇO RECEBIDO P/ PRODUTOR,1.37
MILHO,EM GRÃOS,4742,AP,NORTE,2026,5,ATACADO,1.68
MILHO,EM GRÃOS,4742,PA,NORTE,2026,5,ATACADO,1.23
MILHO,EM GRÃOS,4742,PA,NORTE,2026,5,PREÇO RECEBIDO P/ PRODUTOR,1.21
MILHO,EM GRÃOS,4742,RO,NORTE,2026,5,PREÇO RECEBIDO P/ PRODUTOR,1.05
MILHO,EM GRÃOS,4742,RO,NORTE,2026,5,ATACADO,1.18
MILHO,EM GRÃOS,4742,RR,NORTE,2026,5,PREÇO RECEBIDO P/ PRODUTOR,1.32
MILHO,EM GRÃOS,4742,RR,NORTE,2026,5,ATACADO,1.4
MILHO,EM GRÃOS,4742,TO,NORTE,2026,5,PREÇO RECEBIDO P/ PRODUTOR,0.91
MILHO,EM GRÃOS,4742,TO,NORTE,2026,5,ATACADO,1.34
MILHO,EM GRÃOS,4742,AC,NORTE,2026,6,ATACADO,1.42
MILHO,EM GRÃOS,4742,AC,NORTE,2026,6,PREÇO RECEBIDO P/ PRODUTOR,1.28
MILHO,EM GRÃOS,4742,AM,NORTE,2026,6,ATACADO,1.58
MILHO,EM GRÃOS,4742,AP,NORTE,2026,6,ATACADO,1.58
MILHO,EM GRÃOS,4742,AP,NORTE,2026,6,PREÇO RECEBIDO P/ PRODUTOR,1.25
MILHO,EM GRÃOS,4742,PA,NORTE,2026,6,PREÇO RECEBIDO P/ PRODUTOR,1.13
MILHO,EM GRÃOS,4742,PA,NORTE,2026,6,ATACADO,1.16
MILHO,EM GRÃOS,4742,RO,NORTE,2026,6,PREÇO RECEBIDO P/ PRODUTOR,0.92
MILHO,EM GRÃOS,4742,RO,NORTE,2026,6,ATACADO,1.13
MILHO,EM GRÃOS,4742,RR,NORTE,2026,6,PREÇO RECEBIDO P/ PRODUTOR,1.26
MILHO,EM GRÃOS,4742,RR,NORTE,2026,6,ATACADO,1.4
MILHO,EM GRÃOS,4742,TO,NORTE,2026,6,PREÇO RECEBIDO P/ PRODUTOR,0.87
MILHO,EM GRÃOS,4742,TO,NORTE,2026,6,ATACADO,1.28
MILHO,EM GRÃOS,4742,AC,NORTE,2026,7,PREÇO RECEBIDO P/ PRODUTOR,1.19
MILHO,EM GRÃOS,4742,AC,NORTE,2026,7,ATACADO,1.29
MILHO,EM GRÃOS,4742,AM,NORTE,2026,7,ATACADO,1.62
MILHO,EM GRÃOS,4742,AP,NORTE,2026,7,ATACADO,1.5
MILHO,EM GRÃOS,4742,AP,NORTE,2026,7,PREÇO RECEBIDO P/ PRODUTOR,1.25
MILHO,EM GRÃOS,4742,PA,NORTE,2026,7,ATACADO,1.06
MILHO,EM GRÃOS,4742,PA,NORTE,2026,7,PREÇO RECEBIDO P/ PRODUTOR,1.08
MILHO,EM GRÃOS,4742,RO,NORTE,2026,7,ATACADO,1.1
MILHO,EM GRÃOS,4742,RO,NORTE,2026,7,PREÇO RECEBIDO P/ PRODUTOR,0.88
MILHO,EM GRÃOS,4742,RR,NORTE,2026,7,ATACADO,1.33
MILHO,EM GRÃOS,4742,RR,NORTE,2026,7,PREÇO RECEBIDO P/ PRODUTOR,1.4
MILHO,EM GRÃOS,4742,TO,NORTE,2026,7,ATACADO,1.21
MILHO,EM GRÃOS,4742,TO,NORTE,2026,7,PREÇO RECEBIDO P/ PRODUTOR,0.8
MILHO,EM GRÃOS,4742,AC,NORTE,2026,8,PREÇO RECEBIDO P/ PRODUTOR,1.14
MILHO,EM GRÃOS,4742,AC,NORTE,2026,8,ATACADO,1.26
MILHO,EM GRÃOS,4742,AM,NORTE,2026,8,ATACADO,1.64
MILHO,EM GRÃOS,4742,AP,NORTE,2026,8,ATACADO,1.5
MILHO,EM GRÃOS,4742,AP,NORTE,2026,8,PREÇO RECEBIDO P/ PRODUTOR,1.25
MILHO,EM GRÃOS,4742,PA,NORTE,2026,8,PREÇO RECEBIDO P/ PRODUTOR,1.01
MILHO,EM GRÃOS,4742,PA,NORTE,2026,8,ATACADO,1.02
MILHO,EM GRÃOS,4742,RO,NORTE,2026,8,ATACADO,1.13
MILHO,EM GRÃOS,4742,RO,NORTE,2026,8,PREÇO RECEBIDO P/ PRODUTOR,0.86
MILHO,EM GRÃOS,4742,RR,NORTE,2026,8,PREÇO RECEBIDO P/ PRODUTOR,1.5
MILHO,EM GRÃOS,4742,RR,NORTE,2026,8,ATACADO,1.29
MILHO,EM GRÃOS,4742,TO,NORTE,2026,8,PREÇO RECEBIDO P/ PRODUTOR,0.89
MILHO,EM GRÃOS,4742,TO,NORTE,2026,8,ATACADO,1.22
MOTOBOMBA,8 ELÉTRICO,12900,RO,NORTE,2025,10,PREÇO PAGO PELO PRODUTOR,10983.33
MOTOBOMBA,MOTOR ELÉTRICO 3,12952,RO,NORTE,2025,10,PREÇO PAGO PELO PRODUTOR,3495.0
MOTOBOMBA,8 ELÉTRICO,12900,RO,NORTE,2025,11,PREÇO PAGO PELO PRODUTOR,10983.33
MOTOBOMBA,MOTOR ELÉTRICO 3,12952,RO,NORTE,2025,11,PREÇO PAGO PELO PRODUTOR,3495.0
MOTOBOMBA,MOTOR ELÉTRICO 200 B,14042,TO,NORTE,2025,11,PREÇO PAGO PELO PRODUTOR,22500.0
MOTOCICLETA,15 HONDA,14375,AM,NORTE,2026,7,PREÇO PAGO PELO PRODUTOR,27000.0
MOTOR ESTACIONARIO,5 RABETA,13908,AM,NORTE,2026,3,PREÇO PAGO PELO PRODUTOR,3000.0
MOTOR ESTACIONARIO,7 RABETA,12418,PA,NORTE,2026,5,PREÇO PAGO PELO PRODUTOR,1700.0
MOTOR ESTACIONARIO,9 RABETA,14944,AC,NORTE,2026,7,PREÇO PAGO PELO PRODUTOR,5780.0
MOTOR ESTACIONARIO,6 RABETA,15323,AM,NORTE,2026,7,PREÇO PAGO PELO PRODUTOR,3750.0
MOTOR ESTACIONARIO,5 RABETA,13908,AM,NORTE,2026,7,PREÇO PAGO PELO PRODUTOR,4500.0
MOTOR ESTACIONARIO,7 RABETA,12418,AM,NORTE,2026,7,PREÇO PAGO PELO PRODUTOR,4500.0
MOTOR ESTACIONARIO,8 TOYAMA,14965,PA,NORTE,2026,7,PREÇO PAGO PELO PRODUTOR,1950.0
MOTOR ESTACIONARIO,7 RABETA KAWASAKI,14099,PA,NORTE,2026,7,PREÇO PAGO PELO PRODUTOR,900.0
MOTOR ESTACIONARIO,13 RABETA,13069,PA,NORTE,2026,7,PREÇO PAGO PELO PRODUTOR,4347.0
MOTOR ESTACIONARIO,15 RABETA KAWASAKI,14090,PA,NORTE,2026,7,PREÇO PAGO PELO PRODUTOR,2200.0
MOTOR ESTACIONARIO,7 RABETA,12418,PA,NORTE,2026,7,PREÇO PAGO PELO PRODUTOR,1700.0
MOTOR ESTACIONARIO,5 RABETA KAWASHIMA,14987,PA,NORTE,2026,7,PREÇO PAGO PELO PRODUTOR,2075.0
MOTOSERRA,STIHL MS 382,14913,AM,NORTE,2026,7,PREÇO PAGO PELO PRODUTOR,5000.0
MUDA DE ACAI,NÃO INFORMADO,10289,PA,NORTE,2025,9,PREÇO PAGO PELO PRODUTOR,12.0
MUDA DE ACAI,NÃO INFORMADO,10289,PA,NORTE,2025,10,PREÇO PAGO PELO PRODUTOR,10.0
MUDA DE CACAU,HÍBRIDO CEPLAC,12897,PA,NORTE,2026,3,PREÇO PAGO PELO PRODUTOR,4.0
MUDA DE CAFE CONILLON,CLONAL,11293,RO,NORTE,2025,10,PREÇO PAGO PELO PRODUTOR,1.75
MUDA DE CAFE CONILLON,CLONAL,11293,RO,NORTE,2025,10,PREÇO PAGO PELO PRODUTOR,2.0
MUDA DE CAFE CONILLON,CLONAL,11293,RO,NORTE,2025,11,PREÇO PAGO PELO PRODUTOR,2.0
MUDA DE CAFE CONILLON,CLONAL,11293,RO,NORTE,2025,11,PREÇO PAGO PELO PRODUTOR,1.75
MURUMURU,FRUTO,11587,AC,NORTE,2025,9,PREÇO RECEBIDO P/ PRODUTOR,0.91
MURUMURU,FRUTO,11587,AM,NORTE,2025,9,PREÇO RECEBIDO P/ PRODUTOR,1.35
MURUMURU,FRUTO,11587,PA,NORTE,2025,9,PREÇO RECEBIDO P/ PRODUTOR,1.2
MURUMURU,FRUTO,11587,AC,NORTE,2025,10,PREÇO RECEBIDO P/ PRODUTOR,0.91
MURUMURU,FRUTO,11587,AM,NORTE,2025,10,PREÇO RECEBIDO P/ PRODUTOR,1.4
MURUMURU,FRUTO,11587,PA,NORTE,2025,10,PREÇO RECEBIDO P/ PRODUTOR,1.1
MURUMURU,FRUTO,11587,AC,NORTE,2025,11,PREÇO RECEBIDO P/ PRODUTOR,0.95
MURUMURU,FRUTO,11587,AM,NORTE,2025,11,PREÇO RECEBIDO P/ PRODUTOR,1.5
MURUMURU,FRUTO,11587,PA,NORTE,2025,11,PREÇO RECEBIDO P/ PRODUTOR,1.18
MURUMURU,FRUTO,11587,AC,NORTE,2025,12,PREÇO RECEBIDO P/ PRODUTOR,0.92
MURUMURU,FRUTO,11587,AM,NORTE,2025,12,PREÇO RECEBIDO P/ PRODUTOR,1.53
MURUMURU,FRUTO,11587,PA,NORTE,2025,12,PREÇO RECEBIDO P/ PRODUTOR,1.2
MURUMURU,FRUTO,11587,AM,NORTE,2026,1,PREÇO RECEBIDO P/ PRODUTOR,1.75
MURUMURU,FRUTO,11587,PA,NORTE,2026,1,PREÇO RECEBIDO P/ PRODUTOR,1.2
MURUMURU,FRUTO,11587,AM,NORTE,2026,2,PREÇO RECEBIDO P/ PRODUTOR,1.84
MURUMURU,FRUTO,11587,PA,NORTE,2026,2,PREÇO RECEBIDO P/ PRODUTOR,1.2
MURUMURU,FRUTO,11587,AM,NORTE,2026,3,PREÇO RECEBIDO P/ PRODUTOR,1.91
MURUMURU,FRUTO,11587,PA,NORTE,2026,3,PREÇO RECEBIDO P/ PRODUTOR,1.2
MURUMURU,FRUTO,11587,AM,NORTE,2026,4,PREÇO RECEBIDO P/ PRODUTOR,1.7
MURUMURU,FRUTO,11587,PA,NORTE,2026,4,PREÇO RECEBIDO P/ PRODUTOR,1.22
MURUMURU,FRUTO,11587,AC,NORTE,2026,5,PREÇO RECEBIDO P/ PRODUTOR,0.89
MURUMURU,FRUTO,11587,AM,NORTE,2026,5,PREÇO RECEBIDO P/ PRODUTOR,1.56
MURUMURU,FRUTO,11587,PA,NORTE,2026,5,PREÇO RECEBIDO P/ PRODUTOR,1.4
MURUMURU,FRUTO,11587,AC,NORTE,2026,6,PREÇO RECEBIDO P/ PRODUTOR,0.89
MURUMURU,FRUTO,11587,AM,NORTE,2026,6,PREÇO RECEBIDO P/ PRODUTOR,1.63
MURUMURU,FRUTO,11587,PA,NORTE,2026,6,PREÇO RECEBIDO P/ PRODUTOR,1.4
MURUMURU,FRUTO,11587,AC,NORTE,2026,7,PREÇO RECEBIDO P/ PRODUTOR,0.89
MURUMURU,FRUTO,11587,AM,NORTE,2026,7,PREÇO RECEBIDO P/ PRODUTOR,1.68
MURUMURU,FRUTO,11587,PA,NORTE,2026,7,PREÇO RECEBIDO P/ PRODUTOR,1.4
MURUMURU,FRUTO,11587,AC,NORTE,2026,8,PREÇO RECEBIDO P/ PRODUTOR,0.91
MURUMURU,FRUTO,11587,PA,NORTE,2026,8,PREÇO RECEBIDO P/ PRODUTOR,1.48
NATIVO,NÃO INFORMADO,7358,TO,NORTE,2025,11,PREÇO PAGO PELO PRODUTOR,99.5
NATIVO,200 G/l + 100 G/l TE,7359,TO,NORTE,2025,11,PREÇO PAGO PELO PRODUTOR,110.0
NATIVO,200 G/l + 100 G/l TE,7359,TO,NORTE,2026,3,PREÇO PAGO PELO PRODUTOR,111.3
NIMBUS,NÃO INFORMADO,7310,TO,NORTE,2025,11,PREÇO PAGO PELO PRODUTOR,22.74
NITRATO DE CALCIO,NÃO INFORMADO,4554,RO,NORTE,2025,10,PREÇO PAGO PELO PRODUTOR,4.86
NITRATO DE CALCIO,NÃO INFORMADO,4554,RO,NORTE,2025,11,PREÇO PAGO PELO PRODUTOR,4.86
NITRATO DE POTASSIO,NÃO INFORMADO,4555,PA,NORTE,2026,3,PREÇO PAGO PELO PRODUTOR,13.0
NOMOLT,150.0 150 G/L TEFLUB,7242,TO,NORTE,2026,2,PREÇO PAGO PELO PRODUTOR,183.0
NOMOLT,150.0 150 G/L TEFLUB,7242,TO,NORTE,2026,3,PREÇO PAGO PELO PRODUTOR,183.0
OCULOS,NÃO INFORMADO,8764,AM,NORTE,2026,7,PREÇO PAGO PELO PRODUTOR,12.0
OLEO DE COPAIBA,NÃO INFORMADO,7565,AM,NORTE,2025,9,PREÇO RECEBIDO P/ PRODUTOR,42.0
OLEO DE COPAIBA,NÃO INFORMADO,7565,AM,NORTE,2025,10,PREÇO RECEBIDO P/ PRODUTOR,40.0
OLEO DE MURUMURU,NÃO INFORMADO,11586,AC,NORTE,2025,9,PREÇO RECEBIDO P/ PRODUTOR,50.0
OLEO DE MURUMURU,NÃO INFORMADO,11586,AM,NORTE,2025,9,PREÇO RECEBIDO P/ PRODUTOR,57.5
OLEO DE MURUMURU,NÃO INFORMADO,11586,AC,NORTE,2025,10,PREÇO RECEBIDO P/ PRODUTOR,50.0
OLEO DE MURUMURU,NÃO INFORMADO,11586,AM,NORTE,2025,10,PREÇO RECEBIDO P/ PRODUTOR,60.0
OLEO DE MURUMURU,NÃO INFORMADO,11586,AC,NORTE,2025,11,PREÇO RECEBIDO P/ PRODUTOR,50.0
OLEO DE MURUMURU,NÃO INFORMADO,11586,AM,NORTE,2025,11,PREÇO RECEBIDO P/ PRODUTOR,60.0
OLEO DE MURUMURU,NÃO INFORMADO,11586,AC,NORTE,2025,12,PREÇO RECEBIDO P/ PRODUTOR,50.0
OLEO DE MURUMURU,NÃO INFORMADO,11586,AM,NORTE,2025,12,PREÇO RECEBIDO P/ PRODUTOR,63.33
OLEO DE MURUMURU,NÃO INFORMADO,11586,AC,NORTE,2026,1,PREÇO RECEBIDO P/ PRODUTOR,49.0
OLEO DE MURUMURU,NÃO INFORMADO,11586,AM,NORTE,2026,1,PREÇO RECEBIDO P/ PRODUTOR,53.46
OLEO DE MURUMURU,NÃO INFORMADO,11586,AC,NORTE,2026,2,PREÇO RECEBIDO P/ PRODUTOR,49.0
OLEO DE MURUMURU,NÃO INFORMADO,11586,AM,NORTE,2026,2,PREÇO RECEBIDO P/ PRODUTOR,50.0
OLEO DE MURUMURU,NÃO INFORMADO,11586,AC,NORTE,2026,3,PREÇO RECEBIDO P/ PRODUTOR,49.0
OLEO DE MURUMURU,NÃO INFORMADO,11586,AC,NORTE,2026,4,PREÇO RECEBIDO P/ PRODUTOR,49.0
OLEO DE MURUMURU,NÃO INFORMADO,11586,AM,NORTE,2026,4,PREÇO RECEBIDO P/ PRODUTOR,53.61
OLEO DE MURUMURU,NÃO INFORMADO,11586,AC,NORTE,2026,5,PREÇO RECEBIDO P/ PRODUTOR,49.07
OLEO DE MURUMURU,NÃO INFORMADO,11586,AM,NORTE,2026,5,PREÇO RECEBIDO P/ PRODUTOR,61.12
OLEO DE MURUMURU,NÃO INFORMADO,11586,AC,NORTE,2026,6,PREÇO RECEBIDO P/ PRODUTOR,49.1
OLEO DE MURUMURU,NÃO INFORMADO,11586,AM,NORTE,2026,6,PREÇO RECEBIDO P/ PRODUTOR,65.5
OLEO DE MURUMURU,NÃO INFORMADO,11586,AC,NORTE,2026,7,PREÇO RECEBIDO P/ PRODUTOR,49.1
OLEO DE MURUMURU,NÃO INFORMADO,11586,AM,NORTE,2026,7,PREÇO RECEBIDO P/ PRODUTOR,67.0
OLEO DE MURUMURU,NÃO INFORMADO,11586,AC,NORTE,2026,8,PREÇO RECEBIDO P/ PRODUTOR,49.1
OLEO DE SOJA,REFINADO,11871,AC,NORTE,2025,9,ATACADO,9.02
OLEO DE SOJA,REFINADO,11871,AC,NORTE,2025,9,VAREJO,9.68
OLEO DE SOJA,REFINADO,11871,AM,NORTE,2025,9,VAREJO,9.7
OLEO DE SOJA,REFINADO,11871,AM,NORTE,2025,9,ATACADO,9.44
OLEO DE SOJA,REFINADO,11871,AP,NORTE,2025,9,ATACADO,8.9
OLEO DE SOJA,REFINADO,11871,AP,NORTE,2025,9,VAREJO,8.94
OLEO DE SOJA,REFINADO,11871,PA,NORTE,2025,9,ATACADO,9.29
OLEO DE SOJA,REFINADO,11871,PA,NORTE,2025,9,VAREJO,9.69
OLEO DE SOJA,REFINADO,11871,RO,NORTE,2025,9,ATACADO,8.69
OLEO DE SOJA,REFINADO,11871,RO,NORTE,2025,9,VAREJO,9.27
OLEO DE SOJA,REFINADO,11871,RR,NORTE,2025,9,VAREJO,9.43
OLEO DE SOJA,REFINADO,11871,RR,NORTE,2025,9,ATACADO,8.54
OLEO DE SOJA,REFINADO,11871,TO,NORTE,2025,9,VAREJO,10.07
OLEO DE SOJA,REFINADO,11871,TO,NORTE,2025,9,ATACADO,9.28
OLEO DE SOJA,REFINADO,11871,AC,NORTE,2025,10,VAREJO,10.09
OLEO DE SOJA,REFINADO,11871,AC,NORTE,2025,10,ATACADO,9.62
OLEO DE SOJA,REFINADO,11871,AM,NORTE,2025,10,ATACADO,10.27
OLEO DE SOJA,REFINADO,11871,AM,NORTE,2025,10,VAREJO,10.12
OLEO DE SOJA,REFINADO,11871,AP,NORTE,2025,10,ATACADO,9.29
OLEO DE SOJA,REFINADO,11871,AP,NORTE,2025,10,VAREJO,9.08
OLEO DE SOJA,REFINADO,11871,PA,NORTE,2025,10,ATACADO,9.85
OLEO DE SOJA,REFINADO,11871,PA,NORTE,2025,10,VAREJO,10.36
OLEO DE SOJA,REFINADO,11871,RO,NORTE,2025,10,VAREJO,9.71
OLEO DE SOJA,REFINADO,11871,RO,NORTE,2025,10,ATACADO,8.69
OLEO DE SOJA,REFINADO,11871,RR,NORTE,2025,10,ATACADO,8.1
OLEO DE SOJA,REFINADO,11871,RR,NORTE,2025,10,VAREJO,9.8
OLEO DE SOJA,REFINADO,11871,TO,NORTE,2025,10,ATACADO,9.04
OLEO DE SOJA,REFINADO,11871,TO,NORTE,2025,10,VAREJO,10.49
OLEO DE SOJA,REFINADO,11871,AC,NORTE,2025,11,ATACADO,9.62
OLEO DE SOJA,REFINADO,11871,AC,NORTE,2025,11,VAREJO,10.76
OLEO DE SOJA,REFINADO,11871,AM,NORTE,2025,11,VAREJO,10.47
OLEO DE SOJA,REFINADO,11871,AM,NORTE,2025,11,ATACADO,10.13
OLEO DE SOJA,REFINADO,11871,AP,NORTE,2025,11,ATACADO,9.1
OLEO DE SOJA,REFINADO,11871,AP,NORTE,2025,11,VAREJO,10.92
OLEO DE SOJA,REFINADO,11871,PA,NORTE,2025,11,ATACADO,10.06
OLEO DE SOJA,REFINADO,11871,PA,NORTE,2025,11,VAREJO,10.67
OLEO DE SOJA,REFINADO,11871,RO,NORTE,2025,11,ATACADO,9.69
OLEO DE SOJA,REFINADO,11871,RO,NORTE,2025,11,VAREJO,10.13
OLEO DE SOJA,REFINADO,11871,RR,NORTE,2025,11,VAREJO,9.93
OLEO DE SOJA,REFINADO,11871,RR,NORTE,2025,11,ATACADO,7.99
OLEO DE SOJA,REFINADO,11871,TO,NORTE,2025,11,VAREJO,10.49
OLEO DE SOJA,REFINADO,11871,TO,NORTE,2025,11,ATACADO,8.74
OLEO DE SOJA,REFINADO,11871,AC,NORTE,2025,12,ATACADO,10.27
OLEO DE SOJA,REFINADO,11871,AC,NORTE,2025,12,VAREJO,10.79
OLEO DE SOJA,REFINADO,11871,AM,NORTE,2025,12,ATACADO,10.64
OLEO DE SOJA,REFINADO,11871,AM,NORTE,2025,12,VAREJO,10.3
OLEO DE SOJA,REFINADO,11871,AP,NORTE,2025,12,ATACADO,9.33
OLEO DE SOJA,REFINADO,11871,AP,NORTE,2025,12,VAREJO,10.87
OLEO DE SOJA,REFINADO,11871,PA,NORTE,2025,12,VAREJO,11.04
OLEO DE SOJA,REFINADO,11871,PA,NORTE,2025,12,ATACADO,10.02
OLEO DE SOJA,REFINADO,11871,RO,NORTE,2025,12,VAREJO,9.86
OLEO DE SOJA,REFINADO,11871,RO,NORTE,2025,12,ATACADO,8.92
OLEO DE SOJA,REFINADO,11871,RR,NORTE,2025,12,VAREJO,9.9
OLEO DE SOJA,REFINADO,11871,RR,NORTE,2025,12,ATACADO,8.06
OLEO DE SOJA,REFINADO,11871,TO,NORTE,2025,12,VAREJO,10.53
OLEO DE SOJA,REFINADO,11871,TO,NORTE,2025,12,ATACADO,8.66
OLEO DE SOJA,REFINADO,11871,AC,NORTE,2026,1,VAREJO,10.12
OLEO DE SOJA,REFINADO,11871,AM,NORTE,2026,1,VAREJO,9.69
OLEO DE SOJA,REFINADO,11871,AP,NORTE,2026,1,VAREJO,10.14
OLEO DE SOJA,REFINADO,11871,PA,NORTE,2026,1,VAREJO,10.67
OLEO DE SOJA,REFINADO,11871,RO,NORTE,2026,1,VAREJO,9.27
OLEO DE SOJA,REFINADO,11871,RR,NORTE,2026,1,VAREJO,9.78
OLEO DE SOJA,REFINADO,11871,TO,NORTE,2026,1,VAREJO,10.53
OLEO DE SOJA,REFINADO,11871,AC,NORTE,2026,2,VAREJO,9.59
OLEO DE SOJA,REFINADO,11871,AM,NORTE,2026,2,VAREJO,9.28
OLEO DE SOJA,REFINADO,11871,AP,NORTE,2026,2,VAREJO,10.07
OLEO DE SOJA,REFINADO,11871,PA,NORTE,2026,2,VAREJO,9.96
OLEO DE SOJA,REFINADO,11871,RO,NORTE,2026,2,VAREJO,8.89
OLEO DE SOJA,REFINADO,11871,RR,NORTE,2026,2,VAREJO,9.09
OLEO DE SOJA,REFINADO,11871,TO,NORTE,2026,2,VAREJO,10.41
OLEO DE SOJA,REFINADO,11871,AC,NORTE,2026,3,VAREJO,9.32
OLEO DE SOJA,REFINADO,11871,AM,NORTE,2026,3,VAREJO,9.19
OLEO DE SOJA,REFINADO,11871,AP,NORTE,2026,3,VAREJO,10.11
OLEO DE SOJA,REFINADO,11871,PA,NORTE,2026,3,VAREJO,9.78
OLEO DE SOJA,REFINADO,11871,RO,NORTE,2026,3,VAREJO,8.93
OLEO DE SOJA,REFINADO,11871,RR,NORTE,2026,3,VAREJO,9.17
OLEO DE SOJA,REFINADO,11871,TO,NORTE,2026,3,VAREJO,10.41
OLEO DE SOJA,REFINADO,11871,AC,NORTE,2026,4,VAREJO,9.34
OLEO DE SOJA,REFINADO,11871,AM,NORTE,2026,4,VAREJO,8.92
OLEO DE SOJA,REFINADO,11871,AP,NORTE,2026,4,VAREJO,9.74
OLEO DE SOJA,REFINADO,11871,PA,NORTE,2026,4,VAREJO,9.73
OLEO DE SOJA,REFINADO,11871,RO,NORTE,2026,4,VAREJO,9.03
OLEO DE SOJA,REFINADO,11871,RR,NORTE,2026,4,VAREJO,8.82
OLEO DE SOJA,REFINADO,11871,TO,NORTE,2026,4,VAREJO,10.0
OLEO DE SOJA,REFINADO,11871,AC,NORTE,2026,5,VAREJO,9.16
OLEO DE SOJA,REFINADO,11871,AM,NORTE,2026,5,VAREJO,8.5
OLEO DE SOJA,REFINADO,11871,AP,NORTE,2026,5,VAREJO,8.98
OLEO DE SOJA,REFINADO,11871,PA,NORTE,2026,5,VAREJO,9.66
OLEO DE SOJA,REFINADO,11871,RO,NORTE,2026,5,VAREJO,8.69
OLEO DE SOJA,REFINADO,11871,RR,NORTE,2026,5,VAREJO,8.78
OLEO DE SOJA,REFINADO,11871,TO,NORTE,2026,5,VAREJO,9.98
OLEO DIESEL,NÃO INFORMADO,4422,PA,NORTE,2025,9,PREÇO PAGO PELO PRODUTOR,7.66
OLEO DIESEL,NÃO INFORMADO,4422,RO,NORTE,2025,10,PREÇO PAGO PELO PRODUTOR,6.84
OLEO DIESEL,NÃO INFORMADO,4422,TO,NORTE,2025,11,PREÇO PAGO PELO PRODUTOR,6.25
OLEO DIESEL,NÃO INFORMADO,4422,TO,NORTE,2026,2,PREÇO PAGO PELO PRODUTOR,6.25
OLEO DIESEL,NÃO INFORMADO,4422,AM,NORTE,2026,3,PREÇO PAGO PELO PRODUTOR,7.59
OLEO DIESEL,NÃO INFORMADO,4422,PA,NORTE,2026,3,PREÇO PAGO PELO PRODUTOR,8.02
OLEO DIESEL,NÃO INFORMADO,4422,TO,NORTE,2026,3,PREÇO PAGO PELO PRODUTOR,6.87
OLEO DIESEL,NÃO INFORMADO,4422,PA,NORTE,2026,5,PREÇO PAGO PELO PRODUTOR,7.39
OLEO DIESEL,NÃO INFORMADO,4422,AC,NORTE,2026,7,PREÇO PAGO PELO PRODUTOR,7.77
OLEO DIESEL,NÃO INFORMADO,4422,AM,NORTE,2026,7,PREÇO PAGO PELO PRODUTOR,8.89
OLEO DIESEL,NÃO INFORMADO,4422,PA,NORTE,2026,7,PREÇO PAGO PELO PRODUTOR,7.7
OLEO LUBRIFICANTE,2 TEMPOS,11673,RO,NORTE,2025,10,PREÇO PAGO PELO PRODUTOR,41.5
OLEO LUBRIFICANTE,2 TEMPOS,11673,RO,NORTE,2025,11,PREÇO PAGO PELO PRODUTOR,41.5
OLEO LUBRIFICANTE,20W40 HAVOLINE,13960,AM,NORTE,2026,7,PREÇO PAGO PELO PRODUTOR,38.0
OLEO LUBRIFICANTE,4 TEMPOS MOBIL,14098,AM,NORTE,2026,7,PREÇO PAGO PELO PRODUTOR,52.0
OLEO LUBRIFICANTE,2 TEMPOS,11673,AM,NORTE,2026,7,PREÇO PAGO PELO PRODUTOR,46.0
OLEO LUBRIFICANTE,5W40,15322,AM,NORTE,2026,7,PREÇO PAGO PELO PRODUTOR,45.0
OLEO LUBRIFICANTE,QUEIMADO,12358,AM,NORTE,2026,7,PREÇO PAGO PELO PRODUTOR,8.0
OLEO LUBRIFICANTE,4 TEMPOS MOBIL,14098,PA,NORTE,2026,7,PREÇO PAGO PELO PRODUTOR,33.5
OLEO LUBRIFICANTE,4 TEMPOS HAVOLINE,14086,PA,NORTE,2026,7,PREÇO PAGO PELO PRODUTOR,50.0
OLEO MINERAL,NÃO INFORMADO,5717,RO,NORTE,2025,10,PREÇO PAGO PELO PRODUTOR,37.0
OPERADOR DE COLHEITADEIRA,NÃO INFORMADO,9085,PA,NORTE,2025,9,PREÇO PAGO PELO PRODUTOR,
OPERADOR DE COLHEITADEIRA,NÃO INFORMADO,9085,AM,NORTE,2026,3,PREÇO PAGO PELO PRODUTOR,
OPERADOR DE COLHEITADEIRA,NÃO INFORMADO,9085,PA,NORTE,2026,3,PREÇO PAGO PELO PRODUTOR,
OPERADOR DE COLHEITADEIRA,NÃO INFORMADO,9254,PA,NORTE,2025,9,PREÇO PAGO PELO PRODUTOR,
OPERADOR DE COLHEITADEIRA,AGRICULTURA FAMILIAR,11495,RO,NORTE,2025,10,PREÇO PAGO PELO PRODUTOR,
OPERADOR DE COLHEITADEIRA,NÃO INFORMADO,9254,RO,NORTE,2025,10,PREÇO PAGO PELO PRODUTOR,
OPERADOR DE COLHEITADEIRA,NÃO INFORMADO,9254,TO,NORTE,2025,11,PREÇO PAGO PELO PRODUTOR,
OPERADOR DE COLHEITADEIRA,NÃO INFORMADO,9254,TO,NORTE,2026,2,PREÇO PAGO PELO PRODUTOR,
OPERADOR DE COLHEITADEIRA,NÃO INFORMADO,9254,PA,NORTE,2026,3,PREÇO PAGO PELO PRODUTOR,
OPERADOR DE COLHEITADEIRA,NÃO INFORMADO,9254,TO,NORTE,2026,3,PREÇO PAGO PELO PRODUTOR,
OPERADOR DE COLHEITADEIRA,NÃO INFORMADO,9254,AC,NORTE,2026,7,PREÇO PAGO PELO PRODUTOR,
OPERADOR DE COLHEITADEIRA,AGRICULTURA FAMILIAR,11495,AC,NORTE,2026,7,PREÇO PAGO PELO PRODUTOR,
OPERADOR DE COLHEITADEIRA,NÃO INFORMADO,9254,AM,NORTE,2026,7,PREÇO PAGO PELO PRODUTOR,
OPERADOR DE COLHEITADEIRA,NÃO INFORMADO,9254,PA,NORTE,2026,7,PREÇO PAGO PELO PRODUTOR,
OVOS DE GALINHA,GRANDE BRANCO,11167,AC,NORTE,2025,9,ATACADO,0.76
OVOS DE GALINHA,GRANDE BRANCO,11167,AM,NORTE,2025,9,PREÇO RECEBIDO P/ PRODUTOR,0.56
OVOS DE GALINHA,TIPO A BRANCO,11245,AM,NORTE,2025,9,ATACADO,0.62
OVOS DE GALINHA,GRANDE BRANCO,11167,AP,NORTE,2025,9,ATACADO,0.66
OVOS DE GALINHA,GRANDE BRANCO,11167,PA,NORTE,2025,9,PREÇO RECEBIDO P/ PRODUTOR,0.52
OVOS DE GALINHA,GRANDE BRANCO,11167,PA,NORTE,2025,9,ATACADO,0.67
OVOS DE GALINHA,GRANDE BRANCO,11167,RO,NORTE,2025,9,PREÇO RECEBIDO P/ PRODUTOR,0.6
OVOS DE GALINHA,GRANDE BRANCO,11167,RO,NORTE,2025,9,ATACADO,0.81
OVOS DE GALINHA,GRANDE BRANCO,11167,TO,NORTE,2025,9,ATACADO,0.57
OVOS DE GALINHA,GRANDE BRANCO,11167,AC,NORTE,2025,10,ATACADO,0.72
OVOS DE GALINHA,TIPO A BRANCO,11245,AM,NORTE,2025,10,ATACADO,0.61
OVOS DE GALINHA,GRANDE BRANCO,11167,AM,NORTE,2025,10,PREÇO RECEBIDO P/ PRODUTOR,0.52
OVOS DE GALINHA,GRANDE BRANCO,11167,AP,NORTE,2025,10,ATACADO,0.73
OVOS DE GALINHA,GRANDE BRANCO,11167,PA,NORTE,2025,10,ATACADO,0.66
OVOS DE GALINHA,GRANDE BRANCO,11167,PA,NORTE,2025,10,PREÇO RECEBIDO P/ PRODUTOR,0.45
OVOS DE GALINHA,GRANDE BRANCO,11167,RO,NORTE,2025,10,ATACADO,0.81
OVOS DE GALINHA,GRANDE BRANCO,11167,RO,NORTE,2025,10,PREÇO RECEBIDO P/ PRODUTOR,0.6
OVOS DE GALINHA,GRANDE BRANCO,11167,TO,NORTE,2025,10,ATACADO,0.43
OVOS DE GALINHA,GRANDE BRANCO,11167,AC,NORTE,2025,11,ATACADO,0.72
OVOS DE GALINHA,GRANDE BRANCO,11167,AM,NORTE,2025,11,PREÇO RECEBIDO P/ PRODUTOR,0.55
OVOS DE GALINHA,TIPO A BRANCO,11245,AM,NORTE,2025,11,ATACADO,0.58
OVOS DE GALINHA,GRANDE BRANCO,11167,AP,NORTE,2025,11,ATACADO,0.64
OVOS DE GALINHA,GRANDE BRANCO,11167,PA,NORTE,2025,11,ATACADO,0.67
OVOS DE GALINHA,GRANDE BRANCO,11167,PA,NORTE,2025,11,PREÇO RECEBIDO P/ PRODUTOR,0.46
OVOS DE GALINHA,GRANDE BRANCO,11167,RO,NORTE,2025,11,PREÇO RECEBIDO P/ PRODUTOR,0.6
OVOS DE GALINHA,GRANDE BRANCO,11167,RO,NORTE,2025,11,ATACADO,0.9
OVOS DE GALINHA,GRANDE BRANCO,11167,TO,NORTE,2025,11,ATACADO,0.47
OVOS DE GALINHA,GRANDE BRANCO,11167,AC,NORTE,2025,12,ATACADO,0.83
OVOS DE GALINHA,TIPO A BRANCO,11245,AM,NORTE,2025,12,ATACADO,0.63
OVOS DE GALINHA,GRANDE BRANCO,11167,AM,NORTE,2025,12,PREÇO RECEBIDO P/ PRODUTOR,0.57
OVOS DE GALINHA,GRANDE BRANCO,11167,AP,NORTE,2025,12,ATACADO,0.59
OVOS DE GALINHA,GRANDE BRANCO,11167,PA,NORTE,2025,12,PREÇO RECEBIDO P/ PRODUTOR,0.44
OVOS DE GALINHA,GRANDE BRANCO,11167,PA,NORTE,2025,12,ATACADO,0.62
OVOS DE GALINHA,GRANDE BRANCO,11167,RO,NORTE,2025,12,PREÇO RECEBIDO P/ PRODUTOR,0.57
OVOS DE GALINHA,GRANDE BRANCO,11167,RO,NORTE,2025,12,ATACADO,0.75
OVOS DE GALINHA,GRANDE BRANCO,11167,TO,NORTE,2025,12,ATACADO,0.5
OVOS DE GALINHA,GRANDE BRANCO,11167,AM,NORTE,2026,1,PREÇO RECEBIDO P/ PRODUTOR,0.58
OVOS DE GALINHA,GRANDE BRANCO,11167,PA,NORTE,2026,1,PREÇO RECEBIDO P/ PRODUTOR,0.37
OVOS DE GALINHA,GRANDE BRANCO,11167,RO,NORTE,2026,1,PREÇO RECEBIDO P/ PRODUTOR,0.48
OVOS DE GALINHA,GRANDE BRANCO,11167,AM,NORTE,2026,2,PREÇO RECEBIDO P/ PRODUTOR,0.73
OVOS DE GALINHA,GRANDE BRANCO,11167,PA,NORTE,2026,2,PREÇO RECEBIDO P/ PRODUTOR,0.46
OVOS DE GALINHA,GRANDE BRANCO,11167,RO,NORTE,2026,2,PREÇO RECEBIDO P/ PRODUTOR,0.53
OVOS DE GALINHA,GRANDE BRANCO,11167,AM,NORTE,2026,3,PREÇO RECEBIDO P/ PRODUTOR,0.76
OVOS DE GALINHA,GRANDE BRANCO,11167,PA,NORTE,2026,3,PREÇO RECEBIDO P/ PRODUTOR,0.52
OVOS DE GALINHA,GRANDE BRANCO,11167,RO,NORTE,2026,3,PREÇO RECEBIDO P/ PRODUTOR,0.6
OVOS DE GALINHA,GRANDE BRANCO,11167,AM,NORTE,2026,4,PREÇO RECEBIDO P/ PRODUTOR,0.69
OVOS DE GALINHA,GRANDE BRANCO,11167,PA,NORTE,2026,4,PREÇO RECEBIDO P/ PRODUTOR,0.57
OVOS DE GALINHA,GRANDE BRANCO,11167,RO,NORTE,2026,4,PREÇO RECEBIDO P/ PRODUTOR,0.63
OVOS DE GALINHA,GRANDE BRANCO,11167,AC,NORTE,2026,5,PREÇO RECEBIDO P/ PRODUTOR,0.55
OVOS DE GALINHA,GRANDE BRANCO,11167,AM,NORTE,2026,5,PREÇO RECEBIDO P/ PRODUTOR,0.64
OVOS DE GALINHA,GRANDE BRANCO,11167,PA,NORTE,2026,5,PREÇO RECEBIDO P/ PRODUTOR,0.52
OVOS DE GALINHA,GRANDE BRANCO,11167,RO,NORTE,2026,5,PREÇO RECEBIDO P/ PRODUTOR,0.62
OVOS DE GALINHA,GRANDE BRANCO,11167,AC,NORTE,2026,6,PREÇO RECEBIDO P/ PRODUTOR,0.53
OVOS DE GALINHA,GRANDE BRANCO,11167,AM,NORTE,2026,6,PREÇO RECEBIDO P/ PRODUTOR,0.61
OVOS DE GALINHA,GRANDE BRANCO,11167,PA,NORTE,2026,6,PREÇO RECEBIDO P/ PRODUTOR,0.51
OVOS DE GALINHA,GRANDE BRANCO,11167,RO,NORTE,2026,6,PREÇO RECEBIDO P/ PRODUTOR,0.63
OVOS DE GALINHA,GRANDE BRANCO,11167,AC,NORTE,2026,7,PREÇO RECEBIDO P/ PRODUTOR,0.52
OVOS DE GALINHA,GRANDE BRANCO,11167,AM,NORTE,2026,7,PREÇO RECEBIDO P/ PRODUTOR,0.61
OVOS DE GALINHA,GRANDE BRANCO,11167,PA,NORTE,2026,7,PREÇO RECEBIDO P/ PRODUTOR,0.47
OVOS DE GALINHA,GRANDE BRANCO,11167,RO,NORTE,2026,7,PREÇO RECEBIDO P/ PRODUTOR,0.61
OVOS DE GALINHA,GRANDE BRANCO,11167,AC,NORTE,2026,8,PREÇO RECEBIDO P/ PRODUTOR,0.49
OVOS DE GALINHA,GRANDE BRANCO,11167,AM,NORTE,2026,8,PREÇO RECEBIDO P/ PRODUTOR,0.66
OVOS DE GALINHA,GRANDE BRANCO,11167,PA,NORTE,2026,8,PREÇO RECEBIDO P/ PRODUTOR,0.45
OVOS DE GALINHA,GRANDE BRANCO,11167,RO,NORTE,2026,8,PREÇO RECEBIDO P/ PRODUTOR,0.56
PAIOL,5 M,13910,AM,NORTE,2026,3,PREÇO PAGO PELO PRODUTOR,
PAIOL,NÃO INFORMADO,9630,AC,NORTE,2026,7,PREÇO PAGO PELO PRODUTOR,
PALHETAS,NÃO INFORMADO,15386,AM,NORTE,2026,7,PREÇO PAGO PELO PRODUTOR,31.0
PANEIRO,DE MATERIAL RECICLAD,15319,AM,NORTE,2026,7,PREÇO PAGO PELO PRODUTOR,150.0
PANEIRO,DE MATERIAL RECICLAD,15320,AM,NORTE,2026,7,PREÇO PAGO PELO PRODUTOR,200.0
PANEIRO DE FIBRA,NÃO INFORMADO,12284,AM,NORTE,2026,7,PREÇO PAGO PELO PRODUTOR,80.0
PANEIRO DE FIBRA,CIPÓ DA MATA,14961,PA,NORTE,2026,7,PREÇO PAGO PELO PRODUTOR,85.0
PANEIRO DE FIBRA,14 KG,14085,PA,NORTE,2026,7,PREÇO PAGO PELO PRODUTOR,75.0
PANERO,100 KG FIBRA,14910,AM,NORTE,2026,7,PREÇO PAGO PELO PRODUTOR,190.0
PANO/COLHEITA,NÃO INFORMADO,10071,RO,NORTE,2025,10,PREÇO PAGO PELO PRODUTOR,260.0
PANO/COLHEITA,"3,15 M X 10 M",15440,RO,NORTE,2025,10,PREÇO PAGO PELO PRODUTOR,209.67
PANO/COLHEITA,"3,15 M X 10 M",15440,RO,NORTE,2025,11,PREÇO PAGO PELO PRODUTOR,209.67
PANO/COLHEITA,NÃO INFORMADO,10071,RO,NORTE,2025,11,PREÇO PAGO PELO PRODUTOR,260.0
PAO,FRANCÊS,11161,AC,NORTE,2025,9,VAREJO,14.38
PAO,FRANCÊS,11161,AM,NORTE,2025,9,VAREJO,13.63
PAO,FRANCÊS,11161,AP,NORTE,2025,9,VAREJO,14.97
PAO,FRANCÊS,11161,PA,NORTE,2025,9,VAREJO,16.61
PAO,FRANCÊS,11161,RO,NORTE,2025,9,VAREJO,15.21
PAO,FRANCÊS,11161,RR,NORTE,2025,9,VAREJO,10.97
PAO,FRANCÊS,11161,TO,NORTE,2025,9,VAREJO,18.18
PAO,FRANCÊS,11161,AC,NORTE,2025,10,VAREJO,14.3
PAO,FRANCÊS,11161,AM,NORTE,2025,10,VAREJO,13.58
PAO,FRANCÊS,11161,AP,NORTE,2025,10,VAREJO,14.94
PAO,FRANCÊS,11161,PA,NORTE,2025,10,VAREJO,16.72
PAO,FRANCÊS,11161,RO,NORTE,2025,10,VAREJO,15.12
PAO,FRANCÊS,11161,RR,NORTE,2025,10,VAREJO,10.95
PAO,FRANCÊS,11161,TO,NORTE,2025,10,VAREJO,18.18
PAO,FRANCÊS,11161,AC,NORTE,2025,11,VAREJO,14.33
PAO,FRANCÊS,11161,AM,NORTE,2025,11,VAREJO,13.51
PAO,FRANCÊS,11161,AP,NORTE,2025,11,VAREJO,15.64
PAO,FRANCÊS,11161,PA,NORTE,2025,11,VAREJO,16.67
PAO,FRANCÊS,11161,RO,NORTE,2025,11,VAREJO,15.26
PAO,FRANCÊS,11161,RR,NORTE,2025,11,VAREJO,10.92
PAO,FRANCÊS,11161,TO,NORTE,2025,11,VAREJO,18.04
PAO,FRANCÊS,11161,AC,NORTE,2025,12,VAREJO,14.17
PAO,FRANCÊS,11161,AM,NORTE,2025,12,VAREJO,13.41
PAO,FRANCÊS,11161,AP,NORTE,2025,12,VAREJO,15.87
PAO,FRANCÊS,11161,PA,NORTE,2025,12,VAREJO,16.7
PAO,FRANCÊS,11161,RO,NORTE,2025,12,VAREJO,15.19
PAO,FRANCÊS,11161,RR,NORTE,2025,12,VAREJO,10.96
PAO,FRANCÊS,11161,TO,NORTE,2025,12,VAREJO,17.99
PAO,FRANCÊS,11161,AC,NORTE,2026,1,VAREJO,14.27
PAO,FRANCÊS,11161,AM,NORTE,2026,1,VAREJO,13.82
PAO,FRANCÊS,11161,AP,NORTE,2026,1,VAREJO,16.31
PAO,FRANCÊS,11161,PA,NORTE,2026,1,VAREJO,16.86
PAO,FRANCÊS,11161,RO,NORTE,2026,1,VAREJO,15.38
PAO,FRANCÊS,11161,RR,NORTE,2026,1,VAREJO,10.94
PAO,FRANCÊS,11161,TO,NORTE,2026,1,VAREJO,17.99
PAO,FRANCÊS,11161,AC,NORTE,2026,2,VAREJO,14.19
PAO,FRANCÊS,11161,AM,NORTE,2026,2,VAREJO,13.93
PAO,FRANCÊS,11161,AP,NORTE,2026,2,VAREJO,16.23
PAO,FRANCÊS,11161,PA,NORTE,2026,2,VAREJO,16.76
PAO,FRANCÊS,11161,RO,NORTE,2026,2,VAREJO,15.28
PAO,FRANCÊS,11161,RR,NORTE,2026,2,VAREJO,11.0
PAO,FRANCÊS,11161,TO,NORTE,2026,2,VAREJO,17.97
PAO,FRANCÊS,11161,AC,NORTE,2026,3,VAREJO,14.07
PAO,FRANCÊS,11161,AM,NORTE,2026,3,VAREJO,13.85
PAO,FRANCÊS,11161,AP,NORTE,2026,3,VAREJO,16.23
PAO,FRANCÊS,11161,PA,NORTE,2026,3,VAREJO,16.82
PAO,FRANCÊS,11161,RO,NORTE,2026,3,VAREJO,15.28
PAO,FRANCÊS,11161,RR,NORTE,2026,3,VAREJO,11.02
PAO,FRANCÊS,11161,TO,NORTE,2026,3,VAREJO,18.0
PAO,FRANCÊS,11161,AC,NORTE,2026,4,VAREJO,14.15
PAO,FRANCÊS,11161,AM,NORTE,2026,4,VAREJO,13.86
PAO,FRANCÊS,11161,AP,NORTE,2026,4,VAREJO,16.2
PAO,FRANCÊS,11161,PA,NORTE,2026,4,VAREJO,16.98
PAO,FRANCÊS,11161,RO,NORTE,2026,4,VAREJO,15.34
PAO,FRANCÊS,11161,RR,NORTE,2026,4,VAREJO,11.07
PAO,FRANCÊS,11161,TO,NORTE,2026,4,VAREJO,18.72
PAO,FRANCÊS,11161,AC,NORTE,2026,5,VAREJO,14.32
PAO,FRANCÊS,11161,AM,NORTE,2026,5,VAREJO,14.54
PAO,FRANCÊS,11161,AP,NORTE,2026,5,VAREJO,16.49
PAO,FRANCÊS,11161,PA,NORTE,2026,5,VAREJO,16.92
PAO,FRANCÊS,11161,RO,NORTE,2026,5,VAREJO,15.74
PAO,FRANCÊS,11161,RR,NORTE,2026,5,VAREJO,11.02
PAO,FRANCÊS,11161,TO,NORTE,2026,5,VAREJO,18.86
PASSAGEM DE ONIBUS PARA,NÃO INFORMADO,13894,PA,NORTE,2026,7,PREÇO PAGO PELO PRODUTOR,10.0
PECONHEIRO,50 G/KG,12273,AM,NORTE,2026,7,PREÇO PAGO PELO PRODUTOR,60.0
PENTE,DE FERRO,15376,AM,NORTE,2026,7,PREÇO PAGO PELO PRODUTOR,230.0
PERNEIRA,SEM VELCRO,13891,PA,NORTE,2026,7,PREÇO PAGO PELO PRODUTOR,
PIACAVA,BENEFICIADA,11474,AM,NORTE,2025,9,PREÇO RECEBIDO P/ PRODUTOR,4.95
PIACAVA,NÃO BENEFICIADA,11475,AM,NORTE,2025,9,PREÇO RECEBIDO P/ PRODUTOR,4.77
PIACAVA,NÃO BENEFICIADA,11475,AM,NORTE,2025,10,PREÇO RECEBIDO P/ PRODUTOR,4.73
PIACAVA,BENEFICIADA,11474,AM,NORTE,2025,10,PREÇO RECEBIDO P/ PRODUTOR,4.96
PIACAVA,BENEFICIADA,11474,AM,NORTE,2025,11,PREÇO RECEBIDO P/ PRODUTOR,5.1
PIACAVA,NÃO BENEFICIADA,11475,AM,NORTE,2025,11,PREÇO RECEBIDO P/ PRODUTOR,4.55
PIACAVA,BENEFICIADA,11474,AM,NORTE,2025,12,PREÇO RECEBIDO P/ PRODUTOR,5.4
PIACAVA,NÃO BENEFICIADA,11475,AM,NORTE,2025,12,PREÇO RECEBIDO P/ PRODUTOR,4.35
PIACAVA,NÃO BENEFICIADA,11475,AM,NORTE,2026,1,PREÇO RECEBIDO P/ PRODUTOR,4.0
PIACAVA,BENEFICIADA,11474,AM,NORTE,2026,1,PREÇO RECEBIDO P/ PRODUTOR,6.0
PIACAVA,NÃO BENEFICIADA,11475,AM,NORTE,2026,2,PREÇO RECEBIDO P/ PRODUTOR,4.0
PIACAVA,BENEFICIADA,11474,AM,NORTE,2026,2,PREÇO RECEBIDO P/ PRODUTOR,6.0
PIACAVA,NÃO BENEFICIADA,11475,AM,NORTE,2026,4,PREÇO RECEBIDO P/ PRODUTOR,3.87
PIACAVA,BENEFICIADA,11474,AM,NORTE,2026,4,PREÇO RECEBIDO P/ PRODUTOR,5.5
PIACAVA,NÃO BENEFICIADA,11475,AM,NORTE,2026,5,PREÇO RECEBIDO P/ PRODUTOR,3.82
PIACAVA,BENEFICIADA,11474,AM,NORTE,2026,5,PREÇO RECEBIDO P/ PRODUTOR,5.98
PIACAVA,BENEFICIADA,11474,AM,NORTE,2026,6,PREÇO RECEBIDO P/ PRODUTOR,6.0
PIACAVA,NÃO BENEFICIADA,11475,AM,NORTE,2026,6,PREÇO RECEBIDO P/ PRODUTOR,3.7
PIACAVA,NÃO BENEFICIADA,11475,AM,NORTE,2026,7,PREÇO RECEBIDO P/ PRODUTOR,3.89
PIACAVA,BENEFICIADA,11474,AM,NORTE,2026,7,PREÇO RECEBIDO P/ PRODUTOR,5.93
PIACAVA,NÃO BENEFICIADA,11475,AM,NORTE,2026,8,PREÇO RECEBIDO P/ PRODUTOR,4.0
PIACAVA,BENEFICIADA,11474,AM,NORTE,2026,8,PREÇO RECEBIDO P/ PRODUTOR,5.85
PILHAS,AA,14941,AC,NORTE,2026,7,PREÇO PAGO PELO PRODUTOR,6.63
PIMENTA DO REINO,NÃO INFORMADO,5501,PA,NORTE,2025,9,PREÇO RECEBIDO P/ PRODUTOR,28.65
PIMENTA DO REINO,NÃO INFORMADO,5501,PA,NORTE,2025,10,PREÇO RECEBIDO P/ PRODUTOR,28.17
PIMENTA DO REINO,NÃO INFORMADO,5501,PA,NORTE,2025,11,PREÇO RECEBIDO P/ PRODUTOR,26.87
PIMENTA DO REINO,NÃO INFORMADO,5501,PA,NORTE,2025,12,PREÇO RECEBIDO P/ PRODUTOR,27.07
PIMENTA DO REINO,NÃO INFORMADO,5501,PA,NORTE,2026,1,PREÇO RECEBIDO P/ PRODUTOR,27.03
PIMENTA DO REINO,NÃO INFORMADO,5501,PA,NORTE,2026,2,PREÇO RECEBIDO P/ PRODUTOR,27.31
PIMENTA DO REINO,NÃO INFORMADO,5501,PA,NORTE,2026,3,PREÇO RECEBIDO P/ PRODUTOR,27.8
PIMENTA DO REINO,NÃO INFORMADO,5501,PA,NORTE,2026,4,PREÇO RECEBIDO P/ PRODUTOR,27.61
PIMENTA DO REINO,NÃO INFORMADO,5501,PA,NORTE,2026,5,PREÇO RECEBIDO P/ PRODUTOR,26.3
PIMENTA DO REINO,NÃO INFORMADO,5501,PA,NORTE,2026,6,PREÇO RECEBIDO P/ PRODUTOR,25.96
PIMENTA DO REINO,NÃO INFORMADO,5501,PA,NORTE,2026,7,PREÇO RECEBIDO P/ PRODUTOR,26.02
PIMENTA DO REINO,NÃO INFORMADO,5501,PA,NORTE,2026,8,PREÇO RECEBIDO P/ PRODUTOR,27.19
PIRARUCU,NÃO INFORMADO,6076,AM,NORTE,2025,9,PREÇO RECEBIDO P/ PRODUTOR,7.17
PIRARUCU,NÃO INFORMADO,6076,AM,NORTE,2025,10,PREÇO RECEBIDO P/ PRODUTOR,6.75
PIRARUCU,NÃO INFORMADO,6076,AM,NORTE,2025,11,PREÇO RECEBIDO P/ PRODUTOR,7.0
PIRARUCU,NÃO INFORMADO,6076,AM,NORTE,2025,12,PREÇO RECEBIDO P/ PRODUTOR,7.08
PLAINA AGRICOLA DIANTEIRA,1000 KG,8064,TO,NORTE,2025,11,PREÇO PAGO PELO PRODUTOR,28200.0
PLAINA AGRICOLA DIANTEIRA,1000 KG,8064,TO,NORTE,2026,3,PREÇO PAGO PELO PRODUTOR,24500.0
PLAINA NIVELADORA MULTILA,NÃO INFORMADO,10517,TO,NORTE,2025,11,PREÇO PAGO PELO PRODUTOR,62000.0
PLAINA NIVELADORA MULTILA,NÃO INFORMADO,10517,TO,NORTE,2026,2,PREÇO PAGO PELO PRODUTOR,62000.0
PLAINA NIVELADORA MULTILA,NÃO INFORMADO,10517,TO,NORTE,2026,3,PREÇO PAGO PELO PRODUTOR,62000.0
PLANTADEIRA,10 LINHAS - PLANTIO,10591,PA,NORTE,2025,9,PREÇO PAGO PELO PRODUTOR,245000.0
PLANTADEIRA,13 LINHAS,13932,TO,NORTE,2025,11,PREÇO PAGO PELO PRODUTOR,462000.0
PLANTADEIRA,27 LINHAS TATU MARCH,13989,TO,NORTE,2025,11,PREÇO PAGO PELO PRODUTOR,1110000.0
PLANTADEIRA,27 LINHAS TATU MARCH,13989,TO,NORTE,2026,2,PREÇO PAGO PELO PRODUTOR,1110000.0
PLANTADEIRA,27 LINHAS TATU MARCH,13989,TO,NORTE,2026,3,PREÇO PAGO PELO PRODUTOR,1110000.0
PLANTADEIRA,13 LINHAS,13932,TO,NORTE,2026,3,PREÇO PAGO PELO PRODUTOR,420000.0
PLANTIO DE MUDAS,NÃO INFORMADO,10703,PA,NORTE,2026,3,PREÇO PAGO PELO PRODUTOR,
PODAO,NÃO INFORMADO,12303,AM,NORTE,2026,7,PREÇO PAGO PELO PRODUTOR,37.0
POLVILHO,DOCE,6163,RR,NORTE,2025,9,ATACADO,6.0
POLVILHO,DOCE,6163,RR,NORTE,2025,10,ATACADO,5.8
POLVILHO,DOCE,6163,RR,NORTE,2025,11,ATACADO,5.6
POLVILHO,DOCE,6163,RR,NORTE,2025,12,ATACADO,5.6
PREMIO,NÃO INFORMADO,10128,TO,NORTE,2025,11,PREÇO PAGO PELO PRODUTOR,760.4
PREMIO,NÃO INFORMADO,10128,TO,NORTE,2026,2,PREÇO PAGO PELO PRODUTOR,760.4
PREMIO,NÃO INFORMADO,10128,TO,NORTE,2026,3,PREÇO PAGO PELO PRODUTOR,760.4
PRIORI,NÃO INFORMADO,7248,TO,NORTE,2025,11,PREÇO PAGO PELO PRODUTOR,179.1
PULVERIZADOR,600 LITROS BARRA JAC,7038,PA,NORTE,2025,9,PREÇO PAGO PELO PRODUTOR,31000.0
PULVERIZADOR AUTOMOTRIZ,175 NEW HOLLAND,13970,TO,NORTE,2025,11,PREÇO PAGO PELO PRODUTOR,1350000.0
PULVERIZADOR AUTOMOTRIZ,2000 L 126 JACTO UNI,14014,TO,NORTE,2025,11,PREÇO PAGO PELO PRODUTOR,899000.0
PULVERIZADOR AUTOMOTRIZ,165 4X4 JOHN DEERE 4,10188,TO,NORTE,2026,2,PREÇO PAGO PELO PRODUTOR,1300000.0
PULVERIZADOR AUTOMOTRIZ,2000 L 126 JACTO UNI,14014,TO,NORTE,2026,3,PREÇO PAGO PELO PRODUTOR,860000.0
PULVERIZADOR AUTOMOTRIZ,165 4X4 JOHN DEERE 4,10188,TO,NORTE,2026,3,PREÇO PAGO PELO PRODUTOR,1300000.0
RAIZ DE MANDIOCA,DE MESA,11489,AC,NORTE,2025,9,PREÇO RECEBIDO P/ PRODUTOR,1.2
RAIZ DE MANDIOCA,PARA FARINHA,11240,AC,NORTE,2025,9,PREÇO RECEBIDO P/ PRODUTOR,0.62
RAIZ DE MANDIOCA,DE MESA,11489,AM,NORTE,2025,9,PREÇO RECEBIDO P/ PRODUTOR,3.99
RAIZ DE MANDIOCA,PARA FARINHA,11240,AP,NORTE,2025,9,PREÇO RECEBIDO P/ PRODUTOR,0.6
RAIZ DE MANDIOCA,PARA FARINHA,11240,PA,NORTE,2025,9,PREÇO RECEBIDO P/ PRODUTOR,0.85
RAIZ DE MANDIOCA,PARA FARINHA,11240,RO,NORTE,2025,9,PREÇO RECEBIDO P/ PRODUTOR,0.49
RAIZ DE MANDIOCA,DE MESA,11489,RR,NORTE,2025,9,PREÇO RECEBIDO P/ PRODUTOR,3.38
RAIZ DE MANDIOCA,PARA FARINHA,11240,AC,NORTE,2025,10,PREÇO RECEBIDO P/ PRODUTOR,0.62
RAIZ DE MANDIOCA,DE MESA,11489,AC,NORTE,2025,10,PREÇO RECEBIDO P/ PRODUTOR,1.2
RAIZ DE MANDIOCA,DE MESA,11489,AM,NORTE,2025,10,PREÇO RECEBIDO P/ PRODUTOR,3.98
RAIZ DE MANDIOCA,PARA FARINHA,11240,AP,NORTE,2025,10,PREÇO RECEBIDO P/ PRODUTOR,0.6
RAIZ DE MANDIOCA,PARA FARINHA,11240,PA,NORTE,2025,10,PREÇO RECEBIDO P/ PRODUTOR,0.92
RAIZ DE MANDIOCA,PARA FARINHA,11240,RO,NORTE,2025,10,PREÇO RECEBIDO P/ PRODUTOR,0.61
RAIZ DE MANDIOCA,DE MESA,11489,RR,NORTE,2025,10,PREÇO RECEBIDO P/ PRODUTOR,3.18
RAIZ DE MANDIOCA,PARA FARINHA,11240,AC,NORTE,2025,11,PREÇO RECEBIDO P/ PRODUTOR,0.62
RAIZ DE MANDIOCA,DE MESA,11489,AC,NORTE,2025,11,PREÇO RECEBIDO P/ PRODUTOR,1.2
RAIZ DE MANDIOCA,DE MESA,11489,AM,NORTE,2025,11,PREÇO RECEBIDO P/ PRODUTOR,3.96
RAIZ DE MANDIOCA,PARA FARINHA,11240,AP,NORTE,2025,11,PREÇO RECEBIDO P/ PRODUTOR,0.6
RAIZ DE MANDIOCA,PARA FARINHA,11240,PA,NORTE,2025,11,PREÇO RECEBIDO P/ PRODUTOR,0.93
RAIZ DE MANDIOCA,PARA FARINHA,11240,RO,NORTE,2025,11,PREÇO RECEBIDO P/ PRODUTOR,0.52
RAIZ DE MANDIOCA,DE MESA,11489,RR,NORTE,2025,11,PREÇO RECEBIDO P/ PRODUTOR,3.5
RAIZ DE MANDIOCA,DE MESA,11489,AC,NORTE,2025,12,PREÇO RECEBIDO P/ PRODUTOR,1.2
RAIZ DE MANDIOCA,PARA FARINHA,11240,AC,NORTE,2025,12,PREÇO RECEBIDO P/ PRODUTOR,0.62
RAIZ DE MANDIOCA,DE MESA,11489,AM,NORTE,2025,12,PREÇO RECEBIDO P/ PRODUTOR,4.25
RAIZ DE MANDIOCA,PARA FARINHA,11240,AP,NORTE,2025,12,PREÇO RECEBIDO P/ PRODUTOR,0.6
RAIZ DE MANDIOCA,PARA FARINHA,11240,PA,NORTE,2025,12,PREÇO RECEBIDO P/ PRODUTOR,0.94
RAIZ DE MANDIOCA,PARA FARINHA,11240,RO,NORTE,2025,12,PREÇO RECEBIDO P/ PRODUTOR,0.53
RAIZ DE MANDIOCA,DE MESA,11489,RR,NORTE,2025,12,PREÇO RECEBIDO P/ PRODUTOR,3.11
RAIZ DE MANDIOCA,PARA FARINHA,11240,AC,NORTE,2026,1,PREÇO RECEBIDO P/ PRODUTOR,0.62
RAIZ DE MANDIOCA,DE MESA,11489,AC,NORTE,2026,1,PREÇO RECEBIDO P/ PRODUTOR,1.2
RAIZ DE MANDIOCA,DE MESA,11489,AM,NORTE,2026,1,PREÇO RECEBIDO P/ PRODUTOR,6.8
RAIZ DE MANDIOCA,PARA FARINHA,11240,AP,NORTE,2026,1,PREÇO RECEBIDO P/ PRODUTOR,0.69
RAIZ DE MANDIOCA,PARA FARINHA,11240,PA,NORTE,2026,1,PREÇO RECEBIDO P/ PRODUTOR,0.86
RAIZ DE MANDIOCA,PARA FARINHA,11240,RO,NORTE,2026,1,PREÇO RECEBIDO P/ PRODUTOR,0.48
RAIZ DE MANDIOCA,DE MESA,11489,RR,NORTE,2026,1,PREÇO RECEBIDO P/ PRODUTOR,5.58
RAIZ DE MANDIOCA,PARA FARINHA,11240,AC,NORTE,2026,2,PREÇO RECEBIDO P/ PRODUTOR,0.62
RAIZ DE MANDIOCA,DE MESA,11489,AC,NORTE,2026,2,PREÇO RECEBIDO P/ PRODUTOR,1.2
RAIZ DE MANDIOCA,DE MESA,11489,AM,NORTE,2026,2,PREÇO RECEBIDO P/ PRODUTOR,5.61
RAIZ DE MANDIOCA,PARA FARINHA,11240,AP,NORTE,2026,2,PREÇO RECEBIDO P/ PRODUTOR,0.58
RAIZ DE MANDIOCA,PARA FARINHA,11240,PA,NORTE,2026,2,PREÇO RECEBIDO P/ PRODUTOR,0.85
RAIZ DE MANDIOCA,PARA FARINHA,11240,RO,NORTE,2026,2,PREÇO RECEBIDO P/ PRODUTOR,0.46
RAIZ DE MANDIOCA,DE MESA,11489,RR,NORTE,2026,2,PREÇO RECEBIDO P/ PRODUTOR,4.57
RAIZ DE MANDIOCA,PARA FARINHA,11240,AC,NORTE,2026,3,PREÇO RECEBIDO P/ PRODUTOR,0.62
RAIZ DE MANDIOCA,DE MESA,11489,AC,NORTE,2026,3,PREÇO RECEBIDO P/ PRODUTOR,1.2
RAIZ DE MANDIOCA,DE MESA,11489,AM,NORTE,2026,3,PREÇO RECEBIDO P/ PRODUTOR,5.38
RAIZ DE MANDIOCA,PARA FARINHA,11240,AP,NORTE,2026,3,PREÇO RECEBIDO P/ PRODUTOR,0.67
RAIZ DE MANDIOCA,PARA FARINHA,11240,PA,NORTE,2026,3,PREÇO RECEBIDO P/ PRODUTOR,0.85
RAIZ DE MANDIOCA,PARA FARINHA,11240,RO,NORTE,2026,3,PREÇO RECEBIDO P/ PRODUTOR,0.48
RAIZ DE MANDIOCA,DE MESA,11489,RR,NORTE,2026,3,PREÇO RECEBIDO P/ PRODUTOR,4.26
RAIZ DE MANDIOCA,DE MESA,11489,AC,NORTE,2026,4,PREÇO RECEBIDO P/ PRODUTOR,1.26
RAIZ DE MANDIOCA,PARA FARINHA,11240,AC,NORTE,2026,4,PREÇO RECEBIDO P/ PRODUTOR,0.62
RAIZ DE MANDIOCA,DE MESA,11489,AM,NORTE,2026,4,PREÇO RECEBIDO P/ PRODUTOR,4.36
RAIZ DE MANDIOCA,PARA FARINHA,11240,AP,NORTE,2026,4,PREÇO RECEBIDO P/ PRODUTOR,0.7
RAIZ DE MANDIOCA,PARA FARINHA,11240,PA,NORTE,2026,4,PREÇO RECEBIDO P/ PRODUTOR,0.83
RAIZ DE MANDIOCA,PARA FARINHA,11240,RO,NORTE,2026,4,PREÇO RECEBIDO P/ PRODUTOR,0.48
RAIZ DE MANDIOCA,DE MESA,11489,RR,NORTE,2026,4,PREÇO RECEBIDO P/ PRODUTOR,3.9
RAIZ DE MANDIOCA,PARA FARINHA,11240,AC,NORTE,2026,5,PREÇO RECEBIDO P/ PRODUTOR,0.62
RAIZ DE MANDIOCA,DE MESA,11489,AC,NORTE,2026,5,PREÇO RECEBIDO P/ PRODUTOR,1.64
RAIZ DE MANDIOCA,DE MESA,11489,AM,NORTE,2026,5,PREÇO RECEBIDO P/ PRODUTOR,3.75
RAIZ DE MANDIOCA,PARA FARINHA,11240,AP,NORTE,2026,5,PREÇO RECEBIDO P/ PRODUTOR,0.7
RAIZ DE MANDIOCA,PARA FARINHA,11240,PA,NORTE,2026,5,PREÇO RECEBIDO P/ PRODUTOR,0.87
RAIZ DE MANDIOCA,PARA FARINHA,11240,RO,NORTE,2026,5,PREÇO RECEBIDO P/ PRODUTOR,0.48
RAIZ DE MANDIOCA,DE MESA,11489,RR,NORTE,2026,5,PREÇO RECEBIDO P/ PRODUTOR,3.59
RAIZ DE MANDIOCA,PARA FARINHA,11240,AC,NORTE,2026,6,PREÇO RECEBIDO P/ PRODUTOR,0.62
RAIZ DE MANDIOCA,DE MESA,11489,AC,NORTE,2026,6,PREÇO RECEBIDO P/ PRODUTOR,2.04
RAIZ DE MANDIOCA,DE MESA,11489,AM,NORTE,2026,6,PREÇO RECEBIDO P/ PRODUTOR,3.79
RAIZ DE MANDIOCA,PARA FARINHA,11240,AP,NORTE,2026,6,PREÇO RECEBIDO P/ PRODUTOR,0.7
RAIZ DE MANDIOCA,PARA FARINHA,11240,PA,NORTE,2026,6,PREÇO RECEBIDO P/ PRODUTOR,0.87
RAIZ DE MANDIOCA,PARA FARINHA,11240,RO,NORTE,2026,6,PREÇO RECEBIDO P/ PRODUTOR,0.53
RAIZ DE MANDIOCA,DE MESA,11489,RR,NORTE,2026,6,PREÇO RECEBIDO P/ PRODUTOR,3.8
RAIZ DE MANDIOCA,DE MESA,11489,AC,NORTE,2026,7,PREÇO RECEBIDO P/ PRODUTOR,2.16
RAIZ DE MANDIOCA,PARA FARINHA,11240,AC,NORTE,2026,7,PREÇO RECEBIDO P/ PRODUTOR,0.62
RAIZ DE MANDIOCA,DE MESA,11489,AM,NORTE,2026,7,PREÇO RECEBIDO P/ PRODUTOR,3.55
RAIZ DE MANDIOCA,PARA FARINHA,11240,AP,NORTE,2026,7,PREÇO RECEBIDO P/ PRODUTOR,0.7
RAIZ DE MANDIOCA,PARA FARINHA,11240,PA,NORTE,2026,7,PREÇO RECEBIDO P/ PRODUTOR,0.84
RAIZ DE MANDIOCA,PARA FARINHA,11240,RO,NORTE,2026,7,PREÇO RECEBIDO P/ PRODUTOR,0.6
RAIZ DE MANDIOCA,DE MESA,11489,RR,NORTE,2026,7,PREÇO RECEBIDO P/ PRODUTOR,4.44
RAIZ DE MANDIOCA,PARA FARINHA,11240,AC,NORTE,2026,8,PREÇO RECEBIDO P/ PRODUTOR,0.62
RAIZ DE MANDIOCA,DE MESA,11489,AC,NORTE,2026,8,PREÇO RECEBIDO P/ PRODUTOR,2.81
RAIZ DE MANDIOCA,DE MESA,11489,AM,NORTE,2026,8,PREÇO RECEBIDO P/ PRODUTOR,3.24
RAIZ DE MANDIOCA,PARA FARINHA,11240,PA,NORTE,2026,8,PREÇO RECEBIDO P/ PRODUTOR,0.88
RAIZ DE MANDIOCA,PARA FARINHA,11240,RO,NORTE,2026,8,PREÇO RECEBIDO P/ PRODUTOR,0.65
RAIZ DE MANDIOCA,DE MESA,11489,RR,NORTE,2026,8,PREÇO RECEBIDO P/ PRODUTOR,4.71
RASA,28 KG,12297,PA,NORTE,2026,5,PREÇO PAGO PELO PRODUTOR,40.0
RASA,14 KG,14091,PA,NORTE,2026,7,PREÇO PAGO PELO PRODUTOR,30.0
RASA,28 KG,12297,PA,NORTE,2026,7,PREÇO PAGO PELO PRODUTOR,40.0
RASPADOR,PARA SERINGUEIRO,13901,AC,NORTE,2026,7,PREÇO PAGO PELO PRODUTOR,29.0
RASPADOR,PARA SERINGUEIRO,13901,PA,NORTE,2026,7,PREÇO PAGO PELO PRODUTOR,28.0
RASTELO,NÃO INFORMADO,5547,AM,NORTE,2026,7,PREÇO PAGO PELO PRODUTOR,25.0
RECOP,840 G/KG OXICLORETO,15174,PA,NORTE,2026,3,PREÇO PAGO PELO PRODUTOR,90.0
REDUTOR DE PH,NÃO INFORMADO,11784,TO,NORTE,2025,11,PREÇO PAGO PELO PRODUTOR,66.0
REFEICAO,RANCHO,11621,AM,NORTE,2026,7,PREÇO PAGO PELO PRODUTOR,1200.0
REFEICAO,RANCHO,11621,AM,NORTE,2026,7,PREÇO PAGO PELO PRODUTOR,
REFEICAO,"RANCHO (CAFÉ, AÇÚCAR",14954,PA,NORTE,2026,7,PREÇO PAGO PELO PRODUTOR,408.7
REFEITORIO,NÃO INFORMADO,9069,TO,NORTE,2025,11,PREÇO PAGO PELO PRODUTOR,
REFEITORIO,NÃO INFORMADO,9069,TO,NORTE,2026,2,PREÇO PAGO PELO PRODUTOR,
REFEITORIO,NÃO INFORMADO,9069,TO,NORTE,2026,3,PREÇO PAGO PELO PRODUTOR,
REMO DE MADEIRA,NÃO INFORMADO,12375,AM,NORTE,2026,3,PREÇO PAGO PELO PRODUTOR,100.0
REMO DE MADEIRA,NÃO INFORMADO,12375,AM,NORTE,2026,7,PREÇO PAGO PELO PRODUTOR,75.0
RODO,NÃO INFORMADO,5548,AM,NORTE,2026,7,PREÇO PAGO PELO PRODUTOR,30.0
RODO,CACAU MADEIRA,12302,AM,NORTE,2026,7,PREÇO PAGO PELO PRODUTOR,50.0
ROLO,COMPACTADOR,4940,TO,NORTE,2025,11,PREÇO PAGO PELO PRODUTOR,165000.0
ROLO,COMPACTADOR,4940,TO,NORTE,2026,2,PREÇO PAGO PELO PRODUTOR,165000.0
ROLO,COMPACTADOR,4940,TO,NORTE,2026,3,PREÇO PAGO PELO PRODUTOR,165000.0
ROUNDUP,ORIGINAL 480 G/L GLI,4065,RO,NORTE,2025,10,PREÇO PAGO PELO PRODUTOR,56.0
SACARIA DE POLIPROPILENO,60 KG,11632,RO,NORTE,2025,10,PREÇO PAGO PELO PRODUTOR,3.25
SACARIA DE POLIPROPILENO,60 KG,11632,RO,NORTE,2025,11,PREÇO PAGO PELO PRODUTOR,3.25
SACARIA DE POLIPROPILENO,60 KG,11632,AM,NORTE,2026,7,PREÇO PAGO PELO PRODUTOR,5.0
SACARIA DE POLIPROPILENO,USADA 50,210,AM,NORTE,2026,7,PREÇO PAGO PELO PRODUTOR,1.0
SACARIA DE POLIPROPILENO,"USADA, 50 KG, PARA F",14093,PA,NORTE,2026,7,PREÇO PAGO PELO PRODUTOR,5.0
SACARIA POLIETILENO,60 KG,12903,PA,NORTE,2026,3,PREÇO PAGO PELO PRODUTOR,5.0
SACO DE FIBRA,NÃO INFORMADO,12276,AM,NORTE,2026,7,PREÇO PAGO PELO PRODUTOR,6.0
SACO DE FIBRA,60 KG,14958,PA,NORTE,2026,7,PREÇO PAGO PELO PRODUTOR,5.0
SACO DE JUTA,NÃO INFORMADO,14945,AC,NORTE,2026,7,PREÇO PAGO PELO PRODUTOR,33.0
SACO DE NAPA,30 KG,14144,AC,NORTE,2026,7,PREÇO PAGO PELO PRODUTOR,
SACO DE NYLON,120 LITROS,14244,AC,NORTE,2026,7,PREÇO PAGO PELO PRODUTOR,13.0
SACO DE NYLON,50 KG,11669,AM,NORTE,2026,7,PREÇO PAGO PELO PRODUTOR,4.8
SACO DE POLIPROPILENO 50,NÃO INFORMADO,14869,PA,NORTE,2026,7,PREÇO PAGO PELO PRODUTOR,4.95
SACO DE RAFIA,45 KG,12372,AC,NORTE,2026,7,PREÇO PAGO PELO PRODUTOR,8.0
SACO DE RAFIA,50 KG,15324,AM,NORTE,2026,7,PREÇO PAGO PELO PRODUTOR,3.0
SACO DE RAFIA,NÃO INFORMADO,8369,AM,NORTE,2026,7,PREÇO PAGO PELO PRODUTOR,2.5
SACO DE RAFIA,60 KG,12390,PA,NORTE,2026,7,PREÇO PAGO PELO PRODUTOR,2.8
SACO DE RAFIA,"25 KG, PARA CEBOLA",13889,PA,NORTE,2026,7,PREÇO PAGO PELO PRODUTOR,3.11
SACO PLASTICO,POLIETILENO CAPACIDA,12889,PA,NORTE,2026,3,PREÇO PAGO PELO PRODUTOR,0.2
SALARIO MINIMO,NÃO INFORMADO,5467,PA,NORTE,2025,9,PREÇO PAGO PELO PRODUTOR,
SALARIO MINIMO,NÃO INFORMADO,5467,RO,NORTE,2025,10,PREÇO PAGO PELO PRODUTOR,
SALARIO MINIMO,NÃO INFORMADO,5467,TO,NORTE,2025,11,PREÇO PAGO PELO PRODUTOR,
SALARIO MINIMO,NÃO INFORMADO,5467,AM,NORTE,2026,3,PREÇO PAGO PELO PRODUTOR,
SALARIO MINIMO,NÃO INFORMADO,5467,PA,NORTE,2026,3,PREÇO PAGO PELO PRODUTOR,
SALARIO MINIMO,NÃO INFORMADO,5467,TO,NORTE,2026,3,PREÇO PAGO PELO PRODUTOR,
SALARIO MINIMO,NÃO INFORMADO,5467,PA,NORTE,2026,5,PREÇO PAGO PELO PRODUTOR,
SALARIO MINIMO,NÃO INFORMADO,5467,AC,NORTE,2026,7,PREÇO PAGO PELO PRODUTOR,
SALARIO MINIMO,NÃO INFORMADO,5467,AM,NORTE,2026,7,PREÇO PAGO PELO PRODUTOR,
SALARIO MINIMO,NÃO INFORMADO,5467,PA,NORTE,2026,7,PREÇO PAGO PELO PRODUTOR,
SCORE,NÃO INFORMADO,8565,TO,NORTE,2025,11,PREÇO PAGO PELO PRODUTOR,139.38
SCORE,NÃO INFORMADO,8565,TO,NORTE,2026,2,PREÇO PAGO PELO PRODUTOR,87.0
SCORE,NÃO INFORMADO,8565,TO,NORTE,2026,3,PREÇO PAGO PELO PRODUTOR,87.0
SCORE FLEXI,EC 250 + 250 G/L PRO,12008,TO,NORTE,2025,11,PREÇO PAGO PELO PRODUTOR,273.6
SCORE FLEXI,EC 250 + 250 G/L PRO,12008,TO,NORTE,2026,3,PREÇO PAGO PELO PRODUTOR,268.0
SECADOR,5M X 3M - LONA 150 M,14101,AM,NORTE,2026,7,PREÇO PAGO PELO PRODUTOR,
SELECT,"EC 240 G/L + 646,52",14033,TO,NORTE,2025,11,PREÇO PAGO PELO PRODUTOR,33.7
SELECT,"EC 240 G/L + 646,52",14033,TO,NORTE,2026,3,PREÇO PAGO PELO PRODUTOR,31.5
SEMENTE DE ARROZ,"IRGA, 424, RI",12336,TO,NORTE,2025,11,PREÇO PAGO PELO PRODUTOR,4.97
SEMENTE DE ARROZ,BRS PAMPEIRA,13985,TO,NORTE,2025,11,PREÇO PAGO PELO PRODUTOR,4.93
SEMENTE DE ARROZ,BRS PAMPEIRA,13985,TO,NORTE,2026,2,PREÇO PAGO PELO PRODUTOR,4.93
SEMENTE DE ARROZ,OS902CL,15505,TO,NORTE,2026,2,PREÇO PAGO PELO PRODUTOR,7.0
SEMENTE DE ARROZ,BRS 709,15504,TO,NORTE,2026,2,PREÇO PAGO PELO PRODUTOR,7.0
SEMENTE DE ARROZ,OS902CL,15505,TO,NORTE,2026,3,PREÇO PAGO PELO PRODUTOR,7.0
SEMENTE DE ARROZ,BRS 709,15504,TO,NORTE,2026,3,PREÇO PAGO PELO PRODUTOR,7.0
SEMENTE DE ARROZ,BRS PAMPEIRA,13985,TO,NORTE,2026,3,PREÇO PAGO PELO PRODUTOR,4.93
SEMENTE DE ARROZ BRS A704,NÃO INFORMADO,13983,TO,NORTE,2025,11,PREÇO PAGO PELO PRODUTOR,5.03
SEMENTE DE ARROZ BRS A704,NÃO INFORMADO,13983,TO,NORTE,2026,2,PREÇO PAGO PELO PRODUTOR,5.03
SEMENTE DE ARROZ BRS A704,NÃO INFORMADO,13983,TO,NORTE,2026,3,PREÇO PAGO PELO PRODUTOR,5.03
SEMENTE DE CACAU,HÍBRIDA CEPLAC,12888,PA,NORTE,2026,3,PREÇO PAGO PELO PRODUTOR,0.02
SEMENTE DE JUTA,NÃO INFORMADO,5271,AM,NORTE,2026,2,PREÇO PAGO PELO PRODUTOR,75.0
SEMENTE DE JUTA,NÃO INFORMADO,5271,AM,NORTE,2026,3,PREÇO PAGO PELO PRODUTOR,70.0
SEMENTE DE MALVA,NÃO INFORMADO,5272,AM,NORTE,2026,3,PREÇO PAGO PELO PRODUTOR,70.0
SEMENTE DE MILHO,TRATADA PRO 4 SEMENT,14522,PA,NORTE,2025,9,PREÇO PAGO PELO PRODUTOR,0.02
SEMENTE DE MILHO,FS 450 PWU FORSEED,14034,TO,NORTE,2025,11,PREÇO PAGO PELO PRODUTOR,0.02
SEMENTE DE MILHO,FS 450 PWU FORSEED,14034,TO,NORTE,2026,3,PREÇO PAGO PELO PRODUTOR,0.01
SEMENTE DE SOJA,DM 82I78,14016,TO,NORTE,2025,11,PREÇO PAGO PELO PRODUTOR,0.0
SEMENTE DE SOJA,DM 82I78,14016,TO,NORTE,2026,3,PREÇO PAGO PELO PRODUTOR,0.0
SEMENTE DE SORGO,BM 737 SEMENTES BIOM,14040,TO,NORTE,2025,11,PREÇO PAGO PELO PRODUTOR,21.9
SISTEMA DE IRRIGACAO POR,125,15513,TO,NORTE,2026,3,PREÇO PAGO PELO PRODUTOR,300000.0
SISTEMA DE IRRIGACAO POR,NÃO INFORMADO,15442,RO,NORTE,2025,10,PREÇO PAGO PELO PRODUTOR,
SISTEMA DE IRRIGACAO POR,NÃO INFORMADO,15442,RO,NORTE,2025,11,PREÇO PAGO PELO PRODUTOR,
SOJA,EM GRÃOS,4744,AP,NORTE,2025,9,PREÇO RECEBIDO P/ PRODUTOR,1.87
SOJA,EM GRÃOS,4744,PA,NORTE,2025,9,PREÇO RECEBIDO P/ PRODUTOR,2.03
SOJA,EM GRÃOS,4744,RO,NORTE,2025,9,PREÇO RECEBIDO P/ PRODUTOR,1.97
SOJA,EM GRÃOS,4744,RR,NORTE,2025,9,PREÇO RECEBIDO P/ PRODUTOR,2.29
SOJA,EM GRÃOS,4744,TO,NORTE,2025,9,PREÇO RECEBIDO P/ PRODUTOR,2.12
SOJA,EM GRÃOS,4744,AP,NORTE,2025,10,PREÇO RECEBIDO P/ PRODUTOR,2.0
SOJA,EM GRÃOS,4744,PA,NORTE,2025,10,PREÇO RECEBIDO P/ PRODUTOR,2.05
SOJA,EM GRÃOS,4744,RO,NORTE,2025,10,PREÇO RECEBIDO P/ PRODUTOR,2.0
SOJA,EM GRÃOS,4744,RR,NORTE,2025,10,PREÇO RECEBIDO P/ PRODUTOR,2.29
SOJA,EM GRÃOS,4744,TO,NORTE,2025,10,PREÇO RECEBIDO P/ PRODUTOR,2.1
SOJA,EM GRÃOS,4744,AP,NORTE,2025,11,PREÇO RECEBIDO P/ PRODUTOR,1.97
SOJA,EM GRÃOS,4744,PA,NORTE,2025,11,PREÇO RECEBIDO P/ PRODUTOR,2.07
SOJA,EM GRÃOS,4744,RO,NORTE,2025,11,PREÇO RECEBIDO P/ PRODUTOR,1.94
SOJA,EM GRÃOS,4744,RR,NORTE,2025,11,PREÇO RECEBIDO P/ PRODUTOR,2.29
SOJA,EM GRÃOS,4744,TO,NORTE,2025,11,PREÇO RECEBIDO P/ PRODUTOR,2.09
SOJA,EM GRÃOS,4744,AP,NORTE,2025,12,PREÇO RECEBIDO P/ PRODUTOR,1.97
SOJA,EM GRÃOS,4744,PA,NORTE,2025,12,PREÇO RECEBIDO P/ PRODUTOR,2.1
SOJA,EM GRÃOS,4744,RO,NORTE,2025,12,PREÇO RECEBIDO P/ PRODUTOR,1.95
SOJA,EM GRÃOS,4744,TO,NORTE,2025,12,PREÇO RECEBIDO P/ PRODUTOR,2.05
SOJA,EM GRÃOS,4744,AP,NORTE,2026,1,PREÇO RECEBIDO P/ PRODUTOR,1.99
SOJA,EM GRÃOS,4744,PA,NORTE,2026,1,PREÇO RECEBIDO P/ PRODUTOR,2.0
SOJA,EM GRÃOS,4744,RO,NORTE,2026,1,PREÇO RECEBIDO P/ PRODUTOR,1.89
SOJA,EM GRÃOS,4744,RR,NORTE,2026,1,PREÇO RECEBIDO P/ PRODUTOR,2.59
SOJA,EM GRÃOS,4744,TO,NORTE,2026,1,PREÇO RECEBIDO P/ PRODUTOR,1.92
SOJA,EM GRÃOS,4744,AP,NORTE,2026,2,PREÇO RECEBIDO P/ PRODUTOR,1.97
SOJA,EM GRÃOS,4744,PA,NORTE,2026,2,PREÇO RECEBIDO P/ PRODUTOR,1.96
SOJA,EM GRÃOS,4744,RO,NORTE,2026,2,PREÇO RECEBIDO P/ PRODUTOR,1.79
SOJA,EM GRÃOS,4744,TO,NORTE,2026,2,PREÇO RECEBIDO P/ PRODUTOR,1.72
SOJA,EM GRÃOS,4744,AP,NORTE,2026,3,PREÇO RECEBIDO P/ PRODUTOR,1.99
SOJA,EM GRÃOS,4744,PA,NORTE,2026,3,PREÇO RECEBIDO P/ PRODUTOR,1.98
SOJA,EM GRÃOS,4744,RO,NORTE,2026,3,PREÇO RECEBIDO P/ PRODUTOR,1.79
SOJA,EM GRÃOS,4744,TO,NORTE,2026,3,PREÇO RECEBIDO P/ PRODUTOR,1.75
SOJA,EM GRÃOS,4744,AP,NORTE,2026,4,PREÇO RECEBIDO P/ PRODUTOR,2.1
SOJA,EM GRÃOS,4744,PA,NORTE,2026,4,PREÇO RECEBIDO P/ PRODUTOR,1.94
SOJA,EM GRÃOS,4744,RO,NORTE,2026,4,PREÇO RECEBIDO P/ PRODUTOR,1.8
SOJA,EM GRÃOS,4744,TO,NORTE,2026,4,PREÇO RECEBIDO P/ PRODUTOR,1.75
SOJA,EM GRÃOS,4744,AP,NORTE,2026,5,PREÇO RECEBIDO P/ PRODUTOR,2.17
SOJA,EM GRÃOS,4744,PA,NORTE,2026,5,PREÇO RECEBIDO P/ PRODUTOR,1.92
SOJA,EM GRÃOS,4744,RO,NORTE,2026,5,PREÇO RECEBIDO P/ PRODUTOR,1.91
SOJA,EM GRÃOS,4744,TO,NORTE,2026,5,PREÇO RECEBIDO P/ PRODUTOR,1.8
SOJA,EM GRÃOS,4744,AP,NORTE,2026,6,PREÇO RECEBIDO P/ PRODUTOR,2.12
SOJA,EM GRÃOS,4744,PA,NORTE,2026,6,PREÇO RECEBIDO P/ PRODUTOR,1.92
SOJA,EM GRÃOS,4744,RO,NORTE,2026,6,PREÇO RECEBIDO P/ PRODUTOR,1.9
SOJA,EM GRÃOS,4744,TO,NORTE,2026,6,PREÇO RECEBIDO P/ PRODUTOR,1.83
SOJA,EM GRÃOS,4744,AP,NORTE,2026,7,PREÇO RECEBIDO P/ PRODUTOR,2.12
SOJA,EM GRÃOS,4744,PA,NORTE,2026,7,PREÇO RECEBIDO P/ PRODUTOR,1.94
SOJA,EM GRÃOS,4744,RO,NORTE,2026,7,PREÇO RECEBIDO P/ PRODUTOR,1.75
SOJA,EM GRÃOS,4744,TO,NORTE,2026,7,PREÇO RECEBIDO P/ PRODUTOR,1.93
SOJA,EM GRÃOS,4744,PA,NORTE,2026,8,PREÇO RECEBIDO P/ PRODUTOR,2.06
SOJA,EM GRÃOS,4744,RO,NORTE,2026,8,PREÇO RECEBIDO P/ PRODUTOR,1.77
SOJA,EM GRÃOS,4744,TO,NORTE,2026,8,PREÇO RECEBIDO P/ PRODUTOR,2.11
SORGO GRANIFERO,EM GRÃOS,4745,TO,NORTE,2025,9,PREÇO RECEBIDO P/ PRODUTOR,0.58
SORGO GRANIFERO,EM GRÃOS,4745,TO,NORTE,2025,10,PREÇO RECEBIDO P/ PRODUTOR,0.54
SORGO GRANIFERO,EM GRÃOS,4745,TO,NORTE,2025,11,PREÇO RECEBIDO P/ PRODUTOR,0.53
SORGO GRANIFERO,EM GRÃOS,4745,TO,NORTE,2025,12,PREÇO RECEBIDO P/ PRODUTOR,0.51
SORGO GRANIFERO,EM GRÃOS,4745,TO,NORTE,2026,1,PREÇO RECEBIDO P/ PRODUTOR,0.73
SORGO GRANIFERO,EM GRÃOS,4745,TO,NORTE,2026,2,PREÇO RECEBIDO P/ PRODUTOR,0.65
SORGO GRANIFERO,EM GRÃOS,4745,TO,NORTE,2026,3,PREÇO RECEBIDO P/ PRODUTOR,0.65
SORGO GRANIFERO,EM GRÃOS,4745,TO,NORTE,2026,4,PREÇO RECEBIDO P/ PRODUTOR,0.65
SORGO GRANIFERO,EM GRÃOS,4745,TO,NORTE,2026,5,PREÇO RECEBIDO P/ PRODUTOR,0.65
SORGO GRANIFERO,EM GRÃOS,4745,TO,NORTE,2026,6,PREÇO RECEBIDO P/ PRODUTOR,0.64
SORGO GRANIFERO,EM GRÃOS,4745,TO,NORTE,2026,7,PREÇO RECEBIDO P/ PRODUTOR,0.6
SORGO GRANIFERO,EM GRÃOS,4745,TO,NORTE,2026,8,PREÇO RECEBIDO P/ PRODUTOR,0.63
SPERTO,NÃO INFORMADO,12049,TO,NORTE,2025,11,PREÇO PAGO PELO PRODUTOR,180.1
SPERTO,NÃO INFORMADO,12049,TO,NORTE,2026,2,PREÇO PAGO PELO PRODUTOR,180.1
SPERTO,NÃO INFORMADO,12049,TO,NORTE,2026,3,PREÇO PAGO PELO PRODUTOR,180.1
STAM 800 WG,NÃO INFORMADO,15511,TO,NORTE,2026,2,PREÇO PAGO PELO PRODUTOR,75.0
STAM 800 WG,NÃO INFORMADO,15511,TO,NORTE,2026,3,PREÇO PAGO PELO PRODUTOR,75.0
SULFATO DE AMONIO,29 %,12585,RO,NORTE,2025,10,PREÇO PAGO PELO PRODUTOR,3.25
SULFATO DE AMONIO,29 %,12585,RO,NORTE,2025,11,PREÇO PAGO PELO PRODUTOR,3.25
SULFATO DE AMONIO,NÃO INFORMADO,4566,TO,NORTE,2025,11,PREÇO PAGO PELO PRODUTOR,1.95
SULFATO DE AMONIO,NÃO INFORMADO,4566,TO,NORTE,2026,2,PREÇO PAGO PELO PRODUTOR,2.2
SULFATO DE AMONIO,NÃO INFORMADO,4566,TO,NORTE,2026,3,PREÇO PAGO PELO PRODUTOR,2.2
SULFATO DE MAGNESIO,NÃO INFORMADO,4569,RO,NORTE,2025,10,PREÇO PAGO PELO PRODUTOR,3.88
SULFATO DE MAGNESIO,NÃO INFORMADO,4569,RO,NORTE,2025,11,PREÇO PAGO PELO PRODUTOR,3.88
SULFATO DE ZINCO,20%,15437,RO,NORTE,2025,10,PREÇO PAGO PELO PRODUTOR,8.8
SULFATO DE ZINCO,20%,15437,RO,NORTE,2025,11,PREÇO PAGO PELO PRODUTOR,8.8
SUPERFOSFATO SIMPLES,NÃO INFORMADO,4573,RO,NORTE,2025,10,PREÇO PAGO PELO PRODUTOR,3.82
SUPERFOSFATO SIMPLES,NÃO INFORMADO,4573,RO,NORTE,2025,10,PREÇO PAGO PELO PRODUTOR,3.5
SUPERFOSFATO SIMPLES,NÃO INFORMADO,4573,RO,NORTE,2025,11,PREÇO PAGO PELO PRODUTOR,3.5
SUPERFOSFATO SIMPLES,NÃO INFORMADO,4573,RO,NORTE,2025,11,PREÇO PAGO PELO PRODUTOR,3.82
TALISMAN,NÃO INFORMADO,10281,TO,NORTE,2025,11,PREÇO PAGO PELO PRODUTOR,115.2
TALISMAN,NÃO INFORMADO,10281,TO,NORTE,2026,2,PREÇO PAGO PELO PRODUTOR,115.2
TALISMAN,NÃO INFORMADO,10281,TO,NORTE,2026,3,PREÇO PAGO PELO PRODUTOR,115.2
TANQUE DE COMBUSTIVEL,10.000 LITROS,14043,TO,NORTE,2025,11,PREÇO PAGO PELO PRODUTOR,40000.0
TANQUE DE COMBUSTIVEL,10.000 LITROS,14043,TO,NORTE,2026,2,PREÇO PAGO PELO PRODUTOR,40000.0
TANQUE DE COMBUSTIVEL,10.000 LITROS,14043,TO,NORTE,2026,3,PREÇO PAGO PELO PRODUTOR,40000.0
TECIDO SINTETICO,NAPA,14943,AC,NORTE,2026,7,PREÇO PAGO PELO PRODUTOR,
TENIS,PARA SUBIR NO AÇAIZE,14096,PA,NORTE,2026,7,PREÇO PAGO PELO PRODUTOR,
TERRA NUA,NÃO INFORMADO,8981,PA,NORTE,2025,9,PREÇO PAGO PELO PRODUTOR,
TERRA NUA,NÃO INFORMADO,8981,RO,NORTE,2025,10,PREÇO PAGO PELO PRODUTOR,
TERRA NUA,CAFÉ IRRIGADO,12477,RO,NORTE,2025,10,PREÇO PAGO PELO PRODUTOR,
TERRA NUA,CAFÉ IRRIGADO,12477,RO,NORTE,2025,11,PREÇO PAGO PELO PRODUTOR,
TERRA NUA,NÃO INFORMADO,8981,TO,NORTE,2025,11,PREÇO PAGO PELO PRODUTOR,
TERRA NUA,NÃO INFORMADO,8981,TO,NORTE,2026,2,PREÇO PAGO PELO PRODUTOR,
TERRA NUA,NÃO INFORMADO,8981,AM,NORTE,2026,3,PREÇO PAGO PELO PRODUTOR,
TERRA NUA,NÃO INFORMADO,8981,PA,NORTE,2026,3,PREÇO PAGO PELO PRODUTOR,
TERRA NUA,NÃO INFORMADO,8981,TO,NORTE,2026,3,PREÇO PAGO PELO PRODUTOR,
TERRA NUA,NÃO INFORMADO,8981,PA,NORTE,2026,5,PREÇO PAGO PELO PRODUTOR,
TERRA NUA,EXTRATIVISMO,12422,AC,NORTE,2026,7,PREÇO PAGO PELO PRODUTOR,
TERRA NUA,NÃO INFORMADO,8981,AM,NORTE,2026,7,PREÇO PAGO PELO PRODUTOR,
TERRA NUA,NÃO INFORMADO,8981,PA,NORTE,2026,7,PREÇO PAGO PELO PRODUTOR,
TERRA NUA,EXTRATIVISMO,12422,PA,NORTE,2026,7,PREÇO PAGO PELO PRODUTOR,
TIGER 100 EC,EC 100 G/L + 800 G/L,10323,TO,NORTE,2025,11,PREÇO PAGO PELO PRODUTOR,38.2
TIGER 100 EC,EC 100 G/L + 800 G/L,10323,TO,NORTE,2026,3,PREÇO PAGO PELO PRODUTOR,37.4
TOMATE,NÃO INFORMADO,4667,AC,NORTE,2025,9,VAREJO,8.66
TOMATE,NÃO INFORMADO,4667,AM,NORTE,2025,9,VAREJO,8.55
TOMATE,NÃO INFORMADO,4667,AP,NORTE,2025,9,VAREJO,10.19
TOMATE,NÃO INFORMADO,4667,PA,NORTE,2025,9,VAREJO,8.56
TOMATE,NÃO INFORMADO,4667,RO,NORTE,2025,9,VAREJO,8.53
TOMATE,NÃO INFORMADO,4667,RR,NORTE,2025,9,VAREJO,10.09
TOMATE,NÃO INFORMADO,4667,RR,NORTE,2025,9,PREÇO RECEBIDO P/ PRODUTOR,13.26
TOMATE,NÃO INFORMADO,4667,TO,NORTE,2025,9,VAREJO,5.37
TOMATE,NÃO INFORMADO,4667,AC,NORTE,2025,10,VAREJO,9.05
TOMATE,NÃO INFORMADO,4667,AM,NORTE,2025,10,VAREJO,8.23
TOMATE,NÃO INFORMADO,4667,AP,NORTE,2025,10,VAREJO,10.22
TOMATE,NÃO INFORMADO,4667,PA,NORTE,2025,10,VAREJO,7.93
TOMATE,NÃO INFORMADO,4667,RO,NORTE,2025,10,VAREJO,8.3
TOMATE,NÃO INFORMADO,4667,RR,NORTE,2025,10,VAREJO,9.96
TOMATE,NÃO INFORMADO,4667,RR,NORTE,2025,10,PREÇO RECEBIDO P/ PRODUTOR,13.05
TOMATE,NÃO INFORMADO,4667,TO,NORTE,2025,10,VAREJO,6.86
TOMATE,NÃO INFORMADO,4667,AC,NORTE,2025,11,VAREJO,9.06
TOMATE,NÃO INFORMADO,4667,AM,NORTE,2025,11,VAREJO,7.94
TOMATE,NÃO INFORMADO,4667,AP,NORTE,2025,11,VAREJO,7.79
TOMATE,NÃO INFORMADO,4667,PA,NORTE,2025,11,VAREJO,7.62
TOMATE,NÃO INFORMADO,4667,RO,NORTE,2025,11,VAREJO,7.84
TOMATE,NÃO INFORMADO,4667,RR,NORTE,2025,11,PREÇO RECEBIDO P/ PRODUTOR,10.99
TOMATE,NÃO INFORMADO,4667,RR,NORTE,2025,11,VAREJO,9.64
TOMATE,NÃO INFORMADO,4667,TO,NORTE,2025,11,VAREJO,5.75
TOMATE,NÃO INFORMADO,4667,AC,NORTE,2025,12,VAREJO,8.27
TOMATE,NÃO INFORMADO,4667,AM,NORTE,2025,12,VAREJO,7.22
TOMATE,NÃO INFORMADO,4667,AP,NORTE,2025,12,VAREJO,7.99
TOMATE,NÃO INFORMADO,4667,PA,NORTE,2025,12,VAREJO,7.26
TOMATE,NÃO INFORMADO,4667,RO,NORTE,2025,12,VAREJO,5.82
TOMATE,NÃO INFORMADO,4667,RR,NORTE,2025,12,VAREJO,8.86
TOMATE,NÃO INFORMADO,4667,RR,NORTE,2025,12,PREÇO RECEBIDO P/ PRODUTOR,11.2
TOMATE,NÃO INFORMADO,4667,TO,NORTE,2025,12,VAREJO,5.62
TOMATE,NÃO INFORMADO,4667,AC,NORTE,2026,1,VAREJO,8.6
TOMATE,NÃO INFORMADO,4667,AM,NORTE,2026,1,VAREJO,8.8
TOMATE,NÃO INFORMADO,4667,AP,NORTE,2026,1,VAREJO,8.56
TOMATE,NÃO INFORMADO,4667,PA,NORTE,2026,1,VAREJO,8.14
TOMATE,NÃO INFORMADO,4667,RO,NORTE,2026,1,VAREJO,7.29
TOMATE,NÃO INFORMADO,4667,RR,NORTE,2026,1,PREÇO RECEBIDO P/ PRODUTOR,10.61
TOMATE,NÃO INFORMADO,4667,RR,NORTE,2026,1,VAREJO,9.47
TOMATE,NÃO INFORMADO,4667,TO,NORTE,2026,1,VAREJO,7.87
TOMATE,NÃO INFORMADO,4667,AC,NORTE,2026,2,VAREJO,8.68
TOMATE,NÃO INFORMADO,4667,AM,NORTE,2026,2,VAREJO,8.16
TOMATE,NÃO INFORMADO,4667,AP,NORTE,2026,2,VAREJO,8.4
TOMATE,NÃO INFORMADO,4667,PA,NORTE,2026,2,VAREJO,7.87
TOMATE,NÃO INFORMADO,4667,RO,NORTE,2026,2,VAREJO,7.18
TOMATE,NÃO INFORMADO,4667,RR,NORTE,2026,2,PREÇO RECEBIDO P/ PRODUTOR,7.5
TOMATE,NÃO INFORMADO,4667,RR,NORTE,2026,2,VAREJO,9.48
TOMATE,NÃO INFORMADO,4667,TO,NORTE,2026,2,VAREJO,8.23
TOMATE,NÃO INFORMADO,4667,AC,NORTE,2026,3,VAREJO,9.23
TOMATE,NÃO INFORMADO,4667,AM,NORTE,2026,3,VAREJO,11.2
TOMATE,NÃO INFORMADO,4667,AP,NORTE,2026,3,VAREJO,9.05
TOMATE,NÃO INFORMADO,4667,PA,NORTE,2026,3,VAREJO,9.09
TOMATE,NÃO INFORMADO,4667,RO,NORTE,2026,3,VAREJO,8.35
TOMATE,NÃO INFORMADO,4667,RR,NORTE,2026,3,PREÇO RECEBIDO P/ PRODUTOR,5.5
TOMATE,NÃO INFORMADO,4667,RR,NORTE,2026,3,VAREJO,10.69
TOMATE,NÃO INFORMADO,4667,TO,NORTE,2026,3,VAREJO,9.13
TOMATE,NÃO INFORMADO,4667,AC,NORTE,2026,4,VAREJO,10.16
TOMATE,NÃO INFORMADO,4667,AM,NORTE,2026,4,VAREJO,12.36
TOMATE,NÃO INFORMADO,4667,AP,NORTE,2026,4,VAREJO,10.2
TOMATE,NÃO INFORMADO,4667,PA,NORTE,2026,4,VAREJO,10.4
TOMATE,NÃO INFORMADO,4667,RO,NORTE,2026,4,VAREJO,10.19
TOMATE,NÃO INFORMADO,4667,RR,NORTE,2026,4,PREÇO RECEBIDO P/ PRODUTOR,5.57
TOMATE,NÃO INFORMADO,4667,RR,NORTE,2026,4,VAREJO,12.23
TOMATE,NÃO INFORMADO,4667,TO,NORTE,2026,4,VAREJO,9.42
TOMATE,NÃO INFORMADO,4667,AC,NORTE,2026,5,VAREJO,12.02
TOMATE,NÃO INFORMADO,4667,AM,NORTE,2026,5,VAREJO,13.59
TOMATE,NÃO INFORMADO,4667,AP,NORTE,2026,5,VAREJO,10.98
TOMATE,NÃO INFORMADO,4667,PA,NORTE,2026,5,VAREJO,12.29
TOMATE,NÃO INFORMADO,4667,RO,NORTE,2026,5,VAREJO,11.9
TOMATE,NÃO INFORMADO,4667,RR,NORTE,2026,5,PREÇO RECEBIDO P/ PRODUTOR,7.0
TOMATE,NÃO INFORMADO,4667,RR,NORTE,2026,5,VAREJO,13.54
TOMATE,NÃO INFORMADO,4667,TO,NORTE,2026,5,VAREJO,11.25
TOMATE,NÃO INFORMADO,4667,AC,NORTE,2026,6,VAREJO,12.71
TOMATE,NÃO INFORMADO,4667,AM,NORTE,2026,6,VAREJO,13.51
TOMATE,NÃO INFORMADO,4667,AP,NORTE,2026,6,VAREJO,11.04
TOMATE,NÃO INFORMADO,4667,PA,NORTE,2026,6,VAREJO,12.45
TOMATE,NÃO INFORMADO,4667,RO,NORTE,2026,6,VAREJO,12.46
TOMATE,NÃO INFORMADO,4667,RR,NORTE,2026,6,VAREJO,14.22
TOMATE,NÃO INFORMADO,4667,RR,NORTE,2026,6,PREÇO RECEBIDO P/ PRODUTOR,8.45
TOMATE,NÃO INFORMADO,4667,TO,NORTE,2026,6,VAREJO,12.36
TOMATE,NÃO INFORMADO,4667,AC,NORTE,2026,7,VAREJO,11.61
TOMATE,NÃO INFORMADO,4667,AM,NORTE,2026,7,VAREJO,10.3
TOMATE,NÃO INFORMADO,4667,AP,NORTE,2026,7,VAREJO,10.71
TOMATE,NÃO INFORMADO,4667,PA,NORTE,2026,7,VAREJO,9.61
TOMATE,NÃO INFORMADO,4667,RO,NORTE,2026,7,VAREJO,10.87
TOMATE,NÃO INFORMADO,4667,RR,NORTE,2026,7,PREÇO RECEBIDO P/ PRODUTOR,9.1
TOMATE,NÃO INFORMADO,4667,RR,NORTE,2026,7,VAREJO,11.95
TOMATE,NÃO INFORMADO,4667,TO,NORTE,2026,7,VAREJO,7.47
TOMATE,NÃO INFORMADO,4667,AC,NORTE,2026,8,VAREJO,8.6
TOMATE,NÃO INFORMADO,4667,AM,NORTE,2026,8,VAREJO,7.52
TOMATE,NÃO INFORMADO,4667,AP,NORTE,2026,8,VAREJO,10.19
TOMATE,NÃO INFORMADO,4667,PA,NORTE,2026,8,VAREJO,8.07
TOMATE,NÃO INFORMADO,4667,RO,NORTE,2026,8,VAREJO,9.02
TOMATE,NÃO INFORMADO,4667,RR,NORTE,2026,8,VAREJO,9.72
TOMATE,NÃO INFORMADO,4667,RR,NORTE,2026,8,PREÇO RECEBIDO P/ PRODUTOR,9.48
TOMATE,NÃO INFORMADO,4667,TO,NORTE,2026,8,VAREJO,6.27
TRANSPORTE DA AMOSTRA DE,NÃO INFORMADO,12885,PA,NORTE,2026,3,PREÇO PAGO PELO PRODUTOR,98.0
TRANSPORTE DE MUDAS,CAFÉ,14406,RO,NORTE,2025,10,PREÇO PAGO PELO PRODUTOR,
TRANSPORTE DE MUDAS,CAFÉ,14406,RO,NORTE,2025,11,PREÇO PAGO PELO PRODUTOR,
TRANSPORTE DE MUDAS,NÃO INFORMADO,8654,PA,NORTE,2026,3,PREÇO PAGO PELO PRODUTOR,
TRANSPORTE DE PESSOAS,PASSAGEM COARI ATÉ M,12292,AM,NORTE,2026,7,PREÇO PAGO PELO PRODUTOR,100.0
TRANSPORTE EXTERNO,RAIO 80 KM,12101,PA,NORTE,2025,9,PREÇO PAGO PELO PRODUTOR,0.06
TRANSPORTE EXTERNO,NÃO INFORMADO,6196,TO,NORTE,2025,11,PREÇO PAGO PELO PRODUTOR,0.07
TRANSPORTE EXTERNO,RAIO 30 KM,6212,TO,NORTE,2025,11,PREÇO PAGO PELO PRODUTOR,0.06
TRANSPORTE EXTERNO,NÃO INFORMADO,6196,TO,NORTE,2026,2,PREÇO PAGO PELO PRODUTOR,0.07
TRANSPORTE EXTERNO,RAIO 30 KM,6212,TO,NORTE,2026,3,PREÇO PAGO PELO PRODUTOR,0.06
TRANSPORTE EXTERNO,NÃO INFORMADO,6196,TO,NORTE,2026,3,PREÇO PAGO PELO PRODUTOR,0.07
TRANSPORTE EXTERNO,CASTANHA DO BRASIL,11674,AC,NORTE,2026,7,PREÇO PAGO PELO PRODUTOR,0.5
TRANSPORTE EXTERNO,BORRACHA,14946,AC,NORTE,2026,7,PREÇO PAGO PELO PRODUTOR,2.5
TRANSPORTE EXTERNO,AÇAÍ DE BARCO,15329,AM,NORTE,2026,7,PREÇO PAGO PELO PRODUTOR,0.4
TRANSPORTE EXTERNO,CACAU COARI ATÉ MANA,12293,AM,NORTE,2026,7,PREÇO PAGO PELO PRODUTOR,0.17
TRANSPORTE EXTERNO,AÇAÍ DE MOTOCICLETA,15330,AM,NORTE,2026,7,PREÇO PAGO PELO PRODUTOR,0.2
TRANSPORTE EXTERNO,NÃO INFORMADO,6196,AM,NORTE,2026,7,PREÇO PAGO PELO PRODUTOR,0.21
TRANSPORTE EXTERNO,NÃO INFORMADO,6196,PA,NORTE,2026,7,PREÇO PAGO PELO PRODUTOR,0.21
TRANSPORTE EXTERNO,ANDIROBA DA COMUNIDA,13896,PA,NORTE,2026,7,PREÇO PAGO PELO PRODUTOR,
TRANSPORTE INTERNO,NÃO INFORMADO,4617,RO,NORTE,2025,10,PREÇO PAGO PELO PRODUTOR,
TRANSPORTE INTERNO,NÃO INFORMADO,4617,RO,NORTE,2025,11,PREÇO PAGO PELO PRODUTOR,
TRAPICHO,COM COBERTURA,14088,PA,NORTE,2026,7,PREÇO PAGO PELO PRODUTOR,
TRAPICHO,COMPRIMENTO 7 METROS,15571,PA,NORTE,2026,7,PREÇO PAGO PELO PRODUTOR,20000.0
TRATOR,105,14524,PA,NORTE,2025,9,PREÇO PAGO PELO PRODUTOR,390000.0
TRATOR,140 4X4 NEW HOLLAND,5138,TO,NORTE,2025,11,PREÇO PAGO PELO PRODUTOR,530000.0
TRATOR,126 4X4 MASSEY FERGU,10973,TO,NORTE,2025,11,PREÇO PAGO PELO PRODUTOR,431800.0
TRATOR,110 4X4 NEW HOLLAND,14011,TO,NORTE,2025,11,PREÇO PAGO PELO PRODUTOR,358300.0
TRATOR,205,14012,TO,NORTE,2025,11,PREÇO PAGO PELO PRODUTOR,798000.0
TRATOR,180 4X4 NEW HOLLAND,13971,TO,NORTE,2025,11,PREÇO PAGO PELO PRODUTOR,795000.0
TRATOR,"110 CABINADO, COM GP",13967,TO,NORTE,2025,11,PREÇO PAGO PELO PRODUTOR,368000.0
TRATOR,140 4X4 NEW HOLLAND,5138,TO,NORTE,2026,2,PREÇO PAGO PELO PRODUTOR,680000.0
TRATOR,125 4X4 NEW HOLLAND,5137,TO,NORTE,2026,2,PREÇO PAGO PELO PRODUTOR,530000.0
TRATOR,180 4X4 NEW HOLLAND,13971,TO,NORTE,2026,2,PREÇO PAGO PELO PRODUTOR,795000.0
TRATOR,"110 CABINADO, COM GP",13967,TO,NORTE,2026,2,PREÇO PAGO PELO PRODUTOR,500000.0
TRATOR,126 4X4 MASSEY FERGU,10973,TO,NORTE,2026,3,PREÇO PAGO PELO PRODUTOR,425000.0
TRATOR,140 4X4 NEW HOLLAND,5138,TO,NORTE,2026,3,PREÇO PAGO PELO PRODUTOR,680000.0
TRATOR,"110 CABINADO, COM GP",13967,TO,NORTE,2026,3,PREÇO PAGO PELO PRODUTOR,500000.0
TRATOR,205,14012,TO,NORTE,2026,3,PREÇO PAGO PELO PRODUTOR,710000.0
TRATOR,180 4X4 NEW HOLLAND,13971,TO,NORTE,2026,3,PREÇO PAGO PELO PRODUTOR,795000.0
TRATOR,110 4X4 NEW HOLLAND,14011,TO,NORTE,2026,3,PREÇO PAGO PELO PRODUTOR,360500.0
TRATORISTA,NÃO INFORMADO,9084,AM,NORTE,2026,7,PREÇO PAGO PELO PRODUTOR,
TRATORISTA SEM ENCARGOS,NÃO INFORMADO,9253,PA,NORTE,2025,9,PREÇO PAGO PELO PRODUTOR,
TRATORISTA SEM ENCARGOS,AGRICULTURA FAMILIAR,11494,RO,NORTE,2025,10,PREÇO PAGO PELO PRODUTOR,
TRATORISTA SEM ENCARGOS,NÃO INFORMADO,9253,RO,NORTE,2025,10,PREÇO PAGO PELO PRODUTOR,
TRATORISTA SEM ENCARGOS,NÃO INFORMADO,9253,TO,NORTE,2025,11,PREÇO PAGO PELO PRODUTOR,
TRATORISTA SEM ENCARGOS,NÃO INFORMADO,9253,TO,NORTE,2026,2,PREÇO PAGO PELO PRODUTOR,
TRATORISTA SEM ENCARGOS,NÃO INFORMADO,9253,AM,NORTE,2026,3,PREÇO PAGO PELO PRODUTOR,
TRATORISTA SEM ENCARGOS,AGRICULTURA FAMILIAR,11494,PA,NORTE,2026,3,PREÇO PAGO PELO PRODUTOR,
TRATORISTA SEM ENCARGOS,NÃO INFORMADO,9253,PA,NORTE,2026,3,PREÇO PAGO PELO PRODUTOR,
TRATORISTA SEM ENCARGOS,NÃO INFORMADO,9253,TO,NORTE,2026,3,PREÇO PAGO PELO PRODUTOR,
TRATORISTA SEM ENCARGOS,NÃO INFORMADO,9253,PA,NORTE,2026,5,PREÇO PAGO PELO PRODUTOR,
TRATORISTA SEM ENCARGOS,AGRICULTURA FAMILIAR,11494,AC,NORTE,2026,7,PREÇO PAGO PELO PRODUTOR,
TRATORISTA SEM ENCARGOS,NÃO INFORMADO,9253,AC,NORTE,2026,7,PREÇO PAGO PELO PRODUTOR,
TRATORISTA SEM ENCARGOS,NÃO INFORMADO,9253,AM,NORTE,2026,7,PREÇO PAGO PELO PRODUTOR,
TRATORISTA SEM ENCARGOS,NÃO INFORMADO,9253,PA,NORTE,2026,7,PREÇO PAGO PELO PRODUTOR,
TULHA DE MADEIRA,NÃO INFORMADO,4407,RO,NORTE,2025,10,PREÇO PAGO PELO PRODUTOR,
TULHA DE MADEIRA,NÃO INFORMADO,4407,RO,NORTE,2025,11,PREÇO PAGO PELO PRODUTOR,
UREIA,NÃO INFORMADO,4579,RO,NORTE,2025,10,PREÇO PAGO PELO PRODUTOR,10.28
UREIA,NÃO INFORMADO,4579,RO,NORTE,2025,11,PREÇO PAGO PELO PRODUTOR,10.28
UREIA,PARA COBERTURA,13565,TO,NORTE,2025,11,PREÇO PAGO PELO PRODUTOR,2.98
UREIA,PARA COBERTURA,13565,TO,NORTE,2026,2,PREÇO PAGO PELO PRODUTOR,3.3
UREIA,PARA COBERTURA,13565,TO,NORTE,2026,3,PREÇO PAGO PELO PRODUTOR,3.3
UREIA 45,NÃO INFORMADO,4580,PA,NORTE,2026,3,PREÇO PAGO PELO PRODUTOR,5.0
VALETADEIRA,"ROTATIVA - COMP. 2,1",15506,TO,NORTE,2026,2,PREÇO PAGO PELO PRODUTOR,35000.0
VALETADEIRA,"ROTATIVA - COMP. 2,1",15506,TO,NORTE,2026,3,PREÇO PAGO PELO PRODUTOR,35000.0
VARA,10 M,13913,AM,NORTE,2026,3,PREÇO PAGO PELO PRODUTOR,55.0
VEGET OIL,NÃO INFORMADO,7161,TO,NORTE,2025,11,PREÇO PAGO PELO PRODUTOR,27.05
VEGET OIL,OIL 930 G/L ÓLEO MIN,7162,TO,NORTE,2026,2,PREÇO PAGO PELO PRODUTOR,66.0
VEGET OIL,NÃO INFORMADO,7161,TO,NORTE,2026,2,PREÇO PAGO PELO PRODUTOR,66.0
VEGET OIL,OIL 930 G/L ÓLEO MIN,7162,TO,NORTE,2026,3,PREÇO PAGO PELO PRODUTOR,66.0
VEGET OIL,NÃO INFORMADO,7161,TO,NORTE,2026,3,PREÇO PAGO PELO PRODUTOR,66.0
VERDADERO,600 WG 300 G/KG TIAM,8480,RO,NORTE,2025,10,PREÇO PAGO PELO PRODUTOR,535.0
VERDADERO,600 WG 300 G/KG TIAM,8480,RO,NORTE,2025,11,PREÇO PAGO PELO PRODUTOR,535.0
VITAPHIX POWER,NÃO INFORMADO,15510,TO,NORTE,2026,2,PREÇO PAGO PELO PRODUTOR,97.0
VITAPHIX POWER,NÃO INFORMADO,15510,TO,NORTE,2026,3,PREÇO PAGO PELO PRODUTOR,97.0
ZAPP QI 620,NÃO INFORMADO,10589,TO,NORTE,2025,11,PREÇO PAGO PELO PRODUTOR,24.15
ZAPP QI 620,NÃO INFORMADO,10589,TO,NORTE,2026,3,PREÇO PAGO PELO PRODUTOR,23.5
ZARTAN,NÃO INFORMADO,11817,TO,NORTE,2025,11,PREÇO PAGO PELO PRODUTOR,631.4
ZARTAN,NÃO INFORMADO,11817,TO,NORTE,2026,2,PREÇO PAGO PELO PRODUTOR,631.4
ZARTAN,NÃO INFORMADO,11817,TO,NORTE,2026,3,PREÇO PAGO PELO PRODUTOR,631.4
ZINCO AGRICHEM,NÃO INFORMADO,13979,TO,NORTE,2025,11,PREÇO PAGO PELO PRODUTOR,95.7
ZINCO AGRICHEM,NÃO INFORMADO,13979,TO,NORTE,2026,2,PREÇO PAGO PELO PRODUTOR,95.7
ZINCO AGRICHEM,NÃO INFORMADO,13979,TO,NORTE,2026,3,PREÇO PAGO PELO PRODUTOR,95.7
