uf,AnoMes,cota_media_cm,cota_max_cm,cota_min_cm,n_estacoes,n_dias,produto,classificao_produto,id_produto,regiao,ano,mes,dsc_nivel_comercializacao,valor_produto_kg
AC,2025-09,85.21111111111111,254.0,18.0,3,90,ABACAXI,PÉROLA,6320,NORTE,2025,9,PREÇO RECEBIDO P/ PRODUTOR,2.85
AC,2025-09,85.21111111111111,254.0,18.0,3,90,ACAI,FRUTO,8623,NORTE,2025,9,PREÇO RECEBIDO P/ PRODUTOR,1.97
AC,2025-09,85.21111111111111,254.0,18.0,3,90,ACUCAR,CRISTAL,4218,NORTE,2025,9,ATACADO,3.56
AC,2025-09,85.21111111111111,254.0,18.0,3,90,ACUCAR,CRISTAL,4218,NORTE,2025,9,VAREJO,4.15
AC,2025-09,85.21111111111111,254.0,18.0,3,90,ARROZ,LONGO FINO TIPO 1 BE,4693,NORTE,2025,9,VAREJO,5.1
AC,2025-09,85.21111111111111,254.0,18.0,3,90,ARROZ,LONGO FINO TIPO 1 BE,4693,NORTE,2025,9,ATACADO,4.23
AC,2025-09,85.21111111111111,254.0,18.0,3,90,BANANA,PRATA,4629,NORTE,2025,9,VAREJO,8.02
AC,2025-09,85.21111111111111,254.0,18.0,3,90,BANANA,NANICA,4627,NORTE,2025,9,VAREJO,1.36
AC,2025-09,85.21111111111111,254.0,18.0,3,90,BANANA,NANICA,4627,NORTE,2025,9,VAREJO,9.04
AC,2025-09,85.21111111111111,254.0,18.0,3,90,BANANA,PRATA,4629,NORTE,2025,9,PREÇO RECEBIDO P/ PRODUTOR,1.89
AC,2025-09,85.21111111111111,254.0,18.0,3,90,BANANA,PRATA,4629,NORTE,2025,9,VAREJO,0.8
AC,2025-09,85.21111111111111,254.0,18.0,3,90,BATATA-DOCE,NÃO INFORMADO,9787,NORTE,2025,9,PREÇO RECEBIDO P/ PRODUTOR,0.41
AC,2025-09,85.21111111111111,254.0,18.0,3,90,BORRACHA,CERNAMBI VIRGEM PREN,7931,NORTE,2025,9,PREÇO RECEBIDO P/ PRODUTOR,3.5
AC,2025-09,85.21111111111111,254.0,18.0,3,90,BURITI,FRUTO,11117,NORTE,2025,9,PREÇO RECEBIDO P/ PRODUTOR,0.91
AC,2025-09,85.21111111111111,254.0,18.0,3,90,CAFE,CONILLON,7090,NORTE,2025,9,PREÇO RECEBIDO P/ PRODUTOR,17.09
AC,2025-09,85.21111111111111,254.0,18.0,3,90,CAFE,MOÍDO E TORRADO,4704,NORTE,2025,9,VAREJO,73.06
AC,2025-09,85.21111111111111,254.0,18.0,3,90,CAFE,MOÍDO E TORRADO,4704,NORTE,2025,9,ATACADO,78.85
AC,2025-09,85.21111111111111,254.0,18.0,3,90,CARNE BOVINA,COXÃO DURO S/OSSO,4282,NORTE,2025,9,VAREJO,30.94
AC,2025-09,85.21111111111111,254.0,18.0,3,90,CARNE BOVINA,PATINHO S/OSSO,4289,NORTE,2025,9,VAREJO,34.58
AC,2025-09,85.21111111111111,254.0,18.0,3,90,CARNE BOVINA,COXÃO MOLE S/OSSO,4283,NORTE,2025,9,VAREJO,36.08
AC,2025-09,85.21111111111111,254.0,18.0,3,90,FARINHA DE MANDIOCA,MÉDIA AMARELO (A) 1,368,NORTE,2025,9,ATACADO,5.34
AC,2025-09,85.21111111111111,254.0,18.0,3,90,FARINHA DE MANDIOCA,MÉDIA BRANCO (A) 1 S,363,NORTE,2025,9,ATACADO,6.79
AC,2025-09,85.21111111111111,254.0,18.0,3,90,FARINHA DE MANDIOCA,MÉDIA SECA BRANCA,11247,NORTE,2025,9,PREÇO RECEBIDO P/ PRODUTOR,3.07
AC,2025-09,85.21111111111111,254.0,18.0,3,90,FARINHA DE MANDIOCA,SECA AMARELA,15347,NORTE,2025,9,VAREJO,5.8
AC,2025-09,85.21111111111111,254.0,18.0,3,90,FARINHA DE TRIGO,SEM FERMENTO,14895,NORTE,2025,9,ATACADO,5.1
AC,2025-09,85.21111111111111,254.0,18.0,3,90,FEIJAO,COMUM CORES,8778,NORTE,2025,9,PREÇO RECEBIDO P/ PRODUTOR,5.69
AC,2025-09,85.21111111111111,254.0,18.0,3,90,FEIJAO,COMUM CORES TIPO 1,8779,NORTE,2025,9,VAREJO,6.62
AC,2025-09,85.21111111111111,254.0,18.0,3,90,FEIJAO,COMUM CORES TIPO 1,8779,NORTE,2025,9,ATACADO,5.92
AC,2025-09,85.21111111111111,254.0,18.0,3,90,FLOCOS DE MILHO,FLOCÃO,11241,NORTE,2025,9,ATACADO,3.09
AC,2025-09,85.21111111111111,254.0,18.0,3,90,FUBA DE MILHO,COMUM AMARELO,13334,NORTE,2025,9,ATACADO,6.32
AC,2025-09,85.21111111111111,254.0,18.0,3,90,INHAME,NÃO INFORMADO,5528,NORTE,2025,9,PREÇO RECEBIDO P/ PRODUTOR,5.87
AC,2025-09,85.21111111111111,254.0,18.0,3,90,LEITE DE VACA,EM PÓ INTEGRAL,4990,NORTE,2025,9,ATACADO,40.83
AC,2025-09,85.21111111111111,254.0,18.0,3,90,LEITE DE VACA,IN NATURA,6542,NORTE,2025,9,PREÇO RECEBIDO P/ PRODUTOR,2.72
AC,2025-09,85.21111111111111,254.0,18.0,3,90,LEITE DE VACA,LONGA VIDA INTEGRAL,4998,NORTE,2025,9,VAREJO,7.23
AC,2025-09,85.21111111111111,254.0,18.0,3,90,LEITE DE VACA,LONGA VIDA INTEGRAL,4998,NORTE,2025,9,ATACADO,6.54
AC,2025-09,85.21111111111111,254.0,18.0,3,90,MACARRAO,ESPAGUETE SÊMOLA COM,11194,NORTE,2025,9,ATACADO,11.08
AC,2025-09,85.21111111111111,254.0,18.0,3,90,MANTEIGA,NÃO INFORMADO,8626,NORTE,2025,9,VAREJO,60.04
AC,2025-09,85.21111111111111,254.0,18.0,3,90,MARACUJA,NÃO INFORMADO,4658,NORTE,2025,9,PREÇO RECEBIDO P/ PRODUTOR,5.96
AC,2025-09,85.21111111111111,254.0,18.0,3,90,MILHO,EM GRÃOS,4742,NORTE,2025,9,PREÇO RECEBIDO P/ PRODUTOR,1.58
AC,2025-09,85.21111111111111,254.0,18.0,3,90,MILHO,EM GRÃOS,4742,NORTE,2025,9,ATACADO,1.7
AC,2025-09,85.21111111111111,254.0,18.0,3,90,MURUMURU,FRUTO,11587,NORTE,2025,9,PREÇO RECEBIDO P/ PRODUTOR,0.91
AC,2025-09,85.21111111111111,254.0,18.0,3,90,OLEO DE MURUMURU,NÃO INFORMADO,11586,NORTE,2025,9,PREÇO RECEBIDO P/ PRODUTOR,50.0
AC,2025-09,85.21111111111111,254.0,18.0,3,90,OLEO DE SOJA,REFINADO,11871,NORTE,2025,9,ATACADO,9.02
AC,2025-09,85.21111111111111,254.0,18.0,3,90,OLEO DE SOJA,REFINADO,11871,NORTE,2025,9,VAREJO,9.68
AC,2025-09,85.21111111111111,254.0,18.0,3,90,OVOS DE GALINHA,GRANDE BRANCO,11167,NORTE,2025,9,ATACADO,0.76
AC,2025-09,85.21111111111111,254.0,18.0,3,90,PAO,FRANCÊS,11161,NORTE,2025,9,VAREJO,14.38
AC,2025-09,85.21111111111111,254.0,18.0,3,90,RAIZ DE MANDIOCA,DE MESA,11489,NORTE,2025,9,PREÇO RECEBIDO P/ PRODUTOR,1.2
AC,2025-09,85.21111111111111,254.0,18.0,3,90,RAIZ DE MANDIOCA,PARA FARINHA,11240,NORTE,2025,9,PREÇO RECEBIDO P/ PRODUTOR,0.62
AC,2025-09,85.21111111111111,254.0,18.0,3,90,TOMATE,NÃO INFORMADO,4667,NORTE,2025,9,VAREJO,8.66
AC,2025-10,110.56989247311827,276.0,24.0,3,93,ABACAXI,PÉROLA,6320,NORTE,2025,10,PREÇO RECEBIDO P/ PRODUTOR,2.86
AC,2025-10,110.56989247311827,276.0,24.0,3,93,ACAI,FRUTO,8623,NORTE,2025,10,PREÇO RECEBIDO P/ PRODUTOR,1.99
AC,2025-10,110.56989247311827,276.0,24.0,3,93,ACUCAR,CRISTAL,4218,NORTE,2025,10,ATACADO,3.44
AC,2025-10,110.56989247311827,276.0,24.0,3,93,ACUCAR,CRISTAL,4218,NORTE,2025,10,VAREJO,4.11
AC,2025-10,110.56989247311827,276.0,24.0,3,93,ARROZ,LONGO FINO TIPO 1 BE,4693,NORTE,2025,10,VAREJO,5.08
AC,2025-10,110.56989247311827,276.0,24.0,3,93,ARROZ,LONGO FINO TIPO 1 BE,4693,NORTE,2025,10,ATACADO,4.03
AC,2025-10,110.56989247311827,276.0,24.0,3,93,BANANA,PRATA,4629,NORTE,2025,10,VAREJO,8.9
AC,2025-10,110.56989247311827,276.0,24.0,3,93,BANANA,PRATA,4629,NORTE,2025,10,VAREJO,0.89
AC,2025-10,110.56989247311827,276.0,24.0,3,93,BANANA,NANICA,4627,NORTE,2025,10,VAREJO,1.34
AC,2025-10,110.56989247311827,276.0,24.0,3,93,BANANA,NANICA,4627,NORTE,2025,10,VAREJO,8.94
AC,2025-10,110.56989247311827,276.0,24.0,3,93,BANANA,PRATA,4629,NORTE,2025,10,PREÇO RECEBIDO P/ PRODUTOR,1.94
AC,2025-10,110.56989247311827,276.0,24.0,3,93,BATATA-DOCE,NÃO INFORMADO,9787,NORTE,2025,10,PREÇO RECEBIDO P/ PRODUTOR,0.4
AC,2025-10,110.56989247311827,276.0,24.0,3,93,BORRACHA,CERNAMBI VIRGEM PREN,7931,NORTE,2025,10,PREÇO RECEBIDO P/ PRODUTOR,3.5
AC,2025-10,110.56989247311827,276.0,24.0,3,93,BURITI,FRUTO,11117,NORTE,2025,10,PREÇO RECEBIDO P/ PRODUTOR,0.91
AC,2025-10,110.56989247311827,276.0,24.0,3,93,CAFE,CONILLON,7090,NORTE,2025,10,PREÇO RECEBIDO P/ PRODUTOR,18.33
AC,2025-10,110.56989247311827,276.0,24.0,3,93,CAFE,MOÍDO E TORRADO,4704,NORTE,2025,10,ATACADO,79.2
AC,2025-10,110.56989247311827,276.0,24.0,3,93,CAFE,MOÍDO E TORRADO,4704,NORTE,2025,10,VAREJO,72.23
AC,2025-10,110.56989247311827,276.0,24.0,3,93,CARNE BOVINA,COXÃO DURO S/OSSO,4282,NORTE,2025,10,VAREJO,31.41
AC,2025-10,110.56989247311827,276.0,24.0,3,93,CARNE BOVINA,COXÃO MOLE S/OSSO,4283,NORTE,2025,10,VAREJO,36.52
AC,2025-10,110.56989247311827,276.0,24.0,3,93,CARNE BOVINA,PATINHO S/OSSO,4289,NORTE,2025,10,VAREJO,34.83
AC,2025-10,110.56989247311827,276.0,24.0,3,93,FARINHA DE MANDIOCA,MÉDIA SECA BRANCA,11247,NORTE,2025,10,PREÇO RECEBIDO P/ PRODUTOR,3.07
AC,2025-10,110.56989247311827,276.0,24.0,3,93,FARINHA DE MANDIOCA,MÉDIA BRANCO (A) 1 S,363,NORTE,2025,10,ATACADO,6.92
AC,2025-10,110.56989247311827,276.0,24.0,3,93,FARINHA DE MANDIOCA,MÉDIA AMARELO (A) 1,368,NORTE,2025,10,ATACADO,5.12
AC,2025-10,110.56989247311827,276.0,24.0,3,93,FARINHA DE MANDIOCA,SECA AMARELA,15347,NORTE,2025,10,VAREJO,5.9
AC,2025-10,110.56989247311827,276.0,24.0,3,93,FARINHA DE TRIGO,SEM FERMENTO,14895,NORTE,2025,10,ATACADO,5.22
AC,2025-10,110.56989247311827,276.0,24.0,3,93,FEIJAO,COMUM CORES TIPO 1,8779,NORTE,2025,10,VAREJO,6.59
AC,2025-10,110.56989247311827,276.0,24.0,3,93,FEIJAO,COMUM CORES TIPO 1,8779,NORTE,2025,10,ATACADO,6.3
AC,2025-10,110.56989247311827,276.0,24.0,3,93,FEIJAO,COMUM CORES,8778,NORTE,2025,10,PREÇO RECEBIDO P/ PRODUTOR,5.7
AC,2025-10,110.56989247311827,276.0,24.0,3,93,FLOCOS DE MILHO,FLOCÃO,11241,NORTE,2025,10,ATACADO,3.03
AC,2025-10,110.56989247311827,276.0,24.0,3,93,FUBA DE MILHO,COMUM AMARELO,13334,NORTE,2025,10,ATACADO,6.68
AC,2025-10,110.56989247311827,276.0,24.0,3,93,INHAME,NÃO INFORMADO,5528,NORTE,2025,10,PREÇO RECEBIDO P/ PRODUTOR,5.81
AC,2025-10,110.56989247311827,276.0,24.0,3,93,LEITE DE VACA,LONGA VIDA INTEGRAL,4998,NORTE,2025,10,ATACADO,6.34
AC,2025-10,110.56989247311827,276.0,24.0,3,93,LEITE DE VACA,EM PÓ INTEGRAL,4990,NORTE,2025,10,ATACADO,37.53
AC,2025-10,110.56989247311827,276.0,24.0,3,93,LEITE DE VACA,LONGA VIDA INTEGRAL,4998,NORTE,2025,10,VAREJO,7.14
AC,2025-10,110.56989247311827,276.0,24.0,3,93,LEITE DE VACA,IN NATURA,6542,NORTE,2025,10,PREÇO RECEBIDO P/ PRODUTOR,2.72
AC,2025-10,110.56989247311827,276.0,24.0,3,93,MACARRAO,ESPAGUETE SÊMOLA COM,11194,NORTE,2025,10,ATACADO,9.8
AC,2025-10,110.56989247311827,276.0,24.0,3,93,MANTEIGA,NÃO INFORMADO,8626,NORTE,2025,10,VAREJO,58.24
AC,2025-10,110.56989247311827,276.0,24.0,3,93,MARACUJA,NÃO INFORMADO,4658,NORTE,2025,10,PREÇO RECEBIDO P/ PRODUTOR,6.1
AC,2025-10,110.56989247311827,276.0,24.0,3,93,MILHO,EM GRÃOS,4742,NORTE,2025,10,ATACADO,1.7
AC,2025-10,110.56989247311827,276.0,24.0,3,93,MILHO,EM GRÃOS,4742,NORTE,2025,10,PREÇO RECEBIDO P/ PRODUTOR,1.6
AC,2025-10,110.56989247311827,276.0,24.0,3,93,MURUMURU,FRUTO,11587,NORTE,2025,10,PREÇO RECEBIDO P/ PRODUTOR,0.91
AC,2025-10,110.56989247311827,276.0,24.0,3,93,OLEO DE MURUMURU,NÃO INFORMADO,11586,NORTE,2025,10,PREÇO RECEBIDO P/ PRODUTOR,50.0
AC,2025-10,110.56989247311827,276.0,24.0,3,93,OLEO DE SOJA,REFINADO,11871,NORTE,2025,10,VAREJO,10.09
AC,2025-10,110.56989247311827,276.0,24.0,3,93,OLEO DE SOJA,REFINADO,11871,NORTE,2025,10,ATACADO,9.62
AC,2025-10,110.56989247311827,276.0,24.0,3,93,OVOS DE GALINHA,GRANDE BRANCO,11167,NORTE,2025,10,ATACADO,0.72
AC,2025-10,110.56989247311827,276.0,24.0,3,93,PAO,FRANCÊS,11161,NORTE,2025,10,VAREJO,14.3
AC,2025-10,110.56989247311827,276.0,24.0,3,93,RAIZ DE MANDIOCA,PARA FARINHA,11240,NORTE,2025,10,PREÇO RECEBIDO P/ PRODUTOR,0.62
AC,2025-10,110.56989247311827,276.0,24.0,3,93,RAIZ DE MANDIOCA,DE MESA,11489,NORTE,2025,10,PREÇO RECEBIDO P/ PRODUTOR,1.2
AC,2025-10,110.56989247311827,276.0,24.0,3,93,TOMATE,NÃO INFORMADO,4667,NORTE,2025,10,VAREJO,9.05
AC,2025-11,206.42777777777778,588.5,40.0,3,90,ABACAXI,PÉROLA,6320,NORTE,2025,11,PREÇO RECEBIDO P/ PRODUTOR,2.93
AC,2025-11,206.42777777777778,588.5,40.0,3,90,ACAI,FRUTO,8623,NORTE,2025,11,PREÇO RECEBIDO P/ PRODUTOR,2.0
AC,2025-11,206.42777777777778,588.5,40.0,3,90,ACUCAR,CRISTAL,4218,NORTE,2025,11,VAREJO,4.0
AC,2025-11,206.42777777777778,588.5,40.0,3,90,ACUCAR,CRISTAL,4218,NORTE,2025,11,ATACADO,3.44
AC,2025-11,206.42777777777778,588.5,40.0,3,90,ARROZ,LONGO FINO TIPO 1 BE,4693,NORTE,2025,11,VAREJO,4.96
AC,2025-11,206.42777777777778,588.5,40.0,3,90,ARROZ,LONGO FINO TIPO 1 BE,4693,NORTE,2025,11,ATACADO,4.03
AC,2025-11,206.42777777777778,588.5,40.0,3,90,BANANA,NANICA,4627,NORTE,2025,11,VAREJO,1.46
AC,2025-11,206.42777777777778,588.5,40.0,3,90,BANANA,PRATA,4629,NORTE,2025,11,PREÇO RECEBIDO P/ PRODUTOR,2.0
AC,2025-11,206.42777777777778,588.5,40.0,3,90,BANANA,PRATA,4629,NORTE,2025,11,VAREJO,8.83
AC,2025-11,206.42777777777778,588.5,40.0,3,90,BANANA,PRATA,4629,NORTE,2025,11,VAREJO,0.88
AC,2025-11,206.42777777777778,588.5,40.0,3,90,BANANA,NANICA,4627,NORTE,2025,11,VAREJO,9.74
AC,2025-11,206.42777777777778,588.5,40.0,3,90,BATATA-DOCE,NÃO INFORMADO,9787,NORTE,2025,11,PREÇO RECEBIDO P/ PRODUTOR,0.4
AC,2025-11,206.42777777777778,588.5,40.0,3,90,BORRACHA,CERNAMBI VIRGEM PREN,7931,NORTE,2025,11,PREÇO RECEBIDO P/ PRODUTOR,3.5
AC,2025-11,206.42777777777778,588.5,40.0,3,90,BURITI,FRUTO,11117,NORTE,2025,11,PREÇO RECEBIDO P/ PRODUTOR,0.91
AC,2025-11,206.42777777777778,588.5,40.0,3,90,CAFE,CONILLON,7090,NORTE,2025,11,PREÇO RECEBIDO P/ PRODUTOR,19.15
AC,2025-11,206.42777777777778,588.5,40.0,3,90,CAFE,MOÍDO E TORRADO,4704,NORTE,2025,11,VAREJO,71.99
AC,2025-11,206.42777777777778,588.5,40.0,3,90,CAFE,MOÍDO E TORRADO,4704,NORTE,2025,11,ATACADO,79.2
AC,2025-11,206.42777777777778,588.5,40.0,3,90,CARNE BOVINA,COXÃO DURO S/OSSO,4282,NORTE,2025,11,VAREJO,32.1
AC,2025-11,206.42777777777778,588.5,40.0,3,90,CARNE BOVINA,PATINHO S/OSSO,4289,NORTE,2025,11,VAREJO,35.8
AC,2025-11,206.42777777777778,588.5,40.0,3,90,CARNE BOVINA,COXÃO MOLE S/OSSO,4283,NORTE,2025,11,VAREJO,37.38
AC,2025-11,206.42777777777778,588.5,40.0,3,90,FARINHA DE MANDIOCA,MÉDIA SECA BRANCA,11247,NORTE,2025,11,PREÇO RECEBIDO P/ PRODUTOR,3.07
AC,2025-11,206.42777777777778,588.5,40.0,3,90,FARINHA DE MANDIOCA,MÉDIA AMARELO (A) 1,368,NORTE,2025,11,ATACADO,5.12
AC,2025-11,206.42777777777778,588.5,40.0,3,90,FARINHA DE MANDIOCA,MÉDIA BRANCO (A) 1 S,363,NORTE,2025,11,ATACADO,6.92
AC,2025-11,206.42777777777778,588.5,40.0,3,90,FARINHA DE MANDIOCA,SECA AMARELA,15347,NORTE,2025,11,VAREJO,5.81
AC,2025-11,206.42777777777778,588.5,40.0,3,90,FARINHA DE TRIGO,SEM FERMENTO,14895,NORTE,2025,11,ATACADO,5.22
AC,2025-11,206.42777777777778,588.5,40.0,3,90,FEIJAO,COMUM CORES TIPO 1,8779,NORTE,2025,11,ATACADO,6.3
AC,2025-11,206.42777777777778,588.5,40.0,3,90,FEIJAO,COMUM CORES TIPO 1,8779,NORTE,2025,11,VAREJO,6.6
AC,2025-11,206.42777777777778,588.5,40.0,3,90,FEIJAO,COMUM CORES,8778,NORTE,2025,11,PREÇO RECEBIDO P/ PRODUTOR,5.71
AC,2025-11,206.42777777777778,588.5,40.0,3,90,FLOCOS DE MILHO,FLOCÃO,11241,NORTE,2025,11,ATACADO,3.03
AC,2025-11,206.42777777777778,588.5,40.0,3,90,FUBA DE MILHO,COMUM AMARELO,13334,NORTE,2025,11,ATACADO,6.68
AC,2025-11,206.42777777777778,588.5,40.0,3,90,INHAME,NÃO INFORMADO,5528,NORTE,2025,11,PREÇO RECEBIDO P/ PRODUTOR,5.81
AC,2025-11,206.42777777777778,588.5,40.0,3,90,LEITE DE VACA,LONGA VIDA INTEGRAL,4998,NORTE,2025,11,VAREJO,7.12
AC,2025-11,206.42777777777778,588.5,40.0,3,90,LEITE DE VACA,LONGA VIDA INTEGRAL,4998,NORTE,2025,11,ATACADO,6.34
AC,2025-11,206.42777777777778,588.5,40.0,3,90,LEITE DE VACA,IN NATURA,6542,NORTE,2025,11,PREÇO RECEBIDO P/ PRODUTOR,2.72
AC,2025-11,206.42777777777778,588.5,40.0,3,90,LEITE DE VACA,EM PÓ INTEGRAL,4990,NORTE,2025,11,ATACADO,37.53
AC,2025-11,206.42777777777778,588.5,40.0,3,90,MACARRAO,ESPAGUETE SÊMOLA COM,11194,NORTE,2025,11,ATACADO,9.8
AC,2025-11,206.42777777777778,588.5,40.0,3,90,MANTEIGA,NÃO INFORMADO,8626,NORTE,2025,11,VAREJO,57.81
AC,2025-11,206.42777777777778,588.5,40.0,3,90,MARACUJA,NÃO INFORMADO,4658,NORTE,2025,11,PREÇO RECEBIDO P/ PRODUTOR,5.94
AC,2025-11,206.42777777777778,588.5,40.0,3,90,MILHO,EM GRÃOS,4742,NORTE,2025,11,PREÇO RECEBIDO P/ PRODUTOR,1.63
AC,2025-11,206.42777777777778,588.5,40.0,3,90,MILHO,EM GRÃOS,4742,NORTE,2025,11,ATACADO,1.72
AC,2025-11,206.42777777777778,588.5,40.0,3,90,MURUMURU,FRUTO,11587,NORTE,2025,11,PREÇO RECEBIDO P/ PRODUTOR,0.95
AC,2025-11,206.42777777777778,588.5,40.0,3,90,OLEO DE MURUMURU,NÃO INFORMADO,11586,NORTE,2025,11,PREÇO RECEBIDO P/ PRODUTOR,50.0
AC,2025-11,206.42777777777778,588.5,40.0,3,90,OLEO DE SOJA,REFINADO,11871,NORTE,2025,11,ATACADO,9.62
AC,2025-11,206.42777777777778,588.5,40.0,3,90,OLEO DE SOJA,REFINADO,11871,NORTE,2025,11,VAREJO,10.76
AC,2025-11,206.42777777777778,588.5,40.0,3,90,OVOS DE GALINHA,GRANDE BRANCO,11167,NORTE,2025,11,ATACADO,0.72
AC,2025-11,206.42777777777778,588.5,40.0,3,90,PAO,FRANCÊS,11161,NORTE,2025,11,VAREJO,14.33
AC,2025-11,206.42777777777778,588.5,40.0,3,90,RAIZ DE MANDIOCA,PARA FARINHA,11240,NORTE,2025,11,PREÇO RECEBIDO P/ PRODUTOR,0.62
AC,2025-11,206.42777777777778,588.5,40.0,3,90,RAIZ DE MANDIOCA,DE MESA,11489,NORTE,2025,11,PREÇO RECEBIDO P/ PRODUTOR,1.2
AC,2025-11,206.42777777777778,588.5,40.0,3,90,TOMATE,NÃO INFORMADO,4667,NORTE,2025,11,VAREJO,9.06
AC,2025-12,799.5967741935484,1537.0,280.5,3,93,ABACAXI,PÉROLA,6320,NORTE,2025,12,PREÇO RECEBIDO P/ PRODUTOR,3.03
AC,2025-12,799.5967741935484,1537.0,280.5,3,93,ACAI,FRUTO,8623,NORTE,2025,12,PREÇO RECEBIDO P/ PRODUTOR,2.0
AC,2025-12,799.5967741935484,1537.0,280.5,3,93,ACUCAR,CRISTAL,4218,NORTE,2025,12,ATACADO,3.41
AC,2025-12,799.5967741935484,1537.0,280.5,3,93,ACUCAR,CRISTAL,4218,NORTE,2025,12,VAREJO,3.93
AC,2025-12,799.5967741935484,1537.0,280.5,3,93,ARROZ,LONGO FINO TIPO 1 BE,4693,NORTE,2025,12,ATACADO,4.04
AC,2025-12,799.5967741935484,1537.0,280.5,3,93,ARROZ,LONGO FINO TIPO 1 BE,4693,NORTE,2025,12,VAREJO,4.78
AC,2025-12,799.5967741935484,1537.0,280.5,3,93,BANANA,PRATA,4629,NORTE,2025,12,VAREJO,8.72
AC,2025-12,799.5967741935484,1537.0,280.5,3,93,BANANA,NANICA,4627,NORTE,2025,12,VAREJO,10.17
AC,2025-12,799.5967741935484,1537.0,280.5,3,93,BANANA,PRATA,4629,NORTE,2025,12,PREÇO RECEBIDO P/ PRODUTOR,1.98
AC,2025-12,799.5967741935484,1537.0,280.5,3,93,BANANA,NANICA,4627,NORTE,2025,12,VAREJO,1.53
AC,2025-12,799.5967741935484,1537.0,280.5,3,93,BANANA,PRATA,4629,NORTE,2025,12,VAREJO,0.87
AC,2025-12,799.5967741935484,1537.0,280.5,3,93,BATATA-DOCE,NÃO INFORMADO,9787,NORTE,2025,12,PREÇO RECEBIDO P/ PRODUTOR,0.4
AC,2025-12,799.5967741935484,1537.0,280.5,3,93,BORRACHA,CERNAMBI VIRGEM PREN,7931,NORTE,2025,12,PREÇO RECEBIDO P/ PRODUTOR,3.5
AC,2025-12,799.5967741935484,1537.0,280.5,3,93,BURITI,FRUTO,11117,NORTE,2025,12,PREÇO RECEBIDO P/ PRODUTOR,0.85
AC,2025-12,799.5967741935484,1537.0,280.5,3,93,CAFE,CONILLON,7090,NORTE,2025,12,PREÇO RECEBIDO P/ PRODUTOR,18.83
AC,2025-12,799.5967741935484,1537.0,280.5,3,93,CAFE,MOÍDO E TORRADO,4704,NORTE,2025,12,ATACADO,77.92
AC,2025-12,799.5967741935484,1537.0,280.5,3,93,CAFE,MOÍDO E TORRADO,4704,NORTE,2025,12,VAREJO,70.96
AC,2025-12,799.5967741935484,1537.0,280.5,3,93,CARNE BOVINA,PATINHO S/OSSO,4289,NORTE,2025,12,VAREJO,36.42
AC,2025-12,799.5967741935484,1537.0,280.5,3,93,CARNE BOVINA,COXÃO DURO S/OSSO,4282,NORTE,2025,12,VAREJO,32.47
AC,2025-12,799.5967741935484,1537.0,280.5,3,93,CARNE BOVINA,COXÃO MOLE S/OSSO,4283,NORTE,2025,12,VAREJO,38.3
AC,2025-12,799.5967741935484,1537.0,280.5,3,93,FARINHA DE MANDIOCA,MÉDIA SECA BRANCA,11247,NORTE,2025,12,PREÇO RECEBIDO P/ PRODUTOR,3.05
AC,2025-12,799.5967741935484,1537.0,280.5,3,93,FARINHA DE MANDIOCA,MÉDIA BRANCO (A) 1 S,363,NORTE,2025,12,ATACADO,6.92
AC,2025-12,799.5967741935484,1537.0,280.5,3,93,FARINHA DE MANDIOCA,MÉDIA AMARELO (A) 1,368,NORTE,2025,12,ATACADO,5.58
AC,2025-12,799.5967741935484,1537.0,280.5,3,93,FARINHA DE MANDIOCA,SECA AMARELA,15347,NORTE,2025,12,VAREJO,5.9
AC,2025-12,799.5967741935484,1537.0,280.5,3,93,FARINHA DE TRIGO,SEM FERMENTO,14895,NORTE,2025,12,ATACADO,4.63
AC,2025-12,799.5967741935484,1537.0,280.5,3,93,FEIJAO,COMUM CORES TIPO 1,8779,NORTE,2025,12,VAREJO,6.54
AC,2025-12,799.5967741935484,1537.0,280.5,3,93,FEIJAO,COMUM CORES TIPO 1,8779,NORTE,2025,12,ATACADO,5.45
AC,2025-12,799.5967741935484,1537.0,280.5,3,93,FEIJAO,COMUM CORES,8778,NORTE,2025,12,PREÇO RECEBIDO P/ PRODUTOR,5.71
AC,2025-12,799.5967741935484,1537.0,280.5,3,93,FLOCOS DE MILHO,FLOCÃO,11241,NORTE,2025,12,ATACADO,2.82
AC,2025-12,799.5967741935484,1537.0,280.5,3,93,FUBA DE MILHO,COMUM AMARELO,13334,NORTE,2025,12,ATACADO,6.08
AC,2025-12,799.5967741935484,1537.0,280.5,3,93,INHAME,NÃO INFORMADO,5528,NORTE,2025,12,PREÇO RECEBIDO P/ PRODUTOR,5.74
AC,2025-12,799.5967741935484,1537.0,280.5,3,93,LEITE DE VACA,LONGA VIDA INTEGRAL,4998,NORTE,2025,12,VAREJO,7.0
AC,2025-12,799.5967741935484,1537.0,280.5,3,93,LEITE DE VACA,LONGA VIDA INTEGRAL,4998,NORTE,2025,12,ATACADO,5.66
AC,2025-12,799.5967741935484,1537.0,280.5,3,93,LEITE DE VACA,IN NATURA,6542,NORTE,2025,12,PREÇO RECEBIDO P/ PRODUTOR,2.72
AC,2025-12,799.5967741935484,1537.0,280.5,3,93,LEITE DE VACA,EM PÓ INTEGRAL,4990,NORTE,2025,12,ATACADO,38.2
AC,2025-12,799.5967741935484,1537.0,280.5,3,93,MACARRAO,ESPAGUETE SÊMOLA COM,11194,NORTE,2025,12,ATACADO,11.0
AC,2025-12,799.5967741935484,1537.0,280.5,3,93,MANTEIGA,NÃO INFORMADO,8626,NORTE,2025,12,VAREJO,59.11
AC,2025-12,799.5967741935484,1537.0,280.5,3,93,MARACUJA,NÃO INFORMADO,4658,NORTE,2025,12,PREÇO RECEBIDO P/ PRODUTOR,5.76
AC,2025-12,799.5967741935484,1537.0,280.5,3,93,MILHO,EM GRÃOS,4742,NORTE,2025,12,PREÇO RECEBIDO P/ PRODUTOR,1.69
AC,2025-12,799.5967741935484,1537.0,280.5,3,93,MILHO,EM GRÃOS,4742,NORTE,2025,12,ATACADO,1.71
AC,2025-12,799.5967741935484,1537.0,280.5,3,93,MURUMURU,FRUTO,11587,NORTE,2025,12,PREÇO RECEBIDO P/ PRODUTOR,0.92
AC,2025-12,799.5967741935484,1537.0,280.5,3,93,OLEO DE MURUMURU,NÃO INFORMADO,11586,NORTE,2025,12,PREÇO RECEBIDO P/ PRODUTOR,50.0
AC,2025-12,799.5967741935484,1537.0,280.5,3,93,OLEO DE SOJA,REFINADO,11871,NORTE,2025,12,ATACADO,10.27
AC,2025-12,799.5967741935484,1537.0,280.5,3,93,OLEO DE SOJA,REFINADO,11871,NORTE,2025,12,VAREJO,10.79
AC,2025-12,799.5967741935484,1537.0,280.5,3,93,OVOS DE GALINHA,GRANDE BRANCO,11167,NORTE,2025,12,ATACADO,0.83
AC,2025-12,799.5967741935484,1537.0,280.5,3,93,PAO,FRANCÊS,11161,NORTE,2025,12,VAREJO,14.17
AC,2025-12,799.5967741935484,1537.0,280.5,3,93,RAIZ DE MANDIOCA,DE MESA,11489,NORTE,2025,12,PREÇO RECEBIDO P/ PRODUTOR,1.2
AC,2025-12,799.5967741935484,1537.0,280.5,3,93,RAIZ DE MANDIOCA,PARA FARINHA,11240,NORTE,2025,12,PREÇO RECEBIDO P/ PRODUTOR,0.62
AC,2025-12,799.5967741935484,1537.0,280.5,3,93,TOMATE,NÃO INFORMADO,4667,NORTE,2025,12,VAREJO,8.27
AC,2026-01,1115.467741935484,1552.0,79.0,3,93,ABACAXI,PÉROLA,6320,NORTE,2026,1,PREÇO RECEBIDO P/ PRODUTOR,4.41
AC,2026-01,1115.467741935484,1552.0,79.0,3,93,ACUCAR,CRISTAL,4218,NORTE,2026,1,VAREJO,3.9
AC,2026-01,1115.467741935484,1552.0,79.0,3,93,ARROZ,LONGO FINO TIPO 1 BE,4693,NORTE,2026,1,VAREJO,4.6
AC,2026-01,1115.467741935484,1552.0,79.0,3,93,BANANA,NANICA,4627,NORTE,2026,1,VAREJO,9.39
AC,2026-01,1115.467741935484,1552.0,79.0,3,93,BANANA,NANICA,4627,NORTE,2026,1,VAREJO,1.41
AC,2026-01,1115.467741935484,1552.0,79.0,3,93,BANANA,PRATA,4629,NORTE,2026,1,PREÇO RECEBIDO P/ PRODUTOR,6.0
AC,2026-01,1115.467741935484,1552.0,79.0,3,93,BANANA,PRATA,4629,NORTE,2026,1,VAREJO,9.24
AC,2026-01,1115.467741935484,1552.0,79.0,3,93,BANANA,PRATA,4629,NORTE,2026,1,VAREJO,0.92
AC,2026-01,1115.467741935484,1552.0,79.0,3,93,BATATA-DOCE,NÃO INFORMADO,9787,NORTE,2026,1,PREÇO RECEBIDO P/ PRODUTOR,0.6
AC,2026-01,1115.467741935484,1552.0,79.0,3,93,BORRACHA,CERNAMBI VIRGEM PREN,7931,NORTE,2026,1,PREÇO RECEBIDO P/ PRODUTOR,3.5
AC,2026-01,1115.467741935484,1552.0,79.0,3,93,BURITI,FRUTO,11117,NORTE,2026,1,PREÇO RECEBIDO P/ PRODUTOR,0.7
AC,2026-01,1115.467741935484,1552.0,79.0,3,93,CAFE,CONILLON,7090,NORTE,2026,1,PREÇO RECEBIDO P/ PRODUTOR,18.33
AC,2026-01,1115.467741935484,1552.0,79.0,3,93,CAFE,MOÍDO E TORRADO,4704,NORTE,2026,1,VAREJO,69.68
AC,2026-01,1115.467741935484,1552.0,79.0,3,93,CARNE BOVINA,COXÃO MOLE S/OSSO,4283,NORTE,2026,1,VAREJO,38.88
AC,2026-01,1115.467741935484,1552.0,79.0,3,93,CARNE BOVINA,COXÃO DURO S/OSSO,4282,NORTE,2026,1,VAREJO,33.25
AC,2026-01,1115.467741935484,1552.0,79.0,3,93,CARNE BOVINA,PATINHO S/OSSO,4289,NORTE,2026,1,VAREJO,37.3
AC,2026-01,1115.467741935484,1552.0,79.0,3,93,CASTANHA DO BRASIL,EM CASCA,4178,NORTE,2026,1,PREÇO RECEBIDO P/ PRODUTOR,11.5
AC,2026-01,1115.467741935484,1552.0,79.0,3,93,FARINHA DE MANDIOCA,SECA AMARELA,15347,NORTE,2026,1,VAREJO,5.57
AC,2026-01,1115.467741935484,1552.0,79.0,3,93,FEIJAO,COMUM CORES,8778,NORTE,2026,1,PREÇO RECEBIDO P/ PRODUTOR,10.0
AC,2026-01,1115.467741935484,1552.0,79.0,3,93,FEIJAO,COMUM CORES TIPO 1,8779,NORTE,2026,1,VAREJO,6.31
AC,2026-01,1115.467741935484,1552.0,79.0,3,93,INHAME,NÃO INFORMADO,5528,NORTE,2026,1,PREÇO RECEBIDO P/ PRODUTOR,10.0
AC,2026-01,1115.467741935484,1552.0,79.0,3,93,LEITE DE VACA,LONGA VIDA INTEGRAL,4998,NORTE,2026,1,VAREJO,6.49
AC,2026-01,1115.467741935484,1552.0,79.0,3,93,MANTEIGA,NÃO INFORMADO,8626,NORTE,2026,1,VAREJO,58.0
AC,2026-01,1115.467741935484,1552.0,79.0,3,93,MARACUJA,NÃO INFORMADO,4658,NORTE,2026,1,PREÇO RECEBIDO P/ PRODUTOR,9.0
AC,2026-01,1115.467741935484,1552.0,79.0,3,93,MILHO,EM GRÃOS,4742,NORTE,2026,1,ATACADO,1.77
AC,2026-01,1115.467741935484,1552.0,79.0,3,93,MILHO,EM GRÃOS,4742,NORTE,2026,1,PREÇO RECEBIDO P/ PRODUTOR,1.51
AC,2026-01,1115.467741935484,1552.0,79.0,3,93,OLEO DE MURUMURU,NÃO INFORMADO,11586,NORTE,2026,1,PREÇO RECEBIDO P/ PRODUTOR,49.0
AC,2026-01,1115.467741935484,1552.0,79.0,3,93,OLEO DE SOJA,REFINADO,11871,NORTE,2026,1,VAREJO,10.12
AC,2026-01,1115.467741935484,1552.0,79.0,3,93,PAO,FRANCÊS,11161,NORTE,2026,1,VAREJO,14.27
AC,2026-01,1115.467741935484,1552.0,79.0,3,93,RAIZ DE MANDIOCA,PARA FARINHA,11240,NORTE,2026,1,PREÇO RECEBIDO P/ PRODUTOR,0.62
AC,2026-01,1115.467741935484,1552.0,79.0,3,93,RAIZ DE MANDIOCA,DE MESA,11489,NORTE,2026,1,PREÇO RECEBIDO P/ PRODUTOR,1.2
AC,2026-01,1115.467741935484,1552.0,79.0,3,93,TOMATE,NÃO INFORMADO,4667,NORTE,2026,1,VAREJO,8.6
AC,2026-02,917.9583333333334,1533.0,542.5,3,84,ABACAXI,PÉROLA,6320,NORTE,2026,2,PREÇO RECEBIDO P/ PRODUTOR,4.4
AC,2026-02,917.9583333333334,1533.0,542.5,3,84,ACUCAR,CRISTAL,4218,NORTE,2026,2,VAREJO,3.81
AC,2026-02,917.9583333333334,1533.0,542.5,3,84,ARROZ,LONGO FINO TIPO 1 BE,4693,NORTE,2026,2,VAREJO,4.6
AC,2026-02,917.9583333333334,1533.0,542.5,3,84,BANANA,PRATA,4629,NORTE,2026,2,PREÇO RECEBIDO P/ PRODUTOR,6.0
AC,2026-02,917.9583333333334,1533.0,542.5,3,84,BANANA,PRATA,4629,NORTE,2026,2,VAREJO,0.92
AC,2026-02,917.9583333333334,1533.0,542.5,3,84,BANANA,NANICA,4627,NORTE,2026,2,VAREJO,9.6
AC,2026-02,917.9583333333334,1533.0,542.5,3,84,BANANA,NANICA,4627,NORTE,2026,2,VAREJO,1.44
AC,2026-02,917.9583333333334,1533.0,542.5,3,84,BANANA,PRATA,4629,NORTE,2026,2,VAREJO,9.15
AC,2026-02,917.9583333333334,1533.0,542.5,3,84,BATATA-DOCE,NÃO INFORMADO,9787,NORTE,2026,2,PREÇO RECEBIDO P/ PRODUTOR,0.6
AC,2026-02,917.9583333333334,1533.0,542.5,3,84,BORRACHA,CERNAMBI VIRGEM PREN,7931,NORTE,2026,2,PREÇO RECEBIDO P/ PRODUTOR,3.5
AC,2026-02,917.9583333333334,1533.0,542.5,3,84,BURITI,FRUTO,11117,NORTE,2026,2,PREÇO RECEBIDO P/ PRODUTOR,0.7
AC,2026-02,917.9583333333334,1533.0,542.5,3,84,CAFE,CONILLON,7090,NORTE,2026,2,PREÇO RECEBIDO P/ PRODUTOR,18.33
AC,2026-02,917.9583333333334,1533.0,542.5,3,84,CAFE,MOÍDO E TORRADO,4704,NORTE,2026,2,VAREJO,68.98
AC,2026-02,917.9583333333334,1533.0,542.5,3,84,CARNE BOVINA,PATINHO S/OSSO,4289,NORTE,2026,2,VAREJO,38.34
AC,2026-02,917.9583333333334,1533.0,542.5,3,84,CARNE BOVINA,COXÃO MOLE S/OSSO,4283,NORTE,2026,2,VAREJO,40.2
AC,2026-02,917.9583333333334,1533.0,542.5,3,84,CARNE BOVINA,COXÃO DURO S/OSSO,4282,NORTE,2026,2,VAREJO,34.11
AC,2026-02,917.9583333333334,1533.0,542.5,3,84,CASTANHA DO BRASIL,EM CASCA,4178,NORTE,2026,2,PREÇO RECEBIDO P/ PRODUTOR,11.5
AC,2026-02,917.9583333333334,1533.0,542.5,3,84,FARINHA DE MANDIOCA,SECA AMARELA,15347,NORTE,2026,2,VAREJO,5.64
AC,2026-02,917.9583333333334,1533.0,542.5,3,84,FEIJAO,COMUM CORES TIPO 1,8779,NORTE,2026,2,VAREJO,6.47
AC,2026-02,917.9583333333334,1533.0,542.5,3,84,FEIJAO,COMUM CORES,8778,NORTE,2026,2,PREÇO RECEBIDO P/ PRODUTOR,10.0
AC,2026-02,917.9583333333334,1533.0,542.5,3,84,INHAME,NÃO INFORMADO,5528,NORTE,2026,2,PREÇO RECEBIDO P/ PRODUTOR,10.0
AC,2026-02,917.9583333333334,1533.0,542.5,3,84,LEITE DE VACA,LONGA VIDA INTEGRAL,4998,NORTE,2026,2,VAREJO,6.18
AC,2026-02,917.9583333333334,1533.0,542.5,3,84,MANTEIGA,NÃO INFORMADO,8626,NORTE,2026,2,VAREJO,56.19
AC,2026-02,917.9583333333334,1533.0,542.5,3,84,MARACUJA,NÃO INFORMADO,4658,NORTE,2026,2,PREÇO RECEBIDO P/ PRODUTOR,9.0
AC,2026-02,917.9583333333334,1533.0,542.5,3,84,MILHO,EM GRÃOS,4742,NORTE,2026,2,ATACADO,1.81
AC,2026-02,917.9583333333334,1533.0,542.5,3,84,MILHO,EM GRÃOS,4742,NORTE,2026,2,PREÇO RECEBIDO P/ PRODUTOR,1.56
AC,2026-02,917.9583333333334,1533.0,542.5,3,84,OLEO DE MURUMURU,NÃO INFORMADO,11586,NORTE,2026,2,PREÇO RECEBIDO P/ PRODUTOR,49.0
AC,2026-02,917.9583333333334,1533.0,542.5,3,84,OLEO DE SOJA,REFINADO,11871,NORTE,2026,2,VAREJO,9.59
AC,2026-02,917.9583333333334,1533.0,542.5,3,84,PAO,FRANCÊS,11161,NORTE,2026,2,VAREJO,14.19
AC,2026-02,917.9583333333334,1533.0,542.5,3,84,RAIZ DE MANDIOCA,PARA FARINHA,11240,NORTE,2026,2,PREÇO RECEBIDO P/ PRODUTOR,0.62
AC,2026-02,917.9583333333334,1533.0,542.5,3,84,RAIZ DE MANDIOCA,DE MESA,11489,NORTE,2026,2,PREÇO RECEBIDO P/ PRODUTOR,1.2
AC,2026-02,917.9583333333334,1533.0,542.5,3,84,TOMATE,NÃO INFORMADO,4667,NORTE,2026,2,VAREJO,8.68
AC,2026-03,948.1290322580645,1386.0,677.5,3,93,ABACAXI,PÉROLA,6320,NORTE,2026,3,PREÇO RECEBIDO P/ PRODUTOR,4.41
AC,2026-03,948.1290322580645,1386.0,677.5,3,93,ACUCAR,CRISTAL,4218,NORTE,2026,3,VAREJO,3.72
AC,2026-03,948.1290322580645,1386.0,677.5,3,93,ARROZ,LONGO FINO TIPO 1 BE,4693,NORTE,2026,3,VAREJO,4.45
AC,2026-03,948.1290322580645,1386.0,677.5,3,93,BANANA,PRATA,4629,NORTE,2026,3,PREÇO RECEBIDO P/ PRODUTOR,6.0
AC,2026-03,948.1290322580645,1386.0,677.5,3,93,BANANA,NANICA,4627,NORTE,2026,3,VAREJO,9.15
AC,2026-03,948.1290322580645,1386.0,677.5,3,93,BANANA,PRATA,4629,NORTE,2026,3,VAREJO,8.67
AC,2026-03,948.1290322580645,1386.0,677.5,3,93,BANANA,PRATA,4629,NORTE,2026,3,VAREJO,0.87
AC,2026-03,948.1290322580645,1386.0,677.5,3,93,BANANA,NANICA,4627,NORTE,2026,3,VAREJO,1.37
AC,2026-03,948.1290322580645,1386.0,677.5,3,93,BATATA-DOCE,NÃO INFORMADO,9787,NORTE,2026,3,PREÇO RECEBIDO P/ PRODUTOR,0.6
AC,2026-03,948.1290322580645,1386.0,677.5,3,93,BORRACHA,CERNAMBI VIRGEM PREN,7931,NORTE,2026,3,PREÇO RECEBIDO P/ PRODUTOR,3.5
AC,2026-03,948.1290322580645,1386.0,677.5,3,93,BURITI,FRUTO,11117,NORTE,2026,3,PREÇO RECEBIDO P/ PRODUTOR,0.7
AC,2026-03,948.1290322580645,1386.0,677.5,3,93,CAFE,MOÍDO E TORRADO,4704,NORTE,2026,3,VAREJO,68.5
AC,2026-03,948.1290322580645,1386.0,677.5,3,93,CARNE BOVINA,PATINHO S/OSSO,4289,NORTE,2026,3,VAREJO,38.71
AC,2026-03,948.1290322580645,1386.0,677.5,3,93,CARNE BOVINA,COXÃO MOLE S/OSSO,4283,NORTE,2026,3,VAREJO,40.9
AC,2026-03,948.1290322580645,1386.0,677.5,3,93,CARNE BOVINA,COXÃO DURO S/OSSO,4282,NORTE,2026,3,VAREJO,35.16
AC,2026-03,948.1290322580645,1386.0,677.5,3,93,CASTANHA DO BRASIL,EM CASCA,4178,NORTE,2026,3,PREÇO RECEBIDO P/ PRODUTOR,9.71
AC,2026-03,948.1290322580645,1386.0,677.5,3,93,FARINHA DE MANDIOCA,SECA AMARELA,15347,NORTE,2026,3,VAREJO,5.54
AC,2026-03,948.1290322580645,1386.0,677.5,3,93,FEIJAO,COMUM CORES,8778,NORTE,2026,3,PREÇO RECEBIDO P/ PRODUTOR,10.0
AC,2026-03,948.1290322580645,1386.0,677.5,3,93,FEIJAO,COMUM CORES TIPO 1,8779,NORTE,2026,3,VAREJO,7.13
AC,2026-03,948.1290322580645,1386.0,677.5,3,93,INHAME,NÃO INFORMADO,5528,NORTE,2026,3,PREÇO RECEBIDO P/ PRODUTOR,10.0
AC,2026-03,948.1290322580645,1386.0,677.5,3,93,LEITE DE VACA,LONGA VIDA INTEGRAL,4998,NORTE,2026,3,VAREJO,6.42
AC,2026-03,948.1290322580645,1386.0,677.5,3,93,MANTEIGA,NÃO INFORMADO,8626,NORTE,2026,3,VAREJO,55.93
AC,2026-03,948.1290322580645,1386.0,677.5,3,93,MARACUJA,NÃO INFORMADO,4658,NORTE,2026,3,PREÇO RECEBIDO P/ PRODUTOR,9.0
AC,2026-03,948.1290322580645,1386.0,677.5,3,93,MILHO,EM GRÃOS,4742,NORTE,2026,3,PREÇO RECEBIDO P/ PRODUTOR,1.55
AC,2026-03,948.1290322580645,1386.0,677.5,3,93,MILHO,EM GRÃOS,4742,NORTE,2026,3,ATACADO,1.74
AC,2026-03,948.1290322580645,1386.0,677.5,3,93,OLEO DE MURUMURU,NÃO INFORMADO,11586,NORTE,2026,3,PREÇO RECEBIDO P/ PRODUTOR,49.0
AC,2026-03,948.1290322580645,1386.0,677.5,3,93,OLEO DE SOJA,REFINADO,11871,NORTE,2026,3,VAREJO,9.32
AC,2026-03,948.1290322580645,1386.0,677.5,3,93,PAO,FRANCÊS,11161,NORTE,2026,3,VAREJO,14.07
AC,2026-03,948.1290322580645,1386.0,677.5,3,93,RAIZ DE MANDIOCA,PARA FARINHA,11240,NORTE,2026,3,PREÇO RECEBIDO P/ PRODUTOR,0.62
AC,2026-03,948.1290322580645,1386.0,677.5,3,93,RAIZ DE MANDIOCA,DE MESA,11489,NORTE,2026,3,PREÇO RECEBIDO P/ PRODUTOR,1.2
AC,2026-03,948.1290322580645,1386.0,677.5,3,93,TOMATE,NÃO INFORMADO,4667,NORTE,2026,3,VAREJO,9.23
AC,2026-04,988.8222222222222,1382.0,670.0,3,90,ABACAXI,PÉROLA,6320,NORTE,2026,4,PREÇO RECEBIDO P/ PRODUTOR,4.28
AC,2026-04,988.8222222222222,1382.0,670.0,3,90,ACUCAR,CRISTAL,4218,NORTE,2026,4,VAREJO,3.65
AC,2026-04,988.8222222222222,1382.0,670.0,3,90,ARROZ,LONGO FINO TIPO 1 BE,4693,NORTE,2026,4,VAREJO,4.62
AC,2026-04,988.8222222222222,1382.0,670.0,3,90,BANANA,NANICA,4627,NORTE,2026,4,VAREJO,9.3
AC,2026-04,988.8222222222222,1382.0,670.0,3,90,BANANA,PRATA,4629,NORTE,2026,4,VAREJO,0.88
AC,2026-04,988.8222222222222,1382.0,670.0,3,90,BANANA,PRATA,4629,NORTE,2026,4,PREÇO RECEBIDO P/ PRODUTOR,4.79
AC,2026-04,988.8222222222222,1382.0,670.0,3,90,BANANA,NANICA,4627,NORTE,2026,4,VAREJO,1.39
AC,2026-04,988.8222222222222,1382.0,670.0,3,90,BANANA,PRATA,4629,NORTE,2026,4,VAREJO,8.78
AC,2026-04,988.8222222222222,1382.0,670.0,3,90,BATATA-DOCE,NÃO INFORMADO,9787,NORTE,2026,4,PREÇO RECEBIDO P/ PRODUTOR,0.62
AC,2026-04,988.8222222222222,1382.0,670.0,3,90,BORRACHA,CERNAMBI VIRGEM PREN,7931,NORTE,2026,4,PREÇO RECEBIDO P/ PRODUTOR,3.5
AC,2026-04,988.8222222222222,1382.0,670.0,3,90,BURITI,FRUTO,11117,NORTE,2026,4,PREÇO RECEBIDO P/ PRODUTOR,0.7
AC,2026-04,988.8222222222222,1382.0,670.0,3,90,CAFE,MOÍDO E TORRADO,4704,NORTE,2026,4,VAREJO,65.9
AC,2026-04,988.8222222222222,1382.0,670.0,3,90,CARNE BOVINA,PATINHO S/OSSO,4289,NORTE,2026,4,VAREJO,39.7
AC,2026-04,988.8222222222222,1382.0,670.0,3,90,CARNE BOVINA,COXÃO MOLE S/OSSO,4283,NORTE,2026,4,VAREJO,41.24
AC,2026-04,988.8222222222222,1382.0,670.0,3,90,CARNE BOVINA,COXÃO DURO S/OSSO,4282,NORTE,2026,4,VAREJO,35.94
AC,2026-04,988.8222222222222,1382.0,670.0,3,90,CASTANHA DO BRASIL,EM CASCA,4178,NORTE,2026,4,PREÇO RECEBIDO P/ PRODUTOR,6.67
AC,2026-04,988.8222222222222,1382.0,670.0,3,90,FARINHA DE MANDIOCA,SECA AMARELA,15347,NORTE,2026,4,VAREJO,5.51
AC,2026-04,988.8222222222222,1382.0,670.0,3,90,FEIJAO,COMUM CORES TIPO 1,8779,NORTE,2026,4,VAREJO,7.94
AC,2026-04,988.8222222222222,1382.0,670.0,3,90,FEIJAO,COMUM CORES,8778,NORTE,2026,4,PREÇO RECEBIDO P/ PRODUTOR,10.0
AC,2026-04,988.8222222222222,1382.0,670.0,3,90,INHAME,NÃO INFORMADO,5528,NORTE,2026,4,PREÇO RECEBIDO P/ PRODUTOR,10.22
AC,2026-04,988.8222222222222,1382.0,670.0,3,90,LEITE DE VACA,LONGA VIDA INTEGRAL,4998,NORTE,2026,4,VAREJO,6.95
AC,2026-04,988.8222222222222,1382.0,670.0,3,90,MANTEIGA,NÃO INFORMADO,8626,NORTE,2026,4,VAREJO,58.46
AC,2026-04,988.8222222222222,1382.0,670.0,3,90,MARACUJA,NÃO INFORMADO,4658,NORTE,2026,4,PREÇO RECEBIDO P/ PRODUTOR,9.0
AC,2026-04,988.8222222222222,1382.0,670.0,3,90,MILHO,EM GRÃOS,4742,NORTE,2026,4,PREÇO RECEBIDO P/ PRODUTOR,1.52
AC,2026-04,988.8222222222222,1382.0,670.0,3,90,MILHO,EM GRÃOS,4742,NORTE,2026,4,ATACADO,1.71
AC,2026-04,988.8222222222222,1382.0,670.0,3,90,OLEO DE MURUMURU,NÃO INFORMADO,11586,NORTE,2026,4,PREÇO RECEBIDO P/ PRODUTOR,49.0
AC,2026-04,988.8222222222222,1382.0,670.0,3,90,OLEO DE SOJA,REFINADO,11871,NORTE,2026,4,VAREJO,9.34
AC,2026-04,988.8222222222222,1382.0,670.0,3,90,PAO,FRANCÊS,11161,NORTE,2026,4,VAREJO,14.15
AC,2026-04,988.8222222222222,1382.0,670.0,3,90,RAIZ DE MANDIOCA,DE MESA,11489,NORTE,2026,4,PREÇO RECEBIDO P/ PRODUTOR,1.26
AC,2026-04,988.8222222222222,1382.0,670.0,3,90,RAIZ DE MANDIOCA,PARA FARINHA,11240,NORTE,2026,4,PREÇO RECEBIDO P/ PRODUTOR,0.62
AC,2026-04,988.8222222222222,1382.0,670.0,3,90,TOMATE,NÃO INFORMADO,4667,NORTE,2026,4,VAREJO,10.16
AC,2026-05,598.4032258064516,1006.0,166.5,3,93,ABACAXI,PÉROLA,6320,NORTE,2026,5,PREÇO RECEBIDO P/ PRODUTOR,4.97
AC,2026-05,598.4032258064516,1006.0,166.5,3,93,ACUCAR,CRISTAL,4218,NORTE,2026,5,VAREJO,3.57
AC,2026-05,598.4032258064516,1006.0,166.5,3,93,ARROZ,LONGO FINO TIPO 1 BE,4693,NORTE,2026,5,VAREJO,4.79
AC,2026-05,598.4032258064516,1006.0,166.5,3,93,BANANA,NANICA,4627,NORTE,2026,5,VAREJO,0.67
AC,2026-05,598.4032258064516,1006.0,166.5,3,93,BANANA,PRATA,4629,NORTE,2026,5,PREÇO RECEBIDO P/ PRODUTOR,3.3
AC,2026-05,598.4032258064516,1006.0,166.5,3,93,BANANA,PRATA,4629,NORTE,2026,5,VAREJO,8.57
AC,2026-05,598.4032258064516,1006.0,166.5,3,93,BANANA,PRATA,4629,NORTE,2026,5,VAREJO,0.71
AC,2026-05,598.4032258064516,1006.0,166.5,3,93,BANANA,NANICA,4627,NORTE,2026,5,VAREJO,8.09
AC,2026-05,598.4032258064516,1006.0,166.5,3,93,BATATA,NÃO INFORMADO,5521,NORTE,2026,5,VAREJO,8.55
AC,2026-05,598.4032258064516,1006.0,166.5,3,93,BATATA-DOCE,NÃO INFORMADO,9787,NORTE,2026,5,PREÇO RECEBIDO P/ PRODUTOR,0.7
AC,2026-05,598.4032258064516,1006.0,166.5,3,93,BORRACHA,CERNAMBI VIRGEM PREN,7931,NORTE,2026,5,PREÇO RECEBIDO P/ PRODUTOR,3.5
AC,2026-05,598.4032258064516,1006.0,166.5,3,93,BURITI,FRUTO,11117,NORTE,2026,5,PREÇO RECEBIDO P/ PRODUTOR,0.7
AC,2026-05,598.4032258064516,1006.0,166.5,3,93,CAFE,MOÍDO E TORRADO,4704,NORTE,2026,5,VAREJO,63.23
AC,2026-05,598.4032258064516,1006.0,166.5,3,93,CARNE BOVINA,COXÃO MOLE S/OSSO,4283,NORTE,2026,5,VAREJO,42.19
AC,2026-05,598.4032258064516,1006.0,166.5,3,93,CARNE BOVINA,COXÃO DURO S/OSSO,4282,NORTE,2026,5,VAREJO,36.8
AC,2026-05,598.4032258064516,1006.0,166.5,3,93,CARNE BOVINA,PATINHO S/OSSO,4289,NORTE,2026,5,VAREJO,40.27
AC,2026-05,598.4032258064516,1006.0,166.5,3,93,CASTANHA DO BRASIL,EM CASCA,4178,NORTE,2026,5,PREÇO RECEBIDO P/ PRODUTOR,5.94
AC,2026-05,598.4032258064516,1006.0,166.5,3,93,FARINHA DE MANDIOCA,SECA AMARELA,15347,NORTE,2026,5,VAREJO,5.53
AC,2026-05,598.4032258064516,1006.0,166.5,3,93,FARINHA DE TRIGO,NÃO INFORMADO,4455,NORTE,2026,5,VAREJO,6.23
AC,2026-05,598.4032258064516,1006.0,166.5,3,93,FEIJAO,COMUM CORES,8778,NORTE,2026,5,PREÇO RECEBIDO P/ PRODUTOR,10.93
AC,2026-05,598.4032258064516,1006.0,166.5,3,93,FEIJAO,COMUM CORES TIPO 1,8779,NORTE,2026,5,VAREJO,8.2
AC,2026-05,598.4032258064516,1006.0,166.5,3,93,INHAME,NÃO INFORMADO,5528,NORTE,2026,5,PREÇO RECEBIDO P/ PRODUTOR,10.29
AC,2026-05,598.4032258064516,1006.0,166.5,3,93,LEITE DE VACA,LONGA VIDA INTEGRAL,4998,NORTE,2026,5,VAREJO,7.34
AC,2026-05,598.4032258064516,1006.0,166.5,3,93,LEITE DE VACA,IN NATURA,6542,NORTE,2026,5,PREÇO RECEBIDO P/ PRODUTOR,2.07
AC,2026-05,598.4032258064516,1006.0,166.5,3,93,MANTEIGA,NÃO INFORMADO,8626,NORTE,2026,5,VAREJO,58.24
AC,2026-05,598.4032258064516,1006.0,166.5,3,93,MARACUJA,NÃO INFORMADO,4658,NORTE,2026,5,PREÇO RECEBIDO P/ PRODUTOR,9.0
AC,2026-05,598.4032258064516,1006.0,166.5,3,93,MILHO,EM GRÃOS,4742,NORTE,2026,5,PREÇO RECEBIDO P/ PRODUTOR,1.55
AC,2026-05,598.4032258064516,1006.0,166.5,3,93,MILHO,EM GRÃOS,4742,NORTE,2026,5,ATACADO,1.7
AC,2026-05,598.4032258064516,1006.0,166.5,3,93,MURUMURU,FRUTO,11587,NORTE,2026,5,PREÇO RECEBIDO P/ PRODUTOR,0.89
AC,2026-05,598.4032258064516,1006.0,166.5,3,93,OLEO DE MURUMURU,NÃO INFORMADO,11586,NORTE,2026,5,PREÇO RECEBIDO P/ PRODUTOR,49.07
AC,2026-05,598.4032258064516,1006.0,166.5,3,93,OLEO DE SOJA,REFINADO,11871,NORTE,2026,5,VAREJO,9.16
AC,2026-05,598.4032258064516,1006.0,166.5,3,93,OVOS DE GALINHA,GRANDE BRANCO,11167,NORTE,2026,5,PREÇO RECEBIDO P/ PRODUTOR,0.55
AC,2026-05,598.4032258064516,1006.0,166.5,3,93,PAO,FRANCÊS,11161,NORTE,2026,5,VAREJO,14.32
AC,2026-05,598.4032258064516,1006.0,166.5,3,93,RAIZ DE MANDIOCA,PARA FARINHA,11240,NORTE,2026,5,PREÇO RECEBIDO P/ PRODUTOR,0.62
AC,2026-05,598.4032258064516,1006.0,166.5,3,93,RAIZ DE MANDIOCA,DE MESA,11489,NORTE,2026,5,PREÇO RECEBIDO P/ PRODUTOR,1.64
AC,2026-05,598.4032258064516,1006.0,166.5,3,93,TOMATE,NÃO INFORMADO,4667,NORTE,2026,5,VAREJO,12.02
AC,2026-08,126.71111111111111,238.0,41.0,3,45,ABACAXI,PÉROLA,6320,NORTE,2026,8,PREÇO RECEBIDO P/ PRODUTOR,5.33
AC,2026-08,126.71111111111111,238.0,41.0,3,45,ACAI,FRUTO,8623,NORTE,2026,8,PREÇO RECEBIDO P/ PRODUTOR,3.7
AC,2026-08,126.71111111111111,238.0,41.0,3,45,ARROZ,LONGO FINO TIPO 1 BE,4693,NORTE,2026,8,VAREJO,5.1
AC,2026-08,126.71111111111111,238.0,41.0,3,45,BANANA,PRATA,4629,NORTE,2026,8,PREÇO RECEBIDO P/ PRODUTOR,4.5
AC,2026-08,126.71111111111111,238.0,41.0,3,45,BANANA,PRATA,4629,NORTE,2026,8,VAREJO,8.69
AC,2026-08,126.71111111111111,238.0,41.0,3,45,BANANA,NANICA,4627,NORTE,2026,8,VAREJO,8.35
AC,2026-08,126.71111111111111,238.0,41.0,3,45,BATATA,NÃO INFORMADO,5521,NORTE,2026,8,VAREJO,7.23
AC,2026-08,126.71111111111111,238.0,41.0,3,45,BATATA-DOCE,NÃO INFORMADO,9787,NORTE,2026,8,PREÇO RECEBIDO P/ PRODUTOR,1.52
AC,2026-08,126.71111111111111,238.0,41.0,3,45,BORRACHA,CERNAMBI VIRGEM PREN,7931,NORTE,2026,8,PREÇO RECEBIDO P/ PRODUTOR,3.5
AC,2026-08,126.71111111111111,238.0,41.0,3,45,CASTANHA DO BRASIL,EM CASCA,4178,NORTE,2026,8,PREÇO RECEBIDO P/ PRODUTOR,7.27
AC,2026-08,126.71111111111111,238.0,41.0,3,45,FARINHA DE MANDIOCA,MÉDIA SECA BRANCA,11247,NORTE,2026,8,PREÇO RECEBIDO P/ PRODUTOR,3.73
AC,2026-08,126.71111111111111,238.0,41.0,3,45,FARINHA DE MANDIOCA,SECA AMARELA,15347,NORTE,2026,8,VAREJO,6.22
AC,2026-08,126.71111111111111,238.0,41.0,3,45,FARINHA DE TRIGO,NÃO INFORMADO,4455,NORTE,2026,8,VAREJO,6.11
AC,2026-08,126.71111111111111,238.0,41.0,3,45,FEIJAO,COMUM CORES,8778,NORTE,2026,8,PREÇO RECEBIDO P/ PRODUTOR,12.0
AC,2026-08,126.71111111111111,238.0,41.0,3,45,FEIJAO,COMUM CORES TIPO 1,8779,NORTE,2026,8,VAREJO,8.85
AC,2026-08,126.71111111111111,238.0,41.0,3,45,INHAME,NÃO INFORMADO,5528,NORTE,2026,8,PREÇO RECEBIDO P/ PRODUTOR,10.31
AC,2026-08,126.71111111111111,238.0,41.0,3,45,LEITE DE VACA,IN NATURA,6542,NORTE,2026,8,PREÇO RECEBIDO P/ PRODUTOR,2.08
AC,2026-08,126.71111111111111,238.0,41.0,3,45,MARACUJA,NÃO INFORMADO,4658,NORTE,2026,8,PREÇO RECEBIDO P/ PRODUTOR,9.06
AC,2026-08,126.71111111111111,238.0,41.0,3,45,MILHO,EM GRÃOS,4742,NORTE,2026,8,PREÇO RECEBIDO P/ PRODUTOR,1.14
AC,2026-08,126.71111111111111,238.0,41.0,3,45,MILHO,EM GRÃOS,4742,NORTE,2026,8,ATACADO,1.26
AC,2026-08,126.71111111111111,238.0,41.0,3,45,MURUMURU,FRUTO,11587,NORTE,2026,8,PREÇO RECEBIDO P/ PRODUTOR,0.91
AC,2026-08,126.71111111111111,238.0,41.0,3,45,OLEO DE MURUMURU,NÃO INFORMADO,11586,NORTE,2026,8,PREÇO RECEBIDO P/ PRODUTOR,49.1
AC,2026-08,126.71111111111111,238.0,41.0,3,45,OVOS DE GALINHA,GRANDE BRANCO,11167,NORTE,2026,8,PREÇO RECEBIDO P/ PRODUTOR,0.49
AC,2026-08,126.71111111111111,238.0,41.0,3,45,RAIZ DE MANDIOCA,PARA FARINHA,11240,NORTE,2026,8,PREÇO RECEBIDO P/ PRODUTOR,0.62
AC,2026-08,126.71111111111111,238.0,41.0,3,45,RAIZ DE MANDIOCA,DE MESA,11489,NORTE,2026,8,PREÇO RECEBIDO P/ PRODUTOR,2.81
AC,2026-08,126.71111111111111,238.0,41.0,3,45,TOMATE,NÃO INFORMADO,4667,NORTE,2026,8,VAREJO,8.6
AM,2025-09,1504.7555555555555,2694.0,627.5,3,90,ABACAXI,PÉROLA,6320,NORTE,2025,9,PREÇO RECEBIDO P/ PRODUTOR,8.16
AM,2025-09,1504.7555555555555,2694.0,627.5,3,90,ACAI,FRUTO,8623,NORTE,2025,9,PREÇO RECEBIDO P/ PRODUTOR,2.47
AM,2025-09,1504.7555555555555,2694.0,627.5,3,90,ACUCAR,CRISTAL,4218,NORTE,2025,9,VAREJO,3.68
AM,2025-09,1504.7555555555555,2694.0,627.5,3,90,ACUCAR,CRISTAL,4218,NORTE,2025,9,ATACADO,3.71
AM,2025-09,1504.7555555555555,2694.0,627.5,3,90,AMENDOA DE ANDIROBA,NÃO INFORMADO,10211,NORTE,2025,9,PREÇO RECEBIDO P/ PRODUTOR,1.34
AM,2025-09,1504.7555555555555,2694.0,627.5,3,90,ARROZ,LONGO FINO TIPO 1 BE,4693,NORTE,2025,9,VAREJO,5.27
AM,2025-09,1504.7555555555555,2694.0,627.5,3,90,ARROZ,LONGO FINO TIPO 1 BE,4693,NORTE,2025,9,ATACADO,5.63
AM,2025-09,1504.7555555555555,2694.0,627.5,3,90,BANANA,PRATA,4629,NORTE,2025,9,VAREJO,9.18
AM,2025-09,1504.7555555555555,2694.0,627.5,3,90,BANANA,NANICA,4627,NORTE,2025,9,VAREJO,10.57
AM,2025-09,1504.7555555555555,2694.0,627.5,3,90,BANANA,PRATA,4629,NORTE,2025,9,VAREJO,0.92
AM,2025-09,1504.7555555555555,2694.0,627.5,3,90,BANANA,NANICA,4627,NORTE,2025,9,VAREJO,1.59
AM,2025-09,1504.7555555555555,2694.0,627.5,3,90,BANANA,PRATA,4629,NORTE,2025,9,PREÇO RECEBIDO P/ PRODUTOR,5.58
AM,2025-09,1504.7555555555555,2694.0,627.5,3,90,BATATA-DOCE,NÃO INFORMADO,9787,NORTE,2025,9,PREÇO RECEBIDO P/ PRODUTOR,0.9
AM,2025-09,1504.7555555555555,2694.0,627.5,3,90,BORRACHA,CERNAMBI VIRGEM PREN,7931,NORTE,2025,9,PREÇO RECEBIDO P/ PRODUTOR,5.76
AM,2025-09,1504.7555555555555,2694.0,627.5,3,90,BURITI,FRUTO,11117,NORTE,2025,9,PREÇO RECEBIDO P/ PRODUTOR,1.44
AM,2025-09,1504.7555555555555,2694.0,627.5,3,90,CACAU EXTRATIVO,AMÊNDOA,10920,NORTE,2025,9,PREÇO RECEBIDO P/ PRODUTOR,35.63
AM,2025-09,1504.7555555555555,2694.0,627.5,3,90,CAFE,MOÍDO E TORRADO,4704,NORTE,2025,9,VAREJO,69.76
AM,2025-09,1504.7555555555555,2694.0,627.5,3,90,CAFE,CONILLON TIPO 7,6935,NORTE,2025,9,PREÇO RECEBIDO P/ PRODUTOR,23.29
AM,2025-09,1504.7555555555555,2694.0,627.5,3,90,CARA,NÃO INFORMADO,5526,NORTE,2025,9,PREÇO RECEBIDO P/ PRODUTOR,2.21
AM,2025-09,1504.7555555555555,2694.0,627.5,3,90,CARNE BOVINA,PATINHO S/OSSO,4289,NORTE,2025,9,VAREJO,41.66
AM,2025-09,1504.7555555555555,2694.0,627.5,3,90,CARNE BOVINA,COXÃO MOLE S/OSSO,4283,NORTE,2025,9,VAREJO,41.57
AM,2025-09,1504.7555555555555,2694.0,627.5,3,90,CARNE BOVINA,COXÃO DURO S/OSSO,4282,NORTE,2025,9,VAREJO,38.11
AM,2025-09,1504.7555555555555,2694.0,627.5,3,90,CASTANHA DO BRASIL,BENEFICIADA,4177,NORTE,2025,9,ATACADO,23.52
AM,2025-09,1504.7555555555555,2694.0,627.5,3,90,FARINHA DE MANDIOCA,FINA SECA,11280,NORTE,2025,9,PREÇO RECEBIDO P/ PRODUTOR,3.6
AM,2025-09,1504.7555555555555,2694.0,627.5,3,90,FARINHA DE MANDIOCA,MÉDIA D'ÁGUA,11279,NORTE,2025,9,PREÇO RECEBIDO P/ PRODUTOR,6.0
AM,2025-09,1504.7555555555555,2694.0,627.5,3,90,FARINHA DE MANDIOCA,GROSSA(O) TIPO 1 D'Á,11311,NORTE,2025,9,ATACADO,5.56
AM,2025-09,1504.7555555555555,2694.0,627.5,3,90,FARINHA DE MANDIOCA,MÉDIA TIPO 1 SECA,11174,NORTE,2025,9,ATACADO,4.6
AM,2025-09,1504.7555555555555,2694.0,627.5,3,90,FARINHA DE MANDIOCA,D'ÁGUA AMARELA,15346,NORTE,2025,9,VAREJO,5.16
AM,2025-09,1504.7555555555555,2694.0,627.5,3,90,FARINHA DE TRIGO,SEM FERMENTO,14895,NORTE,2025,9,ATACADO,4.95
AM,2025-09,1504.7555555555555,2694.0,627.5,3,90,FEIJAO,COMUM CORES TIPO 1,8779,NORTE,2025,9,VAREJO,6.15
AM,2025-09,1504.7555555555555,2694.0,627.5,3,90,FEIJAO,COMUM PRETO TIPO 1,8781,NORTE,2025,9,ATACADO,6.5
AM,2025-09,1504.7555555555555,2694.0,627.5,3,90,FEIJAO,COMUM CORES TIPO 1,8779,NORTE,2025,9,ATACADO,5.47
AM,2025-09,1504.7555555555555,2694.0,627.5,3,90,FEIJAO,CAUPI TIPO 1,8786,NORTE,2025,9,ATACADO,6.83
AM,2025-09,1504.7555555555555,2694.0,627.5,3,90,FLOCOS DE MILHO,FLOCÃO,11241,NORTE,2025,9,ATACADO,3.9
AM,2025-09,1504.7555555555555,2694.0,627.5,3,90,FUBA DE MILHO,COMUM AMARELO,13334,NORTE,2025,9,ATACADO,11.2
AM,2025-09,1504.7555555555555,2694.0,627.5,3,90,JUTA,JUTA/MALVA EM BRUTO,4594,NORTE,2025,9,PREÇO RECEBIDO P/ PRODUTOR,6.0
AM,2025-09,1504.7555555555555,2694.0,627.5,3,90,LEITE DE VACA,IN NATURA,6542,NORTE,2025,9,PREÇO RECEBIDO P/ PRODUTOR,4.66
AM,2025-09,1504.7555555555555,2694.0,627.5,3,90,LEITE DE VACA,EM PÓ INTEGRAL,4990,NORTE,2025,9,ATACADO,39.75
AM,2025-09,1504.7555555555555,2694.0,627.5,3,90,LEITE DE VACA,LONGA VIDA INTEGRAL,4998,NORTE,2025,9,VAREJO,7.02
AM,2025-09,1504.7555555555555,2694.0,627.5,3,90,LEITE DE VACA,LONGA VIDA INTEGRAL,4998,NORTE,2025,9,ATACADO,6.92
AM,2025-09,1504.7555555555555,2694.0,627.5,3,90,MACARRAO,ESPAGUETE SÊMOLA COM,11194,NORTE,2025,9,ATACADO,9.95
AM,2025-09,1504.7555555555555,2694.0,627.5,3,90,MANTEIGA,NÃO INFORMADO,8626,NORTE,2025,9,VAREJO,58.91
AM,2025-09,1504.7555555555555,2694.0,627.5,3,90,MILHO,EM GRÃOS,4742,NORTE,2025,9,ATACADO,1.45
AM,2025-09,1504.7555555555555,2694.0,627.5,3,90,MURUMURU,FRUTO,11587,NORTE,2025,9,PREÇO RECEBIDO P/ PRODUTOR,1.35
AM,2025-09,1504.7555555555555,2694.0,627.5,3,90,OLEO DE COPAIBA,NÃO INFORMADO,7565,NORTE,2025,9,PREÇO RECEBIDO P/ PRODUTOR,42.0
AM,2025-09,1504.7555555555555,2694.0,627.5,3,90,OLEO DE MURUMURU,NÃO INFORMADO,11586,NORTE,2025,9,PREÇO RECEBIDO P/ PRODUTOR,57.5
AM,2025-09,1504.7555555555555,2694.0,627.5,3,90,OLEO DE SOJA,REFINADO,11871,NORTE,2025,9,VAREJO,9.7
AM,2025-09,1504.7555555555555,2694.0,627.5,3,90,OLEO DE SOJA,REFINADO,11871,NORTE,2025,9,ATACADO,9.44
AM,2025-09,1504.7555555555555,2694.0,627.5,3,90,OVOS DE GALINHA,GRANDE BRANCO,11167,NORTE,2025,9,PREÇO RECEBIDO P/ PRODUTOR,0.56
AM,2025-09,1504.7555555555555,2694.0,627.5,3,90,OVOS DE GALINHA,TIPO A BRANCO,11245,NORTE,2025,9,ATACADO,0.62
AM,2025-09,1504.7555555555555,2694.0,627.5,3,90,PAO,FRANCÊS,11161,NORTE,2025,9,VAREJO,13.63
AM,2025-09,1504.7555555555555,2694.0,627.5,3,90,PIACAVA,BENEFICIADA,11474,NORTE,2025,9,PREÇO RECEBIDO P/ PRODUTOR,4.95
AM,2025-09,1504.7555555555555,2694.0,627.5,3,90,PIACAVA,NÃO BENEFICIADA,11475,NORTE,2025,9,PREÇO RECEBIDO P/ PRODUTOR,4.77
AM,2025-09,1504.7555555555555,2694.0,627.5,3,90,PIRARUCU,NÃO INFORMADO,6076,NORTE,2025,9,PREÇO RECEBIDO P/ PRODUTOR,7.17
AM,2025-09,1504.7555555555555,2694.0,627.5,3,90,RAIZ DE MANDIOCA,DE MESA,11489,NORTE,2025,9,PREÇO RECEBIDO P/ PRODUTOR,3.99
AM,2025-09,1504.7555555555555,2694.0,627.5,3,90,TOMATE,NÃO INFORMADO,4667,NORTE,2025,9,VAREJO,8.55
AM,2025-10,1077.967741935484,2287.0,276.5,3,93,ABACAXI,PÉROLA,6320,NORTE,2025,10,PREÇO RECEBIDO P/ PRODUTOR,8.94
AM,2025-10,1077.967741935484,2287.0,276.5,3,93,ACUCAR,CRISTAL,4218,NORTE,2025,10,ATACADO,3.74
AM,2025-10,1077.967741935484,2287.0,276.5,3,93,ACUCAR,CRISTAL,4218,NORTE,2025,10,VAREJO,3.69
AM,2025-10,1077.967741935484,2287.0,276.5,3,93,AMENDOA DE ANDIROBA,NÃO INFORMADO,10211,NORTE,2025,10,PREÇO RECEBIDO P/ PRODUTOR,1.4
AM,2025-10,1077.967741935484,2287.0,276.5,3,93,ARROZ,LONGO FINO TIPO 1 BE,4693,NORTE,2025,10,ATACADO,5.36
AM,2025-10,1077.967741935484,2287.0,276.5,3,93,ARROZ,LONGO FINO TIPO 1 BE,4693,NORTE,2025,10,VAREJO,5.04
AM,2025-10,1077.967741935484,2287.0,276.5,3,93,BANANA,NANICA,4627,NORTE,2025,10,VAREJO,1.57
AM,2025-10,1077.967741935484,2287.0,276.5,3,93,BANANA,PRATA,4629,NORTE,2025,10,VAREJO,9.17
AM,2025-10,1077.967741935484,2287.0,276.5,3,93,BANANA,PRATA,4629,NORTE,2025,10,PREÇO RECEBIDO P/ PRODUTOR,5.87
AM,2025-10,1077.967741935484,2287.0,276.5,3,93,BANANA,PRATA,4629,NORTE,2025,10,VAREJO,0.92
AM,2025-10,1077.967741935484,2287.0,276.5,3,93,BANANA,NANICA,4627,NORTE,2025,10,VAREJO,10.46
AM,2025-10,1077.967741935484,2287.0,276.5,3,93,BATATA-DOCE,NÃO INFORMADO,9787,NORTE,2025,10,PREÇO RECEBIDO P/ PRODUTOR,1.02
AM,2025-10,1077.967741935484,2287.0,276.5,3,93,BORRACHA,CERNAMBI VIRGEM PREN,7931,NORTE,2025,10,PREÇO RECEBIDO P/ PRODUTOR,5.88
AM,2025-10,1077.967741935484,2287.0,276.5,3,93,BURITI,FRUTO,11117,NORTE,2025,10,PREÇO RECEBIDO P/ PRODUTOR,1.45
AM,2025-10,1077.967741935484,2287.0,276.5,3,93,CACAU EXTRATIVO,AMÊNDOA,10920,NORTE,2025,10,PREÇO RECEBIDO P/ PRODUTOR,33.92
AM,2025-10,1077.967741935484,2287.0,276.5,3,93,CAFE,CONILLON TIPO 7,6935,NORTE,2025,10,PREÇO RECEBIDO P/ PRODUTOR,23.26
AM,2025-10,1077.967741935484,2287.0,276.5,3,93,CAFE,MOÍDO E TORRADO,4704,NORTE,2025,10,VAREJO,69.74
AM,2025-10,1077.967741935484,2287.0,276.5,3,93,CARA,NÃO INFORMADO,5526,NORTE,2025,10,PREÇO RECEBIDO P/ PRODUTOR,2.15
AM,2025-10,1077.967741935484,2287.0,276.5,3,93,CARNE BOVINA,COXÃO MOLE S/OSSO,4283,NORTE,2025,10,VAREJO,40.81
AM,2025-10,1077.967741935484,2287.0,276.5,3,93,CARNE BOVINA,COXÃO DURO S/OSSO,4282,NORTE,2025,10,VAREJO,38.3
AM,2025-10,1077.967741935484,2287.0,276.5,3,93,CARNE BOVINA,PATINHO S/OSSO,4289,NORTE,2025,10,VAREJO,40.39
AM,2025-10,1077.967741935484,2287.0,276.5,3,93,CASTANHA DO BRASIL,BENEFICIADA,4177,NORTE,2025,10,ATACADO,26.98
AM,2025-10,1077.967741935484,2287.0,276.5,3,93,FARINHA DE MANDIOCA,MÉDIA TIPO 1 SECA,11174,NORTE,2025,10,ATACADO,4.48
AM,2025-10,1077.967741935484,2287.0,276.5,3,93,FARINHA DE MANDIOCA,FINA SECA,11280,NORTE,2025,10,PREÇO RECEBIDO P/ PRODUTOR,3.6
AM,2025-10,1077.967741935484,2287.0,276.5,3,93,FARINHA DE MANDIOCA,MÉDIA D'ÁGUA,11279,NORTE,2025,10,PREÇO RECEBIDO P/ PRODUTOR,6.0
AM,2025-10,1077.967741935484,2287.0,276.5,3,93,FARINHA DE MANDIOCA,GROSSA(O) TIPO 1 D'Á,11311,NORTE,2025,10,ATACADO,5.21
AM,2025-10,1077.967741935484,2287.0,276.5,3,93,FARINHA DE MANDIOCA,D'ÁGUA AMARELA,15346,NORTE,2025,10,VAREJO,5.19
AM,2025-10,1077.967741935484,2287.0,276.5,3,93,FARINHA DE TRIGO,SEM FERMENTO,14895,NORTE,2025,10,ATACADO,4.83
AM,2025-10,1077.967741935484,2287.0,276.5,3,93,FEIJAO,COMUM CORES TIPO 1,8779,NORTE,2025,10,ATACADO,5.63
AM,2025-10,1077.967741935484,2287.0,276.5,3,93,FEIJAO,COMUM PRETO TIPO 1,8781,NORTE,2025,10,ATACADO,6.19
AM,2025-10,1077.967741935484,2287.0,276.5,3,93,FEIJAO,CAUPI TIPO 1,8786,NORTE,2025,10,ATACADO,6.49
AM,2025-10,1077.967741935484,2287.0,276.5,3,93,FEIJAO,COMUM CORES TIPO 1,8779,NORTE,2025,10,VAREJO,6.35
AM,2025-10,1077.967741935484,2287.0,276.5,3,93,FLOCOS DE MILHO,FLOCÃO,11241,NORTE,2025,10,ATACADO,4.27
AM,2025-10,1077.967741935484,2287.0,276.5,3,93,FUBA DE MILHO,COMUM AMARELO,13334,NORTE,2025,10,ATACADO,10.58
AM,2025-10,1077.967741935484,2287.0,276.5,3,93,JUTA,JUTA/MALVA EM BRUTO,4594,NORTE,2025,10,PREÇO RECEBIDO P/ PRODUTOR,6.0
AM,2025-10,1077.967741935484,2287.0,276.5,3,93,LEITE DE VACA,LONGA VIDA INTEGRAL,4998,NORTE,2025,10,VAREJO,6.86
AM,2025-10,1077.967741935484,2287.0,276.5,3,93,LEITE DE VACA,EM PÓ INTEGRAL,4990,NORTE,2025,10,ATACADO,39.6
AM,2025-10,1077.967741935484,2287.0,276.5,3,93,LEITE DE VACA,IN NATURA,6542,NORTE,2025,10,PREÇO RECEBIDO P/ PRODUTOR,4.72
AM,2025-10,1077.967741935484,2287.0,276.5,3,93,LEITE DE VACA,LONGA VIDA INTEGRAL,4998,NORTE,2025,10,ATACADO,6.57
AM,2025-10,1077.967741935484,2287.0,276.5,3,93,MACARRAO,ESPAGUETE SÊMOLA COM,11194,NORTE,2025,10,ATACADO,10.07
AM,2025-10,1077.967741935484,2287.0,276.5,3,93,MANTEIGA,NÃO INFORMADO,8626,NORTE,2025,10,VAREJO,56.41
AM,2025-10,1077.967741935484,2287.0,276.5,3,93,MILHO,EM GRÃOS,4742,NORTE,2025,10,ATACADO,1.48
AM,2025-10,1077.967741935484,2287.0,276.5,3,93,MURUMURU,FRUTO,11587,NORTE,2025,10,PREÇO RECEBIDO P/ PRODUTOR,1.4
AM,2025-10,1077.967741935484,2287.0,276.5,3,93,OLEO DE COPAIBA,NÃO INFORMADO,7565,NORTE,2025,10,PREÇO RECEBIDO P/ PRODUTOR,40.0
AM,2025-10,1077.967741935484,2287.0,276.5,3,93,OLEO DE MURUMURU,NÃO INFORMADO,11586,NORTE,2025,10,PREÇO RECEBIDO P/ PRODUTOR,60.0
AM,2025-10,1077.967741935484,2287.0,276.5,3,93,OLEO DE SOJA,REFINADO,11871,NORTE,2025,10,ATACADO,10.27
AM,2025-10,1077.967741935484,2287.0,276.5,3,93,OLEO DE SOJA,REFINADO,11871,NORTE,2025,10,VAREJO,10.12
AM,2025-10,1077.967741935484,2287.0,276.5,3,93,OVOS DE GALINHA,TIPO A BRANCO,11245,NORTE,2025,10,ATACADO,0.61
AM,2025-10,1077.967741935484,2287.0,276.5,3,93,OVOS DE GALINHA,GRANDE BRANCO,11167,NORTE,2025,10,PREÇO RECEBIDO P/ PRODUTOR,0.52
AM,2025-10,1077.967741935484,2287.0,276.5,3,93,PAO,FRANCÊS,11161,NORTE,2025,10,VAREJO,13.58
AM,2025-10,1077.967741935484,2287.0,276.5,3,93,PIACAVA,NÃO BENEFICIADA,11475,NORTE,2025,10,PREÇO RECEBIDO P/ PRODUTOR,4.73
AM,2025-10,1077.967741935484,2287.0,276.5,3,93,PIACAVA,BENEFICIADA,11474,NORTE,2025,10,PREÇO RECEBIDO P/ PRODUTOR,4.96
AM,2025-10,1077.967741935484,2287.0,276.5,3,93,PIRARUCU,NÃO INFORMADO,6076,NORTE,2025,10,PREÇO RECEBIDO P/ PRODUTOR,6.75
AM,2025-10,1077.967741935484,2287.0,276.5,3,93,RAIZ DE MANDIOCA,DE MESA,11489,NORTE,2025,10,PREÇO RECEBIDO P/ PRODUTOR,3.98
AM,2025-10,1077.967741935484,2287.0,276.5,3,93,TOMATE,NÃO INFORMADO,4667,NORTE,2025,10,VAREJO,8.23
AM,2025-11,939.8111111111111,2000.0,263.0,3,90,ABACAXI,PÉROLA,6320,NORTE,2025,11,PREÇO RECEBIDO P/ PRODUTOR,8.9
AM,2025-11,939.8111111111111,2000.0,263.0,3,90,ACUCAR,CRISTAL,4218,NORTE,2025,11,VAREJO,3.68
AM,2025-11,939.8111111111111,2000.0,263.0,3,90,ACUCAR,CRISTAL,4218,NORTE,2025,11,ATACADO,3.56
AM,2025-11,939.8111111111111,2000.0,263.0,3,90,AMENDOA DE ANDIROBA,NÃO INFORMADO,10211,NORTE,2025,11,PREÇO RECEBIDO P/ PRODUTOR,1.34
AM,2025-11,939.8111111111111,2000.0,263.0,3,90,ARROZ,LONGO FINO TIPO 1 BE,4693,NORTE,2025,11,VAREJO,4.81
AM,2025-11,939.8111111111111,2000.0,263.0,3,90,ARROZ,LONGO FINO TIPO 1 BE,4693,NORTE,2025,11,ATACADO,4.83
AM,2025-11,939.8111111111111,2000.0,263.0,3,90,BANANA,NANICA,4627,NORTE,2025,11,VAREJO,1.73
AM,2025-11,939.8111111111111,2000.0,263.0,3,90,BANANA,PRATA,4629,NORTE,2025,11,VAREJO,0.88
AM,2025-11,939.8111111111111,2000.0,263.0,3,90,BANANA,NANICA,4627,NORTE,2025,11,VAREJO,11.55
AM,2025-11,939.8111111111111,2000.0,263.0,3,90,BANANA,PRATA,4629,NORTE,2025,11,VAREJO,8.77
AM,2025-11,939.8111111111111,2000.0,263.0,3,90,BANANA,PRATA,4629,NORTE,2025,11,PREÇO RECEBIDO P/ PRODUTOR,6.1
AM,2025-11,939.8111111111111,2000.0,263.0,3,90,BATATA-DOCE,NÃO INFORMADO,9787,NORTE,2025,11,PREÇO RECEBIDO P/ PRODUTOR,1.3
AM,2025-11,939.8111111111111,2000.0,263.0,3,90,BORRACHA,CERNAMBI VIRGEM PREN,7931,NORTE,2025,11,PREÇO RECEBIDO P/ PRODUTOR,5.94
AM,2025-11,939.8111111111111,2000.0,263.0,3,90,BURITI,FRUTO,11117,NORTE,2025,11,PREÇO RECEBIDO P/ PRODUTOR,1.54
AM,2025-11,939.8111111111111,2000.0,263.0,3,90,CACAU EXTRATIVO,AMÊNDOA,10920,NORTE,2025,11,PREÇO RECEBIDO P/ PRODUTOR,34.08
AM,2025-11,939.8111111111111,2000.0,263.0,3,90,CAFE,CONILLON TIPO 7,6935,NORTE,2025,11,PREÇO RECEBIDO P/ PRODUTOR,23.13
AM,2025-11,939.8111111111111,2000.0,263.0,3,90,CAFE,MOÍDO E TORRADO,4704,NORTE,2025,11,VAREJO,67.68
AM,2025-11,939.8111111111111,2000.0,263.0,3,90,CARA,NÃO INFORMADO,5526,NORTE,2025,11,PREÇO RECEBIDO P/ PRODUTOR,2.15
AM,2025-11,939.8111111111111,2000.0,263.0,3,90,CARNE BOVINA,COXÃO DURO S/OSSO,4282,NORTE,2025,11,VAREJO,37.86
AM,2025-11,939.8111111111111,2000.0,263.0,3,90,CARNE BOVINA,COXÃO MOLE S/OSSO,4283,NORTE,2025,11,VAREJO,42.85
AM,2025-11,939.8111111111111,2000.0,263.0,3,90,CARNE BOVINA,PATINHO S/OSSO,4289,NORTE,2025,11,VAREJO,41.15
AM,2025-11,939.8111111111111,2000.0,263.0,3,90,CASTANHA DO BRASIL,BENEFICIADA,4177,NORTE,2025,11,ATACADO,27.25
AM,2025-11,939.8111111111111,2000.0,263.0,3,90,FARINHA DE MANDIOCA,GROSSA(O) TIPO 1 D'Á,11311,NORTE,2025,11,ATACADO,4.75
AM,2025-11,939.8111111111111,2000.0,263.0,3,90,FARINHA DE MANDIOCA,FINA SECA,11280,NORTE,2025,11,PREÇO RECEBIDO P/ PRODUTOR,3.15
AM,2025-11,939.8111111111111,2000.0,263.0,3,90,FARINHA DE MANDIOCA,MÉDIA TIPO 1 SECA,11174,NORTE,2025,11,ATACADO,4.6
AM,2025-11,939.8111111111111,2000.0,263.0,3,90,FARINHA DE MANDIOCA,MÉDIA D'ÁGUA,11279,NORTE,2025,11,PREÇO RECEBIDO P/ PRODUTOR,5.6
AM,2025-11,939.8111111111111,2000.0,263.0,3,90,FARINHA DE MANDIOCA,D'ÁGUA AMARELA,15346,NORTE,2025,11,VAREJO,4.77
AM,2025-11,939.8111111111111,2000.0,263.0,3,90,FARINHA DE TRIGO,SEM FERMENTO,14895,NORTE,2025,11,ATACADO,5.09
AM,2025-11,939.8111111111111,2000.0,263.0,3,90,FEIJAO,COMUM CORES TIPO 1,8779,NORTE,2025,11,VAREJO,6.55
AM,2025-11,939.8111111111111,2000.0,263.0,3,90,FEIJAO,CAUPI TIPO 1,8786,NORTE,2025,11,ATACADO,5.85
AM,2025-11,939.8111111111111,2000.0,263.0,3,90,FEIJAO,COMUM PRETO TIPO 1,8781,NORTE,2025,11,ATACADO,6.27
AM,2025-11,939.8111111111111,2000.0,263.0,3,90,FEIJAO,COMUM CORES TIPO 1,8779,NORTE,2025,11,ATACADO,5.72
AM,2025-11,939.8111111111111,2000.0,263.0,3,90,FLOCOS DE MILHO,FLOCÃO,11241,NORTE,2025,11,ATACADO,3.85
AM,2025-11,939.8111111111111,2000.0,263.0,3,90,FUBA DE MILHO,COMUM AMARELO,13334,NORTE,2025,11,ATACADO,9.53
AM,2025-11,939.8111111111111,2000.0,263.0,3,90,GUARANA,TIPO 1,9574,NORTE,2025,11,PREÇO RECEBIDO P/ PRODUTOR,80.0
AM,2025-11,939.8111111111111,2000.0,263.0,3,90,JUTA,JUTA/MALVA EM BRUTO,4594,NORTE,2025,11,PREÇO RECEBIDO P/ PRODUTOR,5.5
AM,2025-11,939.8111111111111,2000.0,263.0,3,90,LEITE DE VACA,LONGA VIDA INTEGRAL,4998,NORTE,2025,11,ATACADO,5.91
AM,2025-11,939.8111111111111,2000.0,263.0,3,90,LEITE DE VACA,IN NATURA,6542,NORTE,2025,11,PREÇO RECEBIDO P/ PRODUTOR,4.69
AM,2025-11,939.8111111111111,2000.0,263.0,3,90,LEITE DE VACA,LONGA VIDA INTEGRAL,4998,NORTE,2025,11,VAREJO,6.83
AM,2025-11,939.8111111111111,2000.0,263.0,3,90,LEITE DE VACA,EM PÓ INTEGRAL,4990,NORTE,2025,11,ATACADO,38.03
AM,2025-11,939.8111111111111,2000.0,263.0,3,90,MACARRAO,ESPAGUETE SÊMOLA COM,11194,NORTE,2025,11,ATACADO,9.78
AM,2025-11,939.8111111111111,2000.0,263.0,3,90,MANTEIGA,NÃO INFORMADO,8626,NORTE,2025,11,VAREJO,55.85
AM,2025-11,939.8111111111111,2000.0,263.0,3,90,MILHO,EM GRÃOS,4742,NORTE,2025,11,ATACADO,1.39
AM,2025-11,939.8111111111111,2000.0,263.0,3,90,MURUMURU,FRUTO,11587,NORTE,2025,11,PREÇO RECEBIDO P/ PRODUTOR,1.5
AM,2025-11,939.8111111111111,2000.0,263.0,3,90,OLEO DE MURUMURU,NÃO INFORMADO,11586,NORTE,2025,11,PREÇO RECEBIDO P/ PRODUTOR,60.0
AM,2025-11,939.8111111111111,2000.0,263.0,3,90,OLEO DE SOJA,REFINADO,11871,NORTE,2025,11,VAREJO,10.47
AM,2025-11,939.8111111111111,2000.0,263.0,3,90,OLEO DE SOJA,REFINADO,11871,NORTE,2025,11,ATACADO,10.13
AM,2025-11,939.8111111111111,2000.0,263.0,3,90,OVOS DE GALINHA,GRANDE BRANCO,11167,NORTE,2025,11,PREÇO RECEBIDO P/ PRODUTOR,0.55
AM,2025-11,939.8111111111111,2000.0,263.0,3,90,OVOS DE GALINHA,TIPO A BRANCO,11245,NORTE,2025,11,ATACADO,0.58
AM,2025-11,939.8111111111111,2000.0,263.0,3,90,PAO,FRANCÊS,11161,NORTE,2025,11,VAREJO,13.51
AM,2025-11,939.8111111111111,2000.0,263.0,3,90,PIACAVA,BENEFICIADA,11474,NORTE,2025,11,PREÇO RECEBIDO P/ PRODUTOR,5.1
AM,2025-11,939.8111111111111,2000.0,263.0,3,90,PIACAVA,NÃO BENEFICIADA,11475,NORTE,2025,11,PREÇO RECEBIDO P/ PRODUTOR,4.55
AM,2025-11,939.8111111111111,2000.0,263.0,3,90,PIRARUCU,NÃO INFORMADO,6076,NORTE,2025,11,PREÇO RECEBIDO P/ PRODUTOR,7.0
AM,2025-11,939.8111111111111,2000.0,263.0,3,90,RAIZ DE MANDIOCA,DE MESA,11489,NORTE,2025,11,PREÇO RECEBIDO P/ PRODUTOR,3.96
AM,2025-11,939.8111111111111,2000.0,263.0,3,90,TOMATE,NÃO INFORMADO,4667,NORTE,2025,11,VAREJO,7.94
AM,2025-12,1139.5645161290322,2230.0,337.0,3,93,ABACAXI,PÉROLA,6320,NORTE,2025,12,PREÇO RECEBIDO P/ PRODUTOR,10.05
AM,2025-12,1139.5645161290322,2230.0,337.0,3,93,ACUCAR,CRISTAL,4218,NORTE,2025,12,ATACADO,3.47
AM,2025-12,1139.5645161290322,2230.0,337.0,3,93,ACUCAR,CRISTAL,4218,NORTE,2025,12,VAREJO,3.69
AM,2025-12,1139.5645161290322,2230.0,337.0,3,93,AMENDOA DE ANDIROBA,NÃO INFORMADO,10211,NORTE,2025,12,PREÇO RECEBIDO P/ PRODUTOR,1.38
AM,2025-12,1139.5645161290322,2230.0,337.0,3,93,ARROZ,LONGO FINO TIPO 1 BE,4693,NORTE,2025,12,ATACADO,4.74
AM,2025-12,1139.5645161290322,2230.0,337.0,3,93,ARROZ,LONGO FINO TIPO 1 BE,4693,NORTE,2025,12,VAREJO,4.86
AM,2025-12,1139.5645161290322,2230.0,337.0,3,93,BANANA,PRATA,4629,NORTE,2025,12,VAREJO,8.44
AM,2025-12,1139.5645161290322,2230.0,337.0,3,93,BANANA,NANICA,4627,NORTE,2025,12,VAREJO,1.77
AM,2025-12,1139.5645161290322,2230.0,337.0,3,93,BANANA,NANICA,4627,NORTE,2025,12,VAREJO,11.82
AM,2025-12,1139.5645161290322,2230.0,337.0,3,93,BANANA,PRATA,4629,NORTE,2025,12,PREÇO RECEBIDO P/ PRODUTOR,6.0
AM,2025-12,1139.5645161290322,2230.0,337.0,3,93,BANANA,PRATA,4629,NORTE,2025,12,VAREJO,0.84
AM,2025-12,1139.5645161290322,2230.0,337.0,3,93,BATATA-DOCE,NÃO INFORMADO,9787,NORTE,2025,12,PREÇO RECEBIDO P/ PRODUTOR,1.2
AM,2025-12,1139.5645161290322,2230.0,337.0,3,93,BORRACHA,CERNAMBI VIRGEM PREN,7931,NORTE,2025,12,PREÇO RECEBIDO P/ PRODUTOR,6.27
AM,2025-12,1139.5645161290322,2230.0,337.0,3,93,BURITI,FRUTO,11117,NORTE,2025,12,PREÇO RECEBIDO P/ PRODUTOR,1.53
AM,2025-12,1139.5645161290322,2230.0,337.0,3,93,CACAU EXTRATIVO,AMÊNDOA,10920,NORTE,2025,12,PREÇO RECEBIDO P/ PRODUTOR,35.5
AM,2025-12,1139.5645161290322,2230.0,337.0,3,93,CAFE,MOÍDO E TORRADO,4704,NORTE,2025,12,VAREJO,70.37
AM,2025-12,1139.5645161290322,2230.0,337.0,3,93,CAFE,CONILLON TIPO 7,6935,NORTE,2025,12,PREÇO RECEBIDO P/ PRODUTOR,22.24
AM,2025-12,1139.5645161290322,2230.0,337.0,3,93,CARA,NÃO INFORMADO,5526,NORTE,2025,12,PREÇO RECEBIDO P/ PRODUTOR,2.17
AM,2025-12,1139.5645161290322,2230.0,337.0,3,93,CARNE BOVINA,COXÃO MOLE S/OSSO,4283,NORTE,2025,12,VAREJO,43.63
AM,2025-12,1139.5645161290322,2230.0,337.0,3,93,CARNE BOVINA,COXÃO DURO S/OSSO,4282,NORTE,2025,12,VAREJO,39.37
AM,2025-12,1139.5645161290322,2230.0,337.0,3,93,CARNE BOVINA,PATINHO S/OSSO,4289,NORTE,2025,12,VAREJO,42.78
AM,2025-12,1139.5645161290322,2230.0,337.0,3,93,CASTANHA DO BRASIL,BENEFICIADA,4177,NORTE,2025,12,ATACADO,27.51
AM,2025-12,1139.5645161290322,2230.0,337.0,3,93,FARINHA DE MANDIOCA,MÉDIA D'ÁGUA,11279,NORTE,2025,12,PREÇO RECEBIDO P/ PRODUTOR,6.47
AM,2025-12,1139.5645161290322,2230.0,337.0,3,93,FARINHA DE MANDIOCA,GROSSA(O) TIPO 1 D'Á,11311,NORTE,2025,12,ATACADO,4.78
AM,2025-12,1139.5645161290322,2230.0,337.0,3,93,FARINHA DE MANDIOCA,MÉDIA TIPO 1 SECA,11174,NORTE,2025,12,ATACADO,4.68
AM,2025-12,1139.5645161290322,2230.0,337.0,3,93,FARINHA DE MANDIOCA,FINA SECA,11280,NORTE,2025,12,PREÇO RECEBIDO P/ PRODUTOR,3.37
AM,2025-12,1139.5645161290322,2230.0,337.0,3,93,FARINHA DE MANDIOCA,D'ÁGUA AMARELA,15346,NORTE,2025,12,VAREJO,4.79
AM,2025-12,1139.5645161290322,2230.0,337.0,3,93,FARINHA DE TRIGO,SEM FERMENTO,14895,NORTE,2025,12,ATACADO,4.69
AM,2025-12,1139.5645161290322,2230.0,337.0,3,93,FEIJAO,COMUM PRETO TIPO 1,8781,NORTE,2025,12,ATACADO,6.01
AM,2025-12,1139.5645161290322,2230.0,337.0,3,93,FEIJAO,COMUM CORES TIPO 1,8779,NORTE,2025,12,VAREJO,6.82
AM,2025-12,1139.5645161290322,2230.0,337.0,3,93,FEIJAO,COMUM CORES TIPO 1,8779,NORTE,2025,12,ATACADO,5.98
AM,2025-12,1139.5645161290322,2230.0,337.0,3,93,FEIJAO,CAUPI TIPO 1,8786,NORTE,2025,12,ATACADO,5.8
AM,2025-12,1139.5645161290322,2230.0,337.0,3,93,FLOCOS DE MILHO,FLOCÃO,11241,NORTE,2025,12,ATACADO,3.66
AM,2025-12,1139.5645161290322,2230.0,337.0,3,93,FUBA DE MILHO,COMUM AMARELO,13334,NORTE,2025,12,ATACADO,9.61
AM,2025-12,1139.5645161290322,2230.0,337.0,3,93,JUTA,EMBONECADA TIPO 3,15460,NORTE,2025,12,PREÇO RECEBIDO P/ PRODUTOR,5.1
AM,2025-12,1139.5645161290322,2230.0,337.0,3,93,LEITE DE VACA,LONGA VIDA INTEGRAL,4998,NORTE,2025,12,ATACADO,6.03
AM,2025-12,1139.5645161290322,2230.0,337.0,3,93,LEITE DE VACA,IN NATURA,6542,NORTE,2025,12,PREÇO RECEBIDO P/ PRODUTOR,5.14
AM,2025-12,1139.5645161290322,2230.0,337.0,3,93,LEITE DE VACA,LONGA VIDA INTEGRAL,4998,NORTE,2025,12,VAREJO,6.69
AM,2025-12,1139.5645161290322,2230.0,337.0,3,93,LEITE DE VACA,EM PÓ INTEGRAL,4990,NORTE,2025,12,ATACADO,38.88
AM,2025-12,1139.5645161290322,2230.0,337.0,3,93,MACARRAO,ESPAGUETE SÊMOLA COM,11194,NORTE,2025,12,ATACADO,10.42
AM,2025-12,1139.5645161290322,2230.0,337.0,3,93,MANTEIGA,NÃO INFORMADO,8626,NORTE,2025,12,VAREJO,53.35
AM,2025-12,1139.5645161290322,2230.0,337.0,3,93,MILHO,EM GRÃOS,4742,NORTE,2025,12,ATACADO,1.45
AM,2025-12,1139.5645161290322,2230.0,337.0,3,93,MURUMURU,FRUTO,11587,NORTE,2025,12,PREÇO RECEBIDO P/ PRODUTOR,1.53
AM,2025-12,1139.5645161290322,2230.0,337.0,3,93,OLEO DE MURUMURU,NÃO INFORMADO,11586,NORTE,2025,12,PREÇO RECEBIDO P/ PRODUTOR,63.33
AM,2025-12,1139.5645161290322,2230.0,337.0,3,93,OLEO DE SOJA,REFINADO,11871,NORTE,2025,12,ATACADO,10.64
AM,2025-12,1139.5645161290322,2230.0,337.0,3,93,OLEO DE SOJA,REFINADO,11871,NORTE,2025,12,VAREJO,10.3
AM,2025-12,1139.5645161290322,2230.0,337.0,3,93,OVOS DE GALINHA,TIPO A BRANCO,11245,NORTE,2025,12,ATACADO,0.63
AM,2025-12,1139.5645161290322,2230.0,337.0,3,93,OVOS DE GALINHA,GRANDE BRANCO,11167,NORTE,2025,12,PREÇO RECEBIDO P/ PRODUTOR,0.57
AM,2025-12,1139.5645161290322,2230.0,337.0,3,93,PAO,FRANCÊS,11161,NORTE,2025,12,VAREJO,13.41
AM,2025-12,1139.5645161290322,2230.0,337.0,3,93,PIACAVA,BENEFICIADA,11474,NORTE,2025,12,PREÇO RECEBIDO P/ PRODUTOR,5.4
AM,2025-12,1139.5645161290322,2230.0,337.0,3,93,PIACAVA,NÃO BENEFICIADA,11475,NORTE,2025,12,PREÇO RECEBIDO P/ PRODUTOR,4.35
AM,2025-12,1139.5645161290322,2230.0,337.0,3,93,PIRARUCU,NÃO INFORMADO,6076,NORTE,2025,12,PREÇO RECEBIDO P/ PRODUTOR,7.08
AM,2025-12,1139.5645161290322,2230.0,337.0,3,93,RAIZ DE MANDIOCA,DE MESA,11489,NORTE,2025,12,PREÇO RECEBIDO P/ PRODUTOR,4.25
AM,2025-12,1139.5645161290322,2230.0,337.0,3,93,TOMATE,NÃO INFORMADO,4667,NORTE,2025,12,VAREJO,7.22
AM,2026-01,1245.1720430107528,2310.0,545.5,3,93,ABACAXI,PÉROLA,6320,NORTE,2026,1,PREÇO RECEBIDO P/ PRODUTOR,9.49
AM,2026-01,1245.1720430107528,2310.0,545.5,3,93,ACAI,FRUTO,8623,NORTE,2026,1,PREÇO RECEBIDO P/ PRODUTOR,6.91
AM,2026-01,1245.1720430107528,2310.0,545.5,3,93,ACUCAR,CRISTAL,4218,NORTE,2026,1,VAREJO,3.64
AM,2026-01,1245.1720430107528,2310.0,545.5,3,93,AMENDOA DE ANDIROBA,NÃO INFORMADO,10211,NORTE,2026,1,PREÇO RECEBIDO P/ PRODUTOR,1.05
AM,2026-01,1245.1720430107528,2310.0,545.5,3,93,ARROZ,LONGO FINO TIPO 1 BE,4693,NORTE,2026,1,VAREJO,4.68
AM,2026-01,1245.1720430107528,2310.0,545.5,3,93,BANANA,NANICA,4627,NORTE,2026,1,VAREJO,1.67
AM,2026-01,1245.1720430107528,2310.0,545.5,3,93,BANANA,NANICA,4627,NORTE,2026,1,VAREJO,11.11
AM,2026-01,1245.1720430107528,2310.0,545.5,3,93,BANANA,PRATA,4629,NORTE,2026,1,VAREJO,8.86
AM,2026-01,1245.1720430107528,2310.0,545.5,3,93,BANANA,PRATA,4629,NORTE,2026,1,PREÇO RECEBIDO P/ PRODUTOR,6.07
AM,2026-01,1245.1720430107528,2310.0,545.5,3,93,BANANA,PRATA,4629,NORTE,2026,1,VAREJO,0.89
AM,2026-01,1245.1720430107528,2310.0,545.5,3,93,BATATA-DOCE,NÃO INFORMADO,9787,NORTE,2026,1,PREÇO RECEBIDO P/ PRODUTOR,0.74
AM,2026-01,1245.1720430107528,2310.0,545.5,3,93,BORRACHA,CERNAMBI VIRGEM PREN,7931,NORTE,2026,1,PREÇO RECEBIDO P/ PRODUTOR,6.16
AM,2026-01,1245.1720430107528,2310.0,545.5,3,93,BURITI,FRUTO,11117,NORTE,2026,1,PREÇO RECEBIDO P/ PRODUTOR,2.31
AM,2026-01,1245.1720430107528,2310.0,545.5,3,93,CACAU EXTRATIVO,AMÊNDOA,10920,NORTE,2026,1,PREÇO RECEBIDO P/ PRODUTOR,35.38
AM,2026-01,1245.1720430107528,2310.0,545.5,3,93,CAFE,MOÍDO E TORRADO,4704,NORTE,2026,1,VAREJO,66.65
AM,2026-01,1245.1720430107528,2310.0,545.5,3,93,CAFE,CONILLON TIPO 7,6935,NORTE,2026,1,PREÇO RECEBIDO P/ PRODUTOR,21.56
AM,2026-01,1245.1720430107528,2310.0,545.5,3,93,CARA,NÃO INFORMADO,5526,NORTE,2026,1,PREÇO RECEBIDO P/ PRODUTOR,3.08
AM,2026-01,1245.1720430107528,2310.0,545.5,3,93,CARNE BOVINA,PATINHO S/OSSO,4289,NORTE,2026,1,VAREJO,43.18
AM,2026-01,1245.1720430107528,2310.0,545.5,3,93,CARNE BOVINA,COXÃO MOLE S/OSSO,4283,NORTE,2026,1,VAREJO,44.94
AM,2026-01,1245.1720430107528,2310.0,545.5,3,93,CARNE BOVINA,COXÃO DURO S/OSSO,4282,NORTE,2026,1,VAREJO,40.68
AM,2026-01,1245.1720430107528,2310.0,545.5,3,93,CASTANHA DO BRASIL,BENEFICIADA,4177,NORTE,2026,1,ATACADO,26.17
AM,2026-01,1245.1720430107528,2310.0,545.5,3,93,CASTANHA DO BRASIL,EM CASCA,4178,NORTE,2026,1,PREÇO RECEBIDO P/ PRODUTOR,7.52
AM,2026-01,1245.1720430107528,2310.0,545.5,3,93,FARINHA DE MANDIOCA,FINA SECA,11280,NORTE,2026,1,PREÇO RECEBIDO P/ PRODUTOR,2.4
AM,2026-01,1245.1720430107528,2310.0,545.5,3,93,FARINHA DE MANDIOCA,MÉDIA D'ÁGUA,11279,NORTE,2026,1,PREÇO RECEBIDO P/ PRODUTOR,7.0
AM,2026-01,1245.1720430107528,2310.0,545.5,3,93,FARINHA DE MANDIOCA,D'ÁGUA AMARELA,15346,NORTE,2026,1,VAREJO,4.81
AM,2026-01,1245.1720430107528,2310.0,545.5,3,93,FEIJAO,COMUM CORES TIPO 1,8779,NORTE,2026,1,VAREJO,6.72
AM,2026-01,1245.1720430107528,2310.0,545.5,3,93,LEITE DE VACA,LONGA VIDA INTEGRAL,4998,NORTE,2026,1,VAREJO,6.53
AM,2026-01,1245.1720430107528,2310.0,545.5,3,93,LEITE DE VACA,IN NATURA,6542,NORTE,2026,1,PREÇO RECEBIDO P/ PRODUTOR,6.92
AM,2026-01,1245.1720430107528,2310.0,545.5,3,93,MANTEIGA,NÃO INFORMADO,8626,NORTE,2026,1,VAREJO,54.9
AM,2026-01,1245.1720430107528,2310.0,545.5,3,93,MILHO,EM GRÃOS,4742,NORTE,2026,1,ATACADO,1.46
AM,2026-01,1245.1720430107528,2310.0,545.5,3,93,MURUMURU,FRUTO,11587,NORTE,2026,1,PREÇO RECEBIDO P/ PRODUTOR,1.75
AM,2026-01,1245.1720430107528,2310.0,545.5,3,93,OLEO DE MURUMURU,NÃO INFORMADO,11586,NORTE,2026,1,PREÇO RECEBIDO P/ PRODUTOR,53.46
AM,2026-01,1245.1720430107528,2310.0,545.5,3,93,OLEO DE SOJA,REFINADO,11871,NORTE,2026,1,VAREJO,9.69
AM,2026-01,1245.1720430107528,2310.0,545.5,3,93,OVOS DE GALINHA,GRANDE BRANCO,11167,NORTE,2026,1,PREÇO RECEBIDO P/ PRODUTOR,0.58
AM,2026-01,1245.1720430107528,2310.0,545.5,3,93,PAO,FRANCÊS,11161,NORTE,2026,1,VAREJO,13.82
AM,2026-01,1245.1720430107528,2310.0,545.5,3,93,PIACAVA,NÃO BENEFICIADA,11475,NORTE,2026,1,PREÇO RECEBIDO P/ PRODUTOR,4.0
AM,2026-01,1245.1720430107528,2310.0,545.5,3,93,PIACAVA,BENEFICIADA,11474,NORTE,2026,1,PREÇO RECEBIDO P/ PRODUTOR,6.0
AM,2026-01,1245.1720430107528,2310.0,545.5,3,93,RAIZ DE MANDIOCA,DE MESA,11489,NORTE,2026,1,PREÇO RECEBIDO P/ PRODUTOR,6.8
AM,2026-01,1245.1720430107528,2310.0,545.5,3,93,TOMATE,NÃO INFORMADO,4667,NORTE,2026,1,VAREJO,8.8
AM,2026-02,1416.5357142857142,2480.0,631.5,3,84,ABACAXI,PÉROLA,6320,NORTE,2026,2,PREÇO RECEBIDO P/ PRODUTOR,7.0
AM,2026-02,1416.5357142857142,2480.0,631.5,3,84,ACAI,FRUTO,8623,NORTE,2026,2,PREÇO RECEBIDO P/ PRODUTOR,6.76
AM,2026-02,1416.5357142857142,2480.0,631.5,3,84,ACUCAR,CRISTAL,4218,NORTE,2026,2,VAREJO,3.52
AM,2026-02,1416.5357142857142,2480.0,631.5,3,84,AMENDOA DE ANDIROBA,NÃO INFORMADO,10211,NORTE,2026,2,PREÇO RECEBIDO P/ PRODUTOR,1.33
AM,2026-02,1416.5357142857142,2480.0,631.5,3,84,ARROZ,LONGO FINO TIPO 1 BE,4693,NORTE,2026,2,VAREJO,4.64
AM,2026-02,1416.5357142857142,2480.0,631.5,3,84,BANANA,PRATA,4629,NORTE,2026,2,PREÇO RECEBIDO P/ PRODUTOR,6.26
AM,2026-02,1416.5357142857142,2480.0,631.5,3,84,BANANA,NANICA,4627,NORTE,2026,2,VAREJO,11.49
AM,2026-02,1416.5357142857142,2480.0,631.5,3,84,BANANA,PRATA,4629,NORTE,2026,2,VAREJO,8.2
AM,2026-02,1416.5357142857142,2480.0,631.5,3,84,BANANA,NANICA,4627,NORTE,2026,2,VAREJO,1.72
AM,2026-02,1416.5357142857142,2480.0,631.5,3,84,BANANA,PRATA,4629,NORTE,2026,2,VAREJO,0.82
AM,2026-02,1416.5357142857142,2480.0,631.5,3,84,BATATA-DOCE,NÃO INFORMADO,9787,NORTE,2026,2,PREÇO RECEBIDO P/ PRODUTOR,0.84
AM,2026-02,1416.5357142857142,2480.0,631.5,3,84,BORRACHA,CERNAMBI VIRGEM PREN,7931,NORTE,2026,2,PREÇO RECEBIDO P/ PRODUTOR,6.34
AM,2026-02,1416.5357142857142,2480.0,631.5,3,84,BURITI,FRUTO,11117,NORTE,2026,2,PREÇO RECEBIDO P/ PRODUTOR,3.15
AM,2026-02,1416.5357142857142,2480.0,631.5,3,84,CACAU EXTRATIVO,AMÊNDOA,10920,NORTE,2026,2,PREÇO RECEBIDO P/ PRODUTOR,34.43
AM,2026-02,1416.5357142857142,2480.0,631.5,3,84,CAFE,CONILLON TIPO 7,6935,NORTE,2026,2,PREÇO RECEBIDO P/ PRODUTOR,20.64
AM,2026-02,1416.5357142857142,2480.0,631.5,3,84,CAFE,MOÍDO E TORRADO,4704,NORTE,2026,2,VAREJO,66.44
AM,2026-02,1416.5357142857142,2480.0,631.5,3,84,CARA,NÃO INFORMADO,5526,NORTE,2026,2,PREÇO RECEBIDO P/ PRODUTOR,5.5
AM,2026-02,1416.5357142857142,2480.0,631.5,3,84,CARNE BOVINA,COXÃO DURO S/OSSO,4282,NORTE,2026,2,VAREJO,40.47
AM,2026-02,1416.5357142857142,2480.0,631.5,3,84,CARNE BOVINA,PATINHO S/OSSO,4289,NORTE,2026,2,VAREJO,42.41
AM,2026-02,1416.5357142857142,2480.0,631.5,3,84,CARNE BOVINA,COXÃO MOLE S/OSSO,4283,NORTE,2026,2,VAREJO,43.52
AM,2026-02,1416.5357142857142,2480.0,631.5,3,84,CASTANHA DO BRASIL,EM CASCA,4178,NORTE,2026,2,PREÇO RECEBIDO P/ PRODUTOR,8.6
AM,2026-02,1416.5357142857142,2480.0,631.5,3,84,CASTANHA DO BRASIL,BENEFICIADA,4177,NORTE,2026,2,ATACADO,26.33
AM,2026-02,1416.5357142857142,2480.0,631.5,3,84,DIARISTA SEM ENCARGOS,SERVIÇOS GERAIS SEM,9247,NORTE,2026,2,PREÇO PAGO PELO PRODUTOR,
AM,2026-02,1416.5357142857142,2480.0,631.5,3,84,FACAO,128 CM TRAMONTINA,13899,NORTE,2026,2,PREÇO PAGO PELO PRODUTOR,65.0
AM,2026-02,1416.5357142857142,2480.0,631.5,3,84,FARINHA DE MANDIOCA,FINA SECA,11280,NORTE,2026,2,PREÇO RECEBIDO P/ PRODUTOR,3.63
AM,2026-02,1416.5357142857142,2480.0,631.5,3,84,FARINHA DE MANDIOCA,MÉDIA D'ÁGUA,11279,NORTE,2026,2,PREÇO RECEBIDO P/ PRODUTOR,6.18
AM,2026-02,1416.5357142857142,2480.0,631.5,3,84,FARINHA DE MANDIOCA,D'ÁGUA AMARELA,15346,NORTE,2026,2,VAREJO,4.79
AM,2026-02,1416.5357142857142,2480.0,631.5,3,84,FEIJAO,COMUM CORES TIPO 1,8779,NORTE,2026,2,VAREJO,6.84
AM,2026-02,1416.5357142857142,2480.0,631.5,3,84,LEITE DE VACA,LONGA VIDA INTEGRAL,4998,NORTE,2026,2,VAREJO,6.53
AM,2026-02,1416.5357142857142,2480.0,631.5,3,84,LEITE DE VACA,IN NATURA,6542,NORTE,2026,2,PREÇO RECEBIDO P/ PRODUTOR,7.43
AM,2026-02,1416.5357142857142,2480.0,631.5,3,84,MANTEIGA,NÃO INFORMADO,8626,NORTE,2026,2,VAREJO,55.0
AM,2026-02,1416.5357142857142,2480.0,631.5,3,84,MILHO,EM GRÃOS,4742,NORTE,2026,2,ATACADO,1.47
AM,2026-02,1416.5357142857142,2480.0,631.5,3,84,MURUMURU,FRUTO,11587,NORTE,2026,2,PREÇO RECEBIDO P/ PRODUTOR,1.84
AM,2026-02,1416.5357142857142,2480.0,631.5,3,84,OLEO DE MURUMURU,NÃO INFORMADO,11586,NORTE,2026,2,PREÇO RECEBIDO P/ PRODUTOR,50.0
AM,2026-02,1416.5357142857142,2480.0,631.5,3,84,OLEO DE SOJA,REFINADO,11871,NORTE,2026,2,VAREJO,9.28
AM,2026-02,1416.5357142857142,2480.0,631.5,3,84,OVOS DE GALINHA,GRANDE BRANCO,11167,NORTE,2026,2,PREÇO RECEBIDO P/ PRODUTOR,0.73
AM,2026-02,1416.5357142857142,2480.0,631.5,3,84,PAO,FRANCÊS,11161,NORTE,2026,2,VAREJO,13.93
AM,2026-02,1416.5357142857142,2480.0,631.5,3,84,PIACAVA,NÃO BENEFICIADA,11475,NORTE,2026,2,PREÇO RECEBIDO P/ PRODUTOR,4.0
AM,2026-02,1416.5357142857142,2480.0,631.5,3,84,PIACAVA,BENEFICIADA,11474,NORTE,2026,2,PREÇO RECEBIDO P/ PRODUTOR,6.0
AM,2026-02,1416.5357142857142,2480.0,631.5,3,84,RAIZ DE MANDIOCA,DE MESA,11489,NORTE,2026,2,PREÇO RECEBIDO P/ PRODUTOR,5.61
AM,2026-02,1416.5357142857142,2480.0,631.5,3,84,SEMENTE DE JUTA,NÃO INFORMADO,5271,NORTE,2026,2,PREÇO PAGO PELO PRODUTOR,75.0
AM,2026-02,1416.5357142857142,2480.0,631.5,3,84,TOMATE,NÃO INFORMADO,4667,NORTE,2026,2,VAREJO,8.16
AM,2026-08,1978.21875,2604.5,1344.0,2,32,ABACAXI,PÉROLA,6320,NORTE,2026,8,PREÇO RECEBIDO P/ PRODUTOR,6.3
AM,2026-08,1978.21875,2604.5,1344.0,2,32,AMENDOA DE ANDIROBA,NÃO INFORMADO,10211,NORTE,2026,8,PREÇO RECEBIDO P/ PRODUTOR,1.4
AM,2026-08,1978.21875,2604.5,1344.0,2,32,ARROZ,LONGO FINO TIPO 1 BE,4693,NORTE,2026,8,VAREJO,4.75
AM,2026-08,1978.21875,2604.5,1344.0,2,32,BANANA,PRATA,4629,NORTE,2026,8,PREÇO RECEBIDO P/ PRODUTOR,6.0
AM,2026-08,1978.21875,2604.5,1344.0,2,32,BANANA,NANICA,4627,NORTE,2026,8,VAREJO,9.13
AM,2026-08,1978.21875,2604.5,1344.0,2,32,BANANA,PRATA,4629,NORTE,2026,8,VAREJO,8.01
AM,2026-08,1978.21875,2604.5,1344.0,2,32,BATATA,NÃO INFORMADO,5521,NORTE,2026,8,VAREJO,6.78
AM,2026-08,1978.21875,2604.5,1344.0,2,32,BATATA-DOCE,NÃO INFORMADO,9787,NORTE,2026,8,PREÇO RECEBIDO P/ PRODUTOR,0.8
AM,2026-08,1978.21875,2604.5,1344.0,2,32,BORRACHA,CERNAMBI VIRGEM PREN,7931,NORTE,2026,8,PREÇO RECEBIDO P/ PRODUTOR,7.0
AM,2026-08,1978.21875,2604.5,1344.0,2,32,BURITI,FRUTO,11117,NORTE,2026,8,PREÇO RECEBIDO P/ PRODUTOR,2.82
AM,2026-08,1978.21875,2604.5,1344.0,2,32,CACAU EXTRATIVO,AMÊNDOA,10920,NORTE,2026,8,PREÇO RECEBIDO P/ PRODUTOR,8.25
AM,2026-08,1978.21875,2604.5,1344.0,2,32,CARA,NÃO INFORMADO,5526,NORTE,2026,8,PREÇO RECEBIDO P/ PRODUTOR,5.63
AM,2026-08,1978.21875,2604.5,1344.0,2,32,CASTANHA DO BRASIL,BENEFICIADA,4177,NORTE,2026,8,ATACADO,73.86
AM,2026-08,1978.21875,2604.5,1344.0,2,32,FARINHA DE MANDIOCA,FINA SECA,11280,NORTE,2026,8,PREÇO RECEBIDO P/ PRODUTOR,3.12
AM,2026-08,1978.21875,2604.5,1344.0,2,32,FARINHA DE MANDIOCA,MÉDIA D'ÁGUA,11279,NORTE,2026,8,PREÇO RECEBIDO P/ PRODUTOR,6.03
AM,2026-08,1978.21875,2604.5,1344.0,2,32,FARINHA DE MANDIOCA,D'ÁGUA AMARELA,15346,NORTE,2026,8,VAREJO,5.59
AM,2026-08,1978.21875,2604.5,1344.0,2,32,FARINHA DE TRIGO,NÃO INFORMADO,4455,NORTE,2026,8,VAREJO,5.24
AM,2026-08,1978.21875,2604.5,1344.0,2,32,FEIJAO,COMUM CORES TIPO 1,8779,NORTE,2026,8,VAREJO,8.93
AM,2026-08,1978.21875,2604.5,1344.0,2,32,JUTA,EMBONECADA TIPO 3,15460,NORTE,2026,8,PREÇO RECEBIDO P/ PRODUTOR,5.59
AM,2026-08,1978.21875,2604.5,1344.0,2,32,LEITE DE VACA,IN NATURA,6542,NORTE,2026,8,PREÇO RECEBIDO P/ PRODUTOR,5.66
AM,2026-08,1978.21875,2604.5,1344.0,2,32,MILHO,EM GRÃOS,4742,NORTE,2026,8,ATACADO,1.64
AM,2026-08,1978.21875,2604.5,1344.0,2,32,OVOS DE GALINHA,GRANDE BRANCO,11167,NORTE,2026,8,PREÇO RECEBIDO P/ PRODUTOR,0.66
AM,2026-08,1978.21875,2604.5,1344.0,2,32,PIACAVA,NÃO BENEFICIADA,11475,NORTE,2026,8,PREÇO RECEBIDO P/ PRODUTOR,4.0
AM,2026-08,1978.21875,2604.5,1344.0,2,32,PIACAVA,BENEFICIADA,11474,NORTE,2026,8,PREÇO RECEBIDO P/ PRODUTOR,5.85
AM,2026-08,1978.21875,2604.5,1344.0,2,32,RAIZ DE MANDIOCA,DE MESA,11489,NORTE,2026,8,PREÇO RECEBIDO P/ PRODUTOR,3.24
AM,2026-08,1978.21875,2604.5,1344.0,2,32,TOMATE,NÃO INFORMADO,4667,NORTE,2026,8,VAREJO,7.52
AP,2026-08,272.15625,299.5,244.0,1,16,ABACAXI,PÉROLA,6320,NORTE,2026,8,PREÇO RECEBIDO P/ PRODUTOR,3.5
AP,2026-08,272.15625,299.5,244.0,1,16,ACAI,FRUTO,8623,NORTE,2026,8,PREÇO RECEBIDO P/ PRODUTOR,1.79
AP,2026-08,272.15625,299.5,244.0,1,16,ARROZ,LONGO FINO TIPO 1 BE,4693,NORTE,2026,8,VAREJO,5.65
AP,2026-08,272.15625,299.5,244.0,1,16,BANANA,NANICA,4627,NORTE,2026,8,VAREJO,6.89
AP,2026-08,272.15625,299.5,244.0,1,16,BANANA,PRATA,4629,NORTE,2026,8,VAREJO,7.28
AP,2026-08,272.15625,299.5,244.0,1,16,BANANA,PRATA,4629,NORTE,2026,8,PREÇO RECEBIDO P/ PRODUTOR,3.63
AP,2026-08,272.15625,299.5,244.0,1,16,BATATA,NÃO INFORMADO,5521,NORTE,2026,8,VAREJO,8.51
AP,2026-08,272.15625,299.5,244.0,1,16,CASTANHA DO BRASIL,EM CASCA,4178,NORTE,2026,8,PREÇO RECEBIDO P/ PRODUTOR,5.0
AP,2026-08,272.15625,299.5,244.0,1,16,FARINHA DE MANDIOCA,SECA AMARELA,15347,NORTE,2026,8,VAREJO,7.85
AP,2026-08,272.15625,299.5,244.0,1,16,FARINHA DE TRIGO,NÃO INFORMADO,4455,NORTE,2026,8,VAREJO,5.17
AP,2026-08,272.15625,299.5,244.0,1,16,FEIJAO,COMUM CORES TIPO 1,8779,NORTE,2026,8,VAREJO,9.22
AP,2026-08,272.15625,299.5,244.0,1,16,LEITE DE VACA,IN NATURA,6542,NORTE,2026,8,PREÇO RECEBIDO P/ PRODUTOR,5.89
AP,2026-08,272.15625,299.5,244.0,1,16,MILHO,EM GRÃOS,4742,NORTE,2026,8,ATACADO,1.5
AP,2026-08,272.15625,299.5,244.0,1,16,MILHO,EM GRÃOS,4742,NORTE,2026,8,PREÇO RECEBIDO P/ PRODUTOR,1.25
AP,2026-08,272.15625,299.5,244.0,1,16,TOMATE,NÃO INFORMADO,4667,NORTE,2026,8,VAREJO,10.19
PA,2026-08,631.28125,665.0,602.0,1,16,ABACAXI,PÉROLA,6320,NORTE,2026,8,PREÇO RECEBIDO P/ PRODUTOR,1.57
PA,2026-08,631.28125,665.0,602.0,1,16,ACAI,FRUTO,8623,NORTE,2026,8,PREÇO RECEBIDO P/ PRODUTOR,3.11
PA,2026-08,631.28125,665.0,602.0,1,16,AMENDOA DE ANDIROBA,NÃO INFORMADO,10211,NORTE,2026,8,PREÇO RECEBIDO P/ PRODUTOR,1.38
PA,2026-08,631.28125,665.0,602.0,1,16,ARROZ,LONGO FINO TIPO 1 BE,4693,NORTE,2026,8,VAREJO,4.95
PA,2026-08,631.28125,665.0,602.0,1,16,ARROZ,LONGO FINO EM CASCA,4685,NORTE,2026,8,PREÇO RECEBIDO P/ PRODUTOR,1.75
PA,2026-08,631.28125,665.0,602.0,1,16,BANANA,PRATA,4629,NORTE,2026,8,VAREJO,8.22
PA,2026-08,631.28125,665.0,602.0,1,16,BANANA,NANICA,4627,NORTE,2026,8,VAREJO,7.23
PA,2026-08,631.28125,665.0,602.0,1,16,BATATA,NÃO INFORMADO,5521,NORTE,2026,8,VAREJO,7.69
PA,2026-08,631.28125,665.0,602.0,1,16,BOI,GORDO,4193,NORTE,2026,8,PREÇO RECEBIDO P/ PRODUTOR,22.75
PA,2026-08,631.28125,665.0,602.0,1,16,BORRACHA,CERNAMBI VIRGEM PREN,7931,NORTE,2026,8,PREÇO RECEBIDO P/ PRODUTOR,2.99
PA,2026-08,631.28125,665.0,602.0,1,16,CACAU CULTIVADO,NÃO INFORMADO,11953,NORTE,2026,8,PREÇO RECEBIDO P/ PRODUTOR,16.88
PA,2026-08,631.28125,665.0,602.0,1,16,CACAU EXTRATIVO,AMÊNDOA,10920,NORTE,2026,8,PREÇO RECEBIDO P/ PRODUTOR,10.13
PA,2026-08,631.28125,665.0,602.0,1,16,CASTANHA DE BABACU,AMÊNDOA,7995,NORTE,2026,8,PREÇO RECEBIDO P/ PRODUTOR,10.0
PA,2026-08,631.28125,665.0,602.0,1,16,CASTANHA DO BRASIL,EM CASCA,4178,NORTE,2026,8,PREÇO RECEBIDO P/ PRODUTOR,18.0
PA,2026-08,631.28125,665.0,602.0,1,16,FARINHA DE MANDIOCA,TORRADA BRANCA,15344,NORTE,2026,8,VAREJO,8.21
PA,2026-08,631.28125,665.0,602.0,1,16,FARINHA DE MANDIOCA,MÉDIA SECA,11244,NORTE,2026,8,PREÇO RECEBIDO P/ PRODUTOR,5.24
PA,2026-08,631.28125,665.0,602.0,1,16,FARINHA DE TRIGO,NÃO INFORMADO,4455,NORTE,2026,8,VAREJO,5.04
PA,2026-08,631.28125,665.0,602.0,1,16,FEIJAO,COMUM CORES TIPO 1,8779,NORTE,2026,8,VAREJO,8.66
PA,2026-08,631.28125,665.0,602.0,1,16,FEIJAO,CAUPI,8629,NORTE,2026,8,PREÇO RECEBIDO P/ PRODUTOR,5.28
PA,2026-08,631.28125,665.0,602.0,1,16,LARANJA,INDÚSTRIA PERA,12290,NORTE,2026,8,PREÇO RECEBIDO P/ PRODUTOR,0.25
PA,2026-08,631.28125,665.0,602.0,1,16,LEITE DE VACA,IN NATURA,6542,NORTE,2026,8,PREÇO RECEBIDO P/ PRODUTOR,2.14
PA,2026-08,631.28125,665.0,602.0,1,16,MILHO,EM GRÃOS,4742,NORTE,2026,8,PREÇO RECEBIDO P/ PRODUTOR,1.01
PA,2026-08,631.28125,665.0,602.0,1,16,MILHO,EM GRÃOS,4742,NORTE,2026,8,ATACADO,1.02
PA,2026-08,631.28125,665.0,602.0,1,16,MURUMURU,FRUTO,11587,NORTE,2026,8,PREÇO RECEBIDO P/ PRODUTOR,1.48
PA,2026-08,631.28125,665.0,602.0,1,16,OVOS DE GALINHA,GRANDE BRANCO,11167,NORTE,2026,8,PREÇO RECEBIDO P/ PRODUTOR,0.45
PA,2026-08,631.28125,665.0,602.0,1,16,PIMENTA DO REINO,NÃO INFORMADO,5501,NORTE,2026,8,PREÇO RECEBIDO P/ PRODUTOR,27.19
PA,2026-08,631.28125,665.0,602.0,1,16,RAIZ DE MANDIOCA,PARA FARINHA,11240,NORTE,2026,8,PREÇO RECEBIDO P/ PRODUTOR,0.88
PA,2026-08,631.28125,665.0,602.0,1,16,SOJA,EM GRÃOS,4744,NORTE,2026,8,PREÇO RECEBIDO P/ PRODUTOR,2.06
PA,2026-08,631.28125,665.0,602.0,1,16,TOMATE,NÃO INFORMADO,4667,NORTE,2026,8,VAREJO,8.07
RO,2025-09,640.2416666666667,1082.0,230.0,4,120,ABACAXI,PÉROLA,6320,NORTE,2025,9,PREÇO RECEBIDO P/ PRODUTOR,4.04
RO,2025-09,640.2416666666667,1082.0,230.0,4,120,ACAI,FRUTO,8623,NORTE,2025,9,PREÇO RECEBIDO P/ PRODUTOR,5.3
RO,2025-09,640.2416666666667,1082.0,230.0,4,120,ACUCAR,CRISTAL,4218,NORTE,2025,9,VAREJO,3.48
RO,2025-09,640.2416666666667,1082.0,230.0,4,120,ACUCAR,CRISTAL,4218,NORTE,2025,9,ATACADO,3.16
RO,2025-09,640.2416666666667,1082.0,230.0,4,120,ARROZ,LONGO FINO TIPO 1 BE,4693,NORTE,2025,9,VAREJO,3.73
RO,2025-09,640.2416666666667,1082.0,230.0,4,120,ARROZ,LONGO FINO TIPO 1 BE,4693,NORTE,2025,9,ATACADO,3.48
RO,2025-09,640.2416666666667,1082.0,230.0,4,120,BANANA,PRATA,4629,NORTE,2025,9,PREÇO RECEBIDO P/ PRODUTOR,5.43
RO,2025-09,640.2416666666667,1082.0,230.0,4,120,BANANA,NANICA,4627,NORTE,2025,9,VAREJO,8.33
RO,2025-09,640.2416666666667,1082.0,230.0,4,120,BANANA,PRATA,4629,NORTE,2025,9,VAREJO,9.47
RO,2025-09,640.2416666666667,1082.0,230.0,4,120,BANANA,NANICA,4627,NORTE,2025,9,VAREJO,1.25
RO,2025-09,640.2416666666667,1082.0,230.0,4,120,BANANA,PRATA,4629,NORTE,2025,9,VAREJO,0.95
RO,2025-09,640.2416666666667,1082.0,230.0,4,120,BORRACHA,CERNAMBI VIRGEM PREN,7931,NORTE,2025,9,PREÇO RECEBIDO P/ PRODUTOR,3.88
RO,2025-09,640.2416666666667,1082.0,230.0,4,120,CACAU CULTIVADO,NÃO INFORMADO,11953,NORTE,2025,9,PREÇO RECEBIDO P/ PRODUTOR,31.82
RO,2025-09,640.2416666666667,1082.0,230.0,4,120,CAFE,MOÍDO E TORRADO,4704,NORTE,2025,9,ATACADO,63.34
RO,2025-09,640.2416666666667,1082.0,230.0,4,120,CAFE,MOÍDO E TORRADO,4704,NORTE,2025,9,VAREJO,73.56
RO,2025-09,640.2416666666667,1082.0,230.0,4,120,CAFE,CONILLON BICA CORRID,11239,NORTE,2025,9,PREÇO RECEBIDO P/ PRODUTOR,21.96
RO,2025-09,640.2416666666667,1082.0,230.0,4,120,CARNE BOVINA,COXÃO MOLE S/OSSO,4283,NORTE,2025,9,VAREJO,36.85
RO,2025-09,640.2416666666667,1082.0,230.0,4,120,CARNE BOVINA,PATINHO S/OSSO,4289,NORTE,2025,9,VAREJO,35.38
RO,2025-09,640.2416666666667,1082.0,230.0,4,120,CARNE BOVINA,COXÃO DURO S/OSSO,4282,NORTE,2025,9,VAREJO,32.54
RO,2025-09,640.2416666666667,1082.0,230.0,4,120,FARINHA DE MANDIOCA,SECA AMARELA,15347,NORTE,2025,9,VAREJO,6.92
RO,2025-09,640.2416666666667,1082.0,230.0,4,120,FARINHA DE MANDIOCA,MÉDIA AMARELO (A) 1,368,NORTE,2025,9,ATACADO,5.24
RO,2025-09,640.2416666666667,1082.0,230.0,4,120,FARINHA DE TRIGO,SEM FERMENTO,14895,NORTE,2025,9,ATACADO,4.4
RO,2025-09,640.2416666666667,1082.0,230.0,4,120,FEIJAO,COMUM CORES TIPO 1,8779,NORTE,2025,9,VAREJO,5.68
RO,2025-09,640.2416666666667,1082.0,230.0,4,120,FEIJAO,COMUM CORES TIPO 1,8779,NORTE,2025,9,ATACADO,4.16
RO,2025-09,640.2416666666667,1082.0,230.0,4,120,FEIJAO,COMUM PRETO TIPO 1,8781,NORTE,2025,9,ATACADO,5.34
RO,2025-09,640.2416666666667,1082.0,230.0,4,120,FLOCOS DE MILHO,PRE-COZIDO,5390,NORTE,2025,9,ATACADO,4.71
RO,2025-09,640.2416666666667,1082.0,230.0,4,120,FUBA DE MILHO,COMUM MIMOSO,5391,NORTE,2025,9,ATACADO,3.66
RO,2025-09,640.2416666666667,1082.0,230.0,4,120,LEITE DE VACA,IN NATURA,6542,NORTE,2025,9,PREÇO RECEBIDO P/ PRODUTOR,1.87
RO,2025-09,640.2416666666667,1082.0,230.0,4,120,LEITE DE VACA,LONGA VIDA INTEGRAL,4998,NORTE,2025,9,VAREJO,6.29
RO,2025-09,640.2416666666667,1082.0,230.0,4,120,LEITE DE VACA,EM PÓ INTEGRAL,4990,NORTE,2025,9,ATACADO,36.65
RO,2025-09,640.2416666666667,1082.0,230.0,4,120,MACARRAO,ESPAGUETE SÊMOLA COM,11194,NORTE,2025,9,ATACADO,9.18
RO,2025-09,640.2416666666667,1082.0,230.0,4,120,MANTEIGA,NÃO INFORMADO,8626,NORTE,2025,9,VAREJO,49.97
RO,2025-09,640.2416666666667,1082.0,230.0,4,120,MILHO,EM GRÃOS,4742,NORTE,2025,9,ATACADO,1.26
RO,2025-09,640.2416666666667,1082.0,230.0,4,120,MILHO,EM GRÃOS,4742,NORTE,2025,9,PREÇO RECEBIDO P/ PRODUTOR,0.94
RO,2025-09,640.2416666666667,1082.0,230.0,4,120,OLEO DE SOJA,REFINADO,11871,NORTE,2025,9,ATACADO,8.69
RO,2025-09,640.2416666666667,1082.0,230.0,4,120,OLEO DE SOJA,REFINADO,11871,NORTE,2025,9,VAREJO,9.27
RO,2025-09,640.2416666666667,1082.0,230.0,4,120,OVOS DE GALINHA,GRANDE BRANCO,11167,NORTE,2025,9,PREÇO RECEBIDO P/ PRODUTOR,0.6
RO,2025-09,640.2416666666667,1082.0,230.0,4,120,OVOS DE GALINHA,GRANDE BRANCO,11167,NORTE,2025,9,ATACADO,0.81
RO,2025-09,640.2416666666667,1082.0,230.0,4,120,PAO,FRANCÊS,11161,NORTE,2025,9,VAREJO,15.21
RO,2025-09,640.2416666666667,1082.0,230.0,4,120,RAIZ DE MANDIOCA,PARA FARINHA,11240,NORTE,2025,9,PREÇO RECEBIDO P/ PRODUTOR,0.49
RO,2025-09,640.2416666666667,1082.0,230.0,4,120,SOJA,EM GRÃOS,4744,NORTE,2025,9,PREÇO RECEBIDO P/ PRODUTOR,1.97
RO,2025-09,640.2416666666667,1082.0,230.0,4,120,TOMATE,NÃO INFORMADO,4667,NORTE,2025,9,VAREJO,8.53
RO,2025-10,677.1854838709677,1193.0,213.0,4,124,20-00-20,NÃO INFORMADO,4521,NORTE,2025,10,PREÇO PAGO PELO PRODUTOR,4.77
RO,2025-10,677.1854838709677,1193.0,213.0,4,124,20-05-20,NÃO INFORMADO,4523,NORTE,2025,10,PREÇO PAGO PELO PRODUTOR,4.7
RO,2025-10,677.1854838709677,1193.0,213.0,4,124,ABACAXI,PÉROLA,6320,NORTE,2025,10,PREÇO RECEBIDO P/ PRODUTOR,4.19
RO,2025-10,677.1854838709677,1193.0,213.0,4,124,ABAMECTIN NORTOXA,18 G/L ABAMECTINA AV,8925,NORTE,2025,10,PREÇO PAGO PELO PRODUTOR,111.5
RO,2025-10,677.1854838709677,1193.0,213.0,4,124,ACAI,FRUTO,8623,NORTE,2025,10,PREÇO RECEBIDO P/ PRODUTOR,5.4
RO,2025-10,677.1854838709677,1193.0,213.0,4,124,ACIDO BORICO,12%,12587,NORTE,2025,10,PREÇO PAGO PELO PRODUTOR,12.02
RO,2025-10,677.1854838709677,1193.0,213.0,4,124,ACTARA,250 WG 250 G/KG TIAM,4086,NORTE,2025,10,PREÇO PAGO PELO PRODUTOR,277.33
RO,2025-10,677.1854838709677,1193.0,213.0,4,124,ACUCAR,CRISTAL,4218,NORTE,2025,10,VAREJO,3.5
RO,2025-10,677.1854838709677,1193.0,213.0,4,124,ACUCAR,CRISTAL,4218,NORTE,2025,10,ATACADO,3.19
RO,2025-10,677.1854838709677,1193.0,213.0,4,124,ADMINISTRADOR RURAL,SEM ENCARGOS,9241,NORTE,2025,10,PREÇO PAGO PELO PRODUTOR,
RO,2025-10,677.1854838709677,1193.0,213.0,4,124,ADMINISTRADOR RURAL,NÃO INFORMADO,9240,NORTE,2025,10,PREÇO PAGO PELO PRODUTOR,
RO,2025-10,677.1854838709677,1193.0,213.0,4,124,ADUBO ORGANICO,PALHA DE CAFÉ,15388,NORTE,2025,10,PREÇO PAGO PELO PRODUTOR,0.35
RO,2025-10,677.1854838709677,1193.0,213.0,4,124,ALIETTE,800 G/KG FOSETIL-AL,15438,NORTE,2025,10,PREÇO PAGO PELO PRODUTOR,194.0
RO,2025-10,677.1854838709677,1193.0,213.0,4,124,ALUGUEL DE MAQUINA E IMPL,TRATOR 80 CV + IMPLE,11757,NORTE,2025,10,PREÇO PAGO PELO PRODUTOR,
RO,2025-10,677.1854838709677,1193.0,213.0,4,124,ALUGUEL DE MAQUINA E IMPL,TRATOR 75 CV + IMPLE,10877,NORTE,2025,10,PREÇO PAGO PELO PRODUTOR,
RO,2025-10,677.1854838709677,1193.0,213.0,4,124,ALUGUEL DE PA CARREGADEIR,NÃO INFORMADO,5407,NORTE,2025,10,PREÇO PAGO PELO PRODUTOR,
RO,2025-10,677.1854838709677,1193.0,213.0,4,124,ANALISE DE LABORATORIO,SOLO COMPLETA MACRON,8402,NORTE,2025,10,PREÇO PAGO PELO PRODUTOR,200.0
RO,2025-10,677.1854838709677,1193.0,213.0,4,124,ARROZ,LONGO FINO TIPO 1 BE,4693,NORTE,2025,10,ATACADO,3.42
RO,2025-10,677.1854838709677,1193.0,213.0,4,124,ARROZ,LONGO FINO TIPO 1 BE,4693,NORTE,2025,10,VAREJO,3.69
RO,2025-10,677.1854838709677,1193.0,213.0,4,124,AZIMUT,120 + 200 G/L AZOXIS,14345,NORTE,2025,10,PREÇO PAGO PELO PRODUTOR,103.33
RO,2025-10,677.1854838709677,1193.0,213.0,4,124,BANANA,NANICA,4627,NORTE,2025,10,VAREJO,8.47
RO,2025-10,677.1854838709677,1193.0,213.0,4,124,BANANA,PRATA,4629,NORTE,2025,10,VAREJO,0.93
RO,2025-10,677.1854838709677,1193.0,213.0,4,124,BANANA,NANICA,4627,NORTE,2025,10,VAREJO,1.27
RO,2025-10,677.1854838709677,1193.0,213.0,4,124,BANANA,PRATA,4629,NORTE,2025,10,VAREJO,9.32
RO,2025-10,677.1854838709677,1193.0,213.0,4,124,BANANA,PRATA,4629,NORTE,2025,10,PREÇO RECEBIDO P/ PRODUTOR,5.19
RO,2025-10,677.1854838709677,1193.0,213.0,4,124,BENEFICIAMENTO DO CAFE,NÃO INFORMADO,5439,NORTE,2025,10,PREÇO PAGO PELO PRODUTOR,1.25
RO,2025-10,677.1854838709677,1193.0,213.0,4,124,BENEFICIAMENTO DO CAFE,"SECAGEM, PILAGEM E T",12594,NORTE,2025,10,PREÇO PAGO PELO PRODUTOR,1.42
RO,2025-10,677.1854838709677,1193.0,213.0,4,124,BORRACHA,CERNAMBI VIRGEM PREN,7931,NORTE,2025,10,PREÇO RECEBIDO P/ PRODUTOR,3.94
RO,2025-10,677.1854838709677,1193.0,213.0,4,124,CACAU CULTIVADO,NÃO INFORMADO,11953,NORTE,2025,10,PREÇO RECEBIDO P/ PRODUTOR,19.57
RO,2025-10,677.1854838709677,1193.0,213.0,4,124,CAFE,MOÍDO E TORRADO,4704,NORTE,2025,10,ATACADO,65.4
RO,2025-10,677.1854838709677,1193.0,213.0,4,124,CAFE,MOÍDO E TORRADO,4704,NORTE,2025,10,VAREJO,73.91
RO,2025-10,677.1854838709677,1193.0,213.0,4,124,CAFE,CONILLON BICA CORRID,11239,NORTE,2025,10,PREÇO RECEBIDO P/ PRODUTOR,21.21
RO,2025-10,677.1854838709677,1193.0,213.0,4,124,CALCARIO DOLOMITICO,NÃO INFORMADO,4539,NORTE,2025,10,PREÇO PAGO PELO PRODUTOR,0.73
RO,2025-10,677.1854838709677,1193.0,213.0,4,124,CALCARIO DOLOMITICO,PRNT - PODER RELATIV,13024,NORTE,2025,10,PREÇO PAGO PELO PRODUTOR,0.7
RO,2025-10,677.1854838709677,1193.0,213.0,4,124,CAMA,DE FRANGO,12948,NORTE,2025,10,PREÇO PAGO PELO PRODUTOR,0.35
RO,2025-10,677.1854838709677,1193.0,213.0,4,124,CARA,NÃO INFORMADO,5526,NORTE,2025,10,PREÇO RECEBIDO P/ PRODUTOR,6.0
RO,2025-10,677.1854838709677,1193.0,213.0,4,124,CARNE BOVINA,COXÃO MOLE S/OSSO,4283,NORTE,2025,10,VAREJO,36.63
RO,2025-10,677.1854838709677,1193.0,213.0,4,124,CARNE BOVINA,PATINHO S/OSSO,4289,NORTE,2025,10,VAREJO,35.51
RO,2025-10,677.1854838709677,1193.0,213.0,4,124,CARNE BOVINA,COXÃO DURO S/OSSO,4282,NORTE,2025,10,VAREJO,32.89
RO,2025-10,677.1854838709677,1193.0,213.0,4,124,CARRINHO DE MAO,NÃO INFORMADO,8672,NORTE,2025,10,PREÇO PAGO PELO PRODUTOR,211.67
RO,2025-10,677.1854838709677,1193.0,213.0,4,124,CASA DE ALVENARIA P/ ADMI,NÃO INFORMADO,4393,NORTE,2025,10,PREÇO PAGO PELO PRODUTOR,
RO,2025-10,677.1854838709677,1193.0,213.0,4,124,CASA DE ALVENARIA P/ SUBE,TRANSFORMADOR 10 KVA,12588,NORTE,2025,10,PREÇO PAGO PELO PRODUTOR,28000.0
RO,2025-10,677.1854838709677,1193.0,213.0,4,124,CASA DE MADEIRA,NÃO INFORMADO,12366,NORTE,2025,10,PREÇO PAGO PELO PRODUTOR,
RO,2025-10,677.1854838709677,1193.0,213.0,4,124,CERCOBIN,875 WG 875 G/KG TIOF,14131,NORTE,2025,10,PREÇO PAGO PELO PRODUTOR,103.33
RO,2025-10,677.1854838709677,1193.0,213.0,4,124,CLORETO DE POTASSIO,NÃO INFORMADO,4541,NORTE,2025,10,PREÇO PAGO PELO PRODUTOR,4.4
RO,2025-10,677.1854838709677,1193.0,213.0,4,124,CLORIMURON,WG 250 G/KG CLORIMUR,10226,NORTE,2025,10,PREÇO PAGO PELO PRODUTOR,146.44
RO,2025-10,677.1854838709677,1193.0,213.0,4,124,COBOX,840 G/KG OXICLORETO,3991,NORTE,2025,10,PREÇO PAGO PELO PRODUTOR,81.5
RO,2025-10,677.1854838709677,1193.0,213.0,4,124,CONJUNTO GOTEJAMENTO,5,10994,NORTE,2025,10,PREÇO PAGO PELO PRODUTOR,23333.33
RO,2025-10,677.1854838709677,1193.0,213.0,4,124,DANIMEN,300 EC 300 G/L FENPR,8467,NORTE,2025,10,PREÇO PAGO PELO PRODUTOR,193.85
RO,2025-10,677.1854838709677,1193.0,213.0,4,124,DIARISTA ROCAGEM S/ ENCAR,ROÇADEIRA MOTORIZADA,12472,NORTE,2025,10,PREÇO PAGO PELO PRODUTOR,
RO,2025-10,677.1854838709677,1193.0,213.0,4,124,DIARISTA SEM ENCARGOS,COLHEITA CAFÉ,14385,NORTE,2025,10,PREÇO PAGO PELO PRODUTOR,0.35
RO,2025-10,677.1854838709677,1193.0,213.0,4,124,DIARISTA SEM ENCARGOS,COLHEITA DA SAIA DO,15417,NORTE,2025,10,PREÇO PAGO PELO PRODUTOR,0.4
RO,2025-10,677.1854838709677,1193.0,213.0,4,124,DIARISTA SEM ENCARGOS,PODA APÓS A COLHEITA,15441,NORTE,2025,10,PREÇO PAGO PELO PRODUTOR,0.3
RO,2025-10,677.1854838709677,1193.0,213.0,4,124,DIARISTA SEM ENCARGOS,SERVIÇOS GERAIS SEM,9247,NORTE,2025,10,PREÇO PAGO PELO PRODUTOR,
RO,2025-10,677.1854838709677,1193.0,213.0,4,124,DIARISTA SEM ENCARGOS,COLHEITA SEM ENCARGO,9246,NORTE,2025,10,PREÇO PAGO PELO PRODUTOR,0.35
RO,2025-10,677.1854838709677,1193.0,213.0,4,124,DIARISTA SEM ENCARGOS,APLICAÇÃO DE AGROTÓX,9245,NORTE,2025,10,PREÇO PAGO PELO PRODUTOR,
RO,2025-10,677.1854838709677,1193.0,213.0,4,124,DIARISTA SEM ENCARGOS,DESBROTA SEM ENCARGO,11129,NORTE,2025,10,PREÇO PAGO PELO PRODUTOR,0.3
RO,2025-10,677.1854838709677,1193.0,213.0,4,124,ENERGIA ELETRICA,NÃO INFORMADO,4423,NORTE,2025,10,PREÇO PAGO PELO PRODUTOR,
RO,2025-10,677.1854838709677,1193.0,213.0,4,124,"EPI COMPLETO (OCULOS, LUV",NÃO INFORMADO,12595,NORTE,2025,10,PREÇO PAGO PELO PRODUTOR,134.0
RO,2025-10,677.1854838709677,1193.0,213.0,4,124,FARINHA DE MANDIOCA,SECA AMARELA,15347,NORTE,2025,10,VAREJO,6.64
RO,2025-10,677.1854838709677,1193.0,213.0,4,124,FARINHA DE MANDIOCA,MÉDIA AMARELO (A) 1,368,NORTE,2025,10,ATACADO,5.24
RO,2025-10,677.1854838709677,1193.0,213.0,4,124,FARINHA DE TRIGO,SEM FERMENTO,14895,NORTE,2025,10,ATACADO,4.12
RO,2025-10,677.1854838709677,1193.0,213.0,4,124,FEIJAO,COMUM CORES TIPO 1,8779,NORTE,2025,10,ATACADO,4.16
RO,2025-10,677.1854838709677,1193.0,213.0,4,124,FEIJAO,COMUM CORES TIPO 1,8779,NORTE,2025,10,VAREJO,5.91
RO,2025-10,677.1854838709677,1193.0,213.0,4,124,FEIJAO,COMUM PRETO TIPO 1,8781,NORTE,2025,10,ATACADO,5.34
RO,2025-10,677.1854838709677,1193.0,213.0,4,124,FERTILIZANTE FOLIAR,SANFOL AMICUL,12591,NORTE,2025,10,PREÇO PAGO PELO PRODUTOR,90.0
RO,2025-10,677.1854838709677,1193.0,213.0,4,124,FERTILIZANTE FOLIAR,VITTASPRAY,15439,NORTE,2025,10,PREÇO PAGO PELO PRODUTOR,110.0
RO,2025-10,677.1854838709677,1193.0,213.0,4,124,FLOCOS DE MILHO,PRE-COZIDO,5390,NORTE,2025,10,ATACADO,4.71
RO,2025-10,677.1854838709677,1193.0,213.0,4,124,FUBA DE MILHO,COMUM MIMOSO,5391,NORTE,2025,10,ATACADO,4.02
RO,2025-10,677.1854838709677,1193.0,213.0,4,124,GALPAO DE MADEIRA,NÃO INFORMADO,4406,NORTE,2025,10,PREÇO PAGO PELO PRODUTOR,
RO,2025-10,677.1854838709677,1193.0,213.0,4,124,GASOLINA,NÃO INFORMADO,4421,NORTE,2025,10,PREÇO PAGO PELO PRODUTOR,6.91
RO,2025-10,677.1854838709677,1193.0,213.0,4,124,GLIFOSATO,NORTOX 480 G/L GLIFO,4042,NORTE,2025,10,PREÇO PAGO PELO PRODUTOR,65.0
RO,2025-10,677.1854838709677,1193.0,213.0,4,124,INHAME,NÃO INFORMADO,5528,NORTE,2025,10,PREÇO RECEBIDO P/ PRODUTOR,5.0
RO,2025-10,677.1854838709677,1193.0,213.0,4,124,KLORPAN 480 EC,480 G/L CLORPIRIFÓS,11364,NORTE,2025,10,PREÇO PAGO PELO PRODUTOR,67.67
RO,2025-10,677.1854838709677,1193.0,213.0,4,124,LATAO (PARA COLHEITA),NÃO INFORMADO,12596,NORTE,2025,10,PREÇO PAGO PELO PRODUTOR,35.0
RO,2025-10,677.1854838709677,1193.0,213.0,4,124,LEITE DE VACA,LONGA VIDA INTEGRAL,4998,NORTE,2025,10,VAREJO,6.12
RO,2025-10,677.1854838709677,1193.0,213.0,4,124,LEITE DE VACA,IN NATURA,6542,NORTE,2025,10,PREÇO RECEBIDO P/ PRODUTOR,1.87
RO,2025-10,677.1854838709677,1193.0,213.0,4,124,LEITE DE VACA,EM PÓ INTEGRAL,4990,NORTE,2025,10,ATACADO,36.65
RO,2025-10,677.1854838709677,1193.0,213.0,4,124,LUVAS DE PANO,NÃO INFORMADO,11352,NORTE,2025,10,PREÇO PAGO PELO PRODUTOR,
RO,2025-10,677.1854838709677,1193.0,213.0,4,124,M2,NÃO INFORMADO,7407,NORTE,2025,10,PREÇO PAGO PELO PRODUTOR,
RO,2025-10,677.1854838709677,1193.0,213.0,4,124,MACARRAO,ESPAGUETE SÊMOLA COM,11194,NORTE,2025,10,ATACADO,9.18
RO,2025-10,677.1854838709677,1193.0,213.0,4,124,MANTEIGA,NÃO INFORMADO,8626,NORTE,2025,10,VAREJO,49.11
RO,2025-10,677.1854838709677,1193.0,213.0,4,124,MAP,NÃO INFORMADO,4550,NORTE,2025,10,PREÇO PAGO PELO PRODUTOR,6.34
RO,2025-10,677.1854838709677,1193.0,213.0,4,124,MILHO,EM GRÃOS,4742,NORTE,2025,10,PREÇO RECEBIDO P/ PRODUTOR,1.08
RO,2025-10,677.1854838709677,1193.0,213.0,4,124,MILHO,EM GRÃOS,4742,NORTE,2025,10,ATACADO,1.28
RO,2025-10,677.1854838709677,1193.0,213.0,4,124,MOTOBOMBA,8 ELÉTRICO,12900,NORTE,2025,10,PREÇO PAGO PELO PRODUTOR,10983.33
RO,2025-10,677.1854838709677,1193.0,213.0,4,124,MOTOBOMBA,MOTOR ELÉTRICO 3,12952,NORTE,2025,10,PREÇO PAGO PELO PRODUTOR,3495.0
RO,2025-10,677.1854838709677,1193.0,213.0,4,124,MUDA DE CAFE CONILLON,CLONAL,11293,NORTE,2025,10,PREÇO PAGO PELO PRODUTOR,1.75
RO,2025-10,677.1854838709677,1193.0,213.0,4,124,MUDA DE CAFE CONILLON,CLONAL,11293,NORTE,2025,10,PREÇO PAGO PELO PRODUTOR,2.0
RO,2025-10,677.1854838709677,1193.0,213.0,4,124,NITRATO DE CALCIO,NÃO INFORMADO,4554,NORTE,2025,10,PREÇO PAGO PELO PRODUTOR,4.86
RO,2025-10,677.1854838709677,1193.0,213.0,4,124,OLEO DE SOJA,REFINADO,11871,NORTE,2025,10,VAREJO,9.71
RO,2025-10,677.1854838709677,1193.0,213.0,4,124,OLEO DE SOJA,REFINADO,11871,NORTE,2025,10,ATACADO,8.69
RO,2025-10,677.1854838709677,1193.0,213.0,4,124,OLEO DIESEL,NÃO INFORMADO,4422,NORTE,2025,10,PREÇO PAGO PELO PRODUTOR,6.84
RO,2025-10,677.1854838709677,1193.0,213.0,4,124,OLEO LUBRIFICANTE,2 TEMPOS,11673,NORTE,2025,10,PREÇO PAGO PELO PRODUTOR,41.5
RO,2025-10,677.1854838709677,1193.0,213.0,4,124,OLEO MINERAL,NÃO INFORMADO,5717,NORTE,2025,10,PREÇO PAGO PELO PRODUTOR,37.0
RO,2025-10,677.1854838709677,1193.0,213.0,4,124,OPERADOR DE COLHEITADEIRA,AGRICULTURA FAMILIAR,11495,NORTE,2025,10,PREÇO PAGO PELO PRODUTOR,
RO,2025-10,677.1854838709677,1193.0,213.0,4,124,OPERADOR DE COLHEITADEIRA,NÃO INFORMADO,9254,NORTE,2025,10,PREÇO PAGO PELO PRODUTOR,
RO,2025-10,677.1854838709677,1193.0,213.0,4,124,OVOS DE GALINHA,GRANDE BRANCO,11167,NORTE,2025,10,ATACADO,0.81
RO,2025-10,677.1854838709677,1193.0,213.0,4,124,OVOS DE GALINHA,GRANDE BRANCO,11167,NORTE,2025,10,PREÇO RECEBIDO P/ PRODUTOR,0.6
RO,2025-10,677.1854838709677,1193.0,213.0,4,124,PANO/COLHEITA,NÃO INFORMADO,10071,NORTE,2025,10,PREÇO PAGO PELO PRODUTOR,260.0
RO,2025-10,677.1854838709677,1193.0,213.0,4,124,PANO/COLHEITA,"3,15 M X 10 M",15440,NORTE,2025,10,PREÇO PAGO PELO PRODUTOR,209.67
RO,2025-10,677.1854838709677,1193.0,213.0,4,124,PAO,FRANCÊS,11161,NORTE,2025,10,VAREJO,15.12
RO,2025-10,677.1854838709677,1193.0,213.0,4,124,RAIZ DE MANDIOCA,PARA FARINHA,11240,NORTE,2025,10,PREÇO RECEBIDO P/ PRODUTOR,0.61
RO,2025-10,677.1854838709677,1193.0,213.0,4,124,ROUNDUP,ORIGINAL 480 G/L GLI,4065,NORTE,2025,10,PREÇO PAGO PELO PRODUTOR,56.0
RO,2025-10,677.1854838709677,1193.0,213.0,4,124,SACARIA DE POLIPROPILENO,60 KG,11632,NORTE,2025,10,PREÇO PAGO PELO PRODUTOR,3.25
RO,2025-10,677.1854838709677,1193.0,213.0,4,124,SALARIO MINIMO,NÃO INFORMADO,5467,NORTE,2025,10,PREÇO PAGO PELO PRODUTOR,
RO,2025-10,677.1854838709677,1193.0,213.0,4,124,SISTEMA DE IRRIGACAO POR,NÃO INFORMADO,15442,NORTE,2025,10,PREÇO PAGO PELO PRODUTOR,
RO,2025-10,677.1854838709677,1193.0,213.0,4,124,SOJA,EM GRÃOS,4744,NORTE,2025,10,PREÇO RECEBIDO P/ PRODUTOR,2.0
RO,2025-10,677.1854838709677,1193.0,213.0,4,124,SULFATO DE AMONIO,29 %,12585,NORTE,2025,10,PREÇO PAGO PELO PRODUTOR,3.25
RO,2025-10,677.1854838709677,1193.0,213.0,4,124,SULFATO DE MAGNESIO,NÃO INFORMADO,4569,NORTE,2025,10,PREÇO PAGO PELO PRODUTOR,3.88
RO,2025-10,677.1854838709677,1193.0,213.0,4,124,SULFATO DE ZINCO,20%,15437,NORTE,2025,10,PREÇO PAGO PELO PRODUTOR,8.8
RO,2025-10,677.1854838709677,1193.0,213.0,4,124,SUPERFOSFATO SIMPLES,NÃO INFORMADO,4573,NORTE,2025,10,PREÇO PAGO PELO PRODUTOR,3.82
RO,2025-10,677.1854838709677,1193.0,213.0,4,124,SUPERFOSFATO SIMPLES,NÃO INFORMADO,4573,NORTE,2025,10,PREÇO PAGO PELO PRODUTOR,3.5
RO,2025-10,677.1854838709677,1193.0,213.0,4,124,TERRA NUA,NÃO INFORMADO,8981,NORTE,2025,10,PREÇO PAGO PELO PRODUTOR,
RO,2025-10,677.1854838709677,1193.0,213.0,4,124,TERRA NUA,CAFÉ IRRIGADO,12477,NORTE,2025,10,PREÇO PAGO PELO PRODUTOR,
RO,2025-10,677.1854838709677,1193.0,213.0,4,124,TOMATE,NÃO INFORMADO,4667,NORTE,2025,10,VAREJO,8.3
RO,2025-10,677.1854838709677,1193.0,213.0,4,124,TRANSPORTE DE MUDAS,CAFÉ,14406,NORTE,2025,10,PREÇO PAGO PELO PRODUTOR,
RO,2025-10,677.1854838709677,1193.0,213.0,4,124,TRANSPORTE INTERNO,NÃO INFORMADO,4617,NORTE,2025,10,PREÇO PAGO PELO PRODUTOR,
RO,2025-10,677.1854838709677,1193.0,213.0,4,124,TRATORISTA SEM ENCARGOS,AGRICULTURA FAMILIAR,11494,NORTE,2025,10,PREÇO PAGO PELO PRODUTOR,
RO,2025-10,677.1854838709677,1193.0,213.0,4,124,TRATORISTA SEM ENCARGOS,NÃO INFORMADO,9253,NORTE,2025,10,PREÇO PAGO PELO PRODUTOR,
RO,2025-10,677.1854838709677,1193.0,213.0,4,124,TULHA DE MADEIRA,NÃO INFORMADO,4407,NORTE,2025,10,PREÇO PAGO PELO PRODUTOR,
RO,2025-10,677.1854838709677,1193.0,213.0,4,124,UREIA,NÃO INFORMADO,4579,NORTE,2025,10,PREÇO PAGO PELO PRODUTOR,10.28
RO,2025-10,677.1854838709677,1193.0,213.0,4,124,VERDADERO,600 WG 300 G/KG TIAM,8480,NORTE,2025,10,PREÇO PAGO PELO PRODUTOR,535.0
RO,2025-11,945.5041666666667,1640.0,459.0,4,120,20-00-20,NÃO INFORMADO,4521,NORTE,2025,11,PREÇO PAGO PELO PRODUTOR,4.77
RO,2025-11,945.5041666666667,1640.0,459.0,4,120,20-05-20,NÃO INFORMADO,4523,NORTE,2025,11,PREÇO PAGO PELO PRODUTOR,4.7
RO,2025-11,945.5041666666667,1640.0,459.0,4,120,ABACAXI,PÉROLA,6320,NORTE,2025,11,PREÇO RECEBIDO P/ PRODUTOR,4.15
RO,2025-11,945.5041666666667,1640.0,459.0,4,120,ACAI,FRUTO,8623,NORTE,2025,11,PREÇO RECEBIDO P/ PRODUTOR,5.32
RO,2025-11,945.5041666666667,1640.0,459.0,4,120,ACIDO BORICO,12%,12587,NORTE,2025,11,PREÇO PAGO PELO PRODUTOR,12.02
RO,2025-11,945.5041666666667,1640.0,459.0,4,120,ACUCAR,CRISTAL,4218,NORTE,2025,11,VAREJO,3.43
RO,2025-11,945.5041666666667,1640.0,459.0,4,120,ACUCAR,CRISTAL,4218,NORTE,2025,11,ATACADO,2.75
RO,2025-11,945.5041666666667,1640.0,459.0,4,120,ADUBO ORGANICO,PALHA DE CAFÉ,15388,NORTE,2025,11,PREÇO PAGO PELO PRODUTOR,0.35
RO,2025-11,945.5041666666667,1640.0,459.0,4,120,ALIETTE,800 G/KG FOSETIL-AL,15438,NORTE,2025,11,PREÇO PAGO PELO PRODUTOR,194.0
RO,2025-11,945.5041666666667,1640.0,459.0,4,120,ALUGUEL DE MAQUINA E IMPL,TRATOR 75 CV + IMPLE,10877,NORTE,2025,11,PREÇO PAGO PELO PRODUTOR,
RO,2025-11,945.5041666666667,1640.0,459.0,4,120,ALUGUEL DE MAQUINA E IMPL,TRATOR 80 CV + IMPLE,11757,NORTE,2025,11,PREÇO PAGO PELO PRODUTOR,
RO,2025-11,945.5041666666667,1640.0,459.0,4,120,ALUGUEL DE PA CARREGADEIR,NÃO INFORMADO,5407,NORTE,2025,11,PREÇO PAGO PELO PRODUTOR,
RO,2025-11,945.5041666666667,1640.0,459.0,4,120,ARROZ,LONGO FINO TIPO 1 BE,4693,NORTE,2025,11,ATACADO,2.83
RO,2025-11,945.5041666666667,1640.0,459.0,4,120,ARROZ,LONGO FINO TIPO 1 BE,4693,NORTE,2025,11,VAREJO,3.58
RO,2025-11,945.5041666666667,1640.0,459.0,4,120,AZIMUT,120 + 200 G/L AZOXIS,14345,NORTE,2025,11,PREÇO PAGO PELO PRODUTOR,103.33
RO,2025-11,945.5041666666667,1640.0,459.0,4,120,BANANA,PRATA,4629,NORTE,2025,11,VAREJO,0.93
RO,2025-11,945.5041666666667,1640.0,459.0,4,120,BANANA,NANICA,4627,NORTE,2025,11,VAREJO,1.35
RO,2025-11,945.5041666666667,1640.0,459.0,4,120,BANANA,PRATA,4629,NORTE,2025,11,PREÇO RECEBIDO P/ PRODUTOR,5.25
RO,2025-11,945.5041666666667,1640.0,459.0,4,120,BANANA,PRATA,4629,NORTE,2025,11,VAREJO,9.32
RO,2025-11,945.5041666666667,1640.0,459.0,4,120,BANANA,NANICA,4627,NORTE,2025,11,VAREJO,8.98
RO,2025-11,945.5041666666667,1640.0,459.0,4,120,BENEFICIAMENTO DO CAFE,NÃO INFORMADO,5439,NORTE,2025,11,PREÇO PAGO PELO PRODUTOR,1.25
RO,2025-11,945.5041666666667,1640.0,459.0,4,120,BENEFICIAMENTO DO CAFE,"SECAGEM, PILAGEM E T",12594,NORTE,2025,11,PREÇO PAGO PELO PRODUTOR,1.42
RO,2025-11,945.5041666666667,1640.0,459.0,4,120,BORRACHA,CERNAMBI VIRGEM PREN,7931,NORTE,2025,11,PREÇO RECEBIDO P/ PRODUTOR,4.33
RO,2025-11,945.5041666666667,1640.0,459.0,4,120,CACAU CULTIVADO,NÃO INFORMADO,11953,NORTE,2025,11,PREÇO RECEBIDO P/ PRODUTOR,21.63
RO,2025-11,945.5041666666667,1640.0,459.0,4,120,CAFE,MOÍDO E TORRADO,4704,NORTE,2025,11,VAREJO,73.24
RO,2025-11,945.5041666666667,1640.0,459.0,4,120,CAFE,MOÍDO E TORRADO,4704,NORTE,2025,11,ATACADO,70.81
RO,2025-11,945.5041666666667,1640.0,459.0,4,120,CAFE,CONILLON BICA CORRID,11239,NORTE,2025,11,PREÇO RECEBIDO P/ PRODUTOR,21.47
RO,2025-11,945.5041666666667,1640.0,459.0,4,120,CALCARIO DOLOMITICO,PRNT - PODER RELATIV,13024,NORTE,2025,11,PREÇO PAGO PELO PRODUTOR,0.7
RO,2025-11,945.5041666666667,1640.0,459.0,4,120,CAMA,DE FRANGO,12948,NORTE,2025,11,PREÇO PAGO PELO PRODUTOR,0.35
RO,2025-11,945.5041666666667,1640.0,459.0,4,120,CARA,NÃO INFORMADO,5526,NORTE,2025,11,PREÇO RECEBIDO P/ PRODUTOR,6.17
RO,2025-11,945.5041666666667,1640.0,459.0,4,120,CARNE BOVINA,COXÃO DURO S/OSSO,4282,NORTE,2025,11,VAREJO,32.85
RO,2025-11,945.5041666666667,1640.0,459.0,4,120,CARNE BOVINA,PATINHO S/OSSO,4289,NORTE,2025,11,VAREJO,35.41
RO,2025-11,945.5041666666667,1640.0,459.0,4,120,CARNE BOVINA,COXÃO MOLE S/OSSO,4283,NORTE,2025,11,VAREJO,36.65
RO,2025-11,945.5041666666667,1640.0,459.0,4,120,CARRINHO DE MAO,NÃO INFORMADO,8672,NORTE,2025,11,PREÇO PAGO PELO PRODUTOR,211.67
RO,2025-11,945.5041666666667,1640.0,459.0,4,120,CASA DE ALVENARIA P/ SUBE,TRANSFORMADOR 10 KVA,12588,NORTE,2025,11,PREÇO PAGO PELO PRODUTOR,28000.0
RO,2025-11,945.5041666666667,1640.0,459.0,4,120,CASA DE MADEIRA,NÃO INFORMADO,12366,NORTE,2025,11,PREÇO PAGO PELO PRODUTOR,
RO,2025-11,945.5041666666667,1640.0,459.0,4,120,CASTANHA DO BRASIL,EM CASCA,4178,NORTE,2025,11,PREÇO RECEBIDO P/ PRODUTOR,10.59
RO,2025-11,945.5041666666667,1640.0,459.0,4,120,CERCOBIN,875 WG 875 G/KG TIOF,14131,NORTE,2025,11,PREÇO PAGO PELO PRODUTOR,103.33
RO,2025-11,945.5041666666667,1640.0,459.0,4,120,CLORETO DE POTASSIO,NÃO INFORMADO,4541,NORTE,2025,11,PREÇO PAGO PELO PRODUTOR,4.4
RO,2025-11,945.5041666666667,1640.0,459.0,4,120,CONJUNTO GOTEJAMENTO,5,10994,NORTE,2025,11,PREÇO PAGO PELO PRODUTOR,23333.33
RO,2025-11,945.5041666666667,1640.0,459.0,4,120,DIARISTA ROCAGEM S/ ENCAR,ROÇADEIRA MOTORIZADA,12472,NORTE,2025,11,PREÇO PAGO PELO PRODUTOR,
RO,2025-11,945.5041666666667,1640.0,459.0,4,120,DIARISTA SEM ENCARGOS,APLICAÇÃO DE AGROTÓX,9245,NORTE,2025,11,PREÇO PAGO PELO PRODUTOR,
RO,2025-11,945.5041666666667,1640.0,459.0,4,120,DIARISTA SEM ENCARGOS,COLHEITA SEM ENCARGO,9246,NORTE,2025,11,PREÇO PAGO PELO PRODUTOR,0.35
RO,2025-11,945.5041666666667,1640.0,459.0,4,120,DIARISTA SEM ENCARGOS,PODA APÓS A COLHEITA,15441,NORTE,2025,11,PREÇO PAGO PELO PRODUTOR,0.4
RO,2025-11,945.5041666666667,1640.0,459.0,4,120,DIARISTA SEM ENCARGOS,COLHEITA DA SAIA DO,15417,NORTE,2025,11,PREÇO PAGO PELO PRODUTOR,0.4
RO,2025-11,945.5041666666667,1640.0,459.0,4,120,DIARISTA SEM ENCARGOS,DESBROTA SEM ENCARGO,11129,NORTE,2025,11,PREÇO PAGO PELO PRODUTOR,0.3
RO,2025-11,945.5041666666667,1640.0,459.0,4,120,"EPI COMPLETO (OCULOS, LUV",NÃO INFORMADO,12595,NORTE,2025,11,PREÇO PAGO PELO PRODUTOR,134.0
RO,2025-11,945.5041666666667,1640.0,459.0,4,120,FARINHA DE MANDIOCA,SECA AMARELA,15347,NORTE,2025,11,VAREJO,6.52
RO,2025-11,945.5041666666667,1640.0,459.0,4,120,FARINHA DE MANDIOCA,MÉDIA AMARELO (A) 1,368,NORTE,2025,11,ATACADO,4.91
RO,2025-11,945.5041666666667,1640.0,459.0,4,120,FARINHA DE TRIGO,SEM FERMENTO,14895,NORTE,2025,11,ATACADO,3.57
RO,2025-11,945.5041666666667,1640.0,459.0,4,120,FEIJAO,COMUM CORES TIPO 1,8779,NORTE,2025,11,VAREJO,5.89
RO,2025-11,945.5041666666667,1640.0,459.0,4,120,FEIJAO,COMUM CORES TIPO 1,8779,NORTE,2025,11,ATACADO,4.18
RO,2025-11,945.5041666666667,1640.0,459.0,4,120,FEIJAO,COMUM PRETO TIPO 1,8781,NORTE,2025,11,ATACADO,4.52
RO,2025-11,945.5041666666667,1640.0,459.0,4,120,FERTILIZANTE FOLIAR,SANFOL AMICUL,12591,NORTE,2025,11,PREÇO PAGO PELO PRODUTOR,90.0
RO,2025-11,945.5041666666667,1640.0,459.0,4,120,FERTILIZANTE FOLIAR,VITTASPRAY,15439,NORTE,2025,11,PREÇO PAGO PELO PRODUTOR,110.0
RO,2025-11,945.5041666666667,1640.0,459.0,4,120,FLOCOS DE MILHO,PRE-COZIDO,5390,NORTE,2025,11,ATACADO,4.56
RO,2025-11,945.5041666666667,1640.0,459.0,4,120,FUBA DE MILHO,COMUM MIMOSO,5391,NORTE,2025,11,ATACADO,3.92
RO,2025-11,945.5041666666667,1640.0,459.0,4,120,GALPAO DE MADEIRA,NÃO INFORMADO,4406,NORTE,2025,11,PREÇO PAGO PELO PRODUTOR,
RO,2025-11,945.5041666666667,1640.0,459.0,4,120,GASOLINA,NÃO INFORMADO,4421,NORTE,2025,11,PREÇO PAGO PELO PRODUTOR,6.84
RO,2025-11,945.5041666666667,1640.0,459.0,4,120,INHAME,NÃO INFORMADO,5528,NORTE,2025,11,PREÇO RECEBIDO P/ PRODUTOR,5.67
RO,2025-11,945.5041666666667,1640.0,459.0,4,120,KLORPAN 480 EC,480 G/L CLORPIRIFÓS,11364,NORTE,2025,11,PREÇO PAGO PELO PRODUTOR,67.67
RO,2025-11,945.5041666666667,1640.0,459.0,4,120,LEITE DE VACA,EM PÓ INTEGRAL,4990,NORTE,2025,11,ATACADO,35.5
RO,2025-11,945.5041666666667,1640.0,459.0,4,120,LEITE DE VACA,LONGA VIDA INTEGRAL,4998,NORTE,2025,11,VAREJO,6.0
RO,2025-11,945.5041666666667,1640.0,459.0,4,120,LEITE DE VACA,IN NATURA,6542,NORTE,2025,11,PREÇO RECEBIDO P/ PRODUTOR,1.86
RO,2025-11,945.5041666666667,1640.0,459.0,4,120,LUVAS DE PANO,NÃO INFORMADO,11352,NORTE,2025,11,PREÇO PAGO PELO PRODUTOR,
RO,2025-11,945.5041666666667,1640.0,459.0,4,120,MACARRAO,ESPAGUETE SÊMOLA COM,11194,NORTE,2025,11,ATACADO,10.44
RO,2025-11,945.5041666666667,1640.0,459.0,4,120,MANTEIGA,NÃO INFORMADO,8626,NORTE,2025,11,VAREJO,48.4
RO,2025-11,945.5041666666667,1640.0,459.0,4,120,MAP,NÃO INFORMADO,4550,NORTE,2025,11,PREÇO PAGO PELO PRODUTOR,6.34
RO,2025-11,945.5041666666667,1640.0,459.0,4,120,MILHO,EM GRÃOS,4742,NORTE,2025,11,PREÇO RECEBIDO P/ PRODUTOR,1.08
RO,2025-11,945.5041666666667,1640.0,459.0,4,120,MILHO,EM GRÃOS,4742,NORTE,2025,11,ATACADO,1.24
RO,2025-11,945.5041666666667,1640.0,459.0,4,120,MOTOBOMBA,8 ELÉTRICO,12900,NORTE,2025,11,PREÇO PAGO PELO PRODUTOR,10983.33
RO,2025-11,945.5041666666667,1640.0,459.0,4,120,MOTOBOMBA,MOTOR ELÉTRICO 3,12952,NORTE,2025,11,PREÇO PAGO PELO PRODUTOR,3495.0
RO,2025-11,945.5041666666667,1640.0,459.0,4,120,MUDA DE CAFE CONILLON,CLONAL,11293,NORTE,2025,11,PREÇO PAGO PELO PRODUTOR,2.0
RO,2025-11,945.5041666666667,1640.0,459.0,4,120,MUDA DE CAFE CONILLON,CLONAL,11293,NORTE,2025,11,PREÇO PAGO PELO PRODUTOR,1.75
RO,2025-11,945.5041666666667,1640.0,459.0,4,120,NITRATO DE CALCIO,NÃO INFORMADO,4554,NORTE,2025,11,PREÇO PAGO PELO PRODUTOR,4.86
RO,2025-11,945.5041666666667,1640.0,459.0,4,120,OLEO DE SOJA,REFINADO,11871,NORTE,2025,11,ATACADO,9.69
RO,2025-11,945.5041666666667,1640.0,459.0,4,120,OLEO DE SOJA,REFINADO,11871,NORTE,2025,11,VAREJO,10.13
RO,2025-11,945.5041666666667,1640.0,459.0,4,120,OLEO LUBRIFICANTE,2 TEMPOS,11673,NORTE,2025,11,PREÇO PAGO PELO PRODUTOR,41.5
RO,2025-11,945.5041666666667,1640.0,459.0,4,120,OVOS DE GALINHA,GRANDE BRANCO,11167,NORTE,2025,11,PREÇO RECEBIDO P/ PRODUTOR,0.6
RO,2025-11,945.5041666666667,1640.0,459.0,4,120,OVOS DE GALINHA,GRANDE BRANCO,11167,NORTE,2025,11,ATACADO,0.9
RO,2025-11,945.5041666666667,1640.0,459.0,4,120,PANO/COLHEITA,"3,15 M X 10 M",15440,NORTE,2025,11,PREÇO PAGO PELO PRODUTOR,209.67
RO,2025-11,945.5041666666667,1640.0,459.0,4,120,PANO/COLHEITA,NÃO INFORMADO,10071,NORTE,2025,11,PREÇO PAGO PELO PRODUTOR,260.0
RO,2025-11,945.5041666666667,1640.0,459.0,4,120,PAO,FRANCÊS,11161,NORTE,2025,11,VAREJO,15.26
RO,2025-11,945.5041666666667,1640.0,459.0,4,120,RAIZ DE MANDIOCA,PARA FARINHA,11240,NORTE,2025,11,PREÇO RECEBIDO P/ PRODUTOR,0.52
RO,2025-11,945.5041666666667,1640.0,459.0,4,120,SACARIA DE POLIPROPILENO,60 KG,11632,NORTE,2025,11,PREÇO PAGO PELO PRODUTOR,3.25
RO,2025-11,945.5041666666667,1640.0,459.0,4,120,SISTEMA DE IRRIGACAO POR,NÃO INFORMADO,15442,NORTE,2025,11,PREÇO PAGO PELO PRODUTOR,
RO,2025-11,945.5041666666667,1640.0,459.0,4,120,SOJA,EM GRÃOS,4744,NORTE,2025,11,PREÇO RECEBIDO P/ PRODUTOR,1.94
RO,2025-11,945.5041666666667,1640.0,459.0,4,120,SULFATO DE AMONIO,29 %,12585,NORTE,2025,11,PREÇO PAGO PELO PRODUTOR,3.25
RO,2025-11,945.5041666666667,1640.0,459.0,4,120,SULFATO DE MAGNESIO,NÃO INFORMADO,4569,NORTE,2025,11,PREÇO PAGO PELO PRODUTOR,3.88
RO,2025-11,945.5041666666667,1640.0,459.0,4,120,SULFATO DE ZINCO,20%,15437,NORTE,2025,11,PREÇO PAGO PELO PRODUTOR,8.8
RO,2025-11,945.5041666666667,1640.0,459.0,4,120,SUPERFOSFATO SIMPLES,NÃO INFORMADO,4573,NORTE,2025,11,PREÇO PAGO PELO PRODUTOR,3.5
RO,2025-11,945.5041666666667,1640.0,459.0,4,120,SUPERFOSFATO SIMPLES,NÃO INFORMADO,4573,NORTE,2025,11,PREÇO PAGO PELO PRODUTOR,3.82
RO,2025-11,945.5041666666667,1640.0,459.0,4,120,TERRA NUA,CAFÉ IRRIGADO,12477,NORTE,2025,11,PREÇO PAGO PELO PRODUTOR,
RO,2025-11,945.5041666666667,1640.0,459.0,4,120,TOMATE,NÃO INFORMADO,4667,NORTE,2025,11,VAREJO,7.84
RO,2025-11,945.5041666666667,1640.0,459.0,4,120,TRANSPORTE DE MUDAS,CAFÉ,14406,NORTE,2025,11,PREÇO PAGO PELO PRODUTOR,
RO,2025-11,945.5041666666667,1640.0,459.0,4,120,TRANSPORTE INTERNO,NÃO INFORMADO,4617,NORTE,2025,11,PREÇO PAGO PELO PRODUTOR,
RO,2025-11,945.5041666666667,1640.0,459.0,4,120,TULHA DE MADEIRA,NÃO INFORMADO,4407,NORTE,2025,11,PREÇO PAGO PELO PRODUTOR,
RO,2025-11,945.5041666666667,1640.0,459.0,4,120,UREIA,NÃO INFORMADO,4579,NORTE,2025,11,PREÇO PAGO PELO PRODUTOR,10.28
RO,2025-11,945.5041666666667,1640.0,459.0,4,120,VERDADERO,600 WG 300 G/KG TIAM,8480,NORTE,2025,11,PREÇO PAGO PELO PRODUTOR,535.0
RO,2025-12,1202.1733870967741,1973.5,700.0,4,124,ABACAXI,PÉROLA,6320,NORTE,2025,12,PREÇO RECEBIDO P/ PRODUTOR,4.06
RO,2025-12,1202.1733870967741,1973.5,700.0,4,124,ACAI,FRUTO,8623,NORTE,2025,12,PREÇO RECEBIDO P/ PRODUTOR,5.84
RO,2025-12,1202.1733870967741,1973.5,700.0,4,124,ACUCAR,CRISTAL,4218,NORTE,2025,12,ATACADO,3.12
RO,2025-12,1202.1733870967741,1973.5,700.0,4,124,ACUCAR,CRISTAL,4218,NORTE,2025,12,VAREJO,3.37
RO,2025-12,1202.1733870967741,1973.5,700.0,4,124,ARROZ,LONGO FINO TIPO 1 BE,4693,NORTE,2025,12,VAREJO,3.58
RO,2025-12,1202.1733870967741,1973.5,700.0,4,124,ARROZ,LONGO FINO TIPO 1 BE,4693,NORTE,2025,12,ATACADO,4.17
RO,2025-12,1202.1733870967741,1973.5,700.0,4,124,BANANA,NANICA,4627,NORTE,2025,12,VAREJO,8.46
RO,2025-12,1202.1733870967741,1973.5,700.0,4,124,BANANA,PRATA,4629,NORTE,2025,12,PREÇO RECEBIDO P/ PRODUTOR,5.55
RO,2025-12,1202.1733870967741,1973.5,700.0,4,124,BANANA,PRATA,4629,NORTE,2025,12,VAREJO,1.0
RO,2025-12,1202.1733870967741,1973.5,700.0,4,124,BANANA,NANICA,4627,NORTE,2025,12,VAREJO,1.27
RO,2025-12,1202.1733870967741,1973.5,700.0,4,124,BANANA,PRATA,4629,NORTE,2025,12,VAREJO,10.01
RO,2025-12,1202.1733870967741,1973.5,700.0,4,124,BORRACHA,CERNAMBI VIRGEM PREN,7931,NORTE,2025,12,PREÇO RECEBIDO P/ PRODUTOR,4.3
RO,2025-12,1202.1733870967741,1973.5,700.0,4,124,CACAU CULTIVADO,NÃO INFORMADO,11953,NORTE,2025,12,PREÇO RECEBIDO P/ PRODUTOR,23.9
RO,2025-12,1202.1733870967741,1973.5,700.0,4,124,CAFE,MOÍDO E TORRADO,4704,NORTE,2025,12,ATACADO,69.13
RO,2025-12,1202.1733870967741,1973.5,700.0,4,124,CAFE,MOÍDO E TORRADO,4704,NORTE,2025,12,VAREJO,72.16
RO,2025-12,1202.1733870967741,1973.5,700.0,4,124,CAFE,CONILLON BICA CORRID,11239,NORTE,2025,12,PREÇO RECEBIDO P/ PRODUTOR,20.68
RO,2025-12,1202.1733870967741,1973.5,700.0,4,124,CARA,NÃO INFORMADO,5526,NORTE,2025,12,PREÇO RECEBIDO P/ PRODUTOR,6.0
RO,2025-12,1202.1733870967741,1973.5,700.0,4,124,CARNE BOVINA,COXÃO DURO S/OSSO,4282,NORTE,2025,12,VAREJO,33.24
RO,2025-12,1202.1733870967741,1973.5,700.0,4,124,CARNE BOVINA,COXÃO MOLE S/OSSO,4283,NORTE,2025,12,VAREJO,37.48
RO,2025-12,1202.1733870967741,1973.5,700.0,4,124,CARNE BOVINA,PATINHO S/OSSO,4289,NORTE,2025,12,VAREJO,36.62
RO,2025-12,1202.1733870967741,1973.5,700.0,4,124,CASTANHA DO BRASIL,EM CASCA,4178,NORTE,2025,12,PREÇO RECEBIDO P/ PRODUTOR,10.48
RO,2025-12,1202.1733870967741,1973.5,700.0,4,124,FARINHA DE MANDIOCA,SECA AMARELA,15347,NORTE,2025,12,VAREJO,6.5
RO,2025-12,1202.1733870967741,1973.5,700.0,4,124,FARINHA DE MANDIOCA,MÉDIA AMARELO (A) 1,368,NORTE,2025,12,ATACADO,5.74
RO,2025-12,1202.1733870967741,1973.5,700.0,4,124,FARINHA DE TRIGO,SEM FERMENTO,14895,NORTE,2025,12,ATACADO,4.38
RO,2025-12,1202.1733870967741,1973.5,700.0,4,124,FEIJAO,COMUM CORES TIPO 1,8779,NORTE,2025,12,ATACADO,4.92
RO,2025-12,1202.1733870967741,1973.5,700.0,4,124,FEIJAO,COMUM CORES TIPO 1,8779,NORTE,2025,12,VAREJO,5.87
RO,2025-12,1202.1733870967741,1973.5,700.0,4,124,FEIJAO,COMUM PRETO TIPO 1,8781,NORTE,2025,12,ATACADO,5.44
RO,2025-12,1202.1733870967741,1973.5,700.0,4,124,FLOCOS DE MILHO,PRE-COZIDO,5390,NORTE,2025,12,ATACADO,5.11
RO,2025-12,1202.1733870967741,1973.5,700.0,4,124,FUBA DE MILHO,COMUM MIMOSO,5391,NORTE,2025,12,ATACADO,4.34
RO,2025-12,1202.1733870967741,1973.5,700.0,4,124,INHAME,NÃO INFORMADO,5528,NORTE,2025,12,PREÇO RECEBIDO P/ PRODUTOR,5.0
RO,2025-12,1202.1733870967741,1973.5,700.0,4,124,LEITE DE VACA,IN NATURA,6542,NORTE,2025,12,PREÇO RECEBIDO P/ PRODUTOR,1.77
RO,2025-12,1202.1733870967741,1973.5,700.0,4,124,LEITE DE VACA,EM PÓ INTEGRAL,4990,NORTE,2025,12,ATACADO,36.68
RO,2025-12,1202.1733870967741,1973.5,700.0,4,124,LEITE DE VACA,LONGA VIDA INTEGRAL,4998,NORTE,2025,12,VAREJO,5.95
RO,2025-12,1202.1733870967741,1973.5,700.0,4,124,MACARRAO,ESPAGUETE SÊMOLA COM,11194,NORTE,2025,12,ATACADO,10.06
RO,2025-12,1202.1733870967741,1973.5,700.0,4,124,MANTEIGA,NÃO INFORMADO,8626,NORTE,2025,12,VAREJO,48.44
RO,2025-12,1202.1733870967741,1973.5,700.0,4,124,MILHO,EM GRÃOS,4742,NORTE,2025,12,ATACADO,1.24
RO,2025-12,1202.1733870967741,1973.5,700.0,4,124,MILHO,EM GRÃOS,4742,NORTE,2025,12,PREÇO RECEBIDO P/ PRODUTOR,1.07
RO,2025-12,1202.1733870967741,1973.5,700.0,4,124,OLEO DE SOJA,REFINADO,11871,NORTE,2025,12,VAREJO,9.86
RO,2025-12,1202.1733870967741,1973.5,700.0,4,124,OLEO DE SOJA,REFINADO,11871,NORTE,2025,12,ATACADO,8.92
RO,2025-12,1202.1733870967741,1973.5,700.0,4,124,OVOS DE GALINHA,GRANDE BRANCO,11167,NORTE,2025,12,PREÇO RECEBIDO P/ PRODUTOR,0.57
RO,2025-12,1202.1733870967741,1973.5,700.0,4,124,OVOS DE GALINHA,GRANDE BRANCO,11167,NORTE,2025,12,ATACADO,0.75
RO,2025-12,1202.1733870967741,1973.5,700.0,4,124,PAO,FRANCÊS,11161,NORTE,2025,12,VAREJO,15.19
RO,2025-12,1202.1733870967741,1973.5,700.0,4,124,RAIZ DE MANDIOCA,PARA FARINHA,11240,NORTE,2025,12,PREÇO RECEBIDO P/ PRODUTOR,0.53
RO,2025-12,1202.1733870967741,1973.5,700.0,4,124,SOJA,EM GRÃOS,4744,NORTE,2025,12,PREÇO RECEBIDO P/ PRODUTOR,1.95
RO,2025-12,1202.1733870967741,1973.5,700.0,4,124,TOMATE,NÃO INFORMADO,4667,NORTE,2025,12,VAREJO,5.82
RO,2026-01,1491.266129032258,2059.0,1152.0,4,124,ABACAXI,PÉROLA,6320,NORTE,2026,1,PREÇO RECEBIDO P/ PRODUTOR,4.44
RO,2026-01,1491.266129032258,2059.0,1152.0,4,124,ACAI,FRUTO,8623,NORTE,2026,1,PREÇO RECEBIDO P/ PRODUTOR,5.24
RO,2026-01,1491.266129032258,2059.0,1152.0,4,124,ACUCAR,CRISTAL,4218,NORTE,2026,1,VAREJO,3.25
RO,2026-01,1491.266129032258,2059.0,1152.0,4,124,ARROZ,LONGO FINO TIPO 1 BE,4693,NORTE,2026,1,VAREJO,3.58
RO,2026-01,1491.266129032258,2059.0,1152.0,4,124,BANANA,NANICA,4627,NORTE,2026,1,VAREJO,1.16
RO,2026-01,1491.266129032258,2059.0,1152.0,4,124,BANANA,NANICA,4627,NORTE,2026,1,VAREJO,7.76
RO,2026-01,1491.266129032258,2059.0,1152.0,4,124,BANANA,PRATA,4629,NORTE,2026,1,VAREJO,1.01
RO,2026-01,1491.266129032258,2059.0,1152.0,4,124,BANANA,PRATA,4629,NORTE,2026,1,VAREJO,10.09
RO,2026-01,1491.266129032258,2059.0,1152.0,4,124,BANANA,PRATA,4629,NORTE,2026,1,PREÇO RECEBIDO P/ PRODUTOR,5.38
RO,2026-01,1491.266129032258,2059.0,1152.0,4,124,BORRACHA,CERNAMBI VIRGEM PREN,7931,NORTE,2026,1,PREÇO RECEBIDO P/ PRODUTOR,4.23
RO,2026-01,1491.266129032258,2059.0,1152.0,4,124,CACAU CULTIVADO,NÃO INFORMADO,11953,NORTE,2026,1,PREÇO RECEBIDO P/ PRODUTOR,19.72
RO,2026-01,1491.266129032258,2059.0,1152.0,4,124,CAFE,MOÍDO E TORRADO,4704,NORTE,2026,1,VAREJO,70.94
RO,2026-01,1491.266129032258,2059.0,1152.0,4,124,CAFE,CONILLON BICA CORRID,11239,NORTE,2026,1,PREÇO RECEBIDO P/ PRODUTOR,20.36
RO,2026-01,1491.266129032258,2059.0,1152.0,4,124,CARA,NÃO INFORMADO,5526,NORTE,2026,1,PREÇO RECEBIDO P/ PRODUTOR,5.38
RO,2026-01,1491.266129032258,2059.0,1152.0,4,124,CARNE BOVINA,PATINHO S/OSSO,4289,NORTE,2026,1,VAREJO,35.99
RO,2026-01,1491.266129032258,2059.0,1152.0,4,124,CARNE BOVINA,COXÃO MOLE S/OSSO,4283,NORTE,2026,1,VAREJO,37.49
RO,2026-01,1491.266129032258,2059.0,1152.0,4,124,CARNE BOVINA,COXÃO DURO S/OSSO,4282,NORTE,2026,1,VAREJO,33.19
RO,2026-01,1491.266129032258,2059.0,1152.0,4,124,CASTANHA DO BRASIL,EM CASCA,4178,NORTE,2026,1,PREÇO RECEBIDO P/ PRODUTOR,7.83
RO,2026-01,1491.266129032258,2059.0,1152.0,4,124,FARINHA DE MANDIOCA,SECA AMARELA,15347,NORTE,2026,1,VAREJO,6.46
RO,2026-01,1491.266129032258,2059.0,1152.0,4,124,FEIJAO,COMUM CORES,8778,NORTE,2026,1,PREÇO RECEBIDO P/ PRODUTOR,5.0
RO,2026-01,1491.266129032258,2059.0,1152.0,4,124,FEIJAO,COMUM CORES TIPO 1,8779,NORTE,2026,1,VAREJO,5.73
RO,2026-01,1491.266129032258,2059.0,1152.0,4,124,INHAME,NÃO INFORMADO,5528,NORTE,2026,1,PREÇO RECEBIDO P/ PRODUTOR,6.07
RO,2026-01,1491.266129032258,2059.0,1152.0,4,124,LEITE DE VACA,IN NATURA,6542,NORTE,2026,1,PREÇO RECEBIDO P/ PRODUTOR,1.67
RO,2026-01,1491.266129032258,2059.0,1152.0,4,124,LEITE DE VACA,LONGA VIDA INTEGRAL,4998,NORTE,2026,1,VAREJO,5.56
RO,2026-01,1491.266129032258,2059.0,1152.0,4,124,MANTEIGA,NÃO INFORMADO,8626,NORTE,2026,1,VAREJO,46.46
RO,2026-01,1491.266129032258,2059.0,1152.0,4,124,MILHO,EM GRÃOS,4742,NORTE,2026,1,PREÇO RECEBIDO P/ PRODUTOR,1.06
RO,2026-01,1491.266129032258,2059.0,1152.0,4,124,MILHO,EM GRÃOS,4742,NORTE,2026,1,ATACADO,1.26
RO,2026-01,1491.266129032258,2059.0,1152.0,4,124,OLEO DE SOJA,REFINADO,11871,NORTE,2026,1,VAREJO,9.27
RO,2026-01,1491.266129032258,2059.0,1152.0,4,124,OVOS DE GALINHA,GRANDE BRANCO,11167,NORTE,2026,1,PREÇO RECEBIDO P/ PRODUTOR,0.48
RO,2026-01,1491.266129032258,2059.0,1152.0,4,124,PAO,FRANCÊS,11161,NORTE,2026,1,VAREJO,15.38
RO,2026-01,1491.266129032258,2059.0,1152.0,4,124,RAIZ DE MANDIOCA,PARA FARINHA,11240,NORTE,2026,1,PREÇO RECEBIDO P/ PRODUTOR,0.48
RO,2026-01,1491.266129032258,2059.0,1152.0,4,124,SOJA,EM GRÃOS,4744,NORTE,2026,1,PREÇO RECEBIDO P/ PRODUTOR,1.89
RO,2026-01,1491.266129032258,2059.0,1152.0,4,124,TOMATE,NÃO INFORMADO,4667,NORTE,2026,1,VAREJO,7.29
RO,2026-02,1567.8169642857142,2103.0,1243.0,4,112,ABACAXI,PÉROLA,6320,NORTE,2026,2,PREÇO RECEBIDO P/ PRODUTOR,4.45
RO,2026-02,1567.8169642857142,2103.0,1243.0,4,112,ACAI,FRUTO,8623,NORTE,2026,2,PREÇO RECEBIDO P/ PRODUTOR,5.29
RO,2026-02,1567.8169642857142,2103.0,1243.0,4,112,ACUCAR,CRISTAL,4218,NORTE,2026,2,VAREJO,3.25
RO,2026-02,1567.8169642857142,2103.0,1243.0,4,112,ARROZ,LONGO FINO TIPO 1 BE,4693,NORTE,2026,2,VAREJO,3.61
RO,2026-02,1567.8169642857142,2103.0,1243.0,4,112,BANANA,PRATA,4629,NORTE,2026,2,VAREJO,9.58
RO,2026-02,1567.8169642857142,2103.0,1243.0,4,112,BANANA,NANICA,4627,NORTE,2026,2,VAREJO,7.51
RO,2026-02,1567.8169642857142,2103.0,1243.0,4,112,BANANA,PRATA,4629,NORTE,2026,2,PREÇO RECEBIDO P/ PRODUTOR,5.74
RO,2026-02,1567.8169642857142,2103.0,1243.0,4,112,BANANA,NANICA,4627,NORTE,2026,2,VAREJO,1.13
RO,2026-02,1567.8169642857142,2103.0,1243.0,4,112,BANANA,PRATA,4629,NORTE,2026,2,VAREJO,0.96
RO,2026-02,1567.8169642857142,2103.0,1243.0,4,112,BORRACHA,CERNAMBI VIRGEM PREN,7931,NORTE,2026,2,PREÇO RECEBIDO P/ PRODUTOR,4.17
RO,2026-02,1567.8169642857142,2103.0,1243.0,4,112,CACAU CULTIVADO,NÃO INFORMADO,11953,NORTE,2026,2,PREÇO RECEBIDO P/ PRODUTOR,12.3
RO,2026-02,1567.8169642857142,2103.0,1243.0,4,112,CAFE,MOÍDO E TORRADO,4704,NORTE,2026,2,VAREJO,71.38
RO,2026-02,1567.8169642857142,2103.0,1243.0,4,112,CAFE,CONILLON BICA CORRID,11239,NORTE,2026,2,PREÇO RECEBIDO P/ PRODUTOR,18.58
RO,2026-02,1567.8169642857142,2103.0,1243.0,4,112,CARA,NÃO INFORMADO,5526,NORTE,2026,2,PREÇO RECEBIDO P/ PRODUTOR,5.5
RO,2026-02,1567.8169642857142,2103.0,1243.0,4,112,CARNE BOVINA,PATINHO S/OSSO,4289,NORTE,2026,2,VAREJO,36.77
RO,2026-02,1567.8169642857142,2103.0,1243.0,4,112,CARNE BOVINA,COXÃO DURO S/OSSO,4282,NORTE,2026,2,VAREJO,33.66
RO,2026-02,1567.8169642857142,2103.0,1243.0,4,112,CARNE BOVINA,COXÃO MOLE S/OSSO,4283,NORTE,2026,2,VAREJO,38.62
RO,2026-02,1567.8169642857142,2103.0,1243.0,4,112,CASTANHA DO BRASIL,EM CASCA,4178,NORTE,2026,2,PREÇO RECEBIDO P/ PRODUTOR,8.11
RO,2026-02,1567.8169642857142,2103.0,1243.0,4,112,FARINHA DE MANDIOCA,SECA AMARELA,15347,NORTE,2026,2,VAREJO,6.27
RO,2026-02,1567.8169642857142,2103.0,1243.0,4,112,FEIJAO,COMUM CORES,8778,NORTE,2026,2,PREÇO RECEBIDO P/ PRODUTOR,5.21
RO,2026-02,1567.8169642857142,2103.0,1243.0,4,112,FEIJAO,COMUM CORES TIPO 1,8779,NORTE,2026,2,VAREJO,6.46
RO,2026-02,1567.8169642857142,2103.0,1243.0,4,112,INHAME,NÃO INFORMADO,5528,NORTE,2026,2,PREÇO RECEBIDO P/ PRODUTOR,6.5
RO,2026-02,1567.8169642857142,2103.0,1243.0,4,112,LEITE DE VACA,IN NATURA,6542,NORTE,2026,2,PREÇO RECEBIDO P/ PRODUTOR,1.62
RO,2026-02,1567.8169642857142,2103.0,1243.0,4,112,LEITE DE VACA,LONGA VIDA INTEGRAL,4998,NORTE,2026,2,VAREJO,5.58
RO,2026-02,1567.8169642857142,2103.0,1243.0,4,112,MANTEIGA,NÃO INFORMADO,8626,NORTE,2026,2,VAREJO,45.69
RO,2026-02,1567.8169642857142,2103.0,1243.0,4,112,MILHO,EM GRÃOS,4742,NORTE,2026,2,ATACADO,1.27
RO,2026-02,1567.8169642857142,2103.0,1243.0,4,112,MILHO,EM GRÃOS,4742,NORTE,2026,2,PREÇO RECEBIDO P/ PRODUTOR,1.09
RO,2026-02,1567.8169642857142,2103.0,1243.0,4,112,OLEO DE SOJA,REFINADO,11871,NORTE,2026,2,VAREJO,8.89
RO,2026-02,1567.8169642857142,2103.0,1243.0,4,112,OVOS DE GALINHA,GRANDE BRANCO,11167,NORTE,2026,2,PREÇO RECEBIDO P/ PRODUTOR,0.53
RO,2026-02,1567.8169642857142,2103.0,1243.0,4,112,PAO,FRANCÊS,11161,NORTE,2026,2,VAREJO,15.28
RO,2026-02,1567.8169642857142,2103.0,1243.0,4,112,RAIZ DE MANDIOCA,PARA FARINHA,11240,NORTE,2026,2,PREÇO RECEBIDO P/ PRODUTOR,0.46
RO,2026-02,1567.8169642857142,2103.0,1243.0,4,112,SOJA,EM GRÃOS,4744,NORTE,2026,2,PREÇO RECEBIDO P/ PRODUTOR,1.79
RO,2026-02,1567.8169642857142,2103.0,1243.0,4,112,TOMATE,NÃO INFORMADO,4667,NORTE,2026,2,VAREJO,7.18
RO,2026-03,1619.9556451612902,2155.5,1349.5,4,124,ABACAXI,PÉROLA,6320,NORTE,2026,3,PREÇO RECEBIDO P/ PRODUTOR,4.59
RO,2026-03,1619.9556451612902,2155.5,1349.5,4,124,ACAI,FRUTO,8623,NORTE,2026,3,PREÇO RECEBIDO P/ PRODUTOR,4.2
RO,2026-03,1619.9556451612902,2155.5,1349.5,4,124,ACUCAR,CRISTAL,4218,NORTE,2026,3,VAREJO,3.25
RO,2026-03,1619.9556451612902,2155.5,1349.5,4,124,ARROZ,LONGO FINO TIPO 1 BE,4693,NORTE,2026,3,VAREJO,3.86
RO,2026-03,1619.9556451612902,2155.5,1349.5,4,124,BANANA,PRATA,4629,NORTE,2026,3,PREÇO RECEBIDO P/ PRODUTOR,6.3
RO,2026-03,1619.9556451612902,2155.5,1349.5,4,124,BANANA,NANICA,4627,NORTE,2026,3,VAREJO,7.73
RO,2026-03,1619.9556451612902,2155.5,1349.5,4,124,BANANA,PRATA,4629,NORTE,2026,3,VAREJO,0.95
RO,2026-03,1619.9556451612902,2155.5,1349.5,4,124,BANANA,PRATA,4629,NORTE,2026,3,VAREJO,9.47
RO,2026-03,1619.9556451612902,2155.5,1349.5,4,124,BANANA,NANICA,4627,NORTE,2026,3,VAREJO,1.16
RO,2026-03,1619.9556451612902,2155.5,1349.5,4,124,BORRACHA,CERNAMBI VIRGEM PREN,7931,NORTE,2026,3,PREÇO RECEBIDO P/ PRODUTOR,4.19
RO,2026-03,1619.9556451612902,2155.5,1349.5,4,124,CACAU CULTIVADO,NÃO INFORMADO,11953,NORTE,2026,3,PREÇO RECEBIDO P/ PRODUTOR,11.07
RO,2026-03,1619.9556451612902,2155.5,1349.5,4,124,CAFE,MOÍDO E TORRADO,4704,NORTE,2026,3,VAREJO,70.96
RO,2026-03,1619.9556451612902,2155.5,1349.5,4,124,CARA,NÃO INFORMADO,5526,NORTE,2026,3,PREÇO RECEBIDO P/ PRODUTOR,3.0
RO,2026-03,1619.9556451612902,2155.5,1349.5,4,124,CARNE BOVINA,COXÃO DURO S/OSSO,4282,NORTE,2026,3,VAREJO,34.11
RO,2026-03,1619.9556451612902,2155.5,1349.5,4,124,CARNE BOVINA,COXÃO MOLE S/OSSO,4283,NORTE,2026,3,VAREJO,38.25
RO,2026-03,1619.9556451612902,2155.5,1349.5,4,124,CARNE BOVINA,PATINHO S/OSSO,4289,NORTE,2026,3,VAREJO,37.25
RO,2026-03,1619.9556451612902,2155.5,1349.5,4,124,CASTANHA DO BRASIL,EM CASCA,4178,NORTE,2026,3,PREÇO RECEBIDO P/ PRODUTOR,5.98
RO,2026-03,1619.9556451612902,2155.5,1349.5,4,124,FARINHA DE MANDIOCA,SECA AMARELA,15347,NORTE,2026,3,VAREJO,6.35
RO,2026-03,1619.9556451612902,2155.5,1349.5,4,124,FEIJAO,COMUM CORES TIPO 1,8779,NORTE,2026,3,VAREJO,7.41
RO,2026-03,1619.9556451612902,2155.5,1349.5,4,124,FEIJAO,COMUM CORES,8778,NORTE,2026,3,PREÇO RECEBIDO P/ PRODUTOR,5.63
RO,2026-03,1619.9556451612902,2155.5,1349.5,4,124,INHAME,NÃO INFORMADO,5528,NORTE,2026,3,PREÇO RECEBIDO P/ PRODUTOR,4.29
RO,2026-03,1619.9556451612902,2155.5,1349.5,4,124,LEITE DE VACA,IN NATURA,6542,NORTE,2026,3,PREÇO RECEBIDO P/ PRODUTOR,1.43
RO,2026-03,1619.9556451612902,2155.5,1349.5,4,124,LEITE DE VACA,LONGA VIDA INTEGRAL,4998,NORTE,2026,3,VAREJO,5.81
RO,2026-03,1619.9556451612902,2155.5,1349.5,4,124,MANTEIGA,NÃO INFORMADO,8626,NORTE,2026,3,VAREJO,45.25
RO,2026-03,1619.9556451612902,2155.5,1349.5,4,124,MILHO,EM GRÃOS,4742,NORTE,2026,3,PREÇO RECEBIDO P/ PRODUTOR,1.08
RO,2026-03,1619.9556451612902,2155.5,1349.5,4,124,MILHO,EM GRÃOS,4742,NORTE,2026,3,ATACADO,1.28
RO,2026-03,1619.9556451612902,2155.5,1349.5,4,124,OLEO DE SOJA,REFINADO,11871,NORTE,2026,3,VAREJO,8.93
RO,2026-03,1619.9556451612902,2155.5,1349.5,4,124,OVOS DE GALINHA,GRANDE BRANCO,11167,NORTE,2026,3,PREÇO RECEBIDO P/ PRODUTOR,0.6
RO,2026-03,1619.9556451612902,2155.5,1349.5,4,124,PAO,FRANCÊS,11161,NORTE,2026,3,VAREJO,15.28
RO,2026-03,1619.9556451612902,2155.5,1349.5,4,124,RAIZ DE MANDIOCA,PARA FARINHA,11240,NORTE,2026,3,PREÇO RECEBIDO P/ PRODUTOR,0.48
RO,2026-03,1619.9556451612902,2155.5,1349.5,4,124,SOJA,EM GRÃOS,4744,NORTE,2026,3,PREÇO RECEBIDO P/ PRODUTOR,1.79
RO,2026-03,1619.9556451612902,2155.5,1349.5,4,124,TOMATE,NÃO INFORMADO,4667,NORTE,2026,3,VAREJO,8.35
RO,2026-04,1698.1708333333333,2216.0,1402.0,4,120,ABACAXI,PÉROLA,6320,NORTE,2026,4,PREÇO RECEBIDO P/ PRODUTOR,4.76
RO,2026-04,1698.1708333333333,2216.0,1402.0,4,120,ACAI,FRUTO,8623,NORTE,2026,4,PREÇO RECEBIDO P/ PRODUTOR,4.29
RO,2026-04,1698.1708333333333,2216.0,1402.0,4,120,ACUCAR,CRISTAL,4218,NORTE,2026,4,VAREJO,3.05
RO,2026-04,1698.1708333333333,2216.0,1402.0,4,120,ARROZ,LONGO FINO TIPO 1 BE,4693,NORTE,2026,4,VAREJO,4.17
RO,2026-04,1698.1708333333333,2216.0,1402.0,4,120,BANANA,PRATA,4629,NORTE,2026,4,VAREJO,1.01
RO,2026-04,1698.1708333333333,2216.0,1402.0,4,120,BANANA,PRATA,4629,NORTE,2026,4,PREÇO RECEBIDO P/ PRODUTOR,6.88
RO,2026-04,1698.1708333333333,2216.0,1402.0,4,120,BANANA,PRATA,4629,NORTE,2026,4,VAREJO,10.12
RO,2026-04,1698.1708333333333,2216.0,1402.0,4,120,BANANA,NANICA,4627,NORTE,2026,4,VAREJO,7.91
RO,2026-04,1698.1708333333333,2216.0,1402.0,4,120,BANANA,NANICA,4627,NORTE,2026,4,VAREJO,1.19
RO,2026-04,1698.1708333333333,2216.0,1402.0,4,120,BORRACHA,CERNAMBI VIRGEM PREN,7931,NORTE,2026,4,PREÇO RECEBIDO P/ PRODUTOR,3.58
RO,2026-04,1698.1708333333333,2216.0,1402.0,4,120,CACAU CULTIVADO,NÃO INFORMADO,11953,NORTE,2026,4,PREÇO RECEBIDO P/ PRODUTOR,12.36
RO,2026-04,1698.1708333333333,2216.0,1402.0,4,120,CAFE,MOÍDO E TORRADO,4704,NORTE,2026,4,VAREJO,69.22
RO,2026-04,1698.1708333333333,2216.0,1402.0,4,120,CARA,NÃO INFORMADO,5526,NORTE,2026,4,PREÇO RECEBIDO P/ PRODUTOR,3.0
RO,2026-04,1698.1708333333333,2216.0,1402.0,4,120,CARNE BOVINA,COXÃO MOLE S/OSSO,4283,NORTE,2026,4,VAREJO,38.74
RO,2026-04,1698.1708333333333,2216.0,1402.0,4,120,CARNE BOVINA,PATINHO S/OSSO,4289,NORTE,2026,4,VAREJO,37.56
RO,2026-04,1698.1708333333333,2216.0,1402.0,4,120,CARNE BOVINA,COXÃO DURO S/OSSO,4282,NORTE,2026,4,VAREJO,34.67
RO,2026-04,1698.1708333333333,2216.0,1402.0,4,120,CASTANHA DO BRASIL,EM CASCA,4178,NORTE,2026,4,PREÇO RECEBIDO P/ PRODUTOR,5.35
RO,2026-04,1698.1708333333333,2216.0,1402.0,4,120,FARINHA DE MANDIOCA,SECA AMARELA,15347,NORTE,2026,4,VAREJO,6.32
RO,2026-04,1698.1708333333333,2216.0,1402.0,4,120,FEIJAO,COMUM CORES,8778,NORTE,2026,4,PREÇO RECEBIDO P/ PRODUTOR,5.34
RO,2026-04,1698.1708333333333,2216.0,1402.0,4,120,FEIJAO,COMUM CORES TIPO 1,8779,NORTE,2026,4,VAREJO,7.68
RO,2026-04,1698.1708333333333,2216.0,1402.0,4,120,INHAME,NÃO INFORMADO,5528,NORTE,2026,4,PREÇO RECEBIDO P/ PRODUTOR,3.62
RO,2026-04,1698.1708333333333,2216.0,1402.0,4,120,LEITE DE VACA,LONGA VIDA INTEGRAL,4998,NORTE,2026,4,VAREJO,6.49
RO,2026-04,1698.1708333333333,2216.0,1402.0,4,120,LEITE DE VACA,IN NATURA,6542,NORTE,2026,4,PREÇO RECEBIDO P/ PRODUTOR,1.43
RO,2026-04,1698.1708333333333,2216.0,1402.0,4,120,MANTEIGA,NÃO INFORMADO,8626,NORTE,2026,4,VAREJO,46.34
RO,2026-04,1698.1708333333333,2216.0,1402.0,4,120,MILHO,EM GRÃOS,4742,NORTE,2026,4,ATACADO,1.29
RO,2026-04,1698.1708333333333,2216.0,1402.0,4,120,MILHO,EM GRÃOS,4742,NORTE,2026,4,PREÇO RECEBIDO P/ PRODUTOR,1.08
RO,2026-04,1698.1708333333333,2216.0,1402.0,4,120,OLEO DE SOJA,REFINADO,11871,NORTE,2026,4,VAREJO,9.03
RO,2026-04,1698.1708333333333,2216.0,1402.0,4,120,OVOS DE GALINHA,GRANDE BRANCO,11167,NORTE,2026,4,PREÇO RECEBIDO P/ PRODUTOR,0.63
RO,2026-04,1698.1708333333333,2216.0,1402.0,4,120,PAO,FRANCÊS,11161,NORTE,2026,4,VAREJO,15.34
RO,2026-04,1698.1708333333333,2216.0,1402.0,4,120,RAIZ DE MANDIOCA,PARA FARINHA,11240,NORTE,2026,4,PREÇO RECEBIDO P/ PRODUTOR,0.48
RO,2026-04,1698.1708333333333,2216.0,1402.0,4,120,SOJA,EM GRÃOS,4744,NORTE,2026,4,PREÇO RECEBIDO P/ PRODUTOR,1.8
RO,2026-04,1698.1708333333333,2216.0,1402.0,4,120,TOMATE,NÃO INFORMADO,4667,NORTE,2026,4,VAREJO,10.19
RO,2026-05,1557.6693548387098,2204.0,1084.0,4,124,ABACAXI,PÉROLA,6320,NORTE,2026,5,PREÇO RECEBIDO P/ PRODUTOR,4.5
RO,2026-05,1557.6693548387098,2204.0,1084.0,4,124,ACAI,FRUTO,8623,NORTE,2026,5,PREÇO RECEBIDO P/ PRODUTOR,5.06
RO,2026-05,1557.6693548387098,2204.0,1084.0,4,124,ACUCAR,CRISTAL,4218,NORTE,2026,5,VAREJO,2.96
RO,2026-05,1557.6693548387098,2204.0,1084.0,4,124,ARROZ,LONGO FINO TIPO 1 BE,4693,NORTE,2026,5,VAREJO,4.37
RO,2026-05,1557.6693548387098,2204.0,1084.0,4,124,BANANA,PRATA,4629,NORTE,2026,5,VAREJO,0.78
RO,2026-05,1557.6693548387098,2204.0,1084.0,4,124,BANANA,PRATA,4629,NORTE,2026,5,VAREJO,9.4
RO,2026-05,1557.6693548387098,2204.0,1084.0,4,124,BANANA,NANICA,4627,NORTE,2026,5,VAREJO,0.6
RO,2026-05,1557.6693548387098,2204.0,1084.0,4,124,BANANA,PRATA,4629,NORTE,2026,5,PREÇO RECEBIDO P/ PRODUTOR,6.56
RO,2026-05,1557.6693548387098,2204.0,1084.0,4,124,BANANA,NANICA,4627,NORTE,2026,5,VAREJO,7.23
RO,2026-05,1557.6693548387098,2204.0,1084.0,4,124,BATATA,NÃO INFORMADO,5521,NORTE,2026,5,VAREJO,7.52
RO,2026-05,1557.6693548387098,2204.0,1084.0,4,124,BORRACHA,CERNAMBI VIRGEM PREN,7931,NORTE,2026,5,PREÇO RECEBIDO P/ PRODUTOR,3.49
RO,2026-05,1557.6693548387098,2204.0,1084.0,4,124,CACAU CULTIVADO,NÃO INFORMADO,11953,NORTE,2026,5,PREÇO RECEBIDO P/ PRODUTOR,14.28
RO,2026-05,1557.6693548387098,2204.0,1084.0,4,124,CAFE,MOÍDO E TORRADO,4704,NORTE,2026,5,VAREJO,66.62
RO,2026-05,1557.6693548387098,2204.0,1084.0,4,124,CARA,NÃO INFORMADO,5526,NORTE,2026,5,PREÇO RECEBIDO P/ PRODUTOR,1.57
RO,2026-05,1557.6693548387098,2204.0,1084.0,4,124,CARNE BOVINA,PATINHO S/OSSO,4289,NORTE,2026,5,VAREJO,40.66
RO,2026-05,1557.6693548387098,2204.0,1084.0,4,124,CARNE BOVINA,COXÃO DURO S/OSSO,4282,NORTE,2026,5,VAREJO,37.36
RO,2026-05,1557.6693548387098,2204.0,1084.0,4,124,CARNE BOVINA,COXÃO MOLE S/OSSO,4283,NORTE,2026,5,VAREJO,41.22
RO,2026-05,1557.6693548387098,2204.0,1084.0,4,124,CASTANHA DO BRASIL,EM CASCA,4178,NORTE,2026,5,PREÇO RECEBIDO P/ PRODUTOR,5.83
RO,2026-05,1557.6693548387098,2204.0,1084.0,4,124,FARINHA DE MANDIOCA,SECA AMARELA,15347,NORTE,2026,5,VAREJO,6.42
RO,2026-05,1557.6693548387098,2204.0,1084.0,4,124,FARINHA DE TRIGO,NÃO INFORMADO,4455,NORTE,2026,5,VAREJO,4.71
RO,2026-05,1557.6693548387098,2204.0,1084.0,4,124,FEIJAO,COMUM CORES,8778,NORTE,2026,5,PREÇO RECEBIDO P/ PRODUTOR,6.19
RO,2026-05,1557.6693548387098,2204.0,1084.0,4,124,FEIJAO,COMUM CORES TIPO 1,8779,NORTE,2026,5,VAREJO,8.02
RO,2026-05,1557.6693548387098,2204.0,1084.0,4,124,INHAME,NÃO INFORMADO,5528,NORTE,2026,5,PREÇO RECEBIDO P/ PRODUTOR,3.8
RO,2026-05,1557.6693548387098,2204.0,1084.0,4,124,LEITE DE VACA,IN NATURA,6542,NORTE,2026,5,PREÇO RECEBIDO P/ PRODUTOR,1.59
RO,2026-05,1557.6693548387098,2204.0,1084.0,4,124,LEITE DE VACA,LONGA VIDA INTEGRAL,4998,NORTE,2026,5,VAREJO,6.71
RO,2026-05,1557.6693548387098,2204.0,1084.0,4,124,MANTEIGA,NÃO INFORMADO,8626,NORTE,2026,5,VAREJO,47.56
RO,2026-05,1557.6693548387098,2204.0,1084.0,4,124,MILHO,EM GRÃOS,4742,NORTE,2026,5,PREÇO RECEBIDO P/ PRODUTOR,1.05
RO,2026-05,1557.6693548387098,2204.0,1084.0,4,124,MILHO,EM GRÃOS,4742,NORTE,2026,5,ATACADO,1.18
RO,2026-05,1557.6693548387098,2204.0,1084.0,4,124,OLEO DE SOJA,REFINADO,11871,NORTE,2026,5,VAREJO,8.69
RO,2026-05,1557.6693548387098,2204.0,1084.0,4,124,OVOS DE GALINHA,GRANDE BRANCO,11167,NORTE,2026,5,PREÇO RECEBIDO P/ PRODUTOR,0.62
RO,2026-05,1557.6693548387098,2204.0,1084.0,4,124,PAO,FRANCÊS,11161,NORTE,2026,5,VAREJO,15.74
RO,2026-05,1557.6693548387098,2204.0,1084.0,4,124,RAIZ DE MANDIOCA,PARA FARINHA,11240,NORTE,2026,5,PREÇO RECEBIDO P/ PRODUTOR,0.48
RO,2026-05,1557.6693548387098,2204.0,1084.0,4,124,SOJA,EM GRÃOS,4744,NORTE,2026,5,PREÇO RECEBIDO P/ PRODUTOR,1.91
RO,2026-05,1557.6693548387098,2204.0,1084.0,4,124,TOMATE,NÃO INFORMADO,4667,NORTE,2026,5,VAREJO,11.9
RO,2026-08,1365.9447115384614,4938.0,249.0,17,208,ABACAXI,PÉROLA,6320,NORTE,2026,8,PREÇO RECEBIDO P/ PRODUTOR,4.54
RO,2026-08,1365.9447115384614,4938.0,249.0,17,208,ACAI,FRUTO,8623,NORTE,2026,8,PREÇO RECEBIDO P/ PRODUTOR,3.91
RO,2026-08,1365.9447115384614,4938.0,249.0,17,208,ARROZ,LONGO FINO TIPO 1 BE,4693,NORTE,2026,8,VAREJO,4.6
RO,2026-08,1365.9447115384614,4938.0,249.0,17,208,BANANA,PRATA,4629,NORTE,2026,8,VAREJO,9.7
RO,2026-08,1365.9447115384614,4938.0,249.0,17,208,BANANA,NANICA,4627,NORTE,2026,8,VAREJO,8.28
RO,2026-08,1365.9447115384614,4938.0,249.0,17,208,BANANA,PRATA,4629,NORTE,2026,8,PREÇO RECEBIDO P/ PRODUTOR,4.17
RO,2026-08,1365.9447115384614,4938.0,249.0,17,208,BATATA,NÃO INFORMADO,5521,NORTE,2026,8,VAREJO,5.98
RO,2026-08,1365.9447115384614,4938.0,249.0,17,208,BORRACHA,CERNAMBI VIRGEM PREN,7931,NORTE,2026,8,PREÇO RECEBIDO P/ PRODUTOR,8.72
RO,2026-08,1365.9447115384614,4938.0,249.0,17,208,CACAU CULTIVADO,NÃO INFORMADO,11953,NORTE,2026,8,PREÇO RECEBIDO P/ PRODUTOR,20.41
RO,2026-08,1365.9447115384614,4938.0,249.0,17,208,CARA,NÃO INFORMADO,5526,NORTE,2026,8,PREÇO RECEBIDO P/ PRODUTOR,3.08
RO,2026-08,1365.9447115384614,4938.0,249.0,17,208,CASTANHA DO BRASIL,EM CASCA,4178,NORTE,2026,8,PREÇO RECEBIDO P/ PRODUTOR,7.39
RO,2026-08,1365.9447115384614,4938.0,249.0,17,208,FARINHA DE MANDIOCA,SECA AMARELA,15347,NORTE,2026,8,VAREJO,6.5
RO,2026-08,1365.9447115384614,4938.0,249.0,17,208,FARINHA DE TRIGO,NÃO INFORMADO,4455,NORTE,2026,8,VAREJO,4.71
RO,2026-08,1365.9447115384614,4938.0,249.0,17,208,FEIJAO,COMUM CORES TIPO 1,8779,NORTE,2026,8,VAREJO,8.47
RO,2026-08,1365.9447115384614,4938.0,249.0,17,208,FEIJAO,COMUM CORES,8778,NORTE,2026,8,PREÇO RECEBIDO P/ PRODUTOR,10.0
RO,2026-08,1365.9447115384614,4938.0,249.0,17,208,INHAME,NÃO INFORMADO,5528,NORTE,2026,8,PREÇO RECEBIDO P/ PRODUTOR,4.07
RO,2026-08,1365.9447115384614,4938.0,249.0,17,208,LEITE DE VACA,IN NATURA,6542,NORTE,2026,8,PREÇO RECEBIDO P/ PRODUTOR,1.9
RO,2026-08,1365.9447115384614,4938.0,249.0,17,208,MILHO,EM GRÃOS,4742,NORTE,2026,8,ATACADO,1.13
RO,2026-08,1365.9447115384614,4938.0,249.0,17,208,MILHO,EM GRÃOS,4742,NORTE,2026,8,PREÇO RECEBIDO P/ PRODUTOR,0.86
RO,2026-08,1365.9447115384614,4938.0,249.0,17,208,OVOS DE GALINHA,GRANDE BRANCO,11167,NORTE,2026,8,PREÇO RECEBIDO P/ PRODUTOR,0.56
RO,2026-08,1365.9447115384614,4938.0,249.0,17,208,RAIZ DE MANDIOCA,PARA FARINHA,11240,NORTE,2026,8,PREÇO RECEBIDO P/ PRODUTOR,0.65
RO,2026-08,1365.9447115384614,4938.0,249.0,17,208,SOJA,EM GRÃOS,4744,NORTE,2026,8,PREÇO RECEBIDO P/ PRODUTOR,1.77
RO,2026-08,1365.9447115384614,4938.0,249.0,17,208,TOMATE,NÃO INFORMADO,4667,NORTE,2026,8,VAREJO,9.02
RR,2025-09,449.5416666666667,841.5,173.5,4,120,ABACAXI,IMPERIAL,14887,NORTE,2025,9,PREÇO RECEBIDO P/ PRODUTOR,6.39
RR,2025-09,449.5416666666667,841.5,173.5,4,120,ACUCAR,CRISTAL,4218,NORTE,2025,9,VAREJO,4.01
RR,2025-09,449.5416666666667,841.5,173.5,4,120,ACUCAR,CRISTAL,4218,NORTE,2025,9,ATACADO,3.72
RR,2025-09,449.5416666666667,841.5,173.5,4,120,ARROZ,LONGO FINO TIPO 1 BE,4693,NORTE,2025,9,ATACADO,3.77
RR,2025-09,449.5416666666667,841.5,173.5,4,120,ARROZ,LONGO FINO TIPO 1 BE,4693,NORTE,2025,9,VAREJO,5.27
RR,2025-09,449.5416666666667,841.5,173.5,4,120,BANANA,PRATA,4629,NORTE,2025,9,VAREJO,0.85
RR,2025-09,449.5416666666667,841.5,173.5,4,120,BANANA,NANICA,4627,NORTE,2025,9,VAREJO,1.37
RR,2025-09,449.5416666666667,841.5,173.5,4,120,BANANA,NANICA,4627,NORTE,2025,9,VAREJO,9.12
RR,2025-09,449.5416666666667,841.5,173.5,4,120,BANANA,PRATA,4629,NORTE,2025,9,VAREJO,8.52
RR,2025-09,449.5416666666667,841.5,173.5,4,120,BANANA,PRATA,4629,NORTE,2025,9,PREÇO RECEBIDO P/ PRODUTOR,3.16
RR,2025-09,449.5416666666667,841.5,173.5,4,120,BURITI,FRUTO,11117,NORTE,2025,9,PREÇO RECEBIDO P/ PRODUTOR,1.63
RR,2025-09,449.5416666666667,841.5,173.5,4,120,CAFE,MOÍDO E TORRADO,4704,NORTE,2025,9,ATACADO,55.56
RR,2025-09,449.5416666666667,841.5,173.5,4,120,CAFE,MOÍDO E TORRADO,4704,NORTE,2025,9,VAREJO,71.97
RR,2025-09,449.5416666666667,841.5,173.5,4,120,CARNE BOVINA,COXÃO MOLE S/OSSO,4283,NORTE,2025,9,VAREJO,44.74
RR,2025-09,449.5416666666667,841.5,173.5,4,120,CARNE BOVINA,COXÃO DURO S/OSSO,4282,NORTE,2025,9,VAREJO,40.49
RR,2025-09,449.5416666666667,841.5,173.5,4,120,CARNE BOVINA,PATINHO S/OSSO,4289,NORTE,2025,9,VAREJO,43.49
RR,2025-09,449.5416666666667,841.5,173.5,4,120,FARINHA DE MANDIOCA,D'ÁGUA AMARELA,15346,NORTE,2025,9,VAREJO,9.74
RR,2025-09,449.5416666666667,841.5,173.5,4,120,FARINHA DE MANDIOCA,MÉDIA TIPO 1 D'ÁGUA,11920,NORTE,2025,9,ATACADO,11.63
RR,2025-09,449.5416666666667,841.5,173.5,4,120,FARINHA DE MANDIOCA,GROSSA(O) D'ÁGUA,12274,NORTE,2025,9,PREÇO RECEBIDO P/ PRODUTOR,9.44
RR,2025-09,449.5416666666667,841.5,173.5,4,120,FARINHA DE MANDIOCA,MÉDIA TIPO 1 SECA,11174,NORTE,2025,9,ATACADO,19.7
RR,2025-09,449.5416666666667,841.5,173.5,4,120,FARINHA DE TRIGO,SEM FERMENTO,14895,NORTE,2025,9,ATACADO,3.99
RR,2025-09,449.5416666666667,841.5,173.5,4,120,FEIJAO,COMUM CORES TIPO 1,8779,NORTE,2025,9,VAREJO,6.94
RR,2025-09,449.5416666666667,841.5,173.5,4,120,FEIJAO,COMUM CORES TIPO 1,8779,NORTE,2025,9,ATACADO,8.09
RR,2025-09,449.5416666666667,841.5,173.5,4,120,FLOCOS DE MILHO,PRE-COZIDO,5390,NORTE,2025,9,ATACADO,4.9
RR,2025-09,449.5416666666667,841.5,173.5,4,120,FLOCOS DE MILHO,FLOCÃO,11241,NORTE,2025,9,ATACADO,6.18
RR,2025-09,449.5416666666667,841.5,173.5,4,120,LEITE DE VACA,EM PÓ INTEGRAL,4990,NORTE,2025,9,ATACADO,35.83
RR,2025-09,449.5416666666667,841.5,173.5,4,120,LEITE DE VACA,IN NATURA,6542,NORTE,2025,9,PREÇO RECEBIDO P/ PRODUTOR,5.34
RR,2025-09,449.5416666666667,841.5,173.5,4,120,LEITE DE VACA,LONGA VIDA INTEGRAL,4998,NORTE,2025,9,VAREJO,7.61
RR,2025-09,449.5416666666667,841.5,173.5,4,120,MACARRAO,ESPAGUETE SÊMOLA COM,11194,NORTE,2025,9,ATACADO,8.5
RR,2025-09,449.5416666666667,841.5,173.5,4,120,MANTEIGA,NÃO INFORMADO,8626,NORTE,2025,9,VAREJO,71.94
RR,2025-09,449.5416666666667,841.5,173.5,4,120,MILHO,EM GRÃOS,4742,NORTE,2025,9,PREÇO RECEBIDO P/ PRODUTOR,1.56
RR,2025-09,449.5416666666667,841.5,173.5,4,120,MILHO,EM GRÃOS,4742,NORTE,2025,9,ATACADO,1.58
RR,2025-09,449.5416666666667,841.5,173.5,4,120,OLEO DE SOJA,REFINADO,11871,NORTE,2025,9,VAREJO,9.43
RR,2025-09,449.5416666666667,841.5,173.5,4,120,OLEO DE SOJA,REFINADO,11871,NORTE,2025,9,ATACADO,8.54
RR,2025-09,449.5416666666667,841.5,173.5,4,120,PAO,FRANCÊS,11161,NORTE,2025,9,VAREJO,10.97
RR,2025-09,449.5416666666667,841.5,173.5,4,120,POLVILHO,DOCE,6163,NORTE,2025,9,ATACADO,6.0
RR,2025-09,449.5416666666667,841.5,173.5,4,120,RAIZ DE MANDIOCA,DE MESA,11489,NORTE,2025,9,PREÇO RECEBIDO P/ PRODUTOR,3.38
RR,2025-09,449.5416666666667,841.5,173.5,4,120,SOJA,EM GRÃOS,4744,NORTE,2025,9,PREÇO RECEBIDO P/ PRODUTOR,2.29
RR,2025-09,449.5416666666667,841.5,173.5,4,120,TOMATE,NÃO INFORMADO,4667,NORTE,2025,9,VAREJO,10.09
RR,2025-09,449.5416666666667,841.5,173.5,4,120,TOMATE,NÃO INFORMADO,4667,NORTE,2025,9,PREÇO RECEBIDO P/ PRODUTOR,13.26
RR,2025-10,399.14516129032256,736.0,148.0,4,124,ABACAXI,IMPERIAL,14887,NORTE,2025,10,PREÇO RECEBIDO P/ PRODUTOR,6.59
RR,2025-10,399.14516129032256,736.0,148.0,4,124,ACUCAR,CRISTAL,4218,NORTE,2025,10,ATACADO,3.59
RR,2025-10,399.14516129032256,736.0,148.0,4,124,ACUCAR,CRISTAL,4218,NORTE,2025,10,VAREJO,4.02
RR,2025-10,399.14516129032256,736.0,148.0,4,124,ARROZ,LONGO FINO TIPO 1 BE,4693,NORTE,2025,10,ATACADO,3.72
RR,2025-10,399.14516129032256,736.0,148.0,4,124,ARROZ,LONGO FINO TIPO 1 BE,4693,NORTE,2025,10,VAREJO,5.08
RR,2025-10,399.14516129032256,736.0,148.0,4,124,BANANA,PRATA,4629,NORTE,2025,10,PREÇO RECEBIDO P/ PRODUTOR,2.97
RR,2025-10,399.14516129032256,736.0,148.0,4,124,BANANA,PRATA,4629,NORTE,2025,10,VAREJO,0.82
RR,2025-10,399.14516129032256,736.0,148.0,4,124,BANANA,PRATA,4629,NORTE,2025,10,VAREJO,8.15
RR,2025-10,399.14516129032256,736.0,148.0,4,124,BANANA,NANICA,4627,NORTE,2025,10,VAREJO,9.28
RR,2025-10,399.14516129032256,736.0,148.0,4,124,BANANA,NANICA,4627,NORTE,2025,10,VAREJO,1.39
RR,2025-10,399.14516129032256,736.0,148.0,4,124,BURITI,FRUTO,11117,NORTE,2025,10,PREÇO RECEBIDO P/ PRODUTOR,1.65
RR,2025-10,399.14516129032256,736.0,148.0,4,124,CAFE,MOÍDO E TORRADO,4704,NORTE,2025,10,ATACADO,51.96
RR,2025-10,399.14516129032256,736.0,148.0,4,124,CAFE,MOÍDO E TORRADO,4704,NORTE,2025,10,VAREJO,71.79
RR,2025-10,399.14516129032256,736.0,148.0,4,124,CARNE BOVINA,COXÃO DURO S/OSSO,4282,NORTE,2025,10,VAREJO,40.38
RR,2025-10,399.14516129032256,736.0,148.0,4,124,CARNE BOVINA,COXÃO MOLE S/OSSO,4283,NORTE,2025,10,VAREJO,45.24
RR,2025-10,399.14516129032256,736.0,148.0,4,124,CARNE BOVINA,PATINHO S/OSSO,4289,NORTE,2025,10,VAREJO,43.84
RR,2025-10,399.14516129032256,736.0,148.0,4,124,FARINHA DE MANDIOCA,MÉDIA TIPO 1 D'ÁGUA,11920,NORTE,2025,10,ATACADO,10.89
RR,2025-10,399.14516129032256,736.0,148.0,4,124,FARINHA DE MANDIOCA,GROSSA(O) D'ÁGUA,12274,NORTE,2025,10,PREÇO RECEBIDO P/ PRODUTOR,8.65
RR,2025-10,399.14516129032256,736.0,148.0,4,124,FARINHA DE MANDIOCA,D'ÁGUA AMARELA,15346,NORTE,2025,10,VAREJO,9.26
RR,2025-10,399.14516129032256,736.0,148.0,4,124,FARINHA DE MANDIOCA,MÉDIA TIPO 1 SECA,11174,NORTE,2025,10,ATACADO,16.42
RR,2025-10,399.14516129032256,736.0,148.0,4,124,FARINHA DE TRIGO,SEM FERMENTO,14895,NORTE,2025,10,ATACADO,3.47
RR,2025-10,399.14516129032256,736.0,148.0,4,124,FEIJAO,COMUM CORES TIPO 1,8779,NORTE,2025,10,VAREJO,6.85
RR,2025-10,399.14516129032256,736.0,148.0,4,124,FEIJAO,COMUM CORES TIPO 1,8779,NORTE,2025,10,ATACADO,8.03
RR,2025-10,399.14516129032256,736.0,148.0,4,124,FLOCOS DE MILHO,PRE-COZIDO,5390,NORTE,2025,10,ATACADO,4.72
RR,2025-10,399.14516129032256,736.0,148.0,4,124,FLOCOS DE MILHO,FLOCÃO,11241,NORTE,2025,10,ATACADO,6.04
RR,2025-10,399.14516129032256,736.0,148.0,4,124,LEITE DE VACA,IN NATURA,6542,NORTE,2025,10,PREÇO RECEBIDO P/ PRODUTOR,5.34
RR,2025-10,399.14516129032256,736.0,148.0,4,124,LEITE DE VACA,EM PÓ INTEGRAL,4990,NORTE,2025,10,ATACADO,35.68
RR,2025-10,399.14516129032256,736.0,148.0,4,124,LEITE DE VACA,LONGA VIDA INTEGRAL,4998,NORTE,2025,10,VAREJO,7.47
RR,2025-10,399.14516129032256,736.0,148.0,4,124,MACARRAO,ESPAGUETE SÊMOLA COM,11194,NORTE,2025,10,ATACADO,7.98
RR,2025-10,399.14516129032256,736.0,148.0,4,124,MANTEIGA,NÃO INFORMADO,8626,NORTE,2025,10,VAREJO,70.22
RR,2025-10,399.14516129032256,736.0,148.0,4,124,MILHO,EM GRÃOS,4742,NORTE,2025,10,PREÇO RECEBIDO P/ PRODUTOR,1.33
RR,2025-10,399.14516129032256,736.0,148.0,4,124,MILHO,EM GRÃOS,4742,NORTE,2025,10,ATACADO,1.45
RR,2025-10,399.14516129032256,736.0,148.0,4,124,OLEO DE SOJA,REFINADO,11871,NORTE,2025,10,ATACADO,8.1
RR,2025-10,399.14516129032256,736.0,148.0,4,124,OLEO DE SOJA,REFINADO,11871,NORTE,2025,10,VAREJO,9.8
RR,2025-10,399.14516129032256,736.0,148.0,4,124,PAO,FRANCÊS,11161,NORTE,2025,10,VAREJO,10.95
RR,2025-10,399.14516129032256,736.0,148.0,4,124,POLVILHO,DOCE,6163,NORTE,2025,10,ATACADO,5.8
RR,2025-10,399.14516129032256,736.0,148.0,4,124,RAIZ DE MANDIOCA,DE MESA,11489,NORTE,2025,10,PREÇO RECEBIDO P/ PRODUTOR,3.18
RR,2025-10,399.14516129032256,736.0,148.0,4,124,SOJA,EM GRÃOS,4744,NORTE,2025,10,PREÇO RECEBIDO P/ PRODUTOR,2.29
RR,2025-10,399.14516129032256,736.0,148.0,4,124,TOMATE,NÃO INFORMADO,4667,NORTE,2025,10,VAREJO,9.96
RR,2025-10,399.14516129032256,736.0,148.0,4,124,TOMATE,NÃO INFORMADO,4667,NORTE,2025,10,PREÇO RECEBIDO P/ PRODUTOR,13.05
RR,2025-11,400.46666666666664,682.5,118.0,3,90,ABACAXI,IMPERIAL,14887,NORTE,2025,11,PREÇO RECEBIDO P/ PRODUTOR,6.5
RR,2025-11,400.46666666666664,682.5,118.0,3,90,ACUCAR,CRISTAL,4218,NORTE,2025,11,ATACADO,3.6
RR,2025-11,400.46666666666664,682.5,118.0,3,90,ACUCAR,CRISTAL,4218,NORTE,2025,11,VAREJO,3.77
RR,2025-11,400.46666666666664,682.5,118.0,3,90,ARROZ,LONGO FINO TIPO 1 BE,4693,NORTE,2025,11,ATACADO,3.66
RR,2025-11,400.46666666666664,682.5,118.0,3,90,ARROZ,LONGO FINO TIPO 1 BE,4693,NORTE,2025,11,VAREJO,4.75
RR,2025-11,400.46666666666664,682.5,118.0,3,90,BANANA,NANICA,4627,NORTE,2025,11,VAREJO,1.33
RR,2025-11,400.46666666666664,682.5,118.0,3,90,BANANA,NANICA,4627,NORTE,2025,11,VAREJO,8.88
RR,2025-11,400.46666666666664,682.5,118.0,3,90,BANANA,PRATA,4629,NORTE,2025,11,VAREJO,7.24
RR,2025-11,400.46666666666664,682.5,118.0,3,90,BANANA,PRATA,4629,NORTE,2025,11,VAREJO,0.72
RR,2025-11,400.46666666666664,682.5,118.0,3,90,BANANA,PRATA,4629,NORTE,2025,11,PREÇO RECEBIDO P/ PRODUTOR,3.5
RR,2025-11,400.46666666666664,682.5,118.0,3,90,BURITI,FRUTO,11117,NORTE,2025,11,PREÇO RECEBIDO P/ PRODUTOR,1.65
RR,2025-11,400.46666666666664,682.5,118.0,3,90,CAFE,MOÍDO E TORRADO,4704,NORTE,2025,11,VAREJO,71.8
RR,2025-11,400.46666666666664,682.5,118.0,3,90,CAFE,MOÍDO E TORRADO,4704,NORTE,2025,11,ATACADO,51.8
RR,2025-11,400.46666666666664,682.5,118.0,3,90,CARNE BOVINA,COXÃO MOLE S/OSSO,4283,NORTE,2025,11,VAREJO,46.3
RR,2025-11,400.46666666666664,682.5,118.0,3,90,CARNE BOVINA,COXÃO DURO S/OSSO,4282,NORTE,2025,11,VAREJO,40.75
RR,2025-11,400.46666666666664,682.5,118.0,3,90,CARNE BOVINA,PATINHO S/OSSO,4289,NORTE,2025,11,VAREJO,44.78
RR,2025-11,400.46666666666664,682.5,118.0,3,90,FARINHA DE MANDIOCA,D'ÁGUA AMARELA,15346,NORTE,2025,11,VAREJO,9.74
RR,2025-11,400.46666666666664,682.5,118.0,3,90,FARINHA DE MANDIOCA,GROSSA(O) D'ÁGUA,12274,NORTE,2025,11,PREÇO RECEBIDO P/ PRODUTOR,8.8
RR,2025-11,400.46666666666664,682.5,118.0,3,90,FARINHA DE MANDIOCA,MÉDIA TIPO 1 D'ÁGUA,11920,NORTE,2025,11,ATACADO,9.99
RR,2025-11,400.46666666666664,682.5,118.0,3,90,FARINHA DE MANDIOCA,MÉDIA TIPO 1 SECA,11174,NORTE,2025,11,ATACADO,16.9
RR,2025-11,400.46666666666664,682.5,118.0,3,90,FARINHA DE TRIGO,SEM FERMENTO,14895,NORTE,2025,11,ATACADO,3.65
RR,2025-11,400.46666666666664,682.5,118.0,3,90,FEIJAO,COMUM CORES TIPO 1,8779,NORTE,2025,11,VAREJO,7.0
RR,2025-11,400.46666666666664,682.5,118.0,3,90,FEIJAO,COMUM CORES TIPO 1,8779,NORTE,2025,11,ATACADO,8.11
RR,2025-11,400.46666666666664,682.5,118.0,3,90,FLOCOS DE MILHO,PRE-COZIDO,5390,NORTE,2025,11,ATACADO,4.18
RR,2025-11,400.46666666666664,682.5,118.0,3,90,FLOCOS DE MILHO,FLOCÃO,11241,NORTE,2025,11,ATACADO,6.3
RR,2025-11,400.46666666666664,682.5,118.0,3,90,LEITE DE VACA,EM PÓ INTEGRAL,4990,NORTE,2025,11,ATACADO,34.98
RR,2025-11,400.46666666666664,682.5,118.0,3,90,LEITE DE VACA,LONGA VIDA INTEGRAL,4998,NORTE,2025,11,VAREJO,7.31
RR,2025-11,400.46666666666664,682.5,118.0,3,90,LEITE DE VACA,IN NATURA,6542,NORTE,2025,11,PREÇO RECEBIDO P/ PRODUTOR,5.34
RR,2025-11,400.46666666666664,682.5,118.0,3,90,MACARRAO,ESPAGUETE SÊMOLA COM,11194,NORTE,2025,11,ATACADO,7.74
RR,2025-11,400.46666666666664,682.5,118.0,3,90,MANTEIGA,NÃO INFORMADO,8626,NORTE,2025,11,VAREJO,69.68
RR,2025-11,400.46666666666664,682.5,118.0,3,90,MILHO,EM GRÃOS,4742,NORTE,2025,11,PREÇO RECEBIDO P/ PRODUTOR,1.0
RR,2025-11,400.46666666666664,682.5,118.0,3,90,MILHO,EM GRÃOS,4742,NORTE,2025,11,ATACADO,1.3
RR,2025-11,400.46666666666664,682.5,118.0,3,90,OLEO DE SOJA,REFINADO,11871,NORTE,2025,11,VAREJO,9.93
RR,2025-11,400.46666666666664,682.5,118.0,3,90,OLEO DE SOJA,REFINADO,11871,NORTE,2025,11,ATACADO,7.99
RR,2025-11,400.46666666666664,682.5,118.0,3,90,PAO,FRANCÊS,11161,NORTE,2025,11,VAREJO,10.92
RR,2025-11,400.46666666666664,682.5,118.0,3,90,POLVILHO,DOCE,6163,NORTE,2025,11,ATACADO,5.6
RR,2025-11,400.46666666666664,682.5,118.0,3,90,RAIZ DE MANDIOCA,DE MESA,11489,NORTE,2025,11,PREÇO RECEBIDO P/ PRODUTOR,3.5
RR,2025-11,400.46666666666664,682.5,118.0,3,90,SOJA,EM GRÃOS,4744,NORTE,2025,11,PREÇO RECEBIDO P/ PRODUTOR,2.29
RR,2025-11,400.46666666666664,682.5,118.0,3,90,TOMATE,NÃO INFORMADO,4667,NORTE,2025,11,PREÇO RECEBIDO P/ PRODUTOR,10.99
RR,2025-11,400.46666666666664,682.5,118.0,3,90,TOMATE,NÃO INFORMADO,4667,NORTE,2025,11,VAREJO,9.64
RR,2025-12,419.56451612903226,739.0,107.0,3,93,ABACAXI,IMPERIAL,14887,NORTE,2025,12,PREÇO RECEBIDO P/ PRODUTOR,4.93
RR,2025-12,419.56451612903226,739.0,107.0,3,93,ACUCAR,CRISTAL,4218,NORTE,2025,12,VAREJO,3.66
RR,2025-12,419.56451612903226,739.0,107.0,3,93,ACUCAR,CRISTAL,4218,NORTE,2025,12,ATACADO,3.67
RR,2025-12,419.56451612903226,739.0,107.0,3,93,ARROZ,LONGO FINO TIPO 1 BE,4693,NORTE,2025,12,VAREJO,4.64
RR,2025-12,419.56451612903226,739.0,107.0,3,93,ARROZ,LONGO FINO TIPO 1 BE,4693,NORTE,2025,12,ATACADO,3.65
RR,2025-12,419.56451612903226,739.0,107.0,3,93,BANANA,PRATA,4629,NORTE,2025,12,PREÇO RECEBIDO P/ PRODUTOR,2.76
RR,2025-12,419.56451612903226,739.0,107.0,3,93,BANANA,PRATA,4629,NORTE,2025,12,VAREJO,0.68
RR,2025-12,419.56451612903226,739.0,107.0,3,93,BANANA,NANICA,4627,NORTE,2025,12,VAREJO,9.0
RR,2025-12,419.56451612903226,739.0,107.0,3,93,BANANA,NANICA,4627,NORTE,2025,12,VAREJO,1.35
RR,2025-12,419.56451612903226,739.0,107.0,3,93,BANANA,PRATA,4629,NORTE,2025,12,VAREJO,6.79
RR,2025-12,419.56451612903226,739.0,107.0,3,93,BURITI,FRUTO,11117,NORTE,2025,12,PREÇO RECEBIDO P/ PRODUTOR,1.65
RR,2025-12,419.56451612903226,739.0,107.0,3,93,CAFE,MOÍDO E TORRADO,4704,NORTE,2025,12,ATACADO,51.0
RR,2025-12,419.56451612903226,739.0,107.0,3,93,CAFE,MOÍDO E TORRADO,4704,NORTE,2025,12,VAREJO,72.45
RR,2025-12,419.56451612903226,739.0,107.0,3,93,CARNE BOVINA,COXÃO DURO S/OSSO,4282,NORTE,2025,12,VAREJO,40.99
RR,2025-12,419.56451612903226,739.0,107.0,3,93,CARNE BOVINA,PATINHO S/OSSO,4289,NORTE,2025,12,VAREJO,45.1
RR,2025-12,419.56451612903226,739.0,107.0,3,93,CARNE BOVINA,COXÃO MOLE S/OSSO,4283,NORTE,2025,12,VAREJO,45.12
RR,2025-12,419.56451612903226,739.0,107.0,3,93,FARINHA DE MANDIOCA,MÉDIA TIPO 1 D'ÁGUA,11920,NORTE,2025,12,ATACADO,9.56
RR,2025-12,419.56451612903226,739.0,107.0,3,93,FARINHA DE MANDIOCA,GROSSA(O) D'ÁGUA,12274,NORTE,2025,12,PREÇO RECEBIDO P/ PRODUTOR,9.77
RR,2025-12,419.56451612903226,739.0,107.0,3,93,FARINHA DE MANDIOCA,D'ÁGUA AMARELA,15346,NORTE,2025,12,VAREJO,9.52
RR,2025-12,419.56451612903226,739.0,107.0,3,93,FARINHA DE MANDIOCA,MÉDIA TIPO 1 SECA,11174,NORTE,2025,12,ATACADO,17.04
RR,2025-12,419.56451612903226,739.0,107.0,3,93,FARINHA DE TRIGO,SEM FERMENTO,14895,NORTE,2025,12,ATACADO,3.7
RR,2025-12,419.56451612903226,739.0,107.0,3,93,FEIJAO,COMUM CORES TIPO 1,8779,NORTE,2025,12,ATACADO,8.15
RR,2025-12,419.56451612903226,739.0,107.0,3,93,FEIJAO,COMUM CORES TIPO 1,8779,NORTE,2025,12,VAREJO,7.09
RR,2025-12,419.56451612903226,739.0,107.0,3,93,FLOCOS DE MILHO,PRE-COZIDO,5390,NORTE,2025,12,ATACADO,4.2
RR,2025-12,419.56451612903226,739.0,107.0,3,93,FLOCOS DE MILHO,FLOCÃO,11241,NORTE,2025,12,ATACADO,6.3
RR,2025-12,419.56451612903226,739.0,107.0,3,93,LEITE DE VACA,IN NATURA,6542,NORTE,2025,12,PREÇO RECEBIDO P/ PRODUTOR,5.79
RR,2025-12,419.56451612903226,739.0,107.0,3,93,LEITE DE VACA,EM PÓ INTEGRAL,4990,NORTE,2025,12,ATACADO,35.8
RR,2025-12,419.56451612903226,739.0,107.0,3,93,LEITE DE VACA,LONGA VIDA INTEGRAL,4998,NORTE,2025,12,VAREJO,7.55
RR,2025-12,419.56451612903226,739.0,107.0,3,93,MACARRAO,ESPAGUETE SÊMOLA COM,11194,NORTE,2025,12,ATACADO,7.84
RR,2025-12,419.56451612903226,739.0,107.0,3,93,MANTEIGA,NÃO INFORMADO,8626,NORTE,2025,12,VAREJO,66.53
RR,2025-12,419.56451612903226,739.0,107.0,3,93,MILHO,EM GRÃOS,4742,NORTE,2025,12,PREÇO RECEBIDO P/ PRODUTOR,1.3
RR,2025-12,419.56451612903226,739.0,107.0,3,93,MILHO,EM GRÃOS,4742,NORTE,2025,12,ATACADO,1.27
RR,2025-12,419.56451612903226,739.0,107.0,3,93,OLEO DE SOJA,REFINADO,11871,NORTE,2025,12,VAREJO,9.9
RR,2025-12,419.56451612903226,739.0,107.0,3,93,OLEO DE SOJA,REFINADO,11871,NORTE,2025,12,ATACADO,8.06
RR,2025-12,419.56451612903226,739.0,107.0,3,93,PAO,FRANCÊS,11161,NORTE,2025,12,VAREJO,10.96
RR,2025-12,419.56451612903226,739.0,107.0,3,93,POLVILHO,DOCE,6163,NORTE,2025,12,ATACADO,5.6
RR,2025-12,419.56451612903226,739.0,107.0,3,93,RAIZ DE MANDIOCA,DE MESA,11489,NORTE,2025,12,PREÇO RECEBIDO P/ PRODUTOR,3.11
RR,2025-12,419.56451612903226,739.0,107.0,3,93,TOMATE,NÃO INFORMADO,4667,NORTE,2025,12,VAREJO,8.86
RR,2025-12,419.56451612903226,739.0,107.0,3,93,TOMATE,NÃO INFORMADO,4667,NORTE,2025,12,PREÇO RECEBIDO P/ PRODUTOR,11.2
RR,2026-01,394.31720430107526,685.0,98.5,3,93,ABACAXI,IMPERIAL,14887,NORTE,2026,1,PREÇO RECEBIDO P/ PRODUTOR,7.95
RR,2026-01,394.31720430107526,685.0,98.5,3,93,ACUCAR,CRISTAL,4218,NORTE,2026,1,VAREJO,3.66
RR,2026-01,394.31720430107526,685.0,98.5,3,93,ARROZ,LONGO FINO TIPO 1 BE,4693,NORTE,2026,1,VAREJO,4.61
RR,2026-01,394.31720430107526,685.0,98.5,3,93,BANANA,PRATA,4629,NORTE,2026,1,VAREJO,0.68
RR,2026-01,394.31720430107526,685.0,98.5,3,93,BANANA,NANICA,4627,NORTE,2026,1,VAREJO,8.0
RR,2026-01,394.31720430107526,685.0,98.5,3,93,BANANA,NANICA,4627,NORTE,2026,1,VAREJO,1.2
RR,2026-01,394.31720430107526,685.0,98.5,3,93,BANANA,PRATA,4629,NORTE,2026,1,VAREJO,6.82
RR,2026-01,394.31720430107526,685.0,98.5,3,93,BANANA,PRATA,4629,NORTE,2026,1,PREÇO RECEBIDO P/ PRODUTOR,3.38
RR,2026-01,394.31720430107526,685.0,98.5,3,93,BURITI,FRUTO,11117,NORTE,2026,1,PREÇO RECEBIDO P/ PRODUTOR,1.6
RR,2026-01,394.31720430107526,685.0,98.5,3,93,CAFE,MOÍDO E TORRADO,4704,NORTE,2026,1,VAREJO,73.57
RR,2026-01,394.31720430107526,685.0,98.5,3,93,CARNE BOVINA,COXÃO MOLE S/OSSO,4283,NORTE,2026,1,VAREJO,45.02
RR,2026-01,394.31720430107526,685.0,98.5,3,93,CARNE BOVINA,COXÃO DURO S/OSSO,4282,NORTE,2026,1,VAREJO,40.93
RR,2026-01,394.31720430107526,685.0,98.5,3,93,CARNE BOVINA,PATINHO S/OSSO,4289,NORTE,2026,1,VAREJO,44.5
RR,2026-01,394.31720430107526,685.0,98.5,3,93,CASTANHA DO BRASIL,EM CASCA,4178,NORTE,2026,1,PREÇO RECEBIDO P/ PRODUTOR,10.0
RR,2026-01,394.31720430107526,685.0,98.5,3,93,FARINHA DE MANDIOCA,GROSSA(O) D'ÁGUA,12274,NORTE,2026,1,PREÇO RECEBIDO P/ PRODUTOR,11.25
RR,2026-01,394.31720430107526,685.0,98.5,3,93,FARINHA DE MANDIOCA,D'ÁGUA AMARELA,15346,NORTE,2026,1,VAREJO,9.47
RR,2026-01,394.31720430107526,685.0,98.5,3,93,FEIJAO,CAUPI,8629,NORTE,2026,1,PREÇO RECEBIDO P/ PRODUTOR,8.37
RR,2026-01,394.31720430107526,685.0,98.5,3,93,FEIJAO,COMUM CORES TIPO 1,8779,NORTE,2026,1,VAREJO,7.06
RR,2026-01,394.31720430107526,685.0,98.5,3,93,LEITE DE VACA,IN NATURA,6542,NORTE,2026,1,PREÇO RECEBIDO P/ PRODUTOR,4.91
RR,2026-01,394.31720430107526,685.0,98.5,3,93,LEITE DE VACA,LONGA VIDA INTEGRAL,4998,NORTE,2026,1,VAREJO,7.34
RR,2026-01,394.31720430107526,685.0,98.5,3,93,MANTEIGA,NÃO INFORMADO,8626,NORTE,2026,1,VAREJO,65.9
RR,2026-01,394.31720430107526,685.0,98.5,3,93,MILHO,EM GRÃOS,4742,NORTE,2026,1,PREÇO RECEBIDO P/ PRODUTOR,1.09
RR,2026-01,394.31720430107526,685.0,98.5,3,93,MILHO,EM GRÃOS,4742,NORTE,2026,1,ATACADO,1.27
RR,2026-01,394.31720430107526,685.0,98.5,3,93,OLEO DE SOJA,REFINADO,11871,NORTE,2026,1,VAREJO,9.78
RR,2026-01,394.31720430107526,685.0,98.5,3,93,PAO,FRANCÊS,11161,NORTE,2026,1,VAREJO,10.94
RR,2026-01,394.31720430107526,685.0,98.5,3,93,RAIZ DE MANDIOCA,DE MESA,11489,NORTE,2026,1,PREÇO RECEBIDO P/ PRODUTOR,5.58
RR,2026-01,394.31720430107526,685.0,98.5,3,93,SOJA,EM GRÃOS,4744,NORTE,2026,1,PREÇO RECEBIDO P/ PRODUTOR,2.59
RR,2026-01,394.31720430107526,685.0,98.5,3,93,TOMATE,NÃO INFORMADO,4667,NORTE,2026,1,PREÇO RECEBIDO P/ PRODUTOR,10.61
RR,2026-01,394.31720430107526,685.0,98.5,3,93,TOMATE,NÃO INFORMADO,4667,NORTE,2026,1,VAREJO,9.47
RR,2026-02,359.0297619047619,711.0,54.0,3,84,ABACAXI,IMPERIAL,14887,NORTE,2026,2,PREÇO RECEBIDO P/ PRODUTOR,6.76
RR,2026-02,359.0297619047619,711.0,54.0,3,84,ACUCAR,CRISTAL,4218,NORTE,2026,2,VAREJO,3.66
RR,2026-02,359.0297619047619,711.0,54.0,3,84,ARROZ,LONGO FINO TIPO 1 BE,4693,NORTE,2026,2,VAREJO,4.49
RR,2026-02,359.0297619047619,711.0,54.0,3,84,BANANA,PRATA,4629,NORTE,2026,2,VAREJO,7.45
RR,2026-02,359.0297619047619,711.0,54.0,3,84,BANANA,PRATA,4629,NORTE,2026,2,VAREJO,0.74
RR,2026-02,359.0297619047619,711.0,54.0,3,84,BANANA,PRATA,4629,NORTE,2026,2,PREÇO RECEBIDO P/ PRODUTOR,2.81
RR,2026-02,359.0297619047619,711.0,54.0,3,84,BANANA,NANICA,4627,NORTE,2026,2,VAREJO,1.29
RR,2026-02,359.0297619047619,711.0,54.0,3,84,BANANA,NANICA,4627,NORTE,2026,2,VAREJO,8.63
RR,2026-02,359.0297619047619,711.0,54.0,3,84,BURITI,FRUTO,11117,NORTE,2026,2,PREÇO RECEBIDO P/ PRODUTOR,1.7
RR,2026-02,359.0297619047619,711.0,54.0,3,84,CAFE,MOÍDO E TORRADO,4704,NORTE,2026,2,VAREJO,72.14
RR,2026-02,359.0297619047619,711.0,54.0,3,84,CARNE BOVINA,COXÃO MOLE S/OSSO,4283,NORTE,2026,2,VAREJO,45.14
RR,2026-02,359.0297619047619,711.0,54.0,3,84,CARNE BOVINA,PATINHO S/OSSO,4289,NORTE,2026,2,VAREJO,45.23
RR,2026-02,359.0297619047619,711.0,54.0,3,84,CARNE BOVINA,COXÃO DURO S/OSSO,4282,NORTE,2026,2,VAREJO,41.2
RR,2026-02,359.0297619047619,711.0,54.0,3,84,CASTANHA DO BRASIL,EM CASCA,4178,NORTE,2026,2,PREÇO RECEBIDO P/ PRODUTOR,9.26
RR,2026-02,359.0297619047619,711.0,54.0,3,84,FARINHA DE MANDIOCA,GROSSA(O) D'ÁGUA,12274,NORTE,2026,2,PREÇO RECEBIDO P/ PRODUTOR,8.0
RR,2026-02,359.0297619047619,711.0,54.0,3,84,FARINHA DE MANDIOCA,D'ÁGUA AMARELA,15346,NORTE,2026,2,VAREJO,8.91
RR,2026-02,359.0297619047619,711.0,54.0,3,84,FEIJAO,CAUPI,8629,NORTE,2026,2,PREÇO RECEBIDO P/ PRODUTOR,5.67
RR,2026-02,359.0297619047619,711.0,54.0,3,84,FEIJAO,COMUM CORES TIPO 1,8779,NORTE,2026,2,VAREJO,6.89
RR,2026-02,359.0297619047619,711.0,54.0,3,84,LEITE DE VACA,LONGA VIDA INTEGRAL,4998,NORTE,2026,2,VAREJO,7.48
RR,2026-02,359.0297619047619,711.0,54.0,3,84,LEITE DE VACA,IN NATURA,6542,NORTE,2026,2,PREÇO RECEBIDO P/ PRODUTOR,5.03
RR,2026-02,359.0297619047619,711.0,54.0,3,84,MANTEIGA,NÃO INFORMADO,8626,NORTE,2026,2,VAREJO,65.56
RR,2026-02,359.0297619047619,711.0,54.0,3,84,MILHO,EM GRÃOS,4742,NORTE,2026,2,ATACADO,1.41
RR,2026-02,359.0297619047619,711.0,54.0,3,84,MILHO,EM GRÃOS,4742,NORTE,2026,2,PREÇO RECEBIDO P/ PRODUTOR,1.42
RR,2026-02,359.0297619047619,711.0,54.0,3,84,OLEO DE SOJA,REFINADO,11871,NORTE,2026,2,VAREJO,9.09
RR,2026-02,359.0297619047619,711.0,54.0,3,84,PAO,FRANCÊS,11161,NORTE,2026,2,VAREJO,11.0
RR,2026-02,359.0297619047619,711.0,54.0,3,84,RAIZ DE MANDIOCA,DE MESA,11489,NORTE,2026,2,PREÇO RECEBIDO P/ PRODUTOR,4.57
RR,2026-02,359.0297619047619,711.0,54.0,3,84,TOMATE,NÃO INFORMADO,4667,NORTE,2026,2,PREÇO RECEBIDO P/ PRODUTOR,7.5
RR,2026-02,359.0297619047619,711.0,54.0,3,84,TOMATE,NÃO INFORMADO,4667,NORTE,2026,2,VAREJO,9.48
RR,2026-03,330.4516129032258,650.0,26.0,3,93,ABACAXI,IMPERIAL,14887,NORTE,2026,3,PREÇO RECEBIDO P/ PRODUTOR,6.31
RR,2026-03,330.4516129032258,650.0,26.0,3,93,ACUCAR,CRISTAL,4218,NORTE,2026,3,VAREJO,3.81
RR,2026-03,330.4516129032258,650.0,26.0,3,93,ARROZ,LONGO FINO TIPO 1 BE,4693,NORTE,2026,3,VAREJO,4.47
RR,2026-03,330.4516129032258,650.0,26.0,3,93,BANANA,PRATA,4629,NORTE,2026,3,PREÇO RECEBIDO P/ PRODUTOR,2.63
RR,2026-03,330.4516129032258,650.0,26.0,3,93,BANANA,NANICA,4627,NORTE,2026,3,VAREJO,8.97
RR,2026-03,330.4516129032258,650.0,26.0,3,93,BANANA,PRATA,4629,NORTE,2026,3,VAREJO,7.71
RR,2026-03,330.4516129032258,650.0,26.0,3,93,BANANA,NANICA,4627,NORTE,2026,3,VAREJO,1.27
RR,2026-03,330.4516129032258,650.0,26.0,3,93,BANANA,PRATA,4629,NORTE,2026,3,VAREJO,0.77
RR,2026-03,330.4516129032258,650.0,26.0,3,93,BURITI,FRUTO,11117,NORTE,2026,3,PREÇO RECEBIDO P/ PRODUTOR,1.89
RR,2026-03,330.4516129032258,650.0,26.0,3,93,CAFE,MOÍDO E TORRADO,4704,NORTE,2026,3,VAREJO,73.63
RR,2026-03,330.4516129032258,650.0,26.0,3,93,CARNE BOVINA,PATINHO S/OSSO,4289,NORTE,2026,3,VAREJO,44.62
RR,2026-03,330.4516129032258,650.0,26.0,3,93,CARNE BOVINA,COXÃO DURO S/OSSO,4282,NORTE,2026,3,VAREJO,41.05
RR,2026-03,330.4516129032258,650.0,26.0,3,93,CARNE BOVINA,COXÃO MOLE S/OSSO,4283,NORTE,2026,3,VAREJO,45.32
RR,2026-03,330.4516129032258,650.0,26.0,3,93,CASTANHA DO BRASIL,EM CASCA,4178,NORTE,2026,3,PREÇO RECEBIDO P/ PRODUTOR,8.62
RR,2026-03,330.4516129032258,650.0,26.0,3,93,FARINHA DE MANDIOCA,D'ÁGUA AMARELA,15346,NORTE,2026,3,VAREJO,9.37
RR,2026-03,330.4516129032258,650.0,26.0,3,93,FARINHA DE MANDIOCA,GROSSA(O) D'ÁGUA,12274,NORTE,2026,3,PREÇO RECEBIDO P/ PRODUTOR,7.36
RR,2026-03,330.4516129032258,650.0,26.0,3,93,FEIJAO,CAUPI,8629,NORTE,2026,3,PREÇO RECEBIDO P/ PRODUTOR,5.23
RR,2026-03,330.4516129032258,650.0,26.0,3,93,FEIJAO,COMUM CORES TIPO 1,8779,NORTE,2026,3,VAREJO,7.36
RR,2026-03,330.4516129032258,650.0,26.0,3,93,LEITE DE VACA,IN NATURA,6542,NORTE,2026,3,PREÇO RECEBIDO P/ PRODUTOR,4.98
RR,2026-03,330.4516129032258,650.0,26.0,3,93,LEITE DE VACA,LONGA VIDA INTEGRAL,4998,NORTE,2026,3,VAREJO,7.46
RR,2026-03,330.4516129032258,650.0,26.0,3,93,MANTEIGA,NÃO INFORMADO,8626,NORTE,2026,3,VAREJO,66.68
RR,2026-03,330.4516129032258,650.0,26.0,3,93,MILHO,EM GRÃOS,4742,NORTE,2026,3,PREÇO RECEBIDO P/ PRODUTOR,1.4
RR,2026-03,330.4516129032258,650.0,26.0,3,93,MILHO,EM GRÃOS,4742,NORTE,2026,3,ATACADO,1.41
RR,2026-03,330.4516129032258,650.0,26.0,3,93,OLEO DE SOJA,REFINADO,11871,NORTE,2026,3,VAREJO,9.17
RR,2026-03,330.4516129032258,650.0,26.0,3,93,PAO,FRANCÊS,11161,NORTE,2026,3,VAREJO,11.02
RR,2026-03,330.4516129032258,650.0,26.0,3,93,RAIZ DE MANDIOCA,DE MESA,11489,NORTE,2026,3,PREÇO RECEBIDO P/ PRODUTOR,4.26
RR,2026-03,330.4516129032258,650.0,26.0,3,93,TOMATE,NÃO INFORMADO,4667,NORTE,2026,3,PREÇO RECEBIDO P/ PRODUTOR,5.5
RR,2026-03,330.4516129032258,650.0,26.0,3,93,TOMATE,NÃO INFORMADO,4667,NORTE,2026,3,VAREJO,10.69
RR,2026-04,452.1777777777778,825.0,91.0,3,90,ABACAXI,IMPERIAL,14887,NORTE,2026,4,PREÇO RECEBIDO P/ PRODUTOR,6.36
RR,2026-04,452.1777777777778,825.0,91.0,3,90,ACUCAR,CRISTAL,4218,NORTE,2026,4,VAREJO,3.82
RR,2026-04,452.1777777777778,825.0,91.0,3,90,ARROZ,LONGO FINO TIPO 1 BE,4693,NORTE,2026,4,VAREJO,4.4
RR,2026-04,452.1777777777778,825.0,91.0,3,90,BANANA,PRATA,4629,NORTE,2026,4,VAREJO,7.95
RR,2026-04,452.1777777777778,825.0,91.0,3,90,BANANA,NANICA,4627,NORTE,2026,4,VAREJO,1.25
RR,2026-04,452.1777777777778,825.0,91.0,3,90,BANANA,PRATA,4629,NORTE,2026,4,VAREJO,0.8
RR,2026-04,452.1777777777778,825.0,91.0,3,90,BANANA,PRATA,4629,NORTE,2026,4,PREÇO RECEBIDO P/ PRODUTOR,2.42
RR,2026-04,452.1777777777778,825.0,91.0,3,90,BANANA,NANICA,4627,NORTE,2026,4,VAREJO,8.35
RR,2026-04,452.1777777777778,825.0,91.0,3,90,BURITI,FRUTO,11117,NORTE,2026,4,PREÇO RECEBIDO P/ PRODUTOR,1.88
RR,2026-04,452.1777777777778,825.0,91.0,3,90,CAFE,MOÍDO E TORRADO,4704,NORTE,2026,4,VAREJO,72.72
RR,2026-04,452.1777777777778,825.0,91.0,3,90,CARNE BOVINA,COXÃO DURO S/OSSO,4282,NORTE,2026,4,VAREJO,41.33
RR,2026-04,452.1777777777778,825.0,91.0,3,90,CARNE BOVINA,PATINHO S/OSSO,4289,NORTE,2026,4,VAREJO,44.99
RR,2026-04,452.1777777777778,825.0,91.0,3,90,CARNE BOVINA,COXÃO MOLE S/OSSO,4283,NORTE,2026,4,VAREJO,46.23
RR,2026-04,452.1777777777778,825.0,91.0,3,90,CASTANHA DO BRASIL,EM CASCA,4178,NORTE,2026,4,PREÇO RECEBIDO P/ PRODUTOR,8.96
RR,2026-04,452.1777777777778,825.0,91.0,3,90,FARINHA DE MANDIOCA,GROSSA(O) D'ÁGUA,12274,NORTE,2026,4,PREÇO RECEBIDO P/ PRODUTOR,7.46
RR,2026-04,452.1777777777778,825.0,91.0,3,90,FARINHA DE MANDIOCA,D'ÁGUA AMARELA,15346,NORTE,2026,4,VAREJO,9.18
RR,2026-04,452.1777777777778,825.0,91.0,3,90,FEIJAO,CAUPI,8629,NORTE,2026,4,PREÇO RECEBIDO P/ PRODUTOR,5.07
RR,2026-04,452.1777777777778,825.0,91.0,3,90,FEIJAO,COMUM CORES TIPO 1,8779,NORTE,2026,4,VAREJO,7.8
RR,2026-04,452.1777777777778,825.0,91.0,3,90,LEITE DE VACA,IN NATURA,6542,NORTE,2026,4,PREÇO RECEBIDO P/ PRODUTOR,5.46
RR,2026-04,452.1777777777778,825.0,91.0,3,90,LEITE DE VACA,LONGA VIDA INTEGRAL,4998,NORTE,2026,4,VAREJO,7.84
RR,2026-04,452.1777777777778,825.0,91.0,3,90,MANTEIGA,NÃO INFORMADO,8626,NORTE,2026,4,VAREJO,68.29
RR,2026-04,452.1777777777778,825.0,91.0,3,90,MILHO,EM GRÃOS,4742,NORTE,2026,4,ATACADO,1.4
RR,2026-04,452.1777777777778,825.0,91.0,3,90,MILHO,EM GRÃOS,4742,NORTE,2026,4,PREÇO RECEBIDO P/ PRODUTOR,1.49
RR,2026-04,452.1777777777778,825.0,91.0,3,90,OLEO DE SOJA,REFINADO,11871,NORTE,2026,4,VAREJO,8.82
RR,2026-04,452.1777777777778,825.0,91.0,3,90,PAO,FRANCÊS,11161,NORTE,2026,4,VAREJO,11.07
RR,2026-04,452.1777777777778,825.0,91.0,3,90,RAIZ DE MANDIOCA,DE MESA,11489,NORTE,2026,4,PREÇO RECEBIDO P/ PRODUTOR,3.9
RR,2026-04,452.1777777777778,825.0,91.0,3,90,TOMATE,NÃO INFORMADO,4667,NORTE,2026,4,PREÇO RECEBIDO P/ PRODUTOR,5.57
RR,2026-04,452.1777777777778,825.0,91.0,3,90,TOMATE,NÃO INFORMADO,4667,NORTE,2026,4,VAREJO,12.23
RR,2026-08,407.5833333333333,697.0,136.0,3,48,ABACAXI,IMPERIAL,14887,NORTE,2026,8,PREÇO RECEBIDO P/ PRODUTOR,7.83
RR,2026-08,407.5833333333333,697.0,136.0,3,48,ARROZ,LONGO FINO TIPO 1 BE,4693,NORTE,2026,8,VAREJO,4.32
RR,2026-08,407.5833333333333,697.0,136.0,3,48,BANANA,PRATA,4629,NORTE,2026,8,PREÇO RECEBIDO P/ PRODUTOR,2.99
RR,2026-08,407.5833333333333,697.0,136.0,3,48,BANANA,NANICA,4627,NORTE,2026,8,VAREJO,8.66
RR,2026-08,407.5833333333333,697.0,136.0,3,48,BANANA,PRATA,4629,NORTE,2026,8,VAREJO,8.23
RR,2026-08,407.5833333333333,697.0,136.0,3,48,BATATA,NÃO INFORMADO,5521,NORTE,2026,8,VAREJO,8.3
RR,2026-08,407.5833333333333,697.0,136.0,3,48,BURITI,FRUTO,11117,NORTE,2026,8,PREÇO RECEBIDO P/ PRODUTOR,2.03
RR,2026-08,407.5833333333333,697.0,136.0,3,48,CASTANHA DO BRASIL,EM CASCA,4178,NORTE,2026,8,PREÇO RECEBIDO P/ PRODUTOR,10.52
RR,2026-08,407.5833333333333,697.0,136.0,3,48,FARINHA DE MANDIOCA,GROSSA(O) D'ÁGUA,12274,NORTE,2026,8,PREÇO RECEBIDO P/ PRODUTOR,9.47
RR,2026-08,407.5833333333333,697.0,136.0,3,48,FARINHA DE MANDIOCA,D'ÁGUA AMARELA,15346,NORTE,2026,8,VAREJO,9.16
RR,2026-08,407.5833333333333,697.0,136.0,3,48,FARINHA DE TRIGO,NÃO INFORMADO,4455,NORTE,2026,8,VAREJO,6.2
RR,2026-08,407.5833333333333,697.0,136.0,3,48,FEIJAO,CAUPI,8629,NORTE,2026,8,PREÇO RECEBIDO P/ PRODUTOR,6.89
RR,2026-08,407.5833333333333,697.0,136.0,3,48,FEIJAO,COMUM CORES TIPO 1,8779,NORTE,2026,8,VAREJO,9.52
RR,2026-08,407.5833333333333,697.0,136.0,3,48,LEITE DE VACA,IN NATURA,6542,NORTE,2026,8,PREÇO RECEBIDO P/ PRODUTOR,5.66
RR,2026-08,407.5833333333333,697.0,136.0,3,48,MILHO,EM GRÃOS,4742,NORTE,2026,8,PREÇO RECEBIDO P/ PRODUTOR,1.5
RR,2026-08,407.5833333333333,697.0,136.0,3,48,MILHO,EM GRÃOS,4742,NORTE,2026,8,ATACADO,1.29
RR,2026-08,407.5833333333333,697.0,136.0,3,48,RAIZ DE MANDIOCA,DE MESA,11489,NORTE,2026,8,PREÇO RECEBIDO P/ PRODUTOR,4.71
RR,2026-08,407.5833333333333,697.0,136.0,3,48,TOMATE,NÃO INFORMADO,4667,NORTE,2026,8,VAREJO,9.72
RR,2026-08,407.5833333333333,697.0,136.0,3,48,TOMATE,NÃO INFORMADO,4667,NORTE,2026,8,PREÇO RECEBIDO P/ PRODUTOR,9.48
TO,2026-08,109.61111111111111,120.0,102.0,3,27,ABACAXI,PÉROLA,6320,NORTE,2026,8,PREÇO RECEBIDO P/ PRODUTOR,3.0
TO,2026-08,109.61111111111111,120.0,102.0,3,27,ALGODAO EM PLUMA,TIPO BÁSICO - SLM 41,11182,NORTE,2026,8,PREÇO RECEBIDO P/ PRODUTOR,9.0
TO,2026-08,109.61111111111111,120.0,102.0,3,27,ARROZ,LONGO FINO TIPO 1 BE,4693,NORTE,2026,8,VAREJO,6.02
TO,2026-08,109.61111111111111,120.0,102.0,3,27,ARROZ,LONGO FINO EM CASCA,4685,NORTE,2026,8,PREÇO RECEBIDO P/ PRODUTOR,1.72
TO,2026-08,109.61111111111111,120.0,102.0,3,27,BANANA,PRATA,4629,NORTE,2026,8,VAREJO,6.64
TO,2026-08,109.61111111111111,120.0,102.0,3,27,BANANA,PRATA,4629,NORTE,2026,8,PREÇO RECEBIDO P/ PRODUTOR,2.0
TO,2026-08,109.61111111111111,120.0,102.0,3,27,BANANA,NANICA,4627,NORTE,2026,8,VAREJO,6.02
TO,2026-08,109.61111111111111,120.0,102.0,3,27,BATATA,NÃO INFORMADO,5521,NORTE,2026,8,VAREJO,6.09
TO,2026-08,109.61111111111111,120.0,102.0,3,27,BOI,GORDO,4193,NORTE,2026,8,PREÇO RECEBIDO P/ PRODUTOR,22.03
TO,2026-08,109.61111111111111,120.0,102.0,3,27,BORRACHA NATURAL,DRC 60%,14156,NORTE,2026,8,PREÇO RECEBIDO P/ PRODUTOR,4.98
TO,2026-08,109.61111111111111,120.0,102.0,3,27,CAROCO DE ALGODAO,NÃO INFORMADO,4724,NORTE,2026,8,PREÇO RECEBIDO P/ PRODUTOR,0.98
TO,2026-08,109.61111111111111,120.0,102.0,3,27,CASTANHA DE BABACU,AMÊNDOA,7995,NORTE,2026,8,PREÇO RECEBIDO P/ PRODUTOR,9.0
TO,2026-08,109.61111111111111,120.0,102.0,3,27,FARINHA DE MANDIOCA,CRUA BRANCA,15345,NORTE,2026,8,VAREJO,9.19
TO,2026-08,109.61111111111111,120.0,102.0,3,27,FARINHA DE MANDIOCA,MÉDIA SECA,11244,NORTE,2026,8,PREÇO RECEBIDO P/ PRODUTOR,9.17
TO,2026-08,109.61111111111111,120.0,102.0,3,27,FARINHA DE TRIGO,NÃO INFORMADO,4455,NORTE,2026,8,VAREJO,6.66
TO,2026-08,109.61111111111111,120.0,102.0,3,27,FEIJAO,CAUPI,8629,NORTE,2026,8,PREÇO RECEBIDO P/ PRODUTOR,2.5
TO,2026-08,109.61111111111111,120.0,102.0,3,27,FEIJAO,COMUM CORES,8778,NORTE,2026,8,PREÇO RECEBIDO P/ PRODUTOR,3.67
TO,2026-08,109.61111111111111,120.0,102.0,3,27,FEIJAO,COMUM CORES TIPO 1,8779,NORTE,2026,8,VAREJO,11.76
TO,2026-08,109.61111111111111,120.0,102.0,3,27,LEITE DE VACA,IN NATURA,6542,NORTE,2026,8,PREÇO RECEBIDO P/ PRODUTOR,2.29
TO,2026-08,109.61111111111111,120.0,102.0,3,27,MILHO,EM GRÃOS,4742,NORTE,2026,8,PREÇO RECEBIDO P/ PRODUTOR,0.89
TO,2026-08,109.61111111111111,120.0,102.0,3,27,MILHO,EM GRÃOS,4742,NORTE,2026,8,ATACADO,1.22
TO,2026-08,109.61111111111111,120.0,102.0,3,27,SOJA,EM GRÃOS,4744,NORTE,2026,8,PREÇO RECEBIDO P/ PRODUTOR,2.11
TO,2026-08,109.61111111111111,120.0,102.0,3,27,SORGO GRANIFERO,EM GRÃOS,4745,NORTE,2026,8,PREÇO RECEBIDO P/ PRODUTOR,0.63
TO,2026-08,109.61111111111111,120.0,102.0,3,27,TOMATE,NÃO INFORMADO,4667,NORTE,2026,8,VAREJO,6.27
